{
  "Properties": {
    "MSBuildProjectFullPath": "/workspace/team-c/c3-admin-generated-validation/9to1 Workspace/shared/src/Haven.Application/Haven.Application.csproj",
    "MSBuildProjectName": "Haven.Application",
    "AssemblyName": "Haven.Application",
    "TargetPath": "/workspace/team-c/c3-admin-generated-validation/artifacts/root14-managed-build/bin/Haven.Application/debug_linux-x64/Haven.Application.dll",
    "OutputPath": "/workspace/team-c/c3-admin-generated-validation/artifacts/root14-managed-build/bin/Haven.Application/debug_linux-x64/",
    "Configuration": "Debug",
    "TargetFramework": "net10.0",
    "ProjectAssetsFile": "/workspace/team-c/c3-admin-generated-validation/artifacts/root14-managed-build/obj/Haven.Application/project.assets.json",
    "MSBuildProjectExtensionsPath": "/workspace/team-c/c3-admin-generated-validation/artifacts/root14-managed-build/obj/Haven.Application/",
    "AvaloniaBuildTasksLocation": "/workspace/team-c/c3-admin-generated-validation/artifacts/root14-host-build-tasks/bin/Avalonia.Build.Tasks/debug/Avalonia.Build.Tasks.dll",
    "EmitCompilerGeneratedFiles": "true",
    "IntermediateOutputPath": "/workspace/team-c/c3-admin-generated-validation/artifacts/root14-managed-build/obj/Haven.Application/debug_linux-x64/",
    "CompilerGeneratedFilesOutputPath": "/workspace/team-c/c3-admin-generated-validation/artifacts/root14-managed-build/obj/Haven.Application/debug_linux-x64//generated"
  },
  "Items": {
    "Compile": [
      {
        "Identity": "Abstractions.cs",
        "FullPath": "/workspace/team-c/c3-admin-generated-validation/9to1 Workspace/shared/src/Haven.Application/Abstractions.cs",
        "RootDir": "/",
        "Filename": "Abstractions",
        "Extension": ".cs",
        "RelativeDir": "",
        "Directory": "workspace/team-c/c3-admin-generated-validation/9to1 Workspace/shared/src/Haven.Application/",
        "RecursiveDir": "",
        "ModifiedTime": "",
        "CreatedTime": "",
        "AccessedTime": "",
        "DefiningProjectFullPath": "/workspace/.tools/dotnet/sdk/10.0.401/Sdks/Microsoft.NET.Sdk/targets/Microsoft.NET.Sdk.DefaultItems.props",
        "DefiningProjectDirectory": "/workspace/.tools/dotnet/sdk/10.0.401/Sdks/Microsoft.NET.Sdk/targets/",
        "DefiningProjectName": "Microsoft.NET.Sdk.DefaultItems",
        "DefiningProjectExtension": ".props"
      },
      {
        "Identity": "Actions/ProviderResolution.cs",
        "FullPath": "/workspace/team-c/c3-admin-generated-validation/9to1 Workspace/shared/src/Haven.Application/Actions/ProviderResolution.cs",
        "RootDir": "/",
        "Filename": "ProviderResolution",
        "Extension": ".cs",
        "RelativeDir": "Actions/",
        "Directory": "workspace/team-c/c3-admin-generated-validation/9to1 Workspace/shared/src/Haven.Application/Actions/",
        "RecursiveDir": "Actions/",
        "ModifiedTime": "",
        "CreatedTime": "",
        "AccessedTime": "",
        "DefiningProjectFullPath": "/workspace/.tools/dotnet/sdk/10.0.401/Sdks/Microsoft.NET.Sdk/targets/Microsoft.NET.Sdk.DefaultItems.props",
        "DefiningProjectDirectory": "/workspace/.tools/dotnet/sdk/10.0.401/Sdks/Microsoft.NET.Sdk/targets/",
        "DefiningProjectName": "Microsoft.NET.Sdk.DefaultItems",
        "DefiningProjectExtension": ".props"
      },
      {
        "Identity": "AdvancedCodeIntelligenceAbstractions.cs",
        "FullPath": "/workspace/team-c/c3-admin-generated-validation/9to1 Workspace/shared/src/Haven.Application/AdvancedCodeIntelligenceAbstractions.cs",
        "RootDir": "/",
        "Filename": "AdvancedCodeIntelligenceAbstractions",
        "Extension": ".cs",
        "RelativeDir": "",
        "Directory": "workspace/team-c/c3-admin-generated-validation/9to1 Workspace/shared/src/Haven.Application/",
        "RecursiveDir": "",
        "ModifiedTime": "",
        "CreatedTime": "",
        "AccessedTime": "",
        "DefiningProjectFullPath": "/workspace/.tools/dotnet/sdk/10.0.401/Sdks/Microsoft.NET.Sdk/targets/Microsoft.NET.Sdk.DefaultItems.props",
        "DefiningProjectDirectory": "/workspace/.tools/dotnet/sdk/10.0.401/Sdks/Microsoft.NET.Sdk/targets/",
        "DefiningProjectName": "Microsoft.NET.Sdk.DefaultItems",
        "DefiningProjectExtension": ".props"
      },
      {
        "Identity": "Agents/AgentActivityObservation.cs",
        "FullPath": "/workspace/team-c/c3-admin-generated-validation/9to1 Workspace/shared/src/Haven.Application/Agents/AgentActivityObservation.cs",
        "RootDir": "/",
        "Filename": "AgentActivityObservation",
        "Extension": ".cs",
        "RelativeDir": "Agents/",
        "Directory": "workspace/team-c/c3-admin-generated-validation/9to1 Workspace/shared/src/Haven.Application/Agents/",
        "RecursiveDir": "Agents/",
        "ModifiedTime": "",
        "CreatedTime": "",
        "AccessedTime": "",
        "DefiningProjectFullPath": "/workspace/.tools/dotnet/sdk/10.0.401/Sdks/Microsoft.NET.Sdk/targets/Microsoft.NET.Sdk.DefaultItems.props",
        "DefiningProjectDirectory": "/workspace/.tools/dotnet/sdk/10.0.401/Sdks/Microsoft.NET.Sdk/targets/",
        "DefiningProjectName": "Microsoft.NET.Sdk.DefaultItems",
        "DefiningProjectExtension": ".props"
      },
      {
        "Identity": "Agents/AgentTaskRuntimeService.cs",
        "FullPath": "/workspace/team-c/c3-admin-generated-validation/9to1 Workspace/shared/src/Haven.Application/Agents/AgentTaskRuntimeService.cs",
        "RootDir": "/",
        "Filename": "AgentTaskRuntimeService",
        "Extension": ".cs",
        "RelativeDir": "Agents/",
        "Directory": "workspace/team-c/c3-admin-generated-validation/9to1 Workspace/shared/src/Haven.Application/Agents/",
        "RecursiveDir": "Agents/",
        "ModifiedTime": "",
        "CreatedTime": "",
        "AccessedTime": "",
        "DefiningProjectFullPath": "/workspace/.tools/dotnet/sdk/10.0.401/Sdks/Microsoft.NET.Sdk/targets/Microsoft.NET.Sdk.DefaultItems.props",
        "DefiningProjectDirectory": "/workspace/.tools/dotnet/sdk/10.0.401/Sdks/Microsoft.NET.Sdk/targets/",
        "DefiningProjectName": "Microsoft.NET.Sdk.DefaultItems",
        "DefiningProjectExtension": ".props"
      },
      {
        "Identity": "ApkLaunchAbstractions.cs",
        "FullPath": "/workspace/team-c/c3-admin-generated-validation/9to1 Workspace/shared/src/Haven.Application/ApkLaunchAbstractions.cs",
        "RootDir": "/",
        "Filename": "ApkLaunchAbstractions",
        "Extension": ".cs",
        "RelativeDir": "",
        "Directory": "workspace/team-c/c3-admin-generated-validation/9to1 Workspace/shared/src/Haven.Application/",
        "RecursiveDir": "",
        "ModifiedTime": "",
        "CreatedTime": "",
        "AccessedTime": "",
        "DefiningProjectFullPath": "/workspace/.tools/dotnet/sdk/10.0.401/Sdks/Microsoft.NET.Sdk/targets/Microsoft.NET.Sdk.DefaultItems.props",
        "DefiningProjectDirectory": "/workspace/.tools/dotnet/sdk/10.0.401/Sdks/Microsoft.NET.Sdk/targets/",
        "DefiningProjectName": "Microsoft.NET.Sdk.DefaultItems",
        "DefiningProjectExtension": ".props"
      },
      {
        "Identity": "AttachmentProcessingAbstractions.cs",
        "FullPath": "/workspace/team-c/c3-admin-generated-validation/9to1 Workspace/shared/src/Haven.Application/AttachmentProcessingAbstractions.cs",
        "RootDir": "/",
        "Filename": "AttachmentProcessingAbstractions",
        "Extension": ".cs",
        "RelativeDir": "",
        "Directory": "workspace/team-c/c3-admin-generated-validation/9to1 Workspace/shared/src/Haven.Application/",
        "RecursiveDir": "",
        "ModifiedTime": "",
        "CreatedTime": "",
        "AccessedTime": "",
        "DefiningProjectFullPath": "/workspace/.tools/dotnet/sdk/10.0.401/Sdks/Microsoft.NET.Sdk/targets/Microsoft.NET.Sdk.DefaultItems.props",
        "DefiningProjectDirectory": "/workspace/.tools/dotnet/sdk/10.0.401/Sdks/Microsoft.NET.Sdk/targets/",
        "DefiningProjectName": "Microsoft.NET.Sdk.DefaultItems",
        "DefiningProjectExtension": ".props"
      },
      {
        "Identity": "Authorization/ConversationSpaceCommitContracts.cs",
        "FullPath": "/workspace/team-c/c3-admin-generated-validation/9to1 Workspace/shared/src/Haven.Application/Authorization/ConversationSpaceCommitContracts.cs",
        "RootDir": "/",
        "Filename": "ConversationSpaceCommitContracts",
        "Extension": ".cs",
        "RelativeDir": "Authorization/",
        "Directory": "workspace/team-c/c3-admin-generated-validation/9to1 Workspace/shared/src/Haven.Application/Authorization/",
        "RecursiveDir": "Authorization/",
        "ModifiedTime": "",
        "CreatedTime": "",
        "AccessedTime": "",
        "DefiningProjectFullPath": "/workspace/.tools/dotnet/sdk/10.0.401/Sdks/Microsoft.NET.Sdk/targets/Microsoft.NET.Sdk.DefaultItems.props",
        "DefiningProjectDirectory": "/workspace/.tools/dotnet/sdk/10.0.401/Sdks/Microsoft.NET.Sdk/targets/",
        "DefiningProjectName": "Microsoft.NET.Sdk.DefaultItems",
        "DefiningProjectExtension": ".props"
      },
      {
        "Identity": "Authorization/HomeNativeControlledLaunch.cs",
        "FullPath": "/workspace/team-c/c3-admin-generated-validation/9to1 Workspace/shared/src/Haven.Application/Authorization/HomeNativeControlledLaunch.cs",
        "RootDir": "/",
        "Filename": "HomeNativeControlledLaunch",
        "Extension": ".cs",
        "RelativeDir": "Authorization/",
        "Directory": "workspace/team-c/c3-admin-generated-validation/9to1 Workspace/shared/src/Haven.Application/Authorization/",
        "RecursiveDir": "Authorization/",
        "ModifiedTime": "",
        "CreatedTime": "",
        "AccessedTime": "",
        "DefiningProjectFullPath": "/workspace/.tools/dotnet/sdk/10.0.401/Sdks/Microsoft.NET.Sdk/targets/Microsoft.NET.Sdk.DefaultItems.props",
        "DefiningProjectDirectory": "/workspace/.tools/dotnet/sdk/10.0.401/Sdks/Microsoft.NET.Sdk/targets/",
        "DefiningProjectName": "Microsoft.NET.Sdk.DefaultItems",
        "DefiningProjectExtension": ".props"
      },
      {
        "Identity": "Authorization/HomeNativePeerIdentity.cs",
        "FullPath": "/workspace/team-c/c3-admin-generated-validation/9to1 Workspace/shared/src/Haven.Application/Authorization/HomeNativePeerIdentity.cs",
        "RootDir": "/",
        "Filename": "HomeNativePeerIdentity",
        "Extension": ".cs",
        "RelativeDir": "Authorization/",
        "Directory": "workspace/team-c/c3-admin-generated-validation/9to1 Workspace/shared/src/Haven.Application/Authorization/",
        "RecursiveDir": "Authorization/",
        "ModifiedTime": "",
        "CreatedTime": "",
        "AccessedTime": "",
        "DefiningProjectFullPath": "/workspace/.tools/dotnet/sdk/10.0.401/Sdks/Microsoft.NET.Sdk/targets/Microsoft.NET.Sdk.DefaultItems.props",
        "DefiningProjectDirectory": "/workspace/.tools/dotnet/sdk/10.0.401/Sdks/Microsoft.NET.Sdk/targets/",
        "DefiningProjectName": "Microsoft.NET.Sdk.DefaultItems",
        "DefiningProjectExtension": ".props"
      },
      {
        "Identity": "Authorization/InstalledApplicationOriginalActorRegistry.cs",
        "FullPath": "/workspace/team-c/c3-admin-generated-validation/9to1 Workspace/shared/src/Haven.Application/Authorization/InstalledApplicationOriginalActorRegistry.cs",
        "RootDir": "/",
        "Filename": "InstalledApplicationOriginalActorRegistry",
        "Extension": ".cs",
        "RelativeDir": "Authorization/",
        "Directory": "workspace/team-c/c3-admin-generated-validation/9to1 Workspace/shared/src/Haven.Application/Authorization/",
        "RecursiveDir": "Authorization/",
        "ModifiedTime": "",
        "CreatedTime": "",
        "AccessedTime": "",
        "DefiningProjectFullPath": "/workspace/.tools/dotnet/sdk/10.0.401/Sdks/Microsoft.NET.Sdk/targets/Microsoft.NET.Sdk.DefaultItems.props",
        "DefiningProjectDirectory": "/workspace/.tools/dotnet/sdk/10.0.401/Sdks/Microsoft.NET.Sdk/targets/",
        "DefiningProjectName": "Microsoft.NET.Sdk.DefaultItems",
        "DefiningProjectExtension": ".props"
      },
      {
        "Identity": "Authorization/InstalledApplications.cs",
        "FullPath": "/workspace/team-c/c3-admin-generated-validation/9to1 Workspace/shared/src/Haven.Application/Authorization/InstalledApplications.cs",
        "RootDir": "/",
        "Filename": "InstalledApplications",
        "Extension": ".cs",
        "RelativeDir": "Authorization/",
        "Directory": "workspace/team-c/c3-admin-generated-validation/9to1 Workspace/shared/src/Haven.Application/Authorization/",
        "RecursiveDir": "Authorization/",
        "ModifiedTime": "",
        "CreatedTime": "",
        "AccessedTime": "",
        "DefiningProjectFullPath": "/workspace/.tools/dotnet/sdk/10.0.401/Sdks/Microsoft.NET.Sdk/targets/Microsoft.NET.Sdk.DefaultItems.props",
        "DefiningProjectDirectory": "/workspace/.tools/dotnet/sdk/10.0.401/Sdks/Microsoft.NET.Sdk/targets/",
        "DefiningProjectName": "Microsoft.NET.Sdk.DefaultItems",
        "DefiningProjectExtension": ".props"
      },
      {
        "Identity": "Authorization/ResourceAuthorization.cs",
        "FullPath": "/workspace/team-c/c3-admin-generated-validation/9to1 Workspace/shared/src/Haven.Application/Authorization/ResourceAuthorization.cs",
        "RootDir": "/",
        "Filename": "ResourceAuthorization",
        "Extension": ".cs",
        "RelativeDir": "Authorization/",
        "Directory": "workspace/team-c/c3-admin-generated-validation/9to1 Workspace/shared/src/Haven.Application/Authorization/",
        "RecursiveDir": "Authorization/",
        "ModifiedTime": "",
        "CreatedTime": "",
        "AccessedTime": "",
        "DefiningProjectFullPath": "/workspace/.tools/dotnet/sdk/10.0.401/Sdks/Microsoft.NET.Sdk/targets/Microsoft.NET.Sdk.DefaultItems.props",
        "DefiningProjectDirectory": "/workspace/.tools/dotnet/sdk/10.0.401/Sdks/Microsoft.NET.Sdk/targets/",
        "DefiningProjectName": "Microsoft.NET.Sdk.DefaultItems",
        "DefiningProjectExtension": ".props"
      },
      {
        "Identity": "Authorization/ResourceStoreIdentity.cs",
        "FullPath": "/workspace/team-c/c3-admin-generated-validation/9to1 Workspace/shared/src/Haven.Application/Authorization/ResourceStoreIdentity.cs",
        "RootDir": "/",
        "Filename": "ResourceStoreIdentity",
        "Extension": ".cs",
        "RelativeDir": "Authorization/",
        "Directory": "workspace/team-c/c3-admin-generated-validation/9to1 Workspace/shared/src/Haven.Application/Authorization/",
        "RecursiveDir": "Authorization/",
        "ModifiedTime": "",
        "CreatedTime": "",
        "AccessedTime": "",
        "DefiningProjectFullPath": "/workspace/.tools/dotnet/sdk/10.0.401/Sdks/Microsoft.NET.Sdk/targets/Microsoft.NET.Sdk.DefaultItems.props",
        "DefiningProjectDirectory": "/workspace/.tools/dotnet/sdk/10.0.401/Sdks/Microsoft.NET.Sdk/targets/",
        "DefiningProjectName": "Microsoft.NET.Sdk.DefaultItems",
        "DefiningProjectExtension": ".props"
      },
      {
        "Identity": "Authorization/ResourceStoreOwnership.cs",
        "FullPath": "/workspace/team-c/c3-admin-generated-validation/9to1 Workspace/shared/src/Haven.Application/Authorization/ResourceStoreOwnership.cs",
        "RootDir": "/",
        "Filename": "ResourceStoreOwnership",
        "Extension": ".cs",
        "RelativeDir": "Authorization/",
        "Directory": "workspace/team-c/c3-admin-generated-validation/9to1 Workspace/shared/src/Haven.Application/Authorization/",
        "RecursiveDir": "Authorization/",
        "ModifiedTime": "",
        "CreatedTime": "",
        "AccessedTime": "",
        "DefiningProjectFullPath": "/workspace/.tools/dotnet/sdk/10.0.401/Sdks/Microsoft.NET.Sdk/targets/Microsoft.NET.Sdk.DefaultItems.props",
        "DefiningProjectDirectory": "/workspace/.tools/dotnet/sdk/10.0.401/Sdks/Microsoft.NET.Sdk/targets/",
        "DefiningProjectName": "Microsoft.NET.Sdk.DefaultItems",
        "DefiningProjectExtension": ".props"
      },
      {
        "Identity": "Authorization/VersionedSettingsCompareExchange.cs",
        "FullPath": "/workspace/team-c/c3-admin-generated-validation/9to1 Workspace/shared/src/Haven.Application/Authorization/VersionedSettingsCompareExchange.cs",
        "RootDir": "/",
        "Filename": "VersionedSettingsCompareExchange",
        "Extension": ".cs",
        "RelativeDir": "Authorization/",
        "Directory": "workspace/team-c/c3-admin-generated-validation/9to1 Workspace/shared/src/Haven.Application/Authorization/",
        "RecursiveDir": "Authorization/",
        "ModifiedTime": "",
        "CreatedTime": "",
        "AccessedTime": "",
        "DefiningProjectFullPath": "/workspace/.tools/dotnet/sdk/10.0.401/Sdks/Microsoft.NET.Sdk/targets/Microsoft.NET.Sdk.DefaultItems.props",
        "DefiningProjectDirectory": "/workspace/.tools/dotnet/sdk/10.0.401/Sdks/Microsoft.NET.Sdk/targets/",
        "DefiningProjectName": "Microsoft.NET.Sdk.DefaultItems",
        "DefiningProjectExtension": ".props"
      },
      {
        "Identity": "AutomationDeliveryAbstractions.cs",
        "FullPath": "/workspace/team-c/c3-admin-generated-validation/9to1 Workspace/shared/src/Haven.Application/AutomationDeliveryAbstractions.cs",
        "RootDir": "/",
        "Filename": "AutomationDeliveryAbstractions",
        "Extension": ".cs",
        "RelativeDir": "",
        "Directory": "workspace/team-c/c3-admin-generated-validation/9to1 Workspace/shared/src/Haven.Application/",
        "RecursiveDir": "",
        "ModifiedTime": "",
        "CreatedTime": "",
        "AccessedTime": "",
        "DefiningProjectFullPath": "/workspace/.tools/dotnet/sdk/10.0.401/Sdks/Microsoft.NET.Sdk/targets/Microsoft.NET.Sdk.DefaultItems.props",
        "DefiningProjectDirectory": "/workspace/.tools/dotnet/sdk/10.0.401/Sdks/Microsoft.NET.Sdk/targets/",
        "DefiningProjectName": "Microsoft.NET.Sdk.DefaultItems",
        "DefiningProjectExtension": ".props"
      },
      {
        "Identity": "Automations/AutomationDefinitionCallerContracts.cs",
        "FullPath": "/workspace/team-c/c3-admin-generated-validation/9to1 Workspace/shared/src/Haven.Application/Automations/AutomationDefinitionCallerContracts.cs",
        "RootDir": "/",
        "Filename": "AutomationDefinitionCallerContracts",
        "Extension": ".cs",
        "RelativeDir": "Automations/",
        "Directory": "workspace/team-c/c3-admin-generated-validation/9to1 Workspace/shared/src/Haven.Application/Automations/",
        "RecursiveDir": "Automations/",
        "ModifiedTime": "",
        "CreatedTime": "",
        "AccessedTime": "",
        "DefiningProjectFullPath": "/workspace/.tools/dotnet/sdk/10.0.401/Sdks/Microsoft.NET.Sdk/targets/Microsoft.NET.Sdk.DefaultItems.props",
        "DefiningProjectDirectory": "/workspace/.tools/dotnet/sdk/10.0.401/Sdks/Microsoft.NET.Sdk/targets/",
        "DefiningProjectName": "Microsoft.NET.Sdk.DefaultItems",
        "DefiningProjectExtension": ".props"
      },
      {
        "Identity": "Automations/AutomationGraphAiEditor.cs",
        "FullPath": "/workspace/team-c/c3-admin-generated-validation/9to1 Workspace/shared/src/Haven.Application/Automations/AutomationGraphAiEditor.cs",
        "RootDir": "/",
        "Filename": "AutomationGraphAiEditor",
        "Extension": ".cs",
        "RelativeDir": "Automations/",
        "Directory": "workspace/team-c/c3-admin-generated-validation/9to1 Workspace/shared/src/Haven.Application/Automations/",
        "RecursiveDir": "Automations/",
        "ModifiedTime": "",
        "CreatedTime": "",
        "AccessedTime": "",
        "DefiningProjectFullPath": "/workspace/.tools/dotnet/sdk/10.0.401/Sdks/Microsoft.NET.Sdk/targets/Microsoft.NET.Sdk.DefaultItems.props",
        "DefiningProjectDirectory": "/workspace/.tools/dotnet/sdk/10.0.401/Sdks/Microsoft.NET.Sdk/targets/",
        "DefiningProjectName": "Microsoft.NET.Sdk.DefaultItems",
        "DefiningProjectExtension": ".props"
      },
      {
        "Identity": "Automations/AutomationGraphDefinition.cs",
        "FullPath": "/workspace/team-c/c3-admin-generated-validation/9to1 Workspace/shared/src/Haven.Application/Automations/AutomationGraphDefinition.cs",
        "RootDir": "/",
        "Filename": "AutomationGraphDefinition",
        "Extension": ".cs",
        "RelativeDir": "Automations/",
        "Directory": "workspace/team-c/c3-admin-generated-validation/9to1 Workspace/shared/src/Haven.Application/Automations/",
        "RecursiveDir": "Automations/",
        "ModifiedTime": "",
        "CreatedTime": "",
        "AccessedTime": "",
        "DefiningProjectFullPath": "/workspace/.tools/dotnet/sdk/10.0.401/Sdks/Microsoft.NET.Sdk/targets/Microsoft.NET.Sdk.DefaultItems.props",
        "DefiningProjectDirectory": "/workspace/.tools/dotnet/sdk/10.0.401/Sdks/Microsoft.NET.Sdk/targets/",
        "DefiningProjectName": "Microsoft.NET.Sdk.DefaultItems",
        "DefiningProjectExtension": ".props"
      },
      {
        "Identity": "Automations/AutomationGraphPublicationPreparation.cs",
        "FullPath": "/workspace/team-c/c3-admin-generated-validation/9to1 Workspace/shared/src/Haven.Application/Automations/AutomationGraphPublicationPreparation.cs",
        "RootDir": "/",
        "Filename": "AutomationGraphPublicationPreparation",
        "Extension": ".cs",
        "RelativeDir": "Automations/",
        "Directory": "workspace/team-c/c3-admin-generated-validation/9to1 Workspace/shared/src/Haven.Application/Automations/",
        "RecursiveDir": "Automations/",
        "ModifiedTime": "",
        "CreatedTime": "",
        "AccessedTime": "",
        "DefiningProjectFullPath": "/workspace/.tools/dotnet/sdk/10.0.401/Sdks/Microsoft.NET.Sdk/targets/Microsoft.NET.Sdk.DefaultItems.props",
        "DefiningProjectDirectory": "/workspace/.tools/dotnet/sdk/10.0.401/Sdks/Microsoft.NET.Sdk/targets/",
        "DefiningProjectName": "Microsoft.NET.Sdk.DefaultItems",
        "DefiningProjectExtension": ".props"
      },
      {
        "Identity": "Automations/AutomationGraphRuntime.cs",
        "FullPath": "/workspace/team-c/c3-admin-generated-validation/9to1 Workspace/shared/src/Haven.Application/Automations/AutomationGraphRuntime.cs",
        "RootDir": "/",
        "Filename": "AutomationGraphRuntime",
        "Extension": ".cs",
        "RelativeDir": "Automations/",
        "Directory": "workspace/team-c/c3-admin-generated-validation/9to1 Workspace/shared/src/Haven.Application/Automations/",
        "RecursiveDir": "Automations/",
        "ModifiedTime": "",
        "CreatedTime": "",
        "AccessedTime": "",
        "DefiningProjectFullPath": "/workspace/.tools/dotnet/sdk/10.0.401/Sdks/Microsoft.NET.Sdk/targets/Microsoft.NET.Sdk.DefaultItems.props",
        "DefiningProjectDirectory": "/workspace/.tools/dotnet/sdk/10.0.401/Sdks/Microsoft.NET.Sdk/targets/",
        "DefiningProjectName": "Microsoft.NET.Sdk.DefaultItems",
        "DefiningProjectExtension": ".props"
      },
      {
        "Identity": "Automations/AutomationGraphTestRunner.cs",
        "FullPath": "/workspace/team-c/c3-admin-generated-validation/9to1 Workspace/shared/src/Haven.Application/Automations/AutomationGraphTestRunner.cs",
        "RootDir": "/",
        "Filename": "AutomationGraphTestRunner",
        "Extension": ".cs",
        "RelativeDir": "Automations/",
        "Directory": "workspace/team-c/c3-admin-generated-validation/9to1 Workspace/shared/src/Haven.Application/Automations/",
        "RecursiveDir": "Automations/",
        "ModifiedTime": "",
        "CreatedTime": "",
        "AccessedTime": "",
        "DefiningProjectFullPath": "/workspace/.tools/dotnet/sdk/10.0.401/Sdks/Microsoft.NET.Sdk/targets/Microsoft.NET.Sdk.DefaultItems.props",
        "DefiningProjectDirectory": "/workspace/.tools/dotnet/sdk/10.0.401/Sdks/Microsoft.NET.Sdk/targets/",
        "DefiningProjectName": "Microsoft.NET.Sdk.DefaultItems",
        "DefiningProjectExtension": ".props"
      },
      {
        "Identity": "Automations/AutomationGraphValues.cs",
        "FullPath": "/workspace/team-c/c3-admin-generated-validation/9to1 Workspace/shared/src/Haven.Application/Automations/AutomationGraphValues.cs",
        "RootDir": "/",
        "Filename": "AutomationGraphValues",
        "Extension": ".cs",
        "RelativeDir": "Automations/",
        "Directory": "workspace/team-c/c3-admin-generated-validation/9to1 Workspace/shared/src/Haven.Application/Automations/",
        "RecursiveDir": "Automations/",
        "ModifiedTime": "",
        "CreatedTime": "",
        "AccessedTime": "",
        "DefiningProjectFullPath": "/workspace/.tools/dotnet/sdk/10.0.401/Sdks/Microsoft.NET.Sdk/targets/Microsoft.NET.Sdk.DefaultItems.props",
        "DefiningProjectDirectory": "/workspace/.tools/dotnet/sdk/10.0.401/Sdks/Microsoft.NET.Sdk/targets/",
        "DefiningProjectName": "Microsoft.NET.Sdk.DefaultItems",
        "DefiningProjectExtension": ".props"
      },
      {
        "Identity": "Automations/AutomationOwnerCommitContracts.cs",
        "FullPath": "/workspace/team-c/c3-admin-generated-validation/9to1 Workspace/shared/src/Haven.Application/Automations/AutomationOwnerCommitContracts.cs",
        "RootDir": "/",
        "Filename": "AutomationOwnerCommitContracts",
        "Extension": ".cs",
        "RelativeDir": "Automations/",
        "Directory": "workspace/team-c/c3-admin-generated-validation/9to1 Workspace/shared/src/Haven.Application/Automations/",
        "RecursiveDir": "Automations/",
        "ModifiedTime": "",
        "CreatedTime": "",
        "AccessedTime": "",
        "DefiningProjectFullPath": "/workspace/.tools/dotnet/sdk/10.0.401/Sdks/Microsoft.NET.Sdk/targets/Microsoft.NET.Sdk.DefaultItems.props",
        "DefiningProjectDirectory": "/workspace/.tools/dotnet/sdk/10.0.401/Sdks/Microsoft.NET.Sdk/targets/",
        "DefiningProjectName": "Microsoft.NET.Sdk.DefaultItems",
        "DefiningProjectExtension": ".props"
      },
      {
        "Identity": "Automations/BuiltInAutomationActionNodes.cs",
        "FullPath": "/workspace/team-c/c3-admin-generated-validation/9to1 Workspace/shared/src/Haven.Application/Automations/BuiltInAutomationActionNodes.cs",
        "RootDir": "/",
        "Filename": "BuiltInAutomationActionNodes",
        "Extension": ".cs",
        "RelativeDir": "Automations/",
        "Directory": "workspace/team-c/c3-admin-generated-validation/9to1 Workspace/shared/src/Haven.Application/Automations/",
        "RecursiveDir": "Automations/",
        "ModifiedTime": "",
        "CreatedTime": "",
        "AccessedTime": "",
        "DefiningProjectFullPath": "/workspace/.tools/dotnet/sdk/10.0.401/Sdks/Microsoft.NET.Sdk/targets/Microsoft.NET.Sdk.DefaultItems.props",
        "DefiningProjectDirectory": "/workspace/.tools/dotnet/sdk/10.0.401/Sdks/Microsoft.NET.Sdk/targets/",
        "DefiningProjectName": "Microsoft.NET.Sdk.DefaultItems",
        "DefiningProjectExtension": ".props"
      },
      {
        "Identity": "Automations/DeviceAutomationActions.cs",
        "FullPath": "/workspace/team-c/c3-admin-generated-validation/9to1 Workspace/shared/src/Haven.Application/Automations/DeviceAutomationActions.cs",
        "RootDir": "/",
        "Filename": "DeviceAutomationActions",
        "Extension": ".cs",
        "RelativeDir": "Automations/",
        "Directory": "workspace/team-c/c3-admin-generated-validation/9to1 Workspace/shared/src/Haven.Application/Automations/",
        "RecursiveDir": "Automations/",
        "ModifiedTime": "",
        "CreatedTime": "",
        "AccessedTime": "",
        "DefiningProjectFullPath": "/workspace/.tools/dotnet/sdk/10.0.401/Sdks/Microsoft.NET.Sdk/targets/Microsoft.NET.Sdk.DefaultItems.props",
        "DefiningProjectDirectory": "/workspace/.tools/dotnet/sdk/10.0.401/Sdks/Microsoft.NET.Sdk/targets/",
        "DefiningProjectName": "Microsoft.NET.Sdk.DefaultItems",
        "DefiningProjectExtension": ".props"
      },
      {
        "Identity": "Automations/NodeGraphAutomationAdapter.cs",
        "FullPath": "/workspace/team-c/c3-admin-generated-validation/9to1 Workspace/shared/src/Haven.Application/Automations/NodeGraphAutomationAdapter.cs",
        "RootDir": "/",
        "Filename": "NodeGraphAutomationAdapter",
        "Extension": ".cs",
        "RelativeDir": "Automations/",
        "Directory": "workspace/team-c/c3-admin-generated-validation/9to1 Workspace/shared/src/Haven.Application/Automations/",
        "RecursiveDir": "Automations/",
        "ModifiedTime": "",
        "CreatedTime": "",
        "AccessedTime": "",
        "DefiningProjectFullPath": "/workspace/.tools/dotnet/sdk/10.0.401/Sdks/Microsoft.NET.Sdk/targets/Microsoft.NET.Sdk.DefaultItems.props",
        "DefiningProjectDirectory": "/workspace/.tools/dotnet/sdk/10.0.401/Sdks/Microsoft.NET.Sdk/targets/",
        "DefiningProjectName": "Microsoft.NET.Sdk.DefaultItems",
        "DefiningProjectExtension": ".props"
      },
      {
        "Identity": "Automations/ReusableDeviceWorkflowRunner.cs",
        "FullPath": "/workspace/team-c/c3-admin-generated-validation/9to1 Workspace/shared/src/Haven.Application/Automations/ReusableDeviceWorkflowRunner.cs",
        "RootDir": "/",
        "Filename": "ReusableDeviceWorkflowRunner",
        "Extension": ".cs",
        "RelativeDir": "Automations/",
        "Directory": "workspace/team-c/c3-admin-generated-validation/9to1 Workspace/shared/src/Haven.Application/Automations/",
        "RecursiveDir": "Automations/",
        "ModifiedTime": "",
        "CreatedTime": "",
        "AccessedTime": "",
        "DefiningProjectFullPath": "/workspace/.tools/dotnet/sdk/10.0.401/Sdks/Microsoft.NET.Sdk/targets/Microsoft.NET.Sdk.DefaultItems.props",
        "DefiningProjectDirectory": "/workspace/.tools/dotnet/sdk/10.0.401/Sdks/Microsoft.NET.Sdk/targets/",
        "DefiningProjectName": "Microsoft.NET.Sdk.DefaultItems",
        "DefiningProjectExtension": ".props"
      },
      {
        "Identity": "Automations/ScheduledGraphAutomation.cs",
        "FullPath": "/workspace/team-c/c3-admin-generated-validation/9to1 Workspace/shared/src/Haven.Application/Automations/ScheduledGraphAutomation.cs",
        "RootDir": "/",
        "Filename": "ScheduledGraphAutomation",
        "Extension": ".cs",
        "RelativeDir": "Automations/",
        "Directory": "workspace/team-c/c3-admin-generated-validation/9to1 Workspace/shared/src/Haven.Application/Automations/",
        "RecursiveDir": "Automations/",
        "ModifiedTime": "",
        "CreatedTime": "",
        "AccessedTime": "",
        "DefiningProjectFullPath": "/workspace/.tools/dotnet/sdk/10.0.401/Sdks/Microsoft.NET.Sdk/targets/Microsoft.NET.Sdk.DefaultItems.props",
        "DefiningProjectDirectory": "/workspace/.tools/dotnet/sdk/10.0.401/Sdks/Microsoft.NET.Sdk/targets/",
        "DefiningProjectName": "Microsoft.NET.Sdk.DefaultItems",
        "DefiningProjectExtension": ".props"
      },
      {
        "Identity": "Automations/ScheduledTaskRuntime.cs",
        "FullPath": "/workspace/team-c/c3-admin-generated-validation/9to1 Workspace/shared/src/Haven.Application/Automations/ScheduledTaskRuntime.cs",
        "RootDir": "/",
        "Filename": "ScheduledTaskRuntime",
        "Extension": ".cs",
        "RelativeDir": "Automations/",
        "Directory": "workspace/team-c/c3-admin-generated-validation/9to1 Workspace/shared/src/Haven.Application/Automations/",
        "RecursiveDir": "Automations/",
        "ModifiedTime": "",
        "CreatedTime": "",
        "AccessedTime": "",
        "DefiningProjectFullPath": "/workspace/.tools/dotnet/sdk/10.0.401/Sdks/Microsoft.NET.Sdk/targets/Microsoft.NET.Sdk.DefaultItems.props",
        "DefiningProjectDirectory": "/workspace/.tools/dotnet/sdk/10.0.401/Sdks/Microsoft.NET.Sdk/targets/",
        "DefiningProjectName": "Microsoft.NET.Sdk.DefaultItems",
        "DefiningProjectExtension": ".props"
      },
      {
        "Identity": "Boards/BoardsOperations.cs",
        "FullPath": "/workspace/team-c/c3-admin-generated-validation/9to1 Workspace/shared/src/Haven.Application/Boards/BoardsOperations.cs",
        "RootDir": "/",
        "Filename": "BoardsOperations",
        "Extension": ".cs",
        "RelativeDir": "Boards/",
        "Directory": "workspace/team-c/c3-admin-generated-validation/9to1 Workspace/shared/src/Haven.Application/Boards/",
        "RecursiveDir": "Boards/",
        "ModifiedTime": "",
        "CreatedTime": "",
        "AccessedTime": "",
        "DefiningProjectFullPath": "/workspace/.tools/dotnet/sdk/10.0.401/Sdks/Microsoft.NET.Sdk/targets/Microsoft.NET.Sdk.DefaultItems.props",
        "DefiningProjectDirectory": "/workspace/.tools/dotnet/sdk/10.0.401/Sdks/Microsoft.NET.Sdk/targets/",
        "DefiningProjectName": "Microsoft.NET.Sdk.DefaultItems",
        "DefiningProjectExtension": ".props"
      },
      {
        "Identity": "Boards/BoardsWorkspaceService.cs",
        "FullPath": "/workspace/team-c/c3-admin-generated-validation/9to1 Workspace/shared/src/Haven.Application/Boards/BoardsWorkspaceService.cs",
        "RootDir": "/",
        "Filename": "BoardsWorkspaceService",
        "Extension": ".cs",
        "RelativeDir": "Boards/",
        "Directory": "workspace/team-c/c3-admin-generated-validation/9to1 Workspace/shared/src/Haven.Application/Boards/",
        "RecursiveDir": "Boards/",
        "ModifiedTime": "",
        "CreatedTime": "",
        "AccessedTime": "",
        "DefiningProjectFullPath": "/workspace/.tools/dotnet/sdk/10.0.401/Sdks/Microsoft.NET.Sdk/targets/Microsoft.NET.Sdk.DefaultItems.props",
        "DefiningProjectDirectory": "/workspace/.tools/dotnet/sdk/10.0.401/Sdks/Microsoft.NET.Sdk/targets/",
        "DefiningProjectName": "Microsoft.NET.Sdk.DefaultItems",
        "DefiningProjectExtension": ".props"
      },
      {
        "Identity": "Boards/BoardsWorkspaceService.Recovery.cs",
        "FullPath": "/workspace/team-c/c3-admin-generated-validation/9to1 Workspace/shared/src/Haven.Application/Boards/BoardsWorkspaceService.Recovery.cs",
        "RootDir": "/",
        "Filename": "BoardsWorkspaceService.Recovery",
        "Extension": ".cs",
        "RelativeDir": "Boards/",
        "Directory": "workspace/team-c/c3-admin-generated-validation/9to1 Workspace/shared/src/Haven.Application/Boards/",
        "RecursiveDir": "Boards/",
        "ModifiedTime": "",
        "CreatedTime": "",
        "AccessedTime": "",
        "DefiningProjectFullPath": "/workspace/.tools/dotnet/sdk/10.0.401/Sdks/Microsoft.NET.Sdk/targets/Microsoft.NET.Sdk.DefaultItems.props",
        "DefiningProjectDirectory": "/workspace/.tools/dotnet/sdk/10.0.401/Sdks/Microsoft.NET.Sdk/targets/",
        "DefiningProjectName": "Microsoft.NET.Sdk.DefaultItems",
        "DefiningProjectExtension": ".props"
      },
      {
        "Identity": "Browser/BrowserAutomationRegistry.cs",
        "FullPath": "/workspace/team-c/c3-admin-generated-validation/9to1 Workspace/shared/src/Haven.Application/Browser/BrowserAutomationRegistry.cs",
        "RootDir": "/",
        "Filename": "BrowserAutomationRegistry",
        "Extension": ".cs",
        "RelativeDir": "Browser/",
        "Directory": "workspace/team-c/c3-admin-generated-validation/9to1 Workspace/shared/src/Haven.Application/Browser/",
        "RecursiveDir": "Browser/",
        "ModifiedTime": "",
        "CreatedTime": "",
        "AccessedTime": "",
        "DefiningProjectFullPath": "/workspace/.tools/dotnet/sdk/10.0.401/Sdks/Microsoft.NET.Sdk/targets/Microsoft.NET.Sdk.DefaultItems.props",
        "DefiningProjectDirectory": "/workspace/.tools/dotnet/sdk/10.0.401/Sdks/Microsoft.NET.Sdk/targets/",
        "DefiningProjectName": "Microsoft.NET.Sdk.DefaultItems",
        "DefiningProjectExtension": ".props"
      },
      {
        "Identity": "Browser/BrowserCompletionService.cs",
        "FullPath": "/workspace/team-c/c3-admin-generated-validation/9to1 Workspace/shared/src/Haven.Application/Browser/BrowserCompletionService.cs",
        "RootDir": "/",
        "Filename": "BrowserCompletionService",
        "Extension": ".cs",
        "RelativeDir": "Browser/",
        "Directory": "workspace/team-c/c3-admin-generated-validation/9to1 Workspace/shared/src/Haven.Application/Browser/",
        "RecursiveDir": "Browser/",
        "ModifiedTime": "",
        "CreatedTime": "",
        "AccessedTime": "",
        "DefiningProjectFullPath": "/workspace/.tools/dotnet/sdk/10.0.401/Sdks/Microsoft.NET.Sdk/targets/Microsoft.NET.Sdk.DefaultItems.props",
        "DefiningProjectDirectory": "/workspace/.tools/dotnet/sdk/10.0.401/Sdks/Microsoft.NET.Sdk/targets/",
        "DefiningProjectName": "Microsoft.NET.Sdk.DefaultItems",
        "DefiningProjectExtension": ".props"
      },
      {
        "Identity": "BrowserAutomationAbstractions.cs",
        "FullPath": "/workspace/team-c/c3-admin-generated-validation/9to1 Workspace/shared/src/Haven.Application/BrowserAutomationAbstractions.cs",
        "RootDir": "/",
        "Filename": "BrowserAutomationAbstractions",
        "Extension": ".cs",
        "RelativeDir": "",
        "Directory": "workspace/team-c/c3-admin-generated-validation/9to1 Workspace/shared/src/Haven.Application/",
        "RecursiveDir": "",
        "ModifiedTime": "",
        "CreatedTime": "",
        "AccessedTime": "",
        "DefiningProjectFullPath": "/workspace/.tools/dotnet/sdk/10.0.401/Sdks/Microsoft.NET.Sdk/targets/Microsoft.NET.Sdk.DefaultItems.props",
        "DefiningProjectDirectory": "/workspace/.tools/dotnet/sdk/10.0.401/Sdks/Microsoft.NET.Sdk/targets/",
        "DefiningProjectName": "Microsoft.NET.Sdk.DefaultItems",
        "DefiningProjectExtension": ".props"
      },
      {
        "Identity": "BrowserNativeDownloadAbstractions.cs",
        "FullPath": "/workspace/team-c/c3-admin-generated-validation/9to1 Workspace/shared/src/Haven.Application/BrowserNativeDownloadAbstractions.cs",
        "RootDir": "/",
        "Filename": "BrowserNativeDownloadAbstractions",
        "Extension": ".cs",
        "RelativeDir": "",
        "Directory": "workspace/team-c/c3-admin-generated-validation/9to1 Workspace/shared/src/Haven.Application/",
        "RecursiveDir": "",
        "ModifiedTime": "",
        "CreatedTime": "",
        "AccessedTime": "",
        "DefiningProjectFullPath": "/workspace/.tools/dotnet/sdk/10.0.401/Sdks/Microsoft.NET.Sdk/targets/Microsoft.NET.Sdk.DefaultItems.props",
        "DefiningProjectDirectory": "/workspace/.tools/dotnet/sdk/10.0.401/Sdks/Microsoft.NET.Sdk/targets/",
        "DefiningProjectName": "Microsoft.NET.Sdk.DefaultItems",
        "DefiningProjectExtension": ".props"
      },
      {
        "Identity": "Call/CallCoordinator.cs",
        "FullPath": "/workspace/team-c/c3-admin-generated-validation/9to1 Workspace/shared/src/Haven.Application/Call/CallCoordinator.cs",
        "RootDir": "/",
        "Filename": "CallCoordinator",
        "Extension": ".cs",
        "RelativeDir": "Call/",
        "Directory": "workspace/team-c/c3-admin-generated-validation/9to1 Workspace/shared/src/Haven.Application/Call/",
        "RecursiveDir": "Call/",
        "ModifiedTime": "",
        "CreatedTime": "",
        "AccessedTime": "",
        "DefiningProjectFullPath": "/workspace/.tools/dotnet/sdk/10.0.401/Sdks/Microsoft.NET.Sdk/targets/Microsoft.NET.Sdk.DefaultItems.props",
        "DefiningProjectDirectory": "/workspace/.tools/dotnet/sdk/10.0.401/Sdks/Microsoft.NET.Sdk/targets/",
        "DefiningProjectName": "Microsoft.NET.Sdk.DefaultItems",
        "DefiningProjectExtension": ".props"
      },
      {
        "Identity": "Call/CallCoordinator.OriginalNarration.cs",
        "FullPath": "/workspace/team-c/c3-admin-generated-validation/9to1 Workspace/shared/src/Haven.Application/Call/CallCoordinator.OriginalNarration.cs",
        "RootDir": "/",
        "Filename": "CallCoordinator.OriginalNarration",
        "Extension": ".cs",
        "RelativeDir": "Call/",
        "Directory": "workspace/team-c/c3-admin-generated-validation/9to1 Workspace/shared/src/Haven.Application/Call/",
        "RecursiveDir": "Call/",
        "ModifiedTime": "",
        "CreatedTime": "",
        "AccessedTime": "",
        "DefiningProjectFullPath": "/workspace/.tools/dotnet/sdk/10.0.401/Sdks/Microsoft.NET.Sdk/targets/Microsoft.NET.Sdk.DefaultItems.props",
        "DefiningProjectDirectory": "/workspace/.tools/dotnet/sdk/10.0.401/Sdks/Microsoft.NET.Sdk/targets/",
        "DefiningProjectName": "Microsoft.NET.Sdk.DefaultItems",
        "DefiningProjectExtension": ".props"
      },
      {
        "Identity": "Call/CallOptimizedOllamaClient.cs",
        "FullPath": "/workspace/team-c/c3-admin-generated-validation/9to1 Workspace/shared/src/Haven.Application/Call/CallOptimizedOllamaClient.cs",
        "RootDir": "/",
        "Filename": "CallOptimizedOllamaClient",
        "Extension": ".cs",
        "RelativeDir": "Call/",
        "Directory": "workspace/team-c/c3-admin-generated-validation/9to1 Workspace/shared/src/Haven.Application/Call/",
        "RecursiveDir": "Call/",
        "ModifiedTime": "",
        "CreatedTime": "",
        "AccessedTime": "",
        "DefiningProjectFullPath": "/workspace/.tools/dotnet/sdk/10.0.401/Sdks/Microsoft.NET.Sdk/targets/Microsoft.NET.Sdk.DefaultItems.props",
        "DefiningProjectDirectory": "/workspace/.tools/dotnet/sdk/10.0.401/Sdks/Microsoft.NET.Sdk/targets/",
        "DefiningProjectName": "Microsoft.NET.Sdk.DefaultItems",
        "DefiningProjectExtension": ".props"
      },
      {
        "Identity": "Call/ICallDeviceSelection.cs",
        "FullPath": "/workspace/team-c/c3-admin-generated-validation/9to1 Workspace/shared/src/Haven.Application/Call/ICallDeviceSelection.cs",
        "RootDir": "/",
        "Filename": "ICallDeviceSelection",
        "Extension": ".cs",
        "RelativeDir": "Call/",
        "Directory": "workspace/team-c/c3-admin-generated-validation/9to1 Workspace/shared/src/Haven.Application/Call/",
        "RecursiveDir": "Call/",
        "ModifiedTime": "",
        "CreatedTime": "",
        "AccessedTime": "",
        "DefiningProjectFullPath": "/workspace/.tools/dotnet/sdk/10.0.401/Sdks/Microsoft.NET.Sdk/targets/Microsoft.NET.Sdk.DefaultItems.props",
        "DefiningProjectDirectory": "/workspace/.tools/dotnet/sdk/10.0.401/Sdks/Microsoft.NET.Sdk/targets/",
        "DefiningProjectName": "Microsoft.NET.Sdk.DefaultItems",
        "DefiningProjectExtension": ".props"
      },
      {
        "Identity": "Call/IVoiceReactionSource.cs",
        "FullPath": "/workspace/team-c/c3-admin-generated-validation/9to1 Workspace/shared/src/Haven.Application/Call/IVoiceReactionSource.cs",
        "RootDir": "/",
        "Filename": "IVoiceReactionSource",
        "Extension": ".cs",
        "RelativeDir": "Call/",
        "Directory": "workspace/team-c/c3-admin-generated-validation/9to1 Workspace/shared/src/Haven.Application/Call/",
        "RecursiveDir": "Call/",
        "ModifiedTime": "",
        "CreatedTime": "",
        "AccessedTime": "",
        "DefiningProjectFullPath": "/workspace/.tools/dotnet/sdk/10.0.401/Sdks/Microsoft.NET.Sdk/targets/Microsoft.NET.Sdk.DefaultItems.props",
        "DefiningProjectDirectory": "/workspace/.tools/dotnet/sdk/10.0.401/Sdks/Microsoft.NET.Sdk/targets/",
        "DefiningProjectName": "Microsoft.NET.Sdk.DefaultItems",
        "DefiningProjectExtension": ".props"
      },
      {
        "Identity": "Call/MonologueContinuation.cs",
        "FullPath": "/workspace/team-c/c3-admin-generated-validation/9to1 Workspace/shared/src/Haven.Application/Call/MonologueContinuation.cs",
        "RootDir": "/",
        "Filename": "MonologueContinuation",
        "Extension": ".cs",
        "RelativeDir": "Call/",
        "Directory": "workspace/team-c/c3-admin-generated-validation/9to1 Workspace/shared/src/Haven.Application/Call/",
        "RecursiveDir": "Call/",
        "ModifiedTime": "",
        "CreatedTime": "",
        "AccessedTime": "",
        "DefiningProjectFullPath": "/workspace/.tools/dotnet/sdk/10.0.401/Sdks/Microsoft.NET.Sdk/targets/Microsoft.NET.Sdk.DefaultItems.props",
        "DefiningProjectDirectory": "/workspace/.tools/dotnet/sdk/10.0.401/Sdks/Microsoft.NET.Sdk/targets/",
        "DefiningProjectName": "Microsoft.NET.Sdk.DefaultItems",
        "DefiningProjectExtension": ".props"
      },
      {
        "Identity": "Call/MonologueOriginalPlayback.cs",
        "FullPath": "/workspace/team-c/c3-admin-generated-validation/9to1 Workspace/shared/src/Haven.Application/Call/MonologueOriginalPlayback.cs",
        "RootDir": "/",
        "Filename": "MonologueOriginalPlayback",
        "Extension": ".cs",
        "RelativeDir": "Call/",
        "Directory": "workspace/team-c/c3-admin-generated-validation/9to1 Workspace/shared/src/Haven.Application/Call/",
        "RecursiveDir": "Call/",
        "ModifiedTime": "",
        "CreatedTime": "",
        "AccessedTime": "",
        "DefiningProjectFullPath": "/workspace/.tools/dotnet/sdk/10.0.401/Sdks/Microsoft.NET.Sdk/targets/Microsoft.NET.Sdk.DefaultItems.props",
        "DefiningProjectDirectory": "/workspace/.tools/dotnet/sdk/10.0.401/Sdks/Microsoft.NET.Sdk/targets/",
        "DefiningProjectName": "Microsoft.NET.Sdk.DefaultItems",
        "DefiningProjectExtension": ".props"
      },
      {
        "Identity": "Call/MonologuePlaybackReceipt.cs",
        "FullPath": "/workspace/team-c/c3-admin-generated-validation/9to1 Workspace/shared/src/Haven.Application/Call/MonologuePlaybackReceipt.cs",
        "RootDir": "/",
        "Filename": "MonologuePlaybackReceipt",
        "Extension": ".cs",
        "RelativeDir": "Call/",
        "Directory": "workspace/team-c/c3-admin-generated-validation/9to1 Workspace/shared/src/Haven.Application/Call/",
        "RecursiveDir": "Call/",
        "ModifiedTime": "",
        "CreatedTime": "",
        "AccessedTime": "",
        "DefiningProjectFullPath": "/workspace/.tools/dotnet/sdk/10.0.401/Sdks/Microsoft.NET.Sdk/targets/Microsoft.NET.Sdk.DefaultItems.props",
        "DefiningProjectDirectory": "/workspace/.tools/dotnet/sdk/10.0.401/Sdks/Microsoft.NET.Sdk/targets/",
        "DefiningProjectName": "Microsoft.NET.Sdk.DefaultItems",
        "DefiningProjectExtension": ".props"
      },
      {
        "Identity": "Call/MultimodalSessionLifecycle.cs",
        "FullPath": "/workspace/team-c/c3-admin-generated-validation/9to1 Workspace/shared/src/Haven.Application/Call/MultimodalSessionLifecycle.cs",
        "RootDir": "/",
        "Filename": "MultimodalSessionLifecycle",
        "Extension": ".cs",
        "RelativeDir": "Call/",
        "Directory": "workspace/team-c/c3-admin-generated-validation/9to1 Workspace/shared/src/Haven.Application/Call/",
        "RecursiveDir": "Call/",
        "ModifiedTime": "",
        "CreatedTime": "",
        "AccessedTime": "",
        "DefiningProjectFullPath": "/workspace/.tools/dotnet/sdk/10.0.401/Sdks/Microsoft.NET.Sdk/targets/Microsoft.NET.Sdk.DefaultItems.props",
        "DefiningProjectDirectory": "/workspace/.tools/dotnet/sdk/10.0.401/Sdks/Microsoft.NET.Sdk/targets/",
        "DefiningProjectName": "Microsoft.NET.Sdk.DefaultItems",
        "DefiningProjectExtension": ".props"
      },
      {
        "Identity": "Call/MultimodalSessionStore.cs",
        "FullPath": "/workspace/team-c/c3-admin-generated-validation/9to1 Workspace/shared/src/Haven.Application/Call/MultimodalSessionStore.cs",
        "RootDir": "/",
        "Filename": "MultimodalSessionStore",
        "Extension": ".cs",
        "RelativeDir": "Call/",
        "Directory": "workspace/team-c/c3-admin-generated-validation/9to1 Workspace/shared/src/Haven.Application/Call/",
        "RecursiveDir": "Call/",
        "ModifiedTime": "",
        "CreatedTime": "",
        "AccessedTime": "",
        "DefiningProjectFullPath": "/workspace/.tools/dotnet/sdk/10.0.401/Sdks/Microsoft.NET.Sdk/targets/Microsoft.NET.Sdk.DefaultItems.props",
        "DefiningProjectDirectory": "/workspace/.tools/dotnet/sdk/10.0.401/Sdks/Microsoft.NET.Sdk/targets/",
        "DefiningProjectName": "Microsoft.NET.Sdk.DefaultItems",
        "DefiningProjectExtension": ".props"
      },
      {
        "Identity": "Call/ResponsiveCallCoordinator.cs",
        "FullPath": "/workspace/team-c/c3-admin-generated-validation/9to1 Workspace/shared/src/Haven.Application/Call/ResponsiveCallCoordinator.cs",
        "RootDir": "/",
        "Filename": "ResponsiveCallCoordinator",
        "Extension": ".cs",
        "RelativeDir": "Call/",
        "Directory": "workspace/team-c/c3-admin-generated-validation/9to1 Workspace/shared/src/Haven.Application/Call/",
        "RecursiveDir": "Call/",
        "ModifiedTime": "",
        "CreatedTime": "",
        "AccessedTime": "",
        "DefiningProjectFullPath": "/workspace/.tools/dotnet/sdk/10.0.401/Sdks/Microsoft.NET.Sdk/targets/Microsoft.NET.Sdk.DefaultItems.props",
        "DefiningProjectDirectory": "/workspace/.tools/dotnet/sdk/10.0.401/Sdks/Microsoft.NET.Sdk/targets/",
        "DefiningProjectName": "Microsoft.NET.Sdk.DefaultItems",
        "DefiningProjectExtension": ".props"
      },
      {
        "Identity": "Call/SentenceChunker.cs",
        "FullPath": "/workspace/team-c/c3-admin-generated-validation/9to1 Workspace/shared/src/Haven.Application/Call/SentenceChunker.cs",
        "RootDir": "/",
        "Filename": "SentenceChunker",
        "Extension": ".cs",
        "RelativeDir": "Call/",
        "Directory": "workspace/team-c/c3-admin-generated-validation/9to1 Workspace/shared/src/Haven.Application/Call/",
        "RecursiveDir": "Call/",
        "ModifiedTime": "",
        "CreatedTime": "",
        "AccessedTime": "",
        "DefiningProjectFullPath": "/workspace/.tools/dotnet/sdk/10.0.401/Sdks/Microsoft.NET.Sdk/targets/Microsoft.NET.Sdk.DefaultItems.props",
        "DefiningProjectDirectory": "/workspace/.tools/dotnet/sdk/10.0.401/Sdks/Microsoft.NET.Sdk/targets/",
        "DefiningProjectName": "Microsoft.NET.Sdk.DefaultItems",
        "DefiningProjectExtension": ".props"
      },
      {
        "Identity": "Call/SpeechOutputWarmup.cs",
        "FullPath": "/workspace/team-c/c3-admin-generated-validation/9to1 Workspace/shared/src/Haven.Application/Call/SpeechOutputWarmup.cs",
        "RootDir": "/",
        "Filename": "SpeechOutputWarmup",
        "Extension": ".cs",
        "RelativeDir": "Call/",
        "Directory": "workspace/team-c/c3-admin-generated-validation/9to1 Workspace/shared/src/Haven.Application/Call/",
        "RecursiveDir": "Call/",
        "ModifiedTime": "",
        "CreatedTime": "",
        "AccessedTime": "",
        "DefiningProjectFullPath": "/workspace/.tools/dotnet/sdk/10.0.401/Sdks/Microsoft.NET.Sdk/targets/Microsoft.NET.Sdk.DefaultItems.props",
        "DefiningProjectDirectory": "/workspace/.tools/dotnet/sdk/10.0.401/Sdks/Microsoft.NET.Sdk/targets/",
        "DefiningProjectName": "Microsoft.NET.Sdk.DefaultItems",
        "DefiningProjectExtension": ".props"
      },
      {
        "Identity": "Call/SpeechPlaybackContinuation.cs",
        "FullPath": "/workspace/team-c/c3-admin-generated-validation/9to1 Workspace/shared/src/Haven.Application/Call/SpeechPlaybackContinuation.cs",
        "RootDir": "/",
        "Filename": "SpeechPlaybackContinuation",
        "Extension": ".cs",
        "RelativeDir": "Call/",
        "Directory": "workspace/team-c/c3-admin-generated-validation/9to1 Workspace/shared/src/Haven.Application/Call/",
        "RecursiveDir": "Call/",
        "ModifiedTime": "",
        "CreatedTime": "",
        "AccessedTime": "",
        "DefiningProjectFullPath": "/workspace/.tools/dotnet/sdk/10.0.401/Sdks/Microsoft.NET.Sdk/targets/Microsoft.NET.Sdk.DefaultItems.props",
        "DefiningProjectDirectory": "/workspace/.tools/dotnet/sdk/10.0.401/Sdks/Microsoft.NET.Sdk/targets/",
        "DefiningProjectName": "Microsoft.NET.Sdk.DefaultItems",
        "DefiningProjectExtension": ".props"
      },
      {
        "Identity": "Call/VisionVoiceActionCatalog.cs",
        "FullPath": "/workspace/team-c/c3-admin-generated-validation/9to1 Workspace/shared/src/Haven.Application/Call/VisionVoiceActionCatalog.cs",
        "RootDir": "/",
        "Filename": "VisionVoiceActionCatalog",
        "Extension": ".cs",
        "RelativeDir": "Call/",
        "Directory": "workspace/team-c/c3-admin-generated-validation/9to1 Workspace/shared/src/Haven.Application/Call/",
        "RecursiveDir": "Call/",
        "ModifiedTime": "",
        "CreatedTime": "",
        "AccessedTime": "",
        "DefiningProjectFullPath": "/workspace/.tools/dotnet/sdk/10.0.401/Sdks/Microsoft.NET.Sdk/targets/Microsoft.NET.Sdk.DefaultItems.props",
        "DefiningProjectDirectory": "/workspace/.tools/dotnet/sdk/10.0.401/Sdks/Microsoft.NET.Sdk/targets/",
        "DefiningProjectName": "Microsoft.NET.Sdk.DefaultItems",
        "DefiningProjectExtension": ".props"
      },
      {
        "Identity": "Call/VisionVoiceModels.cs",
        "FullPath": "/workspace/team-c/c3-admin-generated-validation/9to1 Workspace/shared/src/Haven.Application/Call/VisionVoiceModels.cs",
        "RootDir": "/",
        "Filename": "VisionVoiceModels",
        "Extension": ".cs",
        "RelativeDir": "Call/",
        "Directory": "workspace/team-c/c3-admin-generated-validation/9to1 Workspace/shared/src/Haven.Application/Call/",
        "RecursiveDir": "Call/",
        "ModifiedTime": "",
        "CreatedTime": "",
        "AccessedTime": "",
        "DefiningProjectFullPath": "/workspace/.tools/dotnet/sdk/10.0.401/Sdks/Microsoft.NET.Sdk/targets/Microsoft.NET.Sdk.DefaultItems.props",
        "DefiningProjectDirectory": "/workspace/.tools/dotnet/sdk/10.0.401/Sdks/Microsoft.NET.Sdk/targets/",
        "DefiningProjectName": "Microsoft.NET.Sdk.DefaultItems",
        "DefiningProjectExtension": ".props"
      },
      {
        "Identity": "Call/VisionVoiceSessionService.cs",
        "FullPath": "/workspace/team-c/c3-admin-generated-validation/9to1 Workspace/shared/src/Haven.Application/Call/VisionVoiceSessionService.cs",
        "RootDir": "/",
        "Filename": "VisionVoiceSessionService",
        "Extension": ".cs",
        "RelativeDir": "Call/",
        "Directory": "workspace/team-c/c3-admin-generated-validation/9to1 Workspace/shared/src/Haven.Application/Call/",
        "RecursiveDir": "Call/",
        "ModifiedTime": "",
        "CreatedTime": "",
        "AccessedTime": "",
        "DefiningProjectFullPath": "/workspace/.tools/dotnet/sdk/10.0.401/Sdks/Microsoft.NET.Sdk/targets/Microsoft.NET.Sdk.DefaultItems.props",
        "DefiningProjectDirectory": "/workspace/.tools/dotnet/sdk/10.0.401/Sdks/Microsoft.NET.Sdk/targets/",
        "DefiningProjectName": "Microsoft.NET.Sdk.DefaultItems",
        "DefiningProjectExtension": ".props"
      },
      {
        "Identity": "Call/VisionVoiceSessionService.Playback.cs",
        "FullPath": "/workspace/team-c/c3-admin-generated-validation/9to1 Workspace/shared/src/Haven.Application/Call/VisionVoiceSessionService.Playback.cs",
        "RootDir": "/",
        "Filename": "VisionVoiceSessionService.Playback",
        "Extension": ".cs",
        "RelativeDir": "Call/",
        "Directory": "workspace/team-c/c3-admin-generated-validation/9to1 Workspace/shared/src/Haven.Application/Call/",
        "RecursiveDir": "Call/",
        "ModifiedTime": "",
        "CreatedTime": "",
        "AccessedTime": "",
        "DefiningProjectFullPath": "/workspace/.tools/dotnet/sdk/10.0.401/Sdks/Microsoft.NET.Sdk/targets/Microsoft.NET.Sdk.DefaultItems.props",
        "DefiningProjectDirectory": "/workspace/.tools/dotnet/sdk/10.0.401/Sdks/Microsoft.NET.Sdk/targets/",
        "DefiningProjectName": "Microsoft.NET.Sdk.DefaultItems",
        "DefiningProjectExtension": ".props"
      },
      {
        "Identity": "Call/VoiceDeliveryStyle.cs",
        "FullPath": "/workspace/team-c/c3-admin-generated-validation/9to1 Workspace/shared/src/Haven.Application/Call/VoiceDeliveryStyle.cs",
        "RootDir": "/",
        "Filename": "VoiceDeliveryStyle",
        "Extension": ".cs",
        "RelativeDir": "Call/",
        "Directory": "workspace/team-c/c3-admin-generated-validation/9to1 Workspace/shared/src/Haven.Application/Call/",
        "RecursiveDir": "Call/",
        "ModifiedTime": "",
        "CreatedTime": "",
        "AccessedTime": "",
        "DefiningProjectFullPath": "/workspace/.tools/dotnet/sdk/10.0.401/Sdks/Microsoft.NET.Sdk/targets/Microsoft.NET.Sdk.DefaultItems.props",
        "DefiningProjectDirectory": "/workspace/.tools/dotnet/sdk/10.0.401/Sdks/Microsoft.NET.Sdk/targets/",
        "DefiningProjectName": "Microsoft.NET.Sdk.DefaultItems",
        "DefiningProjectExtension": ".props"
      },
      {
        "Identity": "Call/VoiceProfileCatalog.cs",
        "FullPath": "/workspace/team-c/c3-admin-generated-validation/9to1 Workspace/shared/src/Haven.Application/Call/VoiceProfileCatalog.cs",
        "RootDir": "/",
        "Filename": "VoiceProfileCatalog",
        "Extension": ".cs",
        "RelativeDir": "Call/",
        "Directory": "workspace/team-c/c3-admin-generated-validation/9to1 Workspace/shared/src/Haven.Application/Call/",
        "RecursiveDir": "Call/",
        "ModifiedTime": "",
        "CreatedTime": "",
        "AccessedTime": "",
        "DefiningProjectFullPath": "/workspace/.tools/dotnet/sdk/10.0.401/Sdks/Microsoft.NET.Sdk/targets/Microsoft.NET.Sdk.DefaultItems.props",
        "DefiningProjectDirectory": "/workspace/.tools/dotnet/sdk/10.0.401/Sdks/Microsoft.NET.Sdk/targets/",
        "DefiningProjectName": "Microsoft.NET.Sdk.DefaultItems",
        "DefiningProjectExtension": ".props"
      },
      {
        "Identity": "Call/VoiceReactionRuntime.cs",
        "FullPath": "/workspace/team-c/c3-admin-generated-validation/9to1 Workspace/shared/src/Haven.Application/Call/VoiceReactionRuntime.cs",
        "RootDir": "/",
        "Filename": "VoiceReactionRuntime",
        "Extension": ".cs",
        "RelativeDir": "Call/",
        "Directory": "workspace/team-c/c3-admin-generated-validation/9to1 Workspace/shared/src/Haven.Application/Call/",
        "RecursiveDir": "Call/",
        "ModifiedTime": "",
        "CreatedTime": "",
        "AccessedTime": "",
        "DefiningProjectFullPath": "/workspace/.tools/dotnet/sdk/10.0.401/Sdks/Microsoft.NET.Sdk/targets/Microsoft.NET.Sdk.DefaultItems.props",
        "DefiningProjectDirectory": "/workspace/.tools/dotnet/sdk/10.0.401/Sdks/Microsoft.NET.Sdk/targets/",
        "DefiningProjectName": "Microsoft.NET.Sdk.DefaultItems",
        "DefiningProjectExtension": ".props"
      },
      {
        "Identity": "CallAbstractions.cs",
        "FullPath": "/workspace/team-c/c3-admin-generated-validation/9to1 Workspace/shared/src/Haven.Application/CallAbstractions.cs",
        "RootDir": "/",
        "Filename": "CallAbstractions",
        "Extension": ".cs",
        "RelativeDir": "",
        "Directory": "workspace/team-c/c3-admin-generated-validation/9to1 Workspace/shared/src/Haven.Application/",
        "RecursiveDir": "",
        "ModifiedTime": "",
        "CreatedTime": "",
        "AccessedTime": "",
        "DefiningProjectFullPath": "/workspace/.tools/dotnet/sdk/10.0.401/Sdks/Microsoft.NET.Sdk/targets/Microsoft.NET.Sdk.DefaultItems.props",
        "DefiningProjectDirectory": "/workspace/.tools/dotnet/sdk/10.0.401/Sdks/Microsoft.NET.Sdk/targets/",
        "DefiningProjectName": "Microsoft.NET.Sdk.DefaultItems",
        "DefiningProjectExtension": ".props"
      },
      {
        "Identity": "Canvas/CanvasArtifact.cs",
        "FullPath": "/workspace/team-c/c3-admin-generated-validation/9to1 Workspace/shared/src/Haven.Application/Canvas/CanvasArtifact.cs",
        "RootDir": "/",
        "Filename": "CanvasArtifact",
        "Extension": ".cs",
        "RelativeDir": "Canvas/",
        "Directory": "workspace/team-c/c3-admin-generated-validation/9to1 Workspace/shared/src/Haven.Application/Canvas/",
        "RecursiveDir": "Canvas/",
        "ModifiedTime": "",
        "CreatedTime": "",
        "AccessedTime": "",
        "DefiningProjectFullPath": "/workspace/.tools/dotnet/sdk/10.0.401/Sdks/Microsoft.NET.Sdk/targets/Microsoft.NET.Sdk.DefaultItems.props",
        "DefiningProjectDirectory": "/workspace/.tools/dotnet/sdk/10.0.401/Sdks/Microsoft.NET.Sdk/targets/",
        "DefiningProjectName": "Microsoft.NET.Sdk.DefaultItems",
        "DefiningProjectExtension": ".props"
      },
      {
        "Identity": "Canvas/CanvasArtifactCodec.cs",
        "FullPath": "/workspace/team-c/c3-admin-generated-validation/9to1 Workspace/shared/src/Haven.Application/Canvas/CanvasArtifactCodec.cs",
        "RootDir": "/",
        "Filename": "CanvasArtifactCodec",
        "Extension": ".cs",
        "RelativeDir": "Canvas/",
        "Directory": "workspace/team-c/c3-admin-generated-validation/9to1 Workspace/shared/src/Haven.Application/Canvas/",
        "RecursiveDir": "Canvas/",
        "ModifiedTime": "",
        "CreatedTime": "",
        "AccessedTime": "",
        "DefiningProjectFullPath": "/workspace/.tools/dotnet/sdk/10.0.401/Sdks/Microsoft.NET.Sdk/targets/Microsoft.NET.Sdk.DefaultItems.props",
        "DefiningProjectDirectory": "/workspace/.tools/dotnet/sdk/10.0.401/Sdks/Microsoft.NET.Sdk/targets/",
        "DefiningProjectName": "Microsoft.NET.Sdk.DefaultItems",
        "DefiningProjectExtension": ".props"
      },
      {
        "Identity": "Canvas/CanvasArtifactSession.cs",
        "FullPath": "/workspace/team-c/c3-admin-generated-validation/9to1 Workspace/shared/src/Haven.Application/Canvas/CanvasArtifactSession.cs",
        "RootDir": "/",
        "Filename": "CanvasArtifactSession",
        "Extension": ".cs",
        "RelativeDir": "Canvas/",
        "Directory": "workspace/team-c/c3-admin-generated-validation/9to1 Workspace/shared/src/Haven.Application/Canvas/",
        "RecursiveDir": "Canvas/",
        "ModifiedTime": "",
        "CreatedTime": "",
        "AccessedTime": "",
        "DefiningProjectFullPath": "/workspace/.tools/dotnet/sdk/10.0.401/Sdks/Microsoft.NET.Sdk/targets/Microsoft.NET.Sdk.DefaultItems.props",
        "DefiningProjectDirectory": "/workspace/.tools/dotnet/sdk/10.0.401/Sdks/Microsoft.NET.Sdk/targets/",
        "DefiningProjectName": "Microsoft.NET.Sdk.DefaultItems",
        "DefiningProjectExtension": ".props"
      },
      {
        "Identity": "Canvas/CanvasArtifactSession.Schema2.cs",
        "FullPath": "/workspace/team-c/c3-admin-generated-validation/9to1 Workspace/shared/src/Haven.Application/Canvas/CanvasArtifactSession.Schema2.cs",
        "RootDir": "/",
        "Filename": "CanvasArtifactSession.Schema2",
        "Extension": ".cs",
        "RelativeDir": "Canvas/",
        "Directory": "workspace/team-c/c3-admin-generated-validation/9to1 Workspace/shared/src/Haven.Application/Canvas/",
        "RecursiveDir": "Canvas/",
        "ModifiedTime": "",
        "CreatedTime": "",
        "AccessedTime": "",
        "DefiningProjectFullPath": "/workspace/.tools/dotnet/sdk/10.0.401/Sdks/Microsoft.NET.Sdk/targets/Microsoft.NET.Sdk.DefaultItems.props",
        "DefiningProjectDirectory": "/workspace/.tools/dotnet/sdk/10.0.401/Sdks/Microsoft.NET.Sdk/targets/",
        "DefiningProjectName": "Microsoft.NET.Sdk.DefaultItems",
        "DefiningProjectExtension": ".props"
      },
      {
        "Identity": "Canvas/CanvasDocumentModel.Boards.cs",
        "FullPath": "/workspace/team-c/c3-admin-generated-validation/9to1 Workspace/shared/src/Haven.Application/Canvas/CanvasDocumentModel.Boards.cs",
        "RootDir": "/",
        "Filename": "CanvasDocumentModel.Boards",
        "Extension": ".cs",
        "RelativeDir": "Canvas/",
        "Directory": "workspace/team-c/c3-admin-generated-validation/9to1 Workspace/shared/src/Haven.Application/Canvas/",
        "RecursiveDir": "Canvas/",
        "ModifiedTime": "",
        "CreatedTime": "",
        "AccessedTime": "",
        "DefiningProjectFullPath": "/workspace/.tools/dotnet/sdk/10.0.401/Sdks/Microsoft.NET.Sdk/targets/Microsoft.NET.Sdk.DefaultItems.props",
        "DefiningProjectDirectory": "/workspace/.tools/dotnet/sdk/10.0.401/Sdks/Microsoft.NET.Sdk/targets/",
        "DefiningProjectName": "Microsoft.NET.Sdk.DefaultItems",
        "DefiningProjectExtension": ".props"
      },
      {
        "Identity": "Canvas/CanvasDocumentModel.cs",
        "FullPath": "/workspace/team-c/c3-admin-generated-validation/9to1 Workspace/shared/src/Haven.Application/Canvas/CanvasDocumentModel.cs",
        "RootDir": "/",
        "Filename": "CanvasDocumentModel",
        "Extension": ".cs",
        "RelativeDir": "Canvas/",
        "Directory": "workspace/team-c/c3-admin-generated-validation/9to1 Workspace/shared/src/Haven.Application/Canvas/",
        "RecursiveDir": "Canvas/",
        "ModifiedTime": "",
        "CreatedTime": "",
        "AccessedTime": "",
        "DefiningProjectFullPath": "/workspace/.tools/dotnet/sdk/10.0.401/Sdks/Microsoft.NET.Sdk/targets/Microsoft.NET.Sdk.DefaultItems.props",
        "DefiningProjectDirectory": "/workspace/.tools/dotnet/sdk/10.0.401/Sdks/Microsoft.NET.Sdk/targets/",
        "DefiningProjectName": "Microsoft.NET.Sdk.DefaultItems",
        "DefiningProjectExtension": ".props"
      },
      {
        "Identity": "Canvas/CanvasGhostVisibility.cs",
        "FullPath": "/workspace/team-c/c3-admin-generated-validation/9to1 Workspace/shared/src/Haven.Application/Canvas/CanvasGhostVisibility.cs",
        "RootDir": "/",
        "Filename": "CanvasGhostVisibility",
        "Extension": ".cs",
        "RelativeDir": "Canvas/",
        "Directory": "workspace/team-c/c3-admin-generated-validation/9to1 Workspace/shared/src/Haven.Application/Canvas/",
        "RecursiveDir": "Canvas/",
        "ModifiedTime": "",
        "CreatedTime": "",
        "AccessedTime": "",
        "DefiningProjectFullPath": "/workspace/.tools/dotnet/sdk/10.0.401/Sdks/Microsoft.NET.Sdk/targets/Microsoft.NET.Sdk.DefaultItems.props",
        "DefiningProjectDirectory": "/workspace/.tools/dotnet/sdk/10.0.401/Sdks/Microsoft.NET.Sdk/targets/",
        "DefiningProjectName": "Microsoft.NET.Sdk.DefaultItems",
        "DefiningProjectExtension": ".props"
      },
      {
        "Identity": "Canvas/CanvasInteractionController.DirectManipulation.cs",
        "FullPath": "/workspace/team-c/c3-admin-generated-validation/9to1 Workspace/shared/src/Haven.Application/Canvas/CanvasInteractionController.DirectManipulation.cs",
        "RootDir": "/",
        "Filename": "CanvasInteractionController.DirectManipulation",
        "Extension": ".cs",
        "RelativeDir": "Canvas/",
        "Directory": "workspace/team-c/c3-admin-generated-validation/9to1 Workspace/shared/src/Haven.Application/Canvas/",
        "RecursiveDir": "Canvas/",
        "ModifiedTime": "",
        "CreatedTime": "",
        "AccessedTime": "",
        "DefiningProjectFullPath": "/workspace/.tools/dotnet/sdk/10.0.401/Sdks/Microsoft.NET.Sdk/targets/Microsoft.NET.Sdk.DefaultItems.props",
        "DefiningProjectDirectory": "/workspace/.tools/dotnet/sdk/10.0.401/Sdks/Microsoft.NET.Sdk/targets/",
        "DefiningProjectName": "Microsoft.NET.Sdk.DefaultItems",
        "DefiningProjectExtension": ".props"
      },
      {
        "Identity": "Canvas/CanvasInteractionController.Release.cs",
        "FullPath": "/workspace/team-c/c3-admin-generated-validation/9to1 Workspace/shared/src/Haven.Application/Canvas/CanvasInteractionController.Release.cs",
        "RootDir": "/",
        "Filename": "CanvasInteractionController.Release",
        "Extension": ".cs",
        "RelativeDir": "Canvas/",
        "Directory": "workspace/team-c/c3-admin-generated-validation/9to1 Workspace/shared/src/Haven.Application/Canvas/",
        "RecursiveDir": "Canvas/",
        "ModifiedTime": "",
        "CreatedTime": "",
        "AccessedTime": "",
        "DefiningProjectFullPath": "/workspace/.tools/dotnet/sdk/10.0.401/Sdks/Microsoft.NET.Sdk/targets/Microsoft.NET.Sdk.DefaultItems.props",
        "DefiningProjectDirectory": "/workspace/.tools/dotnet/sdk/10.0.401/Sdks/Microsoft.NET.Sdk/targets/",
        "DefiningProjectName": "Microsoft.NET.Sdk.DefaultItems",
        "DefiningProjectExtension": ".props"
      },
      {
        "Identity": "Canvas/CanvasLineGeometry.cs",
        "FullPath": "/workspace/team-c/c3-admin-generated-validation/9to1 Workspace/shared/src/Haven.Application/Canvas/CanvasLineGeometry.cs",
        "RootDir": "/",
        "Filename": "CanvasLineGeometry",
        "Extension": ".cs",
        "RelativeDir": "Canvas/",
        "Directory": "workspace/team-c/c3-admin-generated-validation/9to1 Workspace/shared/src/Haven.Application/Canvas/",
        "RecursiveDir": "Canvas/",
        "ModifiedTime": "",
        "CreatedTime": "",
        "AccessedTime": "",
        "DefiningProjectFullPath": "/workspace/.tools/dotnet/sdk/10.0.401/Sdks/Microsoft.NET.Sdk/targets/Microsoft.NET.Sdk.DefaultItems.props",
        "DefiningProjectDirectory": "/workspace/.tools/dotnet/sdk/10.0.401/Sdks/Microsoft.NET.Sdk/targets/",
        "DefiningProjectName": "Microsoft.NET.Sdk.DefaultItems",
        "DefiningProjectExtension": ".props"
      },
      {
        "Identity": "Canvas/CanvasStrokePathCapture.cs",
        "FullPath": "/workspace/team-c/c3-admin-generated-validation/9to1 Workspace/shared/src/Haven.Application/Canvas/CanvasStrokePathCapture.cs",
        "RootDir": "/",
        "Filename": "CanvasStrokePathCapture",
        "Extension": ".cs",
        "RelativeDir": "Canvas/",
        "Directory": "workspace/team-c/c3-admin-generated-validation/9to1 Workspace/shared/src/Haven.Application/Canvas/",
        "RecursiveDir": "Canvas/",
        "ModifiedTime": "",
        "CreatedTime": "",
        "AccessedTime": "",
        "DefiningProjectFullPath": "/workspace/.tools/dotnet/sdk/10.0.401/Sdks/Microsoft.NET.Sdk/targets/Microsoft.NET.Sdk.DefaultItems.props",
        "DefiningProjectDirectory": "/workspace/.tools/dotnet/sdk/10.0.401/Sdks/Microsoft.NET.Sdk/targets/",
        "DefiningProjectName": "Microsoft.NET.Sdk.DefaultItems",
        "DefiningProjectExtension": ".props"
      },
      {
        "Identity": "Canvas/CanvasStrokePathGeometry.cs",
        "FullPath": "/workspace/team-c/c3-admin-generated-validation/9to1 Workspace/shared/src/Haven.Application/Canvas/CanvasStrokePathGeometry.cs",
        "RootDir": "/",
        "Filename": "CanvasStrokePathGeometry",
        "Extension": ".cs",
        "RelativeDir": "Canvas/",
        "Directory": "workspace/team-c/c3-admin-generated-validation/9to1 Workspace/shared/src/Haven.Application/Canvas/",
        "RecursiveDir": "Canvas/",
        "ModifiedTime": "",
        "CreatedTime": "",
        "AccessedTime": "",
        "DefiningProjectFullPath": "/workspace/.tools/dotnet/sdk/10.0.401/Sdks/Microsoft.NET.Sdk/targets/Microsoft.NET.Sdk.DefaultItems.props",
        "DefiningProjectDirectory": "/workspace/.tools/dotnet/sdk/10.0.401/Sdks/Microsoft.NET.Sdk/targets/",
        "DefiningProjectName": "Microsoft.NET.Sdk.DefaultItems",
        "DefiningProjectExtension": ".props"
      },
      {
        "Identity": "Canvas/CanvasStructuredStrokeTransactionLimits.cs",
        "FullPath": "/workspace/team-c/c3-admin-generated-validation/9to1 Workspace/shared/src/Haven.Application/Canvas/CanvasStructuredStrokeTransactionLimits.cs",
        "RootDir": "/",
        "Filename": "CanvasStructuredStrokeTransactionLimits",
        "Extension": ".cs",
        "RelativeDir": "Canvas/",
        "Directory": "workspace/team-c/c3-admin-generated-validation/9to1 Workspace/shared/src/Haven.Application/Canvas/",
        "RecursiveDir": "Canvas/",
        "ModifiedTime": "",
        "CreatedTime": "",
        "AccessedTime": "",
        "DefiningProjectFullPath": "/workspace/.tools/dotnet/sdk/10.0.401/Sdks/Microsoft.NET.Sdk/targets/Microsoft.NET.Sdk.DefaultItems.props",
        "DefiningProjectDirectory": "/workspace/.tools/dotnet/sdk/10.0.401/Sdks/Microsoft.NET.Sdk/targets/",
        "DefiningProjectName": "Microsoft.NET.Sdk.DefaultItems",
        "DefiningProjectExtension": ".props"
      },
      {
        "Identity": "Capabilities/CapabilityRegistryService.cs",
        "FullPath": "/workspace/team-c/c3-admin-generated-validation/9to1 Workspace/shared/src/Haven.Application/Capabilities/CapabilityRegistryService.cs",
        "RootDir": "/",
        "Filename": "CapabilityRegistryService",
        "Extension": ".cs",
        "RelativeDir": "Capabilities/",
        "Directory": "workspace/team-c/c3-admin-generated-validation/9to1 Workspace/shared/src/Haven.Application/Capabilities/",
        "RecursiveDir": "Capabilities/",
        "ModifiedTime": "",
        "CreatedTime": "",
        "AccessedTime": "",
        "DefiningProjectFullPath": "/workspace/.tools/dotnet/sdk/10.0.401/Sdks/Microsoft.NET.Sdk/targets/Microsoft.NET.Sdk.DefaultItems.props",
        "DefiningProjectDirectory": "/workspace/.tools/dotnet/sdk/10.0.401/Sdks/Microsoft.NET.Sdk/targets/",
        "DefiningProjectName": "Microsoft.NET.Sdk.DefaultItems",
        "DefiningProjectExtension": ".props"
      },
      {
        "Identity": "Chat/ChatCapabilitySelector.cs",
        "FullPath": "/workspace/team-c/c3-admin-generated-validation/9to1 Workspace/shared/src/Haven.Application/Chat/ChatCapabilitySelector.cs",
        "RootDir": "/",
        "Filename": "ChatCapabilitySelector",
        "Extension": ".cs",
        "RelativeDir": "Chat/",
        "Directory": "workspace/team-c/c3-admin-generated-validation/9to1 Workspace/shared/src/Haven.Application/Chat/",
        "RecursiveDir": "Chat/",
        "ModifiedTime": "",
        "CreatedTime": "",
        "AccessedTime": "",
        "DefiningProjectFullPath": "/workspace/.tools/dotnet/sdk/10.0.401/Sdks/Microsoft.NET.Sdk/targets/Microsoft.NET.Sdk.DefaultItems.props",
        "DefiningProjectDirectory": "/workspace/.tools/dotnet/sdk/10.0.401/Sdks/Microsoft.NET.Sdk/targets/",
        "DefiningProjectName": "Microsoft.NET.Sdk.DefaultItems",
        "DefiningProjectExtension": ".props"
      },
      {
        "Identity": "Chat/ChatContextWindow.cs",
        "FullPath": "/workspace/team-c/c3-admin-generated-validation/9to1 Workspace/shared/src/Haven.Application/Chat/ChatContextWindow.cs",
        "RootDir": "/",
        "Filename": "ChatContextWindow",
        "Extension": ".cs",
        "RelativeDir": "Chat/",
        "Directory": "workspace/team-c/c3-admin-generated-validation/9to1 Workspace/shared/src/Haven.Application/Chat/",
        "RecursiveDir": "Chat/",
        "ModifiedTime": "",
        "CreatedTime": "",
        "AccessedTime": "",
        "DefiningProjectFullPath": "/workspace/.tools/dotnet/sdk/10.0.401/Sdks/Microsoft.NET.Sdk/targets/Microsoft.NET.Sdk.DefaultItems.props",
        "DefiningProjectDirectory": "/workspace/.tools/dotnet/sdk/10.0.401/Sdks/Microsoft.NET.Sdk/targets/",
        "DefiningProjectName": "Microsoft.NET.Sdk.DefaultItems",
        "DefiningProjectExtension": ".props"
      },
      {
        "Identity": "Chat/ChatExecutionTracker.cs",
        "FullPath": "/workspace/team-c/c3-admin-generated-validation/9to1 Workspace/shared/src/Haven.Application/Chat/ChatExecutionTracker.cs",
        "RootDir": "/",
        "Filename": "ChatExecutionTracker",
        "Extension": ".cs",
        "RelativeDir": "Chat/",
        "Directory": "workspace/team-c/c3-admin-generated-validation/9to1 Workspace/shared/src/Haven.Application/Chat/",
        "RecursiveDir": "Chat/",
        "ModifiedTime": "",
        "CreatedTime": "",
        "AccessedTime": "",
        "DefiningProjectFullPath": "/workspace/.tools/dotnet/sdk/10.0.401/Sdks/Microsoft.NET.Sdk/targets/Microsoft.NET.Sdk.DefaultItems.props",
        "DefiningProjectDirectory": "/workspace/.tools/dotnet/sdk/10.0.401/Sdks/Microsoft.NET.Sdk/targets/",
        "DefiningProjectName": "Microsoft.NET.Sdk.DefaultItems",
        "DefiningProjectExtension": ".props"
      },
      {
        "Identity": "Chat/ChatModelInventoryCache.cs",
        "FullPath": "/workspace/team-c/c3-admin-generated-validation/9to1 Workspace/shared/src/Haven.Application/Chat/ChatModelInventoryCache.cs",
        "RootDir": "/",
        "Filename": "ChatModelInventoryCache",
        "Extension": ".cs",
        "RelativeDir": "Chat/",
        "Directory": "workspace/team-c/c3-admin-generated-validation/9to1 Workspace/shared/src/Haven.Application/Chat/",
        "RecursiveDir": "Chat/",
        "ModifiedTime": "",
        "CreatedTime": "",
        "AccessedTime": "",
        "DefiningProjectFullPath": "/workspace/.tools/dotnet/sdk/10.0.401/Sdks/Microsoft.NET.Sdk/targets/Microsoft.NET.Sdk.DefaultItems.props",
        "DefiningProjectDirectory": "/workspace/.tools/dotnet/sdk/10.0.401/Sdks/Microsoft.NET.Sdk/targets/",
        "DefiningProjectName": "Microsoft.NET.Sdk.DefaultItems",
        "DefiningProjectExtension": ".props"
      },
      {
        "Identity": "Chat/ChatPerformanceTrace.cs",
        "FullPath": "/workspace/team-c/c3-admin-generated-validation/9to1 Workspace/shared/src/Haven.Application/Chat/ChatPerformanceTrace.cs",
        "RootDir": "/",
        "Filename": "ChatPerformanceTrace",
        "Extension": ".cs",
        "RelativeDir": "Chat/",
        "Directory": "workspace/team-c/c3-admin-generated-validation/9to1 Workspace/shared/src/Haven.Application/Chat/",
        "RecursiveDir": "Chat/",
        "ModifiedTime": "",
        "CreatedTime": "",
        "AccessedTime": "",
        "DefiningProjectFullPath": "/workspace/.tools/dotnet/sdk/10.0.401/Sdks/Microsoft.NET.Sdk/targets/Microsoft.NET.Sdk.DefaultItems.props",
        "DefiningProjectDirectory": "/workspace/.tools/dotnet/sdk/10.0.401/Sdks/Microsoft.NET.Sdk/targets/",
        "DefiningProjectName": "Microsoft.NET.Sdk.DefaultItems",
        "DefiningProjectExtension": ".props"
      },
      {
        "Identity": "Chat/ChatSessionService.cs",
        "FullPath": "/workspace/team-c/c3-admin-generated-validation/9to1 Workspace/shared/src/Haven.Application/Chat/ChatSessionService.cs",
        "RootDir": "/",
        "Filename": "ChatSessionService",
        "Extension": ".cs",
        "RelativeDir": "Chat/",
        "Directory": "workspace/team-c/c3-admin-generated-validation/9to1 Workspace/shared/src/Haven.Application/Chat/",
        "RecursiveDir": "Chat/",
        "ModifiedTime": "",
        "CreatedTime": "",
        "AccessedTime": "",
        "DefiningProjectFullPath": "/workspace/.tools/dotnet/sdk/10.0.401/Sdks/Microsoft.NET.Sdk/targets/Microsoft.NET.Sdk.DefaultItems.props",
        "DefiningProjectDirectory": "/workspace/.tools/dotnet/sdk/10.0.401/Sdks/Microsoft.NET.Sdk/targets/",
        "DefiningProjectName": "Microsoft.NET.Sdk.DefaultItems",
        "DefiningProjectExtension": ".props"
      },
      {
        "Identity": "Chat/ResponseProgress.cs",
        "FullPath": "/workspace/team-c/c3-admin-generated-validation/9to1 Workspace/shared/src/Haven.Application/Chat/ResponseProgress.cs",
        "RootDir": "/",
        "Filename": "ResponseProgress",
        "Extension": ".cs",
        "RelativeDir": "Chat/",
        "Directory": "workspace/team-c/c3-admin-generated-validation/9to1 Workspace/shared/src/Haven.Application/Chat/",
        "RecursiveDir": "Chat/",
        "ModifiedTime": "",
        "CreatedTime": "",
        "AccessedTime": "",
        "DefiningProjectFullPath": "/workspace/.tools/dotnet/sdk/10.0.401/Sdks/Microsoft.NET.Sdk/targets/Microsoft.NET.Sdk.DefaultItems.props",
        "DefiningProjectDirectory": "/workspace/.tools/dotnet/sdk/10.0.401/Sdks/Microsoft.NET.Sdk/targets/",
        "DefiningProjectName": "Microsoft.NET.Sdk.DefaultItems",
        "DefiningProjectExtension": ".props"
      },
      {
        "Identity": "CodeIntelligenceAbstractions.cs",
        "FullPath": "/workspace/team-c/c3-admin-generated-validation/9to1 Workspace/shared/src/Haven.Application/CodeIntelligenceAbstractions.cs",
        "RootDir": "/",
        "Filename": "CodeIntelligenceAbstractions",
        "Extension": ".cs",
        "RelativeDir": "",
        "Directory": "workspace/team-c/c3-admin-generated-validation/9to1 Workspace/shared/src/Haven.Application/",
        "RecursiveDir": "",
        "ModifiedTime": "",
        "CreatedTime": "",
        "AccessedTime": "",
        "DefiningProjectFullPath": "/workspace/.tools/dotnet/sdk/10.0.401/Sdks/Microsoft.NET.Sdk/targets/Microsoft.NET.Sdk.DefaultItems.props",
        "DefiningProjectDirectory": "/workspace/.tools/dotnet/sdk/10.0.401/Sdks/Microsoft.NET.Sdk/targets/",
        "DefiningProjectName": "Microsoft.NET.Sdk.DefaultItems",
        "DefiningProjectExtension": ".props"
      },
      {
        "Identity": "Compatibility/CompatibilityContracts.cs",
        "FullPath": "/workspace/team-c/c3-admin-generated-validation/9to1 Workspace/shared/src/Haven.Application/Compatibility/CompatibilityContracts.cs",
        "RootDir": "/",
        "Filename": "CompatibilityContracts",
        "Extension": ".cs",
        "RelativeDir": "Compatibility/",
        "Directory": "workspace/team-c/c3-admin-generated-validation/9to1 Workspace/shared/src/Haven.Application/Compatibility/",
        "RecursiveDir": "Compatibility/",
        "ModifiedTime": "",
        "CreatedTime": "",
        "AccessedTime": "",
        "DefiningProjectFullPath": "/workspace/.tools/dotnet/sdk/10.0.401/Sdks/Microsoft.NET.Sdk/targets/Microsoft.NET.Sdk.DefaultItems.props",
        "DefiningProjectDirectory": "/workspace/.tools/dotnet/sdk/10.0.401/Sdks/Microsoft.NET.Sdk/targets/",
        "DefiningProjectName": "Microsoft.NET.Sdk.DefaultItems",
        "DefiningProjectExtension": ".props"
      },
      {
        "Identity": "Compatibility/CompatibilityPackageContracts.cs",
        "FullPath": "/workspace/team-c/c3-admin-generated-validation/9to1 Workspace/shared/src/Haven.Application/Compatibility/CompatibilityPackageContracts.cs",
        "RootDir": "/",
        "Filename": "CompatibilityPackageContracts",
        "Extension": ".cs",
        "RelativeDir": "Compatibility/",
        "Directory": "workspace/team-c/c3-admin-generated-validation/9to1 Workspace/shared/src/Haven.Application/Compatibility/",
        "RecursiveDir": "Compatibility/",
        "ModifiedTime": "",
        "CreatedTime": "",
        "AccessedTime": "",
        "DefiningProjectFullPath": "/workspace/.tools/dotnet/sdk/10.0.401/Sdks/Microsoft.NET.Sdk/targets/Microsoft.NET.Sdk.DefaultItems.props",
        "DefiningProjectDirectory": "/workspace/.tools/dotnet/sdk/10.0.401/Sdks/Microsoft.NET.Sdk/targets/",
        "DefiningProjectName": "Microsoft.NET.Sdk.DefaultItems",
        "DefiningProjectExtension": ".props"
      },
      {
        "Identity": "Compatibility/CompatibilityPackageOpenContracts.cs",
        "FullPath": "/workspace/team-c/c3-admin-generated-validation/9to1 Workspace/shared/src/Haven.Application/Compatibility/CompatibilityPackageOpenContracts.cs",
        "RootDir": "/",
        "Filename": "CompatibilityPackageOpenContracts",
        "Extension": ".cs",
        "RelativeDir": "Compatibility/",
        "Directory": "workspace/team-c/c3-admin-generated-validation/9to1 Workspace/shared/src/Haven.Application/Compatibility/",
        "RecursiveDir": "Compatibility/",
        "ModifiedTime": "",
        "CreatedTime": "",
        "AccessedTime": "",
        "DefiningProjectFullPath": "/workspace/.tools/dotnet/sdk/10.0.401/Sdks/Microsoft.NET.Sdk/targets/Microsoft.NET.Sdk.DefaultItems.props",
        "DefiningProjectDirectory": "/workspace/.tools/dotnet/sdk/10.0.401/Sdks/Microsoft.NET.Sdk/targets/",
        "DefiningProjectName": "Microsoft.NET.Sdk.DefaultItems",
        "DefiningProjectExtension": ".props"
      },
      {
        "Identity": "Compatibility/CompatibilityRoutingService.cs",
        "FullPath": "/workspace/team-c/c3-admin-generated-validation/9to1 Workspace/shared/src/Haven.Application/Compatibility/CompatibilityRoutingService.cs",
        "RootDir": "/",
        "Filename": "CompatibilityRoutingService",
        "Extension": ".cs",
        "RelativeDir": "Compatibility/",
        "Directory": "workspace/team-c/c3-admin-generated-validation/9to1 Workspace/shared/src/Haven.Application/Compatibility/",
        "RecursiveDir": "Compatibility/",
        "ModifiedTime": "",
        "CreatedTime": "",
        "AccessedTime": "",
        "DefiningProjectFullPath": "/workspace/.tools/dotnet/sdk/10.0.401/Sdks/Microsoft.NET.Sdk/targets/Microsoft.NET.Sdk.DefaultItems.props",
        "DefiningProjectDirectory": "/workspace/.tools/dotnet/sdk/10.0.401/Sdks/Microsoft.NET.Sdk/targets/",
        "DefiningProjectName": "Microsoft.NET.Sdk.DefaultItems",
        "DefiningProjectExtension": ".props"
      },
      {
        "Identity": "ComputerUse/ComputerUseApplicationPolicy.cs",
        "FullPath": "/workspace/team-c/c3-admin-generated-validation/9to1 Workspace/shared/src/Haven.Application/ComputerUse/ComputerUseApplicationPolicy.cs",
        "RootDir": "/",
        "Filename": "ComputerUseApplicationPolicy",
        "Extension": ".cs",
        "RelativeDir": "ComputerUse/",
        "Directory": "workspace/team-c/c3-admin-generated-validation/9to1 Workspace/shared/src/Haven.Application/ComputerUse/",
        "RecursiveDir": "ComputerUse/",
        "ModifiedTime": "",
        "CreatedTime": "",
        "AccessedTime": "",
        "DefiningProjectFullPath": "/workspace/.tools/dotnet/sdk/10.0.401/Sdks/Microsoft.NET.Sdk/targets/Microsoft.NET.Sdk.DefaultItems.props",
        "DefiningProjectDirectory": "/workspace/.tools/dotnet/sdk/10.0.401/Sdks/Microsoft.NET.Sdk/targets/",
        "DefiningProjectName": "Microsoft.NET.Sdk.DefaultItems",
        "DefiningProjectExtension": ".props"
      },
      {
        "Identity": "Conversation/ConversationPlacementService.cs",
        "FullPath": "/workspace/team-c/c3-admin-generated-validation/9to1 Workspace/shared/src/Haven.Application/Conversation/ConversationPlacementService.cs",
        "RootDir": "/",
        "Filename": "ConversationPlacementService",
        "Extension": ".cs",
        "RelativeDir": "Conversation/",
        "Directory": "workspace/team-c/c3-admin-generated-validation/9to1 Workspace/shared/src/Haven.Application/Conversation/",
        "RecursiveDir": "Conversation/",
        "ModifiedTime": "",
        "CreatedTime": "",
        "AccessedTime": "",
        "DefiningProjectFullPath": "/workspace/.tools/dotnet/sdk/10.0.401/Sdks/Microsoft.NET.Sdk/targets/Microsoft.NET.Sdk.DefaultItems.props",
        "DefiningProjectDirectory": "/workspace/.tools/dotnet/sdk/10.0.401/Sdks/Microsoft.NET.Sdk/targets/",
        "DefiningProjectName": "Microsoft.NET.Sdk.DefaultItems",
        "DefiningProjectExtension": ".props"
      },
      {
        "Identity": "Conversation/ConversationPlacementServiceImpl.cs",
        "FullPath": "/workspace/team-c/c3-admin-generated-validation/9to1 Workspace/shared/src/Haven.Application/Conversation/ConversationPlacementServiceImpl.cs",
        "RootDir": "/",
        "Filename": "ConversationPlacementServiceImpl",
        "Extension": ".cs",
        "RelativeDir": "Conversation/",
        "Directory": "workspace/team-c/c3-admin-generated-validation/9to1 Workspace/shared/src/Haven.Application/Conversation/",
        "RecursiveDir": "Conversation/",
        "ModifiedTime": "",
        "CreatedTime": "",
        "AccessedTime": "",
        "DefiningProjectFullPath": "/workspace/.tools/dotnet/sdk/10.0.401/Sdks/Microsoft.NET.Sdk/targets/Microsoft.NET.Sdk.DefaultItems.props",
        "DefiningProjectDirectory": "/workspace/.tools/dotnet/sdk/10.0.401/Sdks/Microsoft.NET.Sdk/targets/",
        "DefiningProjectName": "Microsoft.NET.Sdk.DefaultItems",
        "DefiningProjectExtension": ".props"
      },
      {
        "Identity": "Conversation/ConversationProductionServices.cs",
        "FullPath": "/workspace/team-c/c3-admin-generated-validation/9to1 Workspace/shared/src/Haven.Application/Conversation/ConversationProductionServices.cs",
        "RootDir": "/",
        "Filename": "ConversationProductionServices",
        "Extension": ".cs",
        "RelativeDir": "Conversation/",
        "Directory": "workspace/team-c/c3-admin-generated-validation/9to1 Workspace/shared/src/Haven.Application/Conversation/",
        "RecursiveDir": "Conversation/",
        "ModifiedTime": "",
        "CreatedTime": "",
        "AccessedTime": "",
        "DefiningProjectFullPath": "/workspace/.tools/dotnet/sdk/10.0.401/Sdks/Microsoft.NET.Sdk/targets/Microsoft.NET.Sdk.DefaultItems.props",
        "DefiningProjectDirectory": "/workspace/.tools/dotnet/sdk/10.0.401/Sdks/Microsoft.NET.Sdk/targets/",
        "DefiningProjectName": "Microsoft.NET.Sdk.DefaultItems",
        "DefiningProjectExtension": ".props"
      },
      {
        "Identity": "ConversationProductionAbstractions.cs",
        "FullPath": "/workspace/team-c/c3-admin-generated-validation/9to1 Workspace/shared/src/Haven.Application/ConversationProductionAbstractions.cs",
        "RootDir": "/",
        "Filename": "ConversationProductionAbstractions",
        "Extension": ".cs",
        "RelativeDir": "",
        "Directory": "workspace/team-c/c3-admin-generated-validation/9to1 Workspace/shared/src/Haven.Application/",
        "RecursiveDir": "",
        "ModifiedTime": "",
        "CreatedTime": "",
        "AccessedTime": "",
        "DefiningProjectFullPath": "/workspace/.tools/dotnet/sdk/10.0.401/Sdks/Microsoft.NET.Sdk/targets/Microsoft.NET.Sdk.DefaultItems.props",
        "DefiningProjectDirectory": "/workspace/.tools/dotnet/sdk/10.0.401/Sdks/Microsoft.NET.Sdk/targets/",
        "DefiningProjectName": "Microsoft.NET.Sdk.DefaultItems",
        "DefiningProjectExtension": ".props"
      },
      {
        "Identity": "DashboardAbstractions.cs",
        "FullPath": "/workspace/team-c/c3-admin-generated-validation/9to1 Workspace/shared/src/Haven.Application/DashboardAbstractions.cs",
        "RootDir": "/",
        "Filename": "DashboardAbstractions",
        "Extension": ".cs",
        "RelativeDir": "",
        "Directory": "workspace/team-c/c3-admin-generated-validation/9to1 Workspace/shared/src/Haven.Application/",
        "RecursiveDir": "",
        "ModifiedTime": "",
        "CreatedTime": "",
        "AccessedTime": "",
        "DefiningProjectFullPath": "/workspace/.tools/dotnet/sdk/10.0.401/Sdks/Microsoft.NET.Sdk/targets/Microsoft.NET.Sdk.DefaultItems.props",
        "DefiningProjectDirectory": "/workspace/.tools/dotnet/sdk/10.0.401/Sdks/Microsoft.NET.Sdk/targets/",
        "DefiningProjectName": "Microsoft.NET.Sdk.DefaultItems",
        "DefiningProjectExtension": ".props"
      },
      {
        "Identity": "Data/DataFormulaEngine.cs",
        "FullPath": "/workspace/team-c/c3-admin-generated-validation/9to1 Workspace/shared/src/Haven.Application/Data/DataFormulaEngine.cs",
        "RootDir": "/",
        "Filename": "DataFormulaEngine",
        "Extension": ".cs",
        "RelativeDir": "Data/",
        "Directory": "workspace/team-c/c3-admin-generated-validation/9to1 Workspace/shared/src/Haven.Application/Data/",
        "RecursiveDir": "Data/",
        "ModifiedTime": "",
        "CreatedTime": "",
        "AccessedTime": "",
        "DefiningProjectFullPath": "/workspace/.tools/dotnet/sdk/10.0.401/Sdks/Microsoft.NET.Sdk/targets/Microsoft.NET.Sdk.DefaultItems.props",
        "DefiningProjectDirectory": "/workspace/.tools/dotnet/sdk/10.0.401/Sdks/Microsoft.NET.Sdk/targets/",
        "DefiningProjectName": "Microsoft.NET.Sdk.DefaultItems",
        "DefiningProjectExtension": ".props"
      },
      {
        "Identity": "Data/DataFormulaParser.cs",
        "FullPath": "/workspace/team-c/c3-admin-generated-validation/9to1 Workspace/shared/src/Haven.Application/Data/DataFormulaParser.cs",
        "RootDir": "/",
        "Filename": "DataFormulaParser",
        "Extension": ".cs",
        "RelativeDir": "Data/",
        "Directory": "workspace/team-c/c3-admin-generated-validation/9to1 Workspace/shared/src/Haven.Application/Data/",
        "RecursiveDir": "Data/",
        "ModifiedTime": "",
        "CreatedTime": "",
        "AccessedTime": "",
        "DefiningProjectFullPath": "/workspace/.tools/dotnet/sdk/10.0.401/Sdks/Microsoft.NET.Sdk/targets/Microsoft.NET.Sdk.DefaultItems.props",
        "DefiningProjectDirectory": "/workspace/.tools/dotnet/sdk/10.0.401/Sdks/Microsoft.NET.Sdk/targets/",
        "DefiningProjectName": "Microsoft.NET.Sdk.DefaultItems",
        "DefiningProjectExtension": ".props"
      },
      {
        "Identity": "Data/DataFormulaReferences.cs",
        "FullPath": "/workspace/team-c/c3-admin-generated-validation/9to1 Workspace/shared/src/Haven.Application/Data/DataFormulaReferences.cs",
        "RootDir": "/",
        "Filename": "DataFormulaReferences",
        "Extension": ".cs",
        "RelativeDir": "Data/",
        "Directory": "workspace/team-c/c3-admin-generated-validation/9to1 Workspace/shared/src/Haven.Application/Data/",
        "RecursiveDir": "Data/",
        "ModifiedTime": "",
        "CreatedTime": "",
        "AccessedTime": "",
        "DefiningProjectFullPath": "/workspace/.tools/dotnet/sdk/10.0.401/Sdks/Microsoft.NET.Sdk/targets/Microsoft.NET.Sdk.DefaultItems.props",
        "DefiningProjectDirectory": "/workspace/.tools/dotnet/sdk/10.0.401/Sdks/Microsoft.NET.Sdk/targets/",
        "DefiningProjectName": "Microsoft.NET.Sdk.DefaultItems",
        "DefiningProjectExtension": ".props"
      },
      {
        "Identity": "Data/DataFormulaRuntime.cs",
        "FullPath": "/workspace/team-c/c3-admin-generated-validation/9to1 Workspace/shared/src/Haven.Application/Data/DataFormulaRuntime.cs",
        "RootDir": "/",
        "Filename": "DataFormulaRuntime",
        "Extension": ".cs",
        "RelativeDir": "Data/",
        "Directory": "workspace/team-c/c3-admin-generated-validation/9to1 Workspace/shared/src/Haven.Application/Data/",
        "RecursiveDir": "Data/",
        "ModifiedTime": "",
        "CreatedTime": "",
        "AccessedTime": "",
        "DefiningProjectFullPath": "/workspace/.tools/dotnet/sdk/10.0.401/Sdks/Microsoft.NET.Sdk/targets/Microsoft.NET.Sdk.DefaultItems.props",
        "DefiningProjectDirectory": "/workspace/.tools/dotnet/sdk/10.0.401/Sdks/Microsoft.NET.Sdk/targets/",
        "DefiningProjectName": "Microsoft.NET.Sdk.DefaultItems",
        "DefiningProjectExtension": ".props"
      },
      {
        "Identity": "Data/DataJunctionTableUpdateIntent.cs",
        "FullPath": "/workspace/team-c/c3-admin-generated-validation/9to1 Workspace/shared/src/Haven.Application/Data/DataJunctionTableUpdateIntent.cs",
        "RootDir": "/",
        "Filename": "DataJunctionTableUpdateIntent",
        "Extension": ".cs",
        "RelativeDir": "Data/",
        "Directory": "workspace/team-c/c3-admin-generated-validation/9to1 Workspace/shared/src/Haven.Application/Data/",
        "RecursiveDir": "Data/",
        "ModifiedTime": "",
        "CreatedTime": "",
        "AccessedTime": "",
        "DefiningProjectFullPath": "/workspace/.tools/dotnet/sdk/10.0.401/Sdks/Microsoft.NET.Sdk/targets/Microsoft.NET.Sdk.DefaultItems.props",
        "DefiningProjectDirectory": "/workspace/.tools/dotnet/sdk/10.0.401/Sdks/Microsoft.NET.Sdk/targets/",
        "DefiningProjectName": "Microsoft.NET.Sdk.DefaultItems",
        "DefiningProjectExtension": ".props"
      },
      {
        "Identity": "Data/DataRecordCreateIntent.cs",
        "FullPath": "/workspace/team-c/c3-admin-generated-validation/9to1 Workspace/shared/src/Haven.Application/Data/DataRecordCreateIntent.cs",
        "RootDir": "/",
        "Filename": "DataRecordCreateIntent",
        "Extension": ".cs",
        "RelativeDir": "Data/",
        "Directory": "workspace/team-c/c3-admin-generated-validation/9to1 Workspace/shared/src/Haven.Application/Data/",
        "RecursiveDir": "Data/",
        "ModifiedTime": "",
        "CreatedTime": "",
        "AccessedTime": "",
        "DefiningProjectFullPath": "/workspace/.tools/dotnet/sdk/10.0.401/Sdks/Microsoft.NET.Sdk/targets/Microsoft.NET.Sdk.DefaultItems.props",
        "DefiningProjectDirectory": "/workspace/.tools/dotnet/sdk/10.0.401/Sdks/Microsoft.NET.Sdk/targets/",
        "DefiningProjectName": "Microsoft.NET.Sdk.DefaultItems",
        "DefiningProjectExtension": ".props"
      },
      {
        "Identity": "Data/DataRecordCreationDraft.cs",
        "FullPath": "/workspace/team-c/c3-admin-generated-validation/9to1 Workspace/shared/src/Haven.Application/Data/DataRecordCreationDraft.cs",
        "RootDir": "/",
        "Filename": "DataRecordCreationDraft",
        "Extension": ".cs",
        "RelativeDir": "Data/",
        "Directory": "workspace/team-c/c3-admin-generated-validation/9to1 Workspace/shared/src/Haven.Application/Data/",
        "RecursiveDir": "Data/",
        "ModifiedTime": "",
        "CreatedTime": "",
        "AccessedTime": "",
        "DefiningProjectFullPath": "/workspace/.tools/dotnet/sdk/10.0.401/Sdks/Microsoft.NET.Sdk/targets/Microsoft.NET.Sdk.DefaultItems.props",
        "DefiningProjectDirectory": "/workspace/.tools/dotnet/sdk/10.0.401/Sdks/Microsoft.NET.Sdk/targets/",
        "DefiningProjectName": "Microsoft.NET.Sdk.DefaultItems",
        "DefiningProjectExtension": ".props"
      },
      {
        "Identity": "Data/DataRecordCreationProjection.cs",
        "FullPath": "/workspace/team-c/c3-admin-generated-validation/9to1 Workspace/shared/src/Haven.Application/Data/DataRecordCreationProjection.cs",
        "RootDir": "/",
        "Filename": "DataRecordCreationProjection",
        "Extension": ".cs",
        "RelativeDir": "Data/",
        "Directory": "workspace/team-c/c3-admin-generated-validation/9to1 Workspace/shared/src/Haven.Application/Data/",
        "RecursiveDir": "Data/",
        "ModifiedTime": "",
        "CreatedTime": "",
        "AccessedTime": "",
        "DefiningProjectFullPath": "/workspace/.tools/dotnet/sdk/10.0.401/Sdks/Microsoft.NET.Sdk/targets/Microsoft.NET.Sdk.DefaultItems.props",
        "DefiningProjectDirectory": "/workspace/.tools/dotnet/sdk/10.0.401/Sdks/Microsoft.NET.Sdk/targets/",
        "DefiningProjectName": "Microsoft.NET.Sdk.DefaultItems",
        "DefiningProjectExtension": ".props"
      },
      {
        "Identity": "Data/DataRecordUpdateIntent.cs",
        "FullPath": "/workspace/team-c/c3-admin-generated-validation/9to1 Workspace/shared/src/Haven.Application/Data/DataRecordUpdateIntent.cs",
        "RootDir": "/",
        "Filename": "DataRecordUpdateIntent",
        "Extension": ".cs",
        "RelativeDir": "Data/",
        "Directory": "workspace/team-c/c3-admin-generated-validation/9to1 Workspace/shared/src/Haven.Application/Data/",
        "RecursiveDir": "Data/",
        "ModifiedTime": "",
        "CreatedTime": "",
        "AccessedTime": "",
        "DefiningProjectFullPath": "/workspace/.tools/dotnet/sdk/10.0.401/Sdks/Microsoft.NET.Sdk/targets/Microsoft.NET.Sdk.DefaultItems.props",
        "DefiningProjectDirectory": "/workspace/.tools/dotnet/sdk/10.0.401/Sdks/Microsoft.NET.Sdk/targets/",
        "DefiningProjectName": "Microsoft.NET.Sdk.DefaultItems",
        "DefiningProjectExtension": ".props"
      },
      {
        "Identity": "Data/DataRecordUpdateSnapshot.cs",
        "FullPath": "/workspace/team-c/c3-admin-generated-validation/9to1 Workspace/shared/src/Haven.Application/Data/DataRecordUpdateSnapshot.cs",
        "RootDir": "/",
        "Filename": "DataRecordUpdateSnapshot",
        "Extension": ".cs",
        "RelativeDir": "Data/",
        "Directory": "workspace/team-c/c3-admin-generated-validation/9to1 Workspace/shared/src/Haven.Application/Data/",
        "RecursiveDir": "Data/",
        "ModifiedTime": "",
        "CreatedTime": "",
        "AccessedTime": "",
        "DefiningProjectFullPath": "/workspace/.tools/dotnet/sdk/10.0.401/Sdks/Microsoft.NET.Sdk/targets/Microsoft.NET.Sdk.DefaultItems.props",
        "DefiningProjectDirectory": "/workspace/.tools/dotnet/sdk/10.0.401/Sdks/Microsoft.NET.Sdk/targets/",
        "DefiningProjectName": "Microsoft.NET.Sdk.DefaultItems",
        "DefiningProjectExtension": ".props"
      },
      {
        "Identity": "Data/DataRelationshipGraphProjection.cs",
        "FullPath": "/workspace/team-c/c3-admin-generated-validation/9to1 Workspace/shared/src/Haven.Application/Data/DataRelationshipGraphProjection.cs",
        "RootDir": "/",
        "Filename": "DataRelationshipGraphProjection",
        "Extension": ".cs",
        "RelativeDir": "Data/",
        "Directory": "workspace/team-c/c3-admin-generated-validation/9to1 Workspace/shared/src/Haven.Application/Data/",
        "RecursiveDir": "Data/",
        "ModifiedTime": "",
        "CreatedTime": "",
        "AccessedTime": "",
        "DefiningProjectFullPath": "/workspace/.tools/dotnet/sdk/10.0.401/Sdks/Microsoft.NET.Sdk/targets/Microsoft.NET.Sdk.DefaultItems.props",
        "DefiningProjectDirectory": "/workspace/.tools/dotnet/sdk/10.0.401/Sdks/Microsoft.NET.Sdk/targets/",
        "DefiningProjectName": "Microsoft.NET.Sdk.DefaultItems",
        "DefiningProjectExtension": ".props"
      },
      {
        "Identity": "Data/DataRelationshipUpdateIntent.cs",
        "FullPath": "/workspace/team-c/c3-admin-generated-validation/9to1 Workspace/shared/src/Haven.Application/Data/DataRelationshipUpdateIntent.cs",
        "RootDir": "/",
        "Filename": "DataRelationshipUpdateIntent",
        "Extension": ".cs",
        "RelativeDir": "Data/",
        "Directory": "workspace/team-c/c3-admin-generated-validation/9to1 Workspace/shared/src/Haven.Application/Data/",
        "RecursiveDir": "Data/",
        "ModifiedTime": "",
        "CreatedTime": "",
        "AccessedTime": "",
        "DefiningProjectFullPath": "/workspace/.tools/dotnet/sdk/10.0.401/Sdks/Microsoft.NET.Sdk/targets/Microsoft.NET.Sdk.DefaultItems.props",
        "DefiningProjectDirectory": "/workspace/.tools/dotnet/sdk/10.0.401/Sdks/Microsoft.NET.Sdk/targets/",
        "DefiningProjectName": "Microsoft.NET.Sdk.DefaultItems",
        "DefiningProjectExtension": ".props"
      },
      {
        "Identity": "Data/DataSheetDrawingEditor.cs",
        "FullPath": "/workspace/team-c/c3-admin-generated-validation/9to1 Workspace/shared/src/Haven.Application/Data/DataSheetDrawingEditor.cs",
        "RootDir": "/",
        "Filename": "DataSheetDrawingEditor",
        "Extension": ".cs",
        "RelativeDir": "Data/",
        "Directory": "workspace/team-c/c3-admin-generated-validation/9to1 Workspace/shared/src/Haven.Application/Data/",
        "RecursiveDir": "Data/",
        "ModifiedTime": "",
        "CreatedTime": "",
        "AccessedTime": "",
        "DefiningProjectFullPath": "/workspace/.tools/dotnet/sdk/10.0.401/Sdks/Microsoft.NET.Sdk/targets/Microsoft.NET.Sdk.DefaultItems.props",
        "DefiningProjectDirectory": "/workspace/.tools/dotnet/sdk/10.0.401/Sdks/Microsoft.NET.Sdk/targets/",
        "DefiningProjectName": "Microsoft.NET.Sdk.DefaultItems",
        "DefiningProjectExtension": ".props"
      },
      {
        "Identity": "Data/DataTableSchemaUpdateIntent.cs",
        "FullPath": "/workspace/team-c/c3-admin-generated-validation/9to1 Workspace/shared/src/Haven.Application/Data/DataTableSchemaUpdateIntent.cs",
        "RootDir": "/",
        "Filename": "DataTableSchemaUpdateIntent",
        "Extension": ".cs",
        "RelativeDir": "Data/",
        "Directory": "workspace/team-c/c3-admin-generated-validation/9to1 Workspace/shared/src/Haven.Application/Data/",
        "RecursiveDir": "Data/",
        "ModifiedTime": "",
        "CreatedTime": "",
        "AccessedTime": "",
        "DefiningProjectFullPath": "/workspace/.tools/dotnet/sdk/10.0.401/Sdks/Microsoft.NET.Sdk/targets/Microsoft.NET.Sdk.DefaultItems.props",
        "DefiningProjectDirectory": "/workspace/.tools/dotnet/sdk/10.0.401/Sdks/Microsoft.NET.Sdk/targets/",
        "DefiningProjectName": "Microsoft.NET.Sdk.DefaultItems",
        "DefiningProjectExtension": ".props"
      },
      {
        "Identity": "Data/DataWorkbookCommitAdmission.cs",
        "FullPath": "/workspace/team-c/c3-admin-generated-validation/9to1 Workspace/shared/src/Haven.Application/Data/DataWorkbookCommitAdmission.cs",
        "RootDir": "/",
        "Filename": "DataWorkbookCommitAdmission",
        "Extension": ".cs",
        "RelativeDir": "Data/",
        "Directory": "workspace/team-c/c3-admin-generated-validation/9to1 Workspace/shared/src/Haven.Application/Data/",
        "RecursiveDir": "Data/",
        "ModifiedTime": "",
        "CreatedTime": "",
        "AccessedTime": "",
        "DefiningProjectFullPath": "/workspace/.tools/dotnet/sdk/10.0.401/Sdks/Microsoft.NET.Sdk/targets/Microsoft.NET.Sdk.DefaultItems.props",
        "DefiningProjectDirectory": "/workspace/.tools/dotnet/sdk/10.0.401/Sdks/Microsoft.NET.Sdk/targets/",
        "DefiningProjectName": "Microsoft.NET.Sdk.DefaultItems",
        "DefiningProjectExtension": ".props"
      },
      {
        "Identity": "Data/IDataJunctionTableDesigner.cs",
        "FullPath": "/workspace/team-c/c3-admin-generated-validation/9to1 Workspace/shared/src/Haven.Application/Data/IDataJunctionTableDesigner.cs",
        "RootDir": "/",
        "Filename": "IDataJunctionTableDesigner",
        "Extension": ".cs",
        "RelativeDir": "Data/",
        "Directory": "workspace/team-c/c3-admin-generated-validation/9to1 Workspace/shared/src/Haven.Application/Data/",
        "RecursiveDir": "Data/",
        "ModifiedTime": "",
        "CreatedTime": "",
        "AccessedTime": "",
        "DefiningProjectFullPath": "/workspace/.tools/dotnet/sdk/10.0.401/Sdks/Microsoft.NET.Sdk/targets/Microsoft.NET.Sdk.DefaultItems.props",
        "DefiningProjectDirectory": "/workspace/.tools/dotnet/sdk/10.0.401/Sdks/Microsoft.NET.Sdk/targets/",
        "DefiningProjectName": "Microsoft.NET.Sdk.DefaultItems",
        "DefiningProjectExtension": ".props"
      },
      {
        "Identity": "Data/IDataRecordCreator.cs",
        "FullPath": "/workspace/team-c/c3-admin-generated-validation/9to1 Workspace/shared/src/Haven.Application/Data/IDataRecordCreator.cs",
        "RootDir": "/",
        "Filename": "IDataRecordCreator",
        "Extension": ".cs",
        "RelativeDir": "Data/",
        "Directory": "workspace/team-c/c3-admin-generated-validation/9to1 Workspace/shared/src/Haven.Application/Data/",
        "RecursiveDir": "Data/",
        "ModifiedTime": "",
        "CreatedTime": "",
        "AccessedTime": "",
        "DefiningProjectFullPath": "/workspace/.tools/dotnet/sdk/10.0.401/Sdks/Microsoft.NET.Sdk/targets/Microsoft.NET.Sdk.DefaultItems.props",
        "DefiningProjectDirectory": "/workspace/.tools/dotnet/sdk/10.0.401/Sdks/Microsoft.NET.Sdk/targets/",
        "DefiningProjectName": "Microsoft.NET.Sdk.DefaultItems",
        "DefiningProjectExtension": ".props"
      },
      {
        "Identity": "Data/IDataRecordMutationOriginAuthority.cs",
        "FullPath": "/workspace/team-c/c3-admin-generated-validation/9to1 Workspace/shared/src/Haven.Application/Data/IDataRecordMutationOriginAuthority.cs",
        "RootDir": "/",
        "Filename": "IDataRecordMutationOriginAuthority",
        "Extension": ".cs",
        "RelativeDir": "Data/",
        "Directory": "workspace/team-c/c3-admin-generated-validation/9to1 Workspace/shared/src/Haven.Application/Data/",
        "RecursiveDir": "Data/",
        "ModifiedTime": "",
        "CreatedTime": "",
        "AccessedTime": "",
        "DefiningProjectFullPath": "/workspace/.tools/dotnet/sdk/10.0.401/Sdks/Microsoft.NET.Sdk/targets/Microsoft.NET.Sdk.DefaultItems.props",
        "DefiningProjectDirectory": "/workspace/.tools/dotnet/sdk/10.0.401/Sdks/Microsoft.NET.Sdk/targets/",
        "DefiningProjectName": "Microsoft.NET.Sdk.DefaultItems",
        "DefiningProjectExtension": ".props"
      },
      {
        "Identity": "Data/IDataRecordMutationReceiptSource.cs",
        "FullPath": "/workspace/team-c/c3-admin-generated-validation/9to1 Workspace/shared/src/Haven.Application/Data/IDataRecordMutationReceiptSource.cs",
        "RootDir": "/",
        "Filename": "IDataRecordMutationReceiptSource",
        "Extension": ".cs",
        "RelativeDir": "Data/",
        "Directory": "workspace/team-c/c3-admin-generated-validation/9to1 Workspace/shared/src/Haven.Application/Data/",
        "RecursiveDir": "Data/",
        "ModifiedTime": "",
        "CreatedTime": "",
        "AccessedTime": "",
        "DefiningProjectFullPath": "/workspace/.tools/dotnet/sdk/10.0.401/Sdks/Microsoft.NET.Sdk/targets/Microsoft.NET.Sdk.DefaultItems.props",
        "DefiningProjectDirectory": "/workspace/.tools/dotnet/sdk/10.0.401/Sdks/Microsoft.NET.Sdk/targets/",
        "DefiningProjectName": "Microsoft.NET.Sdk.DefaultItems",
        "DefiningProjectExtension": ".props"
      },
      {
        "Identity": "Data/IDataRelationshipDesigner.cs",
        "FullPath": "/workspace/team-c/c3-admin-generated-validation/9to1 Workspace/shared/src/Haven.Application/Data/IDataRelationshipDesigner.cs",
        "RootDir": "/",
        "Filename": "IDataRelationshipDesigner",
        "Extension": ".cs",
        "RelativeDir": "Data/",
        "Directory": "workspace/team-c/c3-admin-generated-validation/9to1 Workspace/shared/src/Haven.Application/Data/",
        "RecursiveDir": "Data/",
        "ModifiedTime": "",
        "CreatedTime": "",
        "AccessedTime": "",
        "DefiningProjectFullPath": "/workspace/.tools/dotnet/sdk/10.0.401/Sdks/Microsoft.NET.Sdk/targets/Microsoft.NET.Sdk.DefaultItems.props",
        "DefiningProjectDirectory": "/workspace/.tools/dotnet/sdk/10.0.401/Sdks/Microsoft.NET.Sdk/targets/",
        "DefiningProjectName": "Microsoft.NET.Sdk.DefaultItems",
        "DefiningProjectExtension": ".props"
      },
      {
        "Identity": "Data/IDataTableSchemaDesigner.cs",
        "FullPath": "/workspace/team-c/c3-admin-generated-validation/9to1 Workspace/shared/src/Haven.Application/Data/IDataTableSchemaDesigner.cs",
        "RootDir": "/",
        "Filename": "IDataTableSchemaDesigner",
        "Extension": ".cs",
        "RelativeDir": "Data/",
        "Directory": "workspace/team-c/c3-admin-generated-validation/9to1 Workspace/shared/src/Haven.Application/Data/",
        "RecursiveDir": "Data/",
        "ModifiedTime": "",
        "CreatedTime": "",
        "AccessedTime": "",
        "DefiningProjectFullPath": "/workspace/.tools/dotnet/sdk/10.0.401/Sdks/Microsoft.NET.Sdk/targets/Microsoft.NET.Sdk.DefaultItems.props",
        "DefiningProjectDirectory": "/workspace/.tools/dotnet/sdk/10.0.401/Sdks/Microsoft.NET.Sdk/targets/",
        "DefiningProjectName": "Microsoft.NET.Sdk.DefaultItems",
        "DefiningProjectExtension": ".props"
      },
      {
        "Identity": "DataAbstractions.cs",
        "FullPath": "/workspace/team-c/c3-admin-generated-validation/9to1 Workspace/shared/src/Haven.Application/DataAbstractions.cs",
        "RootDir": "/",
        "Filename": "DataAbstractions",
        "Extension": ".cs",
        "RelativeDir": "",
        "Directory": "workspace/team-c/c3-admin-generated-validation/9to1 Workspace/shared/src/Haven.Application/",
        "RecursiveDir": "",
        "ModifiedTime": "",
        "CreatedTime": "",
        "AccessedTime": "",
        "DefiningProjectFullPath": "/workspace/.tools/dotnet/sdk/10.0.401/Sdks/Microsoft.NET.Sdk/targets/Microsoft.NET.Sdk.DefaultItems.props",
        "DefiningProjectDirectory": "/workspace/.tools/dotnet/sdk/10.0.401/Sdks/Microsoft.NET.Sdk/targets/",
        "DefiningProjectName": "Microsoft.NET.Sdk.DefaultItems",
        "DefiningProjectExtension": ".props"
      },
      {
        "Identity": "Documents/DocumentShapeGallery.cs",
        "FullPath": "/workspace/team-c/c3-admin-generated-validation/9to1 Workspace/shared/src/Haven.Application/Documents/DocumentShapeGallery.cs",
        "RootDir": "/",
        "Filename": "DocumentShapeGallery",
        "Extension": ".cs",
        "RelativeDir": "Documents/",
        "Directory": "workspace/team-c/c3-admin-generated-validation/9to1 Workspace/shared/src/Haven.Application/Documents/",
        "RecursiveDir": "Documents/",
        "ModifiedTime": "",
        "CreatedTime": "",
        "AccessedTime": "",
        "DefiningProjectFullPath": "/workspace/.tools/dotnet/sdk/10.0.401/Sdks/Microsoft.NET.Sdk/targets/Microsoft.NET.Sdk.DefaultItems.props",
        "DefiningProjectDirectory": "/workspace/.tools/dotnet/sdk/10.0.401/Sdks/Microsoft.NET.Sdk/targets/",
        "DefiningProjectName": "Microsoft.NET.Sdk.DefaultItems",
        "DefiningProjectExtension": ".props"
      },
      {
        "Identity": "Documents/DocumentVectorShapeServices.cs",
        "FullPath": "/workspace/team-c/c3-admin-generated-validation/9to1 Workspace/shared/src/Haven.Application/Documents/DocumentVectorShapeServices.cs",
        "RootDir": "/",
        "Filename": "DocumentVectorShapeServices",
        "Extension": ".cs",
        "RelativeDir": "Documents/",
        "Directory": "workspace/team-c/c3-admin-generated-validation/9to1 Workspace/shared/src/Haven.Application/Documents/",
        "RecursiveDir": "Documents/",
        "ModifiedTime": "",
        "CreatedTime": "",
        "AccessedTime": "",
        "DefiningProjectFullPath": "/workspace/.tools/dotnet/sdk/10.0.401/Sdks/Microsoft.NET.Sdk/targets/Microsoft.NET.Sdk.DefaultItems.props",
        "DefiningProjectDirectory": "/workspace/.tools/dotnet/sdk/10.0.401/Sdks/Microsoft.NET.Sdk/targets/",
        "DefiningProjectName": "Microsoft.NET.Sdk.DefaultItems",
        "DefiningProjectExtension": ".props"
      },
      {
        "Identity": "DualModel/DualModelService.cs",
        "FullPath": "/workspace/team-c/c3-admin-generated-validation/9to1 Workspace/shared/src/Haven.Application/DualModel/DualModelService.cs",
        "RootDir": "/",
        "Filename": "DualModelService",
        "Extension": ".cs",
        "RelativeDir": "DualModel/",
        "Directory": "workspace/team-c/c3-admin-generated-validation/9to1 Workspace/shared/src/Haven.Application/DualModel/",
        "RecursiveDir": "DualModel/",
        "ModifiedTime": "",
        "CreatedTime": "",
        "AccessedTime": "",
        "DefiningProjectFullPath": "/workspace/.tools/dotnet/sdk/10.0.401/Sdks/Microsoft.NET.Sdk/targets/Microsoft.NET.Sdk.DefaultItems.props",
        "DefiningProjectDirectory": "/workspace/.tools/dotnet/sdk/10.0.401/Sdks/Microsoft.NET.Sdk/targets/",
        "DefiningProjectName": "Microsoft.NET.Sdk.DefaultItems",
        "DefiningProjectExtension": ".props"
      },
      {
        "Identity": "Evaluation/JudgeService.cs",
        "FullPath": "/workspace/team-c/c3-admin-generated-validation/9to1 Workspace/shared/src/Haven.Application/Evaluation/JudgeService.cs",
        "RootDir": "/",
        "Filename": "JudgeService",
        "Extension": ".cs",
        "RelativeDir": "Evaluation/",
        "Directory": "workspace/team-c/c3-admin-generated-validation/9to1 Workspace/shared/src/Haven.Application/Evaluation/",
        "RecursiveDir": "Evaluation/",
        "ModifiedTime": "",
        "CreatedTime": "",
        "AccessedTime": "",
        "DefiningProjectFullPath": "/workspace/.tools/dotnet/sdk/10.0.401/Sdks/Microsoft.NET.Sdk/targets/Microsoft.NET.Sdk.DefaultItems.props",
        "DefiningProjectDirectory": "/workspace/.tools/dotnet/sdk/10.0.401/Sdks/Microsoft.NET.Sdk/targets/",
        "DefiningProjectName": "Microsoft.NET.Sdk.DefaultItems",
        "DefiningProjectExtension": ".props"
      },
      {
        "Identity": "Execution/AutonomousRecoveryService.cs",
        "FullPath": "/workspace/team-c/c3-admin-generated-validation/9to1 Workspace/shared/src/Haven.Application/Execution/AutonomousRecoveryService.cs",
        "RootDir": "/",
        "Filename": "AutonomousRecoveryService",
        "Extension": ".cs",
        "RelativeDir": "Execution/",
        "Directory": "workspace/team-c/c3-admin-generated-validation/9to1 Workspace/shared/src/Haven.Application/Execution/",
        "RecursiveDir": "Execution/",
        "ModifiedTime": "",
        "CreatedTime": "",
        "AccessedTime": "",
        "DefiningProjectFullPath": "/workspace/.tools/dotnet/sdk/10.0.401/Sdks/Microsoft.NET.Sdk/targets/Microsoft.NET.Sdk.DefaultItems.props",
        "DefiningProjectDirectory": "/workspace/.tools/dotnet/sdk/10.0.401/Sdks/Microsoft.NET.Sdk/targets/",
        "DefiningProjectName": "Microsoft.NET.Sdk.DefaultItems",
        "DefiningProjectExtension": ".props"
      },
      {
        "Identity": "Execution/ExecutionAbstractions.cs",
        "FullPath": "/workspace/team-c/c3-admin-generated-validation/9to1 Workspace/shared/src/Haven.Application/Execution/ExecutionAbstractions.cs",
        "RootDir": "/",
        "Filename": "ExecutionAbstractions",
        "Extension": ".cs",
        "RelativeDir": "Execution/",
        "Directory": "workspace/team-c/c3-admin-generated-validation/9to1 Workspace/shared/src/Haven.Application/Execution/",
        "RecursiveDir": "Execution/",
        "ModifiedTime": "",
        "CreatedTime": "",
        "AccessedTime": "",
        "DefiningProjectFullPath": "/workspace/.tools/dotnet/sdk/10.0.401/Sdks/Microsoft.NET.Sdk/targets/Microsoft.NET.Sdk.DefaultItems.props",
        "DefiningProjectDirectory": "/workspace/.tools/dotnet/sdk/10.0.401/Sdks/Microsoft.NET.Sdk/targets/",
        "DefiningProjectName": "Microsoft.NET.Sdk.DefaultItems",
        "DefiningProjectExtension": ".props"
      },
      {
        "Identity": "Execution/ExecutionEventHub.cs",
        "FullPath": "/workspace/team-c/c3-admin-generated-validation/9to1 Workspace/shared/src/Haven.Application/Execution/ExecutionEventHub.cs",
        "RootDir": "/",
        "Filename": "ExecutionEventHub",
        "Extension": ".cs",
        "RelativeDir": "Execution/",
        "Directory": "workspace/team-c/c3-admin-generated-validation/9to1 Workspace/shared/src/Haven.Application/Execution/",
        "RecursiveDir": "Execution/",
        "ModifiedTime": "",
        "CreatedTime": "",
        "AccessedTime": "",
        "DefiningProjectFullPath": "/workspace/.tools/dotnet/sdk/10.0.401/Sdks/Microsoft.NET.Sdk/targets/Microsoft.NET.Sdk.DefaultItems.props",
        "DefiningProjectDirectory": "/workspace/.tools/dotnet/sdk/10.0.401/Sdks/Microsoft.NET.Sdk/targets/",
        "DefiningProjectName": "Microsoft.NET.Sdk.DefaultItems",
        "DefiningProjectExtension": ".props"
      },
      {
        "Identity": "Execution/RemediationContinuationRegistry.cs",
        "FullPath": "/workspace/team-c/c3-admin-generated-validation/9to1 Workspace/shared/src/Haven.Application/Execution/RemediationContinuationRegistry.cs",
        "RootDir": "/",
        "Filename": "RemediationContinuationRegistry",
        "Extension": ".cs",
        "RelativeDir": "Execution/",
        "Directory": "workspace/team-c/c3-admin-generated-validation/9to1 Workspace/shared/src/Haven.Application/Execution/",
        "RecursiveDir": "Execution/",
        "ModifiedTime": "",
        "CreatedTime": "",
        "AccessedTime": "",
        "DefiningProjectFullPath": "/workspace/.tools/dotnet/sdk/10.0.401/Sdks/Microsoft.NET.Sdk/targets/Microsoft.NET.Sdk.DefaultItems.props",
        "DefiningProjectDirectory": "/workspace/.tools/dotnet/sdk/10.0.401/Sdks/Microsoft.NET.Sdk/targets/",
        "DefiningProjectName": "Microsoft.NET.Sdk.DefaultItems",
        "DefiningProjectExtension": ".props"
      },
      {
        "Identity": "Execution/RemediationCoordinator.cs",
        "FullPath": "/workspace/team-c/c3-admin-generated-validation/9to1 Workspace/shared/src/Haven.Application/Execution/RemediationCoordinator.cs",
        "RootDir": "/",
        "Filename": "RemediationCoordinator",
        "Extension": ".cs",
        "RelativeDir": "Execution/",
        "Directory": "workspace/team-c/c3-admin-generated-validation/9to1 Workspace/shared/src/Haven.Application/Execution/",
        "RecursiveDir": "Execution/",
        "ModifiedTime": "",
        "CreatedTime": "",
        "AccessedTime": "",
        "DefiningProjectFullPath": "/workspace/.tools/dotnet/sdk/10.0.401/Sdks/Microsoft.NET.Sdk/targets/Microsoft.NET.Sdk.DefaultItems.props",
        "DefiningProjectDirectory": "/workspace/.tools/dotnet/sdk/10.0.401/Sdks/Microsoft.NET.Sdk/targets/",
        "DefiningProjectName": "Microsoft.NET.Sdk.DefaultItems",
        "DefiningProjectExtension": ".props"
      },
      {
        "Identity": "Execution/TaskExecutionCoordinator.cs",
        "FullPath": "/workspace/team-c/c3-admin-generated-validation/9to1 Workspace/shared/src/Haven.Application/Execution/TaskExecutionCoordinator.cs",
        "RootDir": "/",
        "Filename": "TaskExecutionCoordinator",
        "Extension": ".cs",
        "RelativeDir": "Execution/",
        "Directory": "workspace/team-c/c3-admin-generated-validation/9to1 Workspace/shared/src/Haven.Application/Execution/",
        "RecursiveDir": "Execution/",
        "ModifiedTime": "",
        "CreatedTime": "",
        "AccessedTime": "",
        "DefiningProjectFullPath": "/workspace/.tools/dotnet/sdk/10.0.401/Sdks/Microsoft.NET.Sdk/targets/Microsoft.NET.Sdk.DefaultItems.props",
        "DefiningProjectDirectory": "/workspace/.tools/dotnet/sdk/10.0.401/Sdks/Microsoft.NET.Sdk/targets/",
        "DefiningProjectName": "Microsoft.NET.Sdk.DefaultItems",
        "DefiningProjectExtension": ".props"
      },
      {
        "Identity": "Extensions/ExtensionDependencyResolver.cs",
        "FullPath": "/workspace/team-c/c3-admin-generated-validation/9to1 Workspace/shared/src/Haven.Application/Extensions/ExtensionDependencyResolver.cs",
        "RootDir": "/",
        "Filename": "ExtensionDependencyResolver",
        "Extension": ".cs",
        "RelativeDir": "Extensions/",
        "Directory": "workspace/team-c/c3-admin-generated-validation/9to1 Workspace/shared/src/Haven.Application/Extensions/",
        "RecursiveDir": "Extensions/",
        "ModifiedTime": "",
        "CreatedTime": "",
        "AccessedTime": "",
        "DefiningProjectFullPath": "/workspace/.tools/dotnet/sdk/10.0.401/Sdks/Microsoft.NET.Sdk/targets/Microsoft.NET.Sdk.DefaultItems.props",
        "DefiningProjectDirectory": "/workspace/.tools/dotnet/sdk/10.0.401/Sdks/Microsoft.NET.Sdk/targets/",
        "DefiningProjectName": "Microsoft.NET.Sdk.DefaultItems",
        "DefiningProjectExtension": ".props"
      },
      {
        "Identity": "Extensions/ExtensionJsonSchemaValidator.cs",
        "FullPath": "/workspace/team-c/c3-admin-generated-validation/9to1 Workspace/shared/src/Haven.Application/Extensions/ExtensionJsonSchemaValidator.cs",
        "RootDir": "/",
        "Filename": "ExtensionJsonSchemaValidator",
        "Extension": ".cs",
        "RelativeDir": "Extensions/",
        "Directory": "workspace/team-c/c3-admin-generated-validation/9to1 Workspace/shared/src/Haven.Application/Extensions/",
        "RecursiveDir": "Extensions/",
        "ModifiedTime": "",
        "CreatedTime": "",
        "AccessedTime": "",
        "DefiningProjectFullPath": "/workspace/.tools/dotnet/sdk/10.0.401/Sdks/Microsoft.NET.Sdk/targets/Microsoft.NET.Sdk.DefaultItems.props",
        "DefiningProjectDirectory": "/workspace/.tools/dotnet/sdk/10.0.401/Sdks/Microsoft.NET.Sdk/targets/",
        "DefiningProjectName": "Microsoft.NET.Sdk.DefaultItems",
        "DefiningProjectExtension": ".props"
      },
      {
        "Identity": "Extensions/ExtensionManager.cs",
        "FullPath": "/workspace/team-c/c3-admin-generated-validation/9to1 Workspace/shared/src/Haven.Application/Extensions/ExtensionManager.cs",
        "RootDir": "/",
        "Filename": "ExtensionManager",
        "Extension": ".cs",
        "RelativeDir": "Extensions/",
        "Directory": "workspace/team-c/c3-admin-generated-validation/9to1 Workspace/shared/src/Haven.Application/Extensions/",
        "RecursiveDir": "Extensions/",
        "ModifiedTime": "",
        "CreatedTime": "",
        "AccessedTime": "",
        "DefiningProjectFullPath": "/workspace/.tools/dotnet/sdk/10.0.401/Sdks/Microsoft.NET.Sdk/targets/Microsoft.NET.Sdk.DefaultItems.props",
        "DefiningProjectDirectory": "/workspace/.tools/dotnet/sdk/10.0.401/Sdks/Microsoft.NET.Sdk/targets/",
        "DefiningProjectName": "Microsoft.NET.Sdk.DefaultItems",
        "DefiningProjectExtension": ".props"
      },
      {
        "Identity": "Extensions/ExtensionManifestValidator.cs",
        "FullPath": "/workspace/team-c/c3-admin-generated-validation/9to1 Workspace/shared/src/Haven.Application/Extensions/ExtensionManifestValidator.cs",
        "RootDir": "/",
        "Filename": "ExtensionManifestValidator",
        "Extension": ".cs",
        "RelativeDir": "Extensions/",
        "Directory": "workspace/team-c/c3-admin-generated-validation/9to1 Workspace/shared/src/Haven.Application/Extensions/",
        "RecursiveDir": "Extensions/",
        "ModifiedTime": "",
        "CreatedTime": "",
        "AccessedTime": "",
        "DefiningProjectFullPath": "/workspace/.tools/dotnet/sdk/10.0.401/Sdks/Microsoft.NET.Sdk/targets/Microsoft.NET.Sdk.DefaultItems.props",
        "DefiningProjectDirectory": "/workspace/.tools/dotnet/sdk/10.0.401/Sdks/Microsoft.NET.Sdk/targets/",
        "DefiningProjectName": "Microsoft.NET.Sdk.DefaultItems",
        "DefiningProjectExtension": ".props"
      },
      {
        "Identity": "Extensions/ExtensionPackageIntegrity.cs",
        "FullPath": "/workspace/team-c/c3-admin-generated-validation/9to1 Workspace/shared/src/Haven.Application/Extensions/ExtensionPackageIntegrity.cs",
        "RootDir": "/",
        "Filename": "ExtensionPackageIntegrity",
        "Extension": ".cs",
        "RelativeDir": "Extensions/",
        "Directory": "workspace/team-c/c3-admin-generated-validation/9to1 Workspace/shared/src/Haven.Application/Extensions/",
        "RecursiveDir": "Extensions/",
        "ModifiedTime": "",
        "CreatedTime": "",
        "AccessedTime": "",
        "DefiningProjectFullPath": "/workspace/.tools/dotnet/sdk/10.0.401/Sdks/Microsoft.NET.Sdk/targets/Microsoft.NET.Sdk.DefaultItems.props",
        "DefiningProjectDirectory": "/workspace/.tools/dotnet/sdk/10.0.401/Sdks/Microsoft.NET.Sdk/targets/",
        "DefiningProjectName": "Microsoft.NET.Sdk.DefaultItems",
        "DefiningProjectExtension": ".props"
      },
      {
        "Identity": "Extensions/NativePluginRuntime.cs",
        "FullPath": "/workspace/team-c/c3-admin-generated-validation/9to1 Workspace/shared/src/Haven.Application/Extensions/NativePluginRuntime.cs",
        "RootDir": "/",
        "Filename": "NativePluginRuntime",
        "Extension": ".cs",
        "RelativeDir": "Extensions/",
        "Directory": "workspace/team-c/c3-admin-generated-validation/9to1 Workspace/shared/src/Haven.Application/Extensions/",
        "RecursiveDir": "Extensions/",
        "ModifiedTime": "",
        "CreatedTime": "",
        "AccessedTime": "",
        "DefiningProjectFullPath": "/workspace/.tools/dotnet/sdk/10.0.401/Sdks/Microsoft.NET.Sdk/targets/Microsoft.NET.Sdk.DefaultItems.props",
        "DefiningProjectDirectory": "/workspace/.tools/dotnet/sdk/10.0.401/Sdks/Microsoft.NET.Sdk/targets/",
        "DefiningProjectName": "Microsoft.NET.Sdk.DefaultItems",
        "DefiningProjectExtension": ".props"
      },
      {
        "Identity": "Extensions/PluginToolRuntime.cs",
        "FullPath": "/workspace/team-c/c3-admin-generated-validation/9to1 Workspace/shared/src/Haven.Application/Extensions/PluginToolRuntime.cs",
        "RootDir": "/",
        "Filename": "PluginToolRuntime",
        "Extension": ".cs",
        "RelativeDir": "Extensions/",
        "Directory": "workspace/team-c/c3-admin-generated-validation/9to1 Workspace/shared/src/Haven.Application/Extensions/",
        "RecursiveDir": "Extensions/",
        "ModifiedTime": "",
        "CreatedTime": "",
        "AccessedTime": "",
        "DefiningProjectFullPath": "/workspace/.tools/dotnet/sdk/10.0.401/Sdks/Microsoft.NET.Sdk/targets/Microsoft.NET.Sdk.DefaultItems.props",
        "DefiningProjectDirectory": "/workspace/.tools/dotnet/sdk/10.0.401/Sdks/Microsoft.NET.Sdk/targets/",
        "DefiningProjectName": "Microsoft.NET.Sdk.DefaultItems",
        "DefiningProjectExtension": ".props"
      },
      {
        "Identity": "ExternalConnections/CalendarConnectionToolRuntime.cs",
        "FullPath": "/workspace/team-c/c3-admin-generated-validation/9to1 Workspace/shared/src/Haven.Application/ExternalConnections/CalendarConnectionToolRuntime.cs",
        "RootDir": "/",
        "Filename": "CalendarConnectionToolRuntime",
        "Extension": ".cs",
        "RelativeDir": "ExternalConnections/",
        "Directory": "workspace/team-c/c3-admin-generated-validation/9to1 Workspace/shared/src/Haven.Application/ExternalConnections/",
        "RecursiveDir": "ExternalConnections/",
        "ModifiedTime": "",
        "CreatedTime": "",
        "AccessedTime": "",
        "DefiningProjectFullPath": "/workspace/.tools/dotnet/sdk/10.0.401/Sdks/Microsoft.NET.Sdk/targets/Microsoft.NET.Sdk.DefaultItems.props",
        "DefiningProjectDirectory": "/workspace/.tools/dotnet/sdk/10.0.401/Sdks/Microsoft.NET.Sdk/targets/",
        "DefiningProjectName": "Microsoft.NET.Sdk.DefaultItems",
        "DefiningProjectExtension": ".props"
      },
      {
        "Identity": "ExternalConnections/ConnectionCapabilityProvider.cs",
        "FullPath": "/workspace/team-c/c3-admin-generated-validation/9to1 Workspace/shared/src/Haven.Application/ExternalConnections/ConnectionCapabilityProvider.cs",
        "RootDir": "/",
        "Filename": "ConnectionCapabilityProvider",
        "Extension": ".cs",
        "RelativeDir": "ExternalConnections/",
        "Directory": "workspace/team-c/c3-admin-generated-validation/9to1 Workspace/shared/src/Haven.Application/ExternalConnections/",
        "RecursiveDir": "ExternalConnections/",
        "ModifiedTime": "",
        "CreatedTime": "",
        "AccessedTime": "",
        "DefiningProjectFullPath": "/workspace/.tools/dotnet/sdk/10.0.401/Sdks/Microsoft.NET.Sdk/targets/Microsoft.NET.Sdk.DefaultItems.props",
        "DefiningProjectDirectory": "/workspace/.tools/dotnet/sdk/10.0.401/Sdks/Microsoft.NET.Sdk/targets/",
        "DefiningProjectName": "Microsoft.NET.Sdk.DefaultItems",
        "DefiningProjectExtension": ".props"
      },
      {
        "Identity": "ExternalConnections/ExternalConnectionAbstractions.cs",
        "FullPath": "/workspace/team-c/c3-admin-generated-validation/9to1 Workspace/shared/src/Haven.Application/ExternalConnections/ExternalConnectionAbstractions.cs",
        "RootDir": "/",
        "Filename": "ExternalConnectionAbstractions",
        "Extension": ".cs",
        "RelativeDir": "ExternalConnections/",
        "Directory": "workspace/team-c/c3-admin-generated-validation/9to1 Workspace/shared/src/Haven.Application/ExternalConnections/",
        "RecursiveDir": "ExternalConnections/",
        "ModifiedTime": "",
        "CreatedTime": "",
        "AccessedTime": "",
        "DefiningProjectFullPath": "/workspace/.tools/dotnet/sdk/10.0.401/Sdks/Microsoft.NET.Sdk/targets/Microsoft.NET.Sdk.DefaultItems.props",
        "DefiningProjectDirectory": "/workspace/.tools/dotnet/sdk/10.0.401/Sdks/Microsoft.NET.Sdk/targets/",
        "DefiningProjectName": "Microsoft.NET.Sdk.DefaultItems",
        "DefiningProjectExtension": ".props"
      },
      {
        "Identity": "ExternalConnections/ExternalConnectionRegistryService.cs",
        "FullPath": "/workspace/team-c/c3-admin-generated-validation/9to1 Workspace/shared/src/Haven.Application/ExternalConnections/ExternalConnectionRegistryService.cs",
        "RootDir": "/",
        "Filename": "ExternalConnectionRegistryService",
        "Extension": ".cs",
        "RelativeDir": "ExternalConnections/",
        "Directory": "workspace/team-c/c3-admin-generated-validation/9to1 Workspace/shared/src/Haven.Application/ExternalConnections/",
        "RecursiveDir": "ExternalConnections/",
        "ModifiedTime": "",
        "CreatedTime": "",
        "AccessedTime": "",
        "DefiningProjectFullPath": "/workspace/.tools/dotnet/sdk/10.0.401/Sdks/Microsoft.NET.Sdk/targets/Microsoft.NET.Sdk.DefaultItems.props",
        "DefiningProjectDirectory": "/workspace/.tools/dotnet/sdk/10.0.401/Sdks/Microsoft.NET.Sdk/targets/",
        "DefiningProjectName": "Microsoft.NET.Sdk.DefaultItems",
        "DefiningProjectExtension": ".props"
      },
      {
        "Identity": "ExternalConnections/McpInvocationAuthorization.cs",
        "FullPath": "/workspace/team-c/c3-admin-generated-validation/9to1 Workspace/shared/src/Haven.Application/ExternalConnections/McpInvocationAuthorization.cs",
        "RootDir": "/",
        "Filename": "McpInvocationAuthorization",
        "Extension": ".cs",
        "RelativeDir": "ExternalConnections/",
        "Directory": "workspace/team-c/c3-admin-generated-validation/9to1 Workspace/shared/src/Haven.Application/ExternalConnections/",
        "RecursiveDir": "ExternalConnections/",
        "ModifiedTime": "",
        "CreatedTime": "",
        "AccessedTime": "",
        "DefiningProjectFullPath": "/workspace/.tools/dotnet/sdk/10.0.401/Sdks/Microsoft.NET.Sdk/targets/Microsoft.NET.Sdk.DefaultItems.props",
        "DefiningProjectDirectory": "/workspace/.tools/dotnet/sdk/10.0.401/Sdks/Microsoft.NET.Sdk/targets/",
        "DefiningProjectName": "Microsoft.NET.Sdk.DefaultItems",
        "DefiningProjectExtension": ".props"
      },
      {
        "Identity": "ExternalConnections/McpToolRuntime.cs",
        "FullPath": "/workspace/team-c/c3-admin-generated-validation/9to1 Workspace/shared/src/Haven.Application/ExternalConnections/McpToolRuntime.cs",
        "RootDir": "/",
        "Filename": "McpToolRuntime",
        "Extension": ".cs",
        "RelativeDir": "ExternalConnections/",
        "Directory": "workspace/team-c/c3-admin-generated-validation/9to1 Workspace/shared/src/Haven.Application/ExternalConnections/",
        "RecursiveDir": "ExternalConnections/",
        "ModifiedTime": "",
        "CreatedTime": "",
        "AccessedTime": "",
        "DefiningProjectFullPath": "/workspace/.tools/dotnet/sdk/10.0.401/Sdks/Microsoft.NET.Sdk/targets/Microsoft.NET.Sdk.DefaultItems.props",
        "DefiningProjectDirectory": "/workspace/.tools/dotnet/sdk/10.0.401/Sdks/Microsoft.NET.Sdk/targets/",
        "DefiningProjectName": "Microsoft.NET.Sdk.DefaultItems",
        "DefiningProjectExtension": ".props"
      },
      {
        "Identity": "ExternalConnections/WebMcpInvocationAuthorization.cs",
        "FullPath": "/workspace/team-c/c3-admin-generated-validation/9to1 Workspace/shared/src/Haven.Application/ExternalConnections/WebMcpInvocationAuthorization.cs",
        "RootDir": "/",
        "Filename": "WebMcpInvocationAuthorization",
        "Extension": ".cs",
        "RelativeDir": "ExternalConnections/",
        "Directory": "workspace/team-c/c3-admin-generated-validation/9to1 Workspace/shared/src/Haven.Application/ExternalConnections/",
        "RecursiveDir": "ExternalConnections/",
        "ModifiedTime": "",
        "CreatedTime": "",
        "AccessedTime": "",
        "DefiningProjectFullPath": "/workspace/.tools/dotnet/sdk/10.0.401/Sdks/Microsoft.NET.Sdk/targets/Microsoft.NET.Sdk.DefaultItems.props",
        "DefiningProjectDirectory": "/workspace/.tools/dotnet/sdk/10.0.401/Sdks/Microsoft.NET.Sdk/targets/",
        "DefiningProjectName": "Microsoft.NET.Sdk.DefaultItems",
        "DefiningProjectExtension": ".props"
      },
      {
        "Identity": "ExternalConnections/WebMcpOriginalActorApproval.cs",
        "FullPath": "/workspace/team-c/c3-admin-generated-validation/9to1 Workspace/shared/src/Haven.Application/ExternalConnections/WebMcpOriginalActorApproval.cs",
        "RootDir": "/",
        "Filename": "WebMcpOriginalActorApproval",
        "Extension": ".cs",
        "RelativeDir": "ExternalConnections/",
        "Directory": "workspace/team-c/c3-admin-generated-validation/9to1 Workspace/shared/src/Haven.Application/ExternalConnections/",
        "RecursiveDir": "ExternalConnections/",
        "ModifiedTime": "",
        "CreatedTime": "",
        "AccessedTime": "",
        "DefiningProjectFullPath": "/workspace/.tools/dotnet/sdk/10.0.401/Sdks/Microsoft.NET.Sdk/targets/Microsoft.NET.Sdk.DefaultItems.props",
        "DefiningProjectDirectory": "/workspace/.tools/dotnet/sdk/10.0.401/Sdks/Microsoft.NET.Sdk/targets/",
        "DefiningProjectName": "Microsoft.NET.Sdk.DefaultItems",
        "DefiningProjectExtension": ".props"
      },
      {
        "Identity": "Floating/FloatingActivityAbstractions.cs",
        "FullPath": "/workspace/team-c/c3-admin-generated-validation/9to1 Workspace/shared/src/Haven.Application/Floating/FloatingActivityAbstractions.cs",
        "RootDir": "/",
        "Filename": "FloatingActivityAbstractions",
        "Extension": ".cs",
        "RelativeDir": "Floating/",
        "Directory": "workspace/team-c/c3-admin-generated-validation/9to1 Workspace/shared/src/Haven.Application/Floating/",
        "RecursiveDir": "Floating/",
        "ModifiedTime": "",
        "CreatedTime": "",
        "AccessedTime": "",
        "DefiningProjectFullPath": "/workspace/.tools/dotnet/sdk/10.0.401/Sdks/Microsoft.NET.Sdk/targets/Microsoft.NET.Sdk.DefaultItems.props",
        "DefiningProjectDirectory": "/workspace/.tools/dotnet/sdk/10.0.401/Sdks/Microsoft.NET.Sdk/targets/",
        "DefiningProjectName": "Microsoft.NET.Sdk.DefaultItems",
        "DefiningProjectExtension": ".props"
      },
      {
        "Identity": "Forms/FormAuthoringService.cs",
        "FullPath": "/workspace/team-c/c3-admin-generated-validation/9to1 Workspace/shared/src/Haven.Application/Forms/FormAuthoringService.cs",
        "RootDir": "/",
        "Filename": "FormAuthoringService",
        "Extension": ".cs",
        "RelativeDir": "Forms/",
        "Directory": "workspace/team-c/c3-admin-generated-validation/9to1 Workspace/shared/src/Haven.Application/Forms/",
        "RecursiveDir": "Forms/",
        "ModifiedTime": "",
        "CreatedTime": "",
        "AccessedTime": "",
        "DefiningProjectFullPath": "/workspace/.tools/dotnet/sdk/10.0.401/Sdks/Microsoft.NET.Sdk/targets/Microsoft.NET.Sdk.DefaultItems.props",
        "DefiningProjectDirectory": "/workspace/.tools/dotnet/sdk/10.0.401/Sdks/Microsoft.NET.Sdk/targets/",
        "DefiningProjectName": "Microsoft.NET.Sdk.DefaultItems",
        "DefiningProjectExtension": ".props"
      },
      {
        "Identity": "Forms/FormDataRecordPreparationService.cs",
        "FullPath": "/workspace/team-c/c3-admin-generated-validation/9to1 Workspace/shared/src/Haven.Application/Forms/FormDataRecordPreparationService.cs",
        "RootDir": "/",
        "Filename": "FormDataRecordPreparationService",
        "Extension": ".cs",
        "RelativeDir": "Forms/",
        "Directory": "workspace/team-c/c3-admin-generated-validation/9to1 Workspace/shared/src/Haven.Application/Forms/",
        "RecursiveDir": "Forms/",
        "ModifiedTime": "",
        "CreatedTime": "",
        "AccessedTime": "",
        "DefiningProjectFullPath": "/workspace/.tools/dotnet/sdk/10.0.401/Sdks/Microsoft.NET.Sdk/targets/Microsoft.NET.Sdk.DefaultItems.props",
        "DefiningProjectDirectory": "/workspace/.tools/dotnet/sdk/10.0.401/Sdks/Microsoft.NET.Sdk/targets/",
        "DefiningProjectName": "Microsoft.NET.Sdk.DefaultItems",
        "DefiningProjectExtension": ".props"
      },
      {
        "Identity": "Forms/FormDataRecordUpdateProjection.cs",
        "FullPath": "/workspace/team-c/c3-admin-generated-validation/9to1 Workspace/shared/src/Haven.Application/Forms/FormDataRecordUpdateProjection.cs",
        "RootDir": "/",
        "Filename": "FormDataRecordUpdateProjection",
        "Extension": ".cs",
        "RelativeDir": "Forms/",
        "Directory": "workspace/team-c/c3-admin-generated-validation/9to1 Workspace/shared/src/Haven.Application/Forms/",
        "RecursiveDir": "Forms/",
        "ModifiedTime": "",
        "CreatedTime": "",
        "AccessedTime": "",
        "DefiningProjectFullPath": "/workspace/.tools/dotnet/sdk/10.0.401/Sdks/Microsoft.NET.Sdk/targets/Microsoft.NET.Sdk.DefaultItems.props",
        "DefiningProjectDirectory": "/workspace/.tools/dotnet/sdk/10.0.401/Sdks/Microsoft.NET.Sdk/targets/",
        "DefiningProjectName": "Microsoft.NET.Sdk.DefaultItems",
        "DefiningProjectExtension": ".props"
      },
      {
        "Identity": "Forms/FormDataReferenceLookupContracts.cs",
        "FullPath": "/workspace/team-c/c3-admin-generated-validation/9to1 Workspace/shared/src/Haven.Application/Forms/FormDataReferenceLookupContracts.cs",
        "RootDir": "/",
        "Filename": "FormDataReferenceLookupContracts",
        "Extension": ".cs",
        "RelativeDir": "Forms/",
        "Directory": "workspace/team-c/c3-admin-generated-validation/9to1 Workspace/shared/src/Haven.Application/Forms/",
        "RecursiveDir": "Forms/",
        "ModifiedTime": "",
        "CreatedTime": "",
        "AccessedTime": "",
        "DefiningProjectFullPath": "/workspace/.tools/dotnet/sdk/10.0.401/Sdks/Microsoft.NET.Sdk/targets/Microsoft.NET.Sdk.DefaultItems.props",
        "DefiningProjectDirectory": "/workspace/.tools/dotnet/sdk/10.0.401/Sdks/Microsoft.NET.Sdk/targets/",
        "DefiningProjectName": "Microsoft.NET.Sdk.DefaultItems",
        "DefiningProjectExtension": ".props"
      },
      {
        "Identity": "Forms/FormDataResponseWriteService.cs",
        "FullPath": "/workspace/team-c/c3-admin-generated-validation/9to1 Workspace/shared/src/Haven.Application/Forms/FormDataResponseWriteService.cs",
        "RootDir": "/",
        "Filename": "FormDataResponseWriteService",
        "Extension": ".cs",
        "RelativeDir": "Forms/",
        "Directory": "workspace/team-c/c3-admin-generated-validation/9to1 Workspace/shared/src/Haven.Application/Forms/",
        "RecursiveDir": "Forms/",
        "ModifiedTime": "",
        "CreatedTime": "",
        "AccessedTime": "",
        "DefiningProjectFullPath": "/workspace/.tools/dotnet/sdk/10.0.401/Sdks/Microsoft.NET.Sdk/targets/Microsoft.NET.Sdk.DefaultItems.props",
        "DefiningProjectDirectory": "/workspace/.tools/dotnet/sdk/10.0.401/Sdks/Microsoft.NET.Sdk/targets/",
        "DefiningProjectName": "Microsoft.NET.Sdk.DefaultItems",
        "DefiningProjectExtension": ".props"
      },
      {
        "Identity": "Forms/FormDataWriteAttempt.cs",
        "FullPath": "/workspace/team-c/c3-admin-generated-validation/9to1 Workspace/shared/src/Haven.Application/Forms/FormDataWriteAttempt.cs",
        "RootDir": "/",
        "Filename": "FormDataWriteAttempt",
        "Extension": ".cs",
        "RelativeDir": "Forms/",
        "Directory": "workspace/team-c/c3-admin-generated-validation/9to1 Workspace/shared/src/Haven.Application/Forms/",
        "RecursiveDir": "Forms/",
        "ModifiedTime": "",
        "CreatedTime": "",
        "AccessedTime": "",
        "DefiningProjectFullPath": "/workspace/.tools/dotnet/sdk/10.0.401/Sdks/Microsoft.NET.Sdk/targets/Microsoft.NET.Sdk.DefaultItems.props",
        "DefiningProjectDirectory": "/workspace/.tools/dotnet/sdk/10.0.401/Sdks/Microsoft.NET.Sdk/targets/",
        "DefiningProjectName": "Microsoft.NET.Sdk.DefaultItems",
        "DefiningProjectExtension": ".props"
      },
      {
        "Identity": "Forms/FormGraphReferenceService.cs",
        "FullPath": "/workspace/team-c/c3-admin-generated-validation/9to1 Workspace/shared/src/Haven.Application/Forms/FormGraphReferenceService.cs",
        "RootDir": "/",
        "Filename": "FormGraphReferenceService",
        "Extension": ".cs",
        "RelativeDir": "Forms/",
        "Directory": "workspace/team-c/c3-admin-generated-validation/9to1 Workspace/shared/src/Haven.Application/Forms/",
        "RecursiveDir": "Forms/",
        "ModifiedTime": "",
        "CreatedTime": "",
        "AccessedTime": "",
        "DefiningProjectFullPath": "/workspace/.tools/dotnet/sdk/10.0.401/Sdks/Microsoft.NET.Sdk/targets/Microsoft.NET.Sdk.DefaultItems.props",
        "DefiningProjectDirectory": "/workspace/.tools/dotnet/sdk/10.0.401/Sdks/Microsoft.NET.Sdk/targets/",
        "DefiningProjectName": "Microsoft.NET.Sdk.DefaultItems",
        "DefiningProjectExtension": ".props"
      },
      {
        "Identity": "Forms/FormHostSession.cs",
        "FullPath": "/workspace/team-c/c3-admin-generated-validation/9to1 Workspace/shared/src/Haven.Application/Forms/FormHostSession.cs",
        "RootDir": "/",
        "Filename": "FormHostSession",
        "Extension": ".cs",
        "RelativeDir": "Forms/",
        "Directory": "workspace/team-c/c3-admin-generated-validation/9to1 Workspace/shared/src/Haven.Application/Forms/",
        "RecursiveDir": "Forms/",
        "ModifiedTime": "",
        "CreatedTime": "",
        "AccessedTime": "",
        "DefiningProjectFullPath": "/workspace/.tools/dotnet/sdk/10.0.401/Sdks/Microsoft.NET.Sdk/targets/Microsoft.NET.Sdk.DefaultItems.props",
        "DefiningProjectDirectory": "/workspace/.tools/dotnet/sdk/10.0.401/Sdks/Microsoft.NET.Sdk/targets/",
        "DefiningProjectName": "Microsoft.NET.Sdk.DefaultItems",
        "DefiningProjectExtension": ".props"
      },
      {
        "Identity": "Forms/FormPublicationService.cs",
        "FullPath": "/workspace/team-c/c3-admin-generated-validation/9to1 Workspace/shared/src/Haven.Application/Forms/FormPublicationService.cs",
        "RootDir": "/",
        "Filename": "FormPublicationService",
        "Extension": ".cs",
        "RelativeDir": "Forms/",
        "Directory": "workspace/team-c/c3-admin-generated-validation/9to1 Workspace/shared/src/Haven.Application/Forms/",
        "RecursiveDir": "Forms/",
        "ModifiedTime": "",
        "CreatedTime": "",
        "AccessedTime": "",
        "DefiningProjectFullPath": "/workspace/.tools/dotnet/sdk/10.0.401/Sdks/Microsoft.NET.Sdk/targets/Microsoft.NET.Sdk.DefaultItems.props",
        "DefiningProjectDirectory": "/workspace/.tools/dotnet/sdk/10.0.401/Sdks/Microsoft.NET.Sdk/targets/",
        "DefiningProjectName": "Microsoft.NET.Sdk.DefaultItems",
        "DefiningProjectExtension": ".props"
      },
      {
        "Identity": "Forms/FormResponseSessionService.cs",
        "FullPath": "/workspace/team-c/c3-admin-generated-validation/9to1 Workspace/shared/src/Haven.Application/Forms/FormResponseSessionService.cs",
        "RootDir": "/",
        "Filename": "FormResponseSessionService",
        "Extension": ".cs",
        "RelativeDir": "Forms/",
        "Directory": "workspace/team-c/c3-admin-generated-validation/9to1 Workspace/shared/src/Haven.Application/Forms/",
        "RecursiveDir": "Forms/",
        "ModifiedTime": "",
        "CreatedTime": "",
        "AccessedTime": "",
        "DefiningProjectFullPath": "/workspace/.tools/dotnet/sdk/10.0.401/Sdks/Microsoft.NET.Sdk/targets/Microsoft.NET.Sdk.DefaultItems.props",
        "DefiningProjectDirectory": "/workspace/.tools/dotnet/sdk/10.0.401/Sdks/Microsoft.NET.Sdk/targets/",
        "DefiningProjectName": "Microsoft.NET.Sdk.DefaultItems",
        "DefiningProjectExtension": ".props"
      },
      {
        "Identity": "Forms/FormResponseSessionService.DataWrites.cs",
        "FullPath": "/workspace/team-c/c3-admin-generated-validation/9to1 Workspace/shared/src/Haven.Application/Forms/FormResponseSessionService.DataWrites.cs",
        "RootDir": "/",
        "Filename": "FormResponseSessionService.DataWrites",
        "Extension": ".cs",
        "RelativeDir": "Forms/",
        "Directory": "workspace/team-c/c3-admin-generated-validation/9to1 Workspace/shared/src/Haven.Application/Forms/",
        "RecursiveDir": "Forms/",
        "ModifiedTime": "",
        "CreatedTime": "",
        "AccessedTime": "",
        "DefiningProjectFullPath": "/workspace/.tools/dotnet/sdk/10.0.401/Sdks/Microsoft.NET.Sdk/targets/Microsoft.NET.Sdk.DefaultItems.props",
        "DefiningProjectDirectory": "/workspace/.tools/dotnet/sdk/10.0.401/Sdks/Microsoft.NET.Sdk/targets/",
        "DefiningProjectName": "Microsoft.NET.Sdk.DefaultItems",
        "DefiningProjectExtension": ".props"
      },
      {
        "Identity": "Forms/FormResponseSubmissionProjection.cs",
        "FullPath": "/workspace/team-c/c3-admin-generated-validation/9to1 Workspace/shared/src/Haven.Application/Forms/FormResponseSubmissionProjection.cs",
        "RootDir": "/",
        "Filename": "FormResponseSubmissionProjection",
        "Extension": ".cs",
        "RelativeDir": "Forms/",
        "Directory": "workspace/team-c/c3-admin-generated-validation/9to1 Workspace/shared/src/Haven.Application/Forms/",
        "RecursiveDir": "Forms/",
        "ModifiedTime": "",
        "CreatedTime": "",
        "AccessedTime": "",
        "DefiningProjectFullPath": "/workspace/.tools/dotnet/sdk/10.0.401/Sdks/Microsoft.NET.Sdk/targets/Microsoft.NET.Sdk.DefaultItems.props",
        "DefiningProjectDirectory": "/workspace/.tools/dotnet/sdk/10.0.401/Sdks/Microsoft.NET.Sdk/targets/",
        "DefiningProjectName": "Microsoft.NET.Sdk.DefaultItems",
        "DefiningProjectExtension": ".props"
      },
      {
        "Identity": "Forms/IFormsSubmissionStore.cs",
        "FullPath": "/workspace/team-c/c3-admin-generated-validation/9to1 Workspace/shared/src/Haven.Application/Forms/IFormsSubmissionStore.cs",
        "RootDir": "/",
        "Filename": "IFormsSubmissionStore",
        "Extension": ".cs",
        "RelativeDir": "Forms/",
        "Directory": "workspace/team-c/c3-admin-generated-validation/9to1 Workspace/shared/src/Haven.Application/Forms/",
        "RecursiveDir": "Forms/",
        "ModifiedTime": "",
        "CreatedTime": "",
        "AccessedTime": "",
        "DefiningProjectFullPath": "/workspace/.tools/dotnet/sdk/10.0.401/Sdks/Microsoft.NET.Sdk/targets/Microsoft.NET.Sdk.DefaultItems.props",
        "DefiningProjectDirectory": "/workspace/.tools/dotnet/sdk/10.0.401/Sdks/Microsoft.NET.Sdk/targets/",
        "DefiningProjectName": "Microsoft.NET.Sdk.DefaultItems",
        "DefiningProjectExtension": ".props"
      },
      {
        "Identity": "Games/GamesManagedProjectSessionService.cs",
        "FullPath": "/workspace/team-c/c3-admin-generated-validation/9to1 Workspace/shared/src/Haven.Application/Games/GamesManagedProjectSessionService.cs",
        "RootDir": "/",
        "Filename": "GamesManagedProjectSessionService",
        "Extension": ".cs",
        "RelativeDir": "Games/",
        "Directory": "workspace/team-c/c3-admin-generated-validation/9to1 Workspace/shared/src/Haven.Application/Games/",
        "RecursiveDir": "Games/",
        "ModifiedTime": "",
        "CreatedTime": "",
        "AccessedTime": "",
        "DefiningProjectFullPath": "/workspace/.tools/dotnet/sdk/10.0.401/Sdks/Microsoft.NET.Sdk/targets/Microsoft.NET.Sdk.DefaultItems.props",
        "DefiningProjectDirectory": "/workspace/.tools/dotnet/sdk/10.0.401/Sdks/Microsoft.NET.Sdk/targets/",
        "DefiningProjectName": "Microsoft.NET.Sdk.DefaultItems",
        "DefiningProjectExtension": ".props"
      },
      {
        "Identity": "Games/GamesProjectStore.cs",
        "FullPath": "/workspace/team-c/c3-admin-generated-validation/9to1 Workspace/shared/src/Haven.Application/Games/GamesProjectStore.cs",
        "RootDir": "/",
        "Filename": "GamesProjectStore",
        "Extension": ".cs",
        "RelativeDir": "Games/",
        "Directory": "workspace/team-c/c3-admin-generated-validation/9to1 Workspace/shared/src/Haven.Application/Games/",
        "RecursiveDir": "Games/",
        "ModifiedTime": "",
        "CreatedTime": "",
        "AccessedTime": "",
        "DefiningProjectFullPath": "/workspace/.tools/dotnet/sdk/10.0.401/Sdks/Microsoft.NET.Sdk/targets/Microsoft.NET.Sdk.DefaultItems.props",
        "DefiningProjectDirectory": "/workspace/.tools/dotnet/sdk/10.0.401/Sdks/Microsoft.NET.Sdk/targets/",
        "DefiningProjectName": "Microsoft.NET.Sdk.DefaultItems",
        "DefiningProjectExtension": ".props"
      },
      {
        "Identity": "Games/GamesSceneResourceResolver.cs",
        "FullPath": "/workspace/team-c/c3-admin-generated-validation/9to1 Workspace/shared/src/Haven.Application/Games/GamesSceneResourceResolver.cs",
        "RootDir": "/",
        "Filename": "GamesSceneResourceResolver",
        "Extension": ".cs",
        "RelativeDir": "Games/",
        "Directory": "workspace/team-c/c3-admin-generated-validation/9to1 Workspace/shared/src/Haven.Application/Games/",
        "RecursiveDir": "Games/",
        "ModifiedTime": "",
        "CreatedTime": "",
        "AccessedTime": "",
        "DefiningProjectFullPath": "/workspace/.tools/dotnet/sdk/10.0.401/Sdks/Microsoft.NET.Sdk/targets/Microsoft.NET.Sdk.DefaultItems.props",
        "DefiningProjectDirectory": "/workspace/.tools/dotnet/sdk/10.0.401/Sdks/Microsoft.NET.Sdk/targets/",
        "DefiningProjectName": "Microsoft.NET.Sdk.DefaultItems",
        "DefiningProjectExtension": ".props"
      },
      {
        "Identity": "Games/GamesSceneSessionService.cs",
        "FullPath": "/workspace/team-c/c3-admin-generated-validation/9to1 Workspace/shared/src/Haven.Application/Games/GamesSceneSessionService.cs",
        "RootDir": "/",
        "Filename": "GamesSceneSessionService",
        "Extension": ".cs",
        "RelativeDir": "Games/",
        "Directory": "workspace/team-c/c3-admin-generated-validation/9to1 Workspace/shared/src/Haven.Application/Games/",
        "RecursiveDir": "Games/",
        "ModifiedTime": "",
        "CreatedTime": "",
        "AccessedTime": "",
        "DefiningProjectFullPath": "/workspace/.tools/dotnet/sdk/10.0.401/Sdks/Microsoft.NET.Sdk/targets/Microsoft.NET.Sdk.DefaultItems.props",
        "DefiningProjectDirectory": "/workspace/.tools/dotnet/sdk/10.0.401/Sdks/Microsoft.NET.Sdk/targets/",
        "DefiningProjectName": "Microsoft.NET.Sdk.DefaultItems",
        "DefiningProjectExtension": ".props"
      },
      {
        "Identity": "GenerativeUi/AdditionalTemplateRuntimes.cs",
        "FullPath": "/workspace/team-c/c3-admin-generated-validation/9to1 Workspace/shared/src/Haven.Application/GenerativeUi/AdditionalTemplateRuntimes.cs",
        "RootDir": "/",
        "Filename": "AdditionalTemplateRuntimes",
        "Extension": ".cs",
        "RelativeDir": "GenerativeUi/",
        "Directory": "workspace/team-c/c3-admin-generated-validation/9to1 Workspace/shared/src/Haven.Application/GenerativeUi/",
        "RecursiveDir": "GenerativeUi/",
        "ModifiedTime": "",
        "CreatedTime": "",
        "AccessedTime": "",
        "DefiningProjectFullPath": "/workspace/.tools/dotnet/sdk/10.0.401/Sdks/Microsoft.NET.Sdk/targets/Microsoft.NET.Sdk.DefaultItems.props",
        "DefiningProjectDirectory": "/workspace/.tools/dotnet/sdk/10.0.401/Sdks/Microsoft.NET.Sdk/targets/",
        "DefiningProjectName": "Microsoft.NET.Sdk.DefaultItems",
        "DefiningProjectExtension": ".props"
      },
      {
        "Identity": "GenerativeUi/CalculatorTemplateRuntime.cs",
        "FullPath": "/workspace/team-c/c3-admin-generated-validation/9to1 Workspace/shared/src/Haven.Application/GenerativeUi/CalculatorTemplateRuntime.cs",
        "RootDir": "/",
        "Filename": "CalculatorTemplateRuntime",
        "Extension": ".cs",
        "RelativeDir": "GenerativeUi/",
        "Directory": "workspace/team-c/c3-admin-generated-validation/9to1 Workspace/shared/src/Haven.Application/GenerativeUi/",
        "RecursiveDir": "GenerativeUi/",
        "ModifiedTime": "",
        "CreatedTime": "",
        "AccessedTime": "",
        "DefiningProjectFullPath": "/workspace/.tools/dotnet/sdk/10.0.401/Sdks/Microsoft.NET.Sdk/targets/Microsoft.NET.Sdk.DefaultItems.props",
        "DefiningProjectDirectory": "/workspace/.tools/dotnet/sdk/10.0.401/Sdks/Microsoft.NET.Sdk/targets/",
        "DefiningProjectName": "Microsoft.NET.Sdk.DefaultItems",
        "DefiningProjectExtension": ".props"
      },
      {
        "Identity": "GenerativeUi/CustomTemplateRuntime.cs",
        "FullPath": "/workspace/team-c/c3-admin-generated-validation/9to1 Workspace/shared/src/Haven.Application/GenerativeUi/CustomTemplateRuntime.cs",
        "RootDir": "/",
        "Filename": "CustomTemplateRuntime",
        "Extension": ".cs",
        "RelativeDir": "GenerativeUi/",
        "Directory": "workspace/team-c/c3-admin-generated-validation/9to1 Workspace/shared/src/Haven.Application/GenerativeUi/",
        "RecursiveDir": "GenerativeUi/",
        "ModifiedTime": "",
        "CreatedTime": "",
        "AccessedTime": "",
        "DefiningProjectFullPath": "/workspace/.tools/dotnet/sdk/10.0.401/Sdks/Microsoft.NET.Sdk/targets/Microsoft.NET.Sdk.DefaultItems.props",
        "DefiningProjectDirectory": "/workspace/.tools/dotnet/sdk/10.0.401/Sdks/Microsoft.NET.Sdk/targets/",
        "DefiningProjectName": "Microsoft.NET.Sdk.DefaultItems",
        "DefiningProjectExtension": ".props"
      },
      {
        "Identity": "GenerativeUi/GenerativeUiEventRouter.cs",
        "FullPath": "/workspace/team-c/c3-admin-generated-validation/9to1 Workspace/shared/src/Haven.Application/GenerativeUi/GenerativeUiEventRouter.cs",
        "RootDir": "/",
        "Filename": "GenerativeUiEventRouter",
        "Extension": ".cs",
        "RelativeDir": "GenerativeUi/",
        "Directory": "workspace/team-c/c3-admin-generated-validation/9to1 Workspace/shared/src/Haven.Application/GenerativeUi/",
        "RecursiveDir": "GenerativeUi/",
        "ModifiedTime": "",
        "CreatedTime": "",
        "AccessedTime": "",
        "DefiningProjectFullPath": "/workspace/.tools/dotnet/sdk/10.0.401/Sdks/Microsoft.NET.Sdk/targets/Microsoft.NET.Sdk.DefaultItems.props",
        "DefiningProjectDirectory": "/workspace/.tools/dotnet/sdk/10.0.401/Sdks/Microsoft.NET.Sdk/targets/",
        "DefiningProjectName": "Microsoft.NET.Sdk.DefaultItems",
        "DefiningProjectExtension": ".props"
      },
      {
        "Identity": "GenerativeUi/GenUiAgentFeedback.cs",
        "FullPath": "/workspace/team-c/c3-admin-generated-validation/9to1 Workspace/shared/src/Haven.Application/GenerativeUi/GenUiAgentFeedback.cs",
        "RootDir": "/",
        "Filename": "GenUiAgentFeedback",
        "Extension": ".cs",
        "RelativeDir": "GenerativeUi/",
        "Directory": "workspace/team-c/c3-admin-generated-validation/9to1 Workspace/shared/src/Haven.Application/GenerativeUi/",
        "RecursiveDir": "GenerativeUi/",
        "ModifiedTime": "",
        "CreatedTime": "",
        "AccessedTime": "",
        "DefiningProjectFullPath": "/workspace/.tools/dotnet/sdk/10.0.401/Sdks/Microsoft.NET.Sdk/targets/Microsoft.NET.Sdk.DefaultItems.props",
        "DefiningProjectDirectory": "/workspace/.tools/dotnet/sdk/10.0.401/Sdks/Microsoft.NET.Sdk/targets/",
        "DefiningProjectName": "Microsoft.NET.Sdk.DefaultItems",
        "DefiningProjectExtension": ".props"
      },
      {
        "Identity": "GenerativeUi/GenUiAppRepositoryAbstraction.cs",
        "FullPath": "/workspace/team-c/c3-admin-generated-validation/9to1 Workspace/shared/src/Haven.Application/GenerativeUi/GenUiAppRepositoryAbstraction.cs",
        "RootDir": "/",
        "Filename": "GenUiAppRepositoryAbstraction",
        "Extension": ".cs",
        "RelativeDir": "GenerativeUi/",
        "Directory": "workspace/team-c/c3-admin-generated-validation/9to1 Workspace/shared/src/Haven.Application/GenerativeUi/",
        "RecursiveDir": "GenerativeUi/",
        "ModifiedTime": "",
        "CreatedTime": "",
        "AccessedTime": "",
        "DefiningProjectFullPath": "/workspace/.tools/dotnet/sdk/10.0.401/Sdks/Microsoft.NET.Sdk/targets/Microsoft.NET.Sdk.DefaultItems.props",
        "DefiningProjectDirectory": "/workspace/.tools/dotnet/sdk/10.0.401/Sdks/Microsoft.NET.Sdk/targets/",
        "DefiningProjectName": "Microsoft.NET.Sdk.DefaultItems",
        "DefiningProjectExtension": ".props"
      },
      {
        "Identity": "GenerativeUi/GenUiAppSessionService.cs",
        "FullPath": "/workspace/team-c/c3-admin-generated-validation/9to1 Workspace/shared/src/Haven.Application/GenerativeUi/GenUiAppSessionService.cs",
        "RootDir": "/",
        "Filename": "GenUiAppSessionService",
        "Extension": ".cs",
        "RelativeDir": "GenerativeUi/",
        "Directory": "workspace/team-c/c3-admin-generated-validation/9to1 Workspace/shared/src/Haven.Application/GenerativeUi/",
        "RecursiveDir": "GenerativeUi/",
        "ModifiedTime": "",
        "CreatedTime": "",
        "AccessedTime": "",
        "DefiningProjectFullPath": "/workspace/.tools/dotnet/sdk/10.0.401/Sdks/Microsoft.NET.Sdk/targets/Microsoft.NET.Sdk.DefaultItems.props",
        "DefiningProjectDirectory": "/workspace/.tools/dotnet/sdk/10.0.401/Sdks/Microsoft.NET.Sdk/targets/",
        "DefiningProjectName": "Microsoft.NET.Sdk.DefaultItems",
        "DefiningProjectExtension": ".props"
      },
      {
        "Identity": "GenerativeUi/GenUiChatDirectiveParser.cs",
        "FullPath": "/workspace/team-c/c3-admin-generated-validation/9to1 Workspace/shared/src/Haven.Application/GenerativeUi/GenUiChatDirectiveParser.cs",
        "RootDir": "/",
        "Filename": "GenUiChatDirectiveParser",
        "Extension": ".cs",
        "RelativeDir": "GenerativeUi/",
        "Directory": "workspace/team-c/c3-admin-generated-validation/9to1 Workspace/shared/src/Haven.Application/GenerativeUi/",
        "RecursiveDir": "GenerativeUi/",
        "ModifiedTime": "",
        "CreatedTime": "",
        "AccessedTime": "",
        "DefiningProjectFullPath": "/workspace/.tools/dotnet/sdk/10.0.401/Sdks/Microsoft.NET.Sdk/targets/Microsoft.NET.Sdk.DefaultItems.props",
        "DefiningProjectDirectory": "/workspace/.tools/dotnet/sdk/10.0.401/Sdks/Microsoft.NET.Sdk/targets/",
        "DefiningProjectName": "Microsoft.NET.Sdk.DefaultItems",
        "DefiningProjectExtension": ".props"
      },
      {
        "Identity": "GenerativeUi/GenUiDestinationHandlers.cs",
        "FullPath": "/workspace/team-c/c3-admin-generated-validation/9to1 Workspace/shared/src/Haven.Application/GenerativeUi/GenUiDestinationHandlers.cs",
        "RootDir": "/",
        "Filename": "GenUiDestinationHandlers",
        "Extension": ".cs",
        "RelativeDir": "GenerativeUi/",
        "Directory": "workspace/team-c/c3-admin-generated-validation/9to1 Workspace/shared/src/Haven.Application/GenerativeUi/",
        "RecursiveDir": "GenerativeUi/",
        "ModifiedTime": "",
        "CreatedTime": "",
        "AccessedTime": "",
        "DefiningProjectFullPath": "/workspace/.tools/dotnet/sdk/10.0.401/Sdks/Microsoft.NET.Sdk/targets/Microsoft.NET.Sdk.DefaultItems.props",
        "DefiningProjectDirectory": "/workspace/.tools/dotnet/sdk/10.0.401/Sdks/Microsoft.NET.Sdk/targets/",
        "DefiningProjectName": "Microsoft.NET.Sdk.DefaultItems",
        "DefiningProjectExtension": ".props"
      },
      {
        "Identity": "GenerativeUi/GenUiDocumentQualityValidator.cs",
        "FullPath": "/workspace/team-c/c3-admin-generated-validation/9to1 Workspace/shared/src/Haven.Application/GenerativeUi/GenUiDocumentQualityValidator.cs",
        "RootDir": "/",
        "Filename": "GenUiDocumentQualityValidator",
        "Extension": ".cs",
        "RelativeDir": "GenerativeUi/",
        "Directory": "workspace/team-c/c3-admin-generated-validation/9to1 Workspace/shared/src/Haven.Application/GenerativeUi/",
        "RecursiveDir": "GenerativeUi/",
        "ModifiedTime": "",
        "CreatedTime": "",
        "AccessedTime": "",
        "DefiningProjectFullPath": "/workspace/.tools/dotnet/sdk/10.0.401/Sdks/Microsoft.NET.Sdk/targets/Microsoft.NET.Sdk.DefaultItems.props",
        "DefiningProjectDirectory": "/workspace/.tools/dotnet/sdk/10.0.401/Sdks/Microsoft.NET.Sdk/targets/",
        "DefiningProjectName": "Microsoft.NET.Sdk.DefaultItems",
        "DefiningProjectExtension": ".props"
      },
      {
        "Identity": "GenerativeUi/GenUiFirstTurnBenchmark.cs",
        "FullPath": "/workspace/team-c/c3-admin-generated-validation/9to1 Workspace/shared/src/Haven.Application/GenerativeUi/GenUiFirstTurnBenchmark.cs",
        "RootDir": "/",
        "Filename": "GenUiFirstTurnBenchmark",
        "Extension": ".cs",
        "RelativeDir": "GenerativeUi/",
        "Directory": "workspace/team-c/c3-admin-generated-validation/9to1 Workspace/shared/src/Haven.Application/GenerativeUi/",
        "RecursiveDir": "GenerativeUi/",
        "ModifiedTime": "",
        "CreatedTime": "",
        "AccessedTime": "",
        "DefiningProjectFullPath": "/workspace/.tools/dotnet/sdk/10.0.401/Sdks/Microsoft.NET.Sdk/targets/Microsoft.NET.Sdk.DefaultItems.props",
        "DefiningProjectDirectory": "/workspace/.tools/dotnet/sdk/10.0.401/Sdks/Microsoft.NET.Sdk/targets/",
        "DefiningProjectName": "Microsoft.NET.Sdk.DefaultItems",
        "DefiningProjectExtension": ".props"
      },
      {
        "Identity": "GenerativeUi/GenUiGenerationPipeline.cs",
        "FullPath": "/workspace/team-c/c3-admin-generated-validation/9to1 Workspace/shared/src/Haven.Application/GenerativeUi/GenUiGenerationPipeline.cs",
        "RootDir": "/",
        "Filename": "GenUiGenerationPipeline",
        "Extension": ".cs",
        "RelativeDir": "GenerativeUi/",
        "Directory": "workspace/team-c/c3-admin-generated-validation/9to1 Workspace/shared/src/Haven.Application/GenerativeUi/",
        "RecursiveDir": "GenerativeUi/",
        "ModifiedTime": "",
        "CreatedTime": "",
        "AccessedTime": "",
        "DefiningProjectFullPath": "/workspace/.tools/dotnet/sdk/10.0.401/Sdks/Microsoft.NET.Sdk/targets/Microsoft.NET.Sdk.DefaultItems.props",
        "DefiningProjectDirectory": "/workspace/.tools/dotnet/sdk/10.0.401/Sdks/Microsoft.NET.Sdk/targets/",
        "DefiningProjectName": "Microsoft.NET.Sdk.DefaultItems",
        "DefiningProjectExtension": ".props"
      },
      {
        "Identity": "GenerativeUi/GenUiIncrementalUpdater.cs",
        "FullPath": "/workspace/team-c/c3-admin-generated-validation/9to1 Workspace/shared/src/Haven.Application/GenerativeUi/GenUiIncrementalUpdater.cs",
        "RootDir": "/",
        "Filename": "GenUiIncrementalUpdater",
        "Extension": ".cs",
        "RelativeDir": "GenerativeUi/",
        "Directory": "workspace/team-c/c3-admin-generated-validation/9to1 Workspace/shared/src/Haven.Application/GenerativeUi/",
        "RecursiveDir": "GenerativeUi/",
        "ModifiedTime": "",
        "CreatedTime": "",
        "AccessedTime": "",
        "DefiningProjectFullPath": "/workspace/.tools/dotnet/sdk/10.0.401/Sdks/Microsoft.NET.Sdk/targets/Microsoft.NET.Sdk.DefaultItems.props",
        "DefiningProjectDirectory": "/workspace/.tools/dotnet/sdk/10.0.401/Sdks/Microsoft.NET.Sdk/targets/",
        "DefiningProjectName": "Microsoft.NET.Sdk.DefaultItems",
        "DefiningProjectExtension": ".props"
      },
      {
        "Identity": "GenerativeUi/GenUiInstanceStore.cs",
        "FullPath": "/workspace/team-c/c3-admin-generated-validation/9to1 Workspace/shared/src/Haven.Application/GenerativeUi/GenUiInstanceStore.cs",
        "RootDir": "/",
        "Filename": "GenUiInstanceStore",
        "Extension": ".cs",
        "RelativeDir": "GenerativeUi/",
        "Directory": "workspace/team-c/c3-admin-generated-validation/9to1 Workspace/shared/src/Haven.Application/GenerativeUi/",
        "RecursiveDir": "GenerativeUi/",
        "ModifiedTime": "",
        "CreatedTime": "",
        "AccessedTime": "",
        "DefiningProjectFullPath": "/workspace/.tools/dotnet/sdk/10.0.401/Sdks/Microsoft.NET.Sdk/targets/Microsoft.NET.Sdk.DefaultItems.props",
        "DefiningProjectDirectory": "/workspace/.tools/dotnet/sdk/10.0.401/Sdks/Microsoft.NET.Sdk/targets/",
        "DefiningProjectName": "Microsoft.NET.Sdk.DefaultItems",
        "DefiningProjectExtension": ".props"
      },
      {
        "Identity": "GenerativeUi/GenUiLiveActivity.cs",
        "FullPath": "/workspace/team-c/c3-admin-generated-validation/9to1 Workspace/shared/src/Haven.Application/GenerativeUi/GenUiLiveActivity.cs",
        "RootDir": "/",
        "Filename": "GenUiLiveActivity",
        "Extension": ".cs",
        "RelativeDir": "GenerativeUi/",
        "Directory": "workspace/team-c/c3-admin-generated-validation/9to1 Workspace/shared/src/Haven.Application/GenerativeUi/",
        "RecursiveDir": "GenerativeUi/",
        "ModifiedTime": "",
        "CreatedTime": "",
        "AccessedTime": "",
        "DefiningProjectFullPath": "/workspace/.tools/dotnet/sdk/10.0.401/Sdks/Microsoft.NET.Sdk/targets/Microsoft.NET.Sdk.DefaultItems.props",
        "DefiningProjectDirectory": "/workspace/.tools/dotnet/sdk/10.0.401/Sdks/Microsoft.NET.Sdk/targets/",
        "DefiningProjectName": "Microsoft.NET.Sdk.DefaultItems",
        "DefiningProjectExtension": ".props"
      },
      {
        "Identity": "GenerativeUi/MoreTemplateRuntimes.cs",
        "FullPath": "/workspace/team-c/c3-admin-generated-validation/9to1 Workspace/shared/src/Haven.Application/GenerativeUi/MoreTemplateRuntimes.cs",
        "RootDir": "/",
        "Filename": "MoreTemplateRuntimes",
        "Extension": ".cs",
        "RelativeDir": "GenerativeUi/",
        "Directory": "workspace/team-c/c3-admin-generated-validation/9to1 Workspace/shared/src/Haven.Application/GenerativeUi/",
        "RecursiveDir": "GenerativeUi/",
        "ModifiedTime": "",
        "CreatedTime": "",
        "AccessedTime": "",
        "DefiningProjectFullPath": "/workspace/.tools/dotnet/sdk/10.0.401/Sdks/Microsoft.NET.Sdk/targets/Microsoft.NET.Sdk.DefaultItems.props",
        "DefiningProjectDirectory": "/workspace/.tools/dotnet/sdk/10.0.401/Sdks/Microsoft.NET.Sdk/targets/",
        "DefiningProjectName": "Microsoft.NET.Sdk.DefaultItems",
        "DefiningProjectExtension": ".props"
      },
      {
        "Identity": "GenerativeUi/TrustedChatTemplateRuntimes.cs",
        "FullPath": "/workspace/team-c/c3-admin-generated-validation/9to1 Workspace/shared/src/Haven.Application/GenerativeUi/TrustedChatTemplateRuntimes.cs",
        "RootDir": "/",
        "Filename": "TrustedChatTemplateRuntimes",
        "Extension": ".cs",
        "RelativeDir": "GenerativeUi/",
        "Directory": "workspace/team-c/c3-admin-generated-validation/9to1 Workspace/shared/src/Haven.Application/GenerativeUi/",
        "RecursiveDir": "GenerativeUi/",
        "ModifiedTime": "",
        "CreatedTime": "",
        "AccessedTime": "",
        "DefiningProjectFullPath": "/workspace/.tools/dotnet/sdk/10.0.401/Sdks/Microsoft.NET.Sdk/targets/Microsoft.NET.Sdk.DefaultItems.props",
        "DefiningProjectDirectory": "/workspace/.tools/dotnet/sdk/10.0.401/Sdks/Microsoft.NET.Sdk/targets/",
        "DefiningProjectName": "Microsoft.NET.Sdk.DefaultItems",
        "DefiningProjectExtension": ".props"
      },
      {
        "Identity": "Go/GoContracts.cs",
        "FullPath": "/workspace/team-c/c3-admin-generated-validation/9to1 Workspace/shared/src/Haven.Application/Go/GoContracts.cs",
        "RootDir": "/",
        "Filename": "GoContracts",
        "Extension": ".cs",
        "RelativeDir": "Go/",
        "Directory": "workspace/team-c/c3-admin-generated-validation/9to1 Workspace/shared/src/Haven.Application/Go/",
        "RecursiveDir": "Go/",
        "ModifiedTime": "",
        "CreatedTime": "",
        "AccessedTime": "",
        "DefiningProjectFullPath": "/workspace/.tools/dotnet/sdk/10.0.401/Sdks/Microsoft.NET.Sdk/targets/Microsoft.NET.Sdk.DefaultItems.props",
        "DefiningProjectDirectory": "/workspace/.tools/dotnet/sdk/10.0.401/Sdks/Microsoft.NET.Sdk/targets/",
        "DefiningProjectName": "Microsoft.NET.Sdk.DefaultItems",
        "DefiningProjectExtension": ".props"
      },
      {
        "Identity": "Go/GoOriginalActorDiscovery.cs",
        "FullPath": "/workspace/team-c/c3-admin-generated-validation/9to1 Workspace/shared/src/Haven.Application/Go/GoOriginalActorDiscovery.cs",
        "RootDir": "/",
        "Filename": "GoOriginalActorDiscovery",
        "Extension": ".cs",
        "RelativeDir": "Go/",
        "Directory": "workspace/team-c/c3-admin-generated-validation/9to1 Workspace/shared/src/Haven.Application/Go/",
        "RecursiveDir": "Go/",
        "ModifiedTime": "",
        "CreatedTime": "",
        "AccessedTime": "",
        "DefiningProjectFullPath": "/workspace/.tools/dotnet/sdk/10.0.401/Sdks/Microsoft.NET.Sdk/targets/Microsoft.NET.Sdk.DefaultItems.props",
        "DefiningProjectDirectory": "/workspace/.tools/dotnet/sdk/10.0.401/Sdks/Microsoft.NET.Sdk/targets/",
        "DefiningProjectName": "Microsoft.NET.Sdk.DefaultItems",
        "DefiningProjectExtension": ".props"
      },
      {
        "Identity": "Go/GoOriginalActorInvocation.cs",
        "FullPath": "/workspace/team-c/c3-admin-generated-validation/9to1 Workspace/shared/src/Haven.Application/Go/GoOriginalActorInvocation.cs",
        "RootDir": "/",
        "Filename": "GoOriginalActorInvocation",
        "Extension": ".cs",
        "RelativeDir": "Go/",
        "Directory": "workspace/team-c/c3-admin-generated-validation/9to1 Workspace/shared/src/Haven.Application/Go/",
        "RecursiveDir": "Go/",
        "ModifiedTime": "",
        "CreatedTime": "",
        "AccessedTime": "",
        "DefiningProjectFullPath": "/workspace/.tools/dotnet/sdk/10.0.401/Sdks/Microsoft.NET.Sdk/targets/Microsoft.NET.Sdk.DefaultItems.props",
        "DefiningProjectDirectory": "/workspace/.tools/dotnet/sdk/10.0.401/Sdks/Microsoft.NET.Sdk/targets/",
        "DefiningProjectName": "Microsoft.NET.Sdk.DefaultItems",
        "DefiningProjectExtension": ".props"
      },
      {
        "Identity": "Go/GoService.cs",
        "FullPath": "/workspace/team-c/c3-admin-generated-validation/9to1 Workspace/shared/src/Haven.Application/Go/GoService.cs",
        "RootDir": "/",
        "Filename": "GoService",
        "Extension": ".cs",
        "RelativeDir": "Go/",
        "Directory": "workspace/team-c/c3-admin-generated-validation/9to1 Workspace/shared/src/Haven.Application/Go/",
        "RecursiveDir": "Go/",
        "ModifiedTime": "",
        "CreatedTime": "",
        "AccessedTime": "",
        "DefiningProjectFullPath": "/workspace/.tools/dotnet/sdk/10.0.401/Sdks/Microsoft.NET.Sdk/targets/Microsoft.NET.Sdk.DefaultItems.props",
        "DefiningProjectDirectory": "/workspace/.tools/dotnet/sdk/10.0.401/Sdks/Microsoft.NET.Sdk/targets/",
        "DefiningProjectName": "Microsoft.NET.Sdk.DefaultItems",
        "DefiningProjectExtension": ".props"
      },
      {
        "Identity": "Imagine/ImagineAbstractions.cs",
        "FullPath": "/workspace/team-c/c3-admin-generated-validation/9to1 Workspace/shared/src/Haven.Application/Imagine/ImagineAbstractions.cs",
        "RootDir": "/",
        "Filename": "ImagineAbstractions",
        "Extension": ".cs",
        "RelativeDir": "Imagine/",
        "Directory": "workspace/team-c/c3-admin-generated-validation/9to1 Workspace/shared/src/Haven.Application/Imagine/",
        "RecursiveDir": "Imagine/",
        "ModifiedTime": "",
        "CreatedTime": "",
        "AccessedTime": "",
        "DefiningProjectFullPath": "/workspace/.tools/dotnet/sdk/10.0.401/Sdks/Microsoft.NET.Sdk/targets/Microsoft.NET.Sdk.DefaultItems.props",
        "DefiningProjectDirectory": "/workspace/.tools/dotnet/sdk/10.0.401/Sdks/Microsoft.NET.Sdk/targets/",
        "DefiningProjectName": "Microsoft.NET.Sdk.DefaultItems",
        "DefiningProjectExtension": ".props"
      },
      {
        "Identity": "Imagine/ImagineAssistantService.cs",
        "FullPath": "/workspace/team-c/c3-admin-generated-validation/9to1 Workspace/shared/src/Haven.Application/Imagine/ImagineAssistantService.cs",
        "RootDir": "/",
        "Filename": "ImagineAssistantService",
        "Extension": ".cs",
        "RelativeDir": "Imagine/",
        "Directory": "workspace/team-c/c3-admin-generated-validation/9to1 Workspace/shared/src/Haven.Application/Imagine/",
        "RecursiveDir": "Imagine/",
        "ModifiedTime": "",
        "CreatedTime": "",
        "AccessedTime": "",
        "DefiningProjectFullPath": "/workspace/.tools/dotnet/sdk/10.0.401/Sdks/Microsoft.NET.Sdk/targets/Microsoft.NET.Sdk.DefaultItems.props",
        "DefiningProjectDirectory": "/workspace/.tools/dotnet/sdk/10.0.401/Sdks/Microsoft.NET.Sdk/targets/",
        "DefiningProjectName": "Microsoft.NET.Sdk.DefaultItems",
        "DefiningProjectExtension": ".props"
      },
      {
        "Identity": "Imagine/ImagineGenerationAbstractions.cs",
        "FullPath": "/workspace/team-c/c3-admin-generated-validation/9to1 Workspace/shared/src/Haven.Application/Imagine/ImagineGenerationAbstractions.cs",
        "RootDir": "/",
        "Filename": "ImagineGenerationAbstractions",
        "Extension": ".cs",
        "RelativeDir": "Imagine/",
        "Directory": "workspace/team-c/c3-admin-generated-validation/9to1 Workspace/shared/src/Haven.Application/Imagine/",
        "RecursiveDir": "Imagine/",
        "ModifiedTime": "",
        "CreatedTime": "",
        "AccessedTime": "",
        "DefiningProjectFullPath": "/workspace/.tools/dotnet/sdk/10.0.401/Sdks/Microsoft.NET.Sdk/targets/Microsoft.NET.Sdk.DefaultItems.props",
        "DefiningProjectDirectory": "/workspace/.tools/dotnet/sdk/10.0.401/Sdks/Microsoft.NET.Sdk/targets/",
        "DefiningProjectName": "Microsoft.NET.Sdk.DefaultItems",
        "DefiningProjectExtension": ".props"
      },
      {
        "Identity": "Imagine/ImagineProjectSession.Clipboard.cs",
        "FullPath": "/workspace/team-c/c3-admin-generated-validation/9to1 Workspace/shared/src/Haven.Application/Imagine/ImagineProjectSession.Clipboard.cs",
        "RootDir": "/",
        "Filename": "ImagineProjectSession.Clipboard",
        "Extension": ".cs",
        "RelativeDir": "Imagine/",
        "Directory": "workspace/team-c/c3-admin-generated-validation/9to1 Workspace/shared/src/Haven.Application/Imagine/",
        "RecursiveDir": "Imagine/",
        "ModifiedTime": "",
        "CreatedTime": "",
        "AccessedTime": "",
        "DefiningProjectFullPath": "/workspace/.tools/dotnet/sdk/10.0.401/Sdks/Microsoft.NET.Sdk/targets/Microsoft.NET.Sdk.DefaultItems.props",
        "DefiningProjectDirectory": "/workspace/.tools/dotnet/sdk/10.0.401/Sdks/Microsoft.NET.Sdk/targets/",
        "DefiningProjectName": "Microsoft.NET.Sdk.DefaultItems",
        "DefiningProjectExtension": ".props"
      },
      {
        "Identity": "Imagine/ImagineProjectSession.cs",
        "FullPath": "/workspace/team-c/c3-admin-generated-validation/9to1 Workspace/shared/src/Haven.Application/Imagine/ImagineProjectSession.cs",
        "RootDir": "/",
        "Filename": "ImagineProjectSession",
        "Extension": ".cs",
        "RelativeDir": "Imagine/",
        "Directory": "workspace/team-c/c3-admin-generated-validation/9to1 Workspace/shared/src/Haven.Application/Imagine/",
        "RecursiveDir": "Imagine/",
        "ModifiedTime": "",
        "CreatedTime": "",
        "AccessedTime": "",
        "DefiningProjectFullPath": "/workspace/.tools/dotnet/sdk/10.0.401/Sdks/Microsoft.NET.Sdk/targets/Microsoft.NET.Sdk.DefaultItems.props",
        "DefiningProjectDirectory": "/workspace/.tools/dotnet/sdk/10.0.401/Sdks/Microsoft.NET.Sdk/targets/",
        "DefiningProjectName": "Microsoft.NET.Sdk.DefaultItems",
        "DefiningProjectExtension": ".props"
      },
      {
        "Identity": "Imagine/ImagineProjectSession.Timeline.cs",
        "FullPath": "/workspace/team-c/c3-admin-generated-validation/9to1 Workspace/shared/src/Haven.Application/Imagine/ImagineProjectSession.Timeline.cs",
        "RootDir": "/",
        "Filename": "ImagineProjectSession.Timeline",
        "Extension": ".cs",
        "RelativeDir": "Imagine/",
        "Directory": "workspace/team-c/c3-admin-generated-validation/9to1 Workspace/shared/src/Haven.Application/Imagine/",
        "RecursiveDir": "Imagine/",
        "ModifiedTime": "",
        "CreatedTime": "",
        "AccessedTime": "",
        "DefiningProjectFullPath": "/workspace/.tools/dotnet/sdk/10.0.401/Sdks/Microsoft.NET.Sdk/targets/Microsoft.NET.Sdk.DefaultItems.props",
        "DefiningProjectDirectory": "/workspace/.tools/dotnet/sdk/10.0.401/Sdks/Microsoft.NET.Sdk/targets/",
        "DefiningProjectName": "Microsoft.NET.Sdk.DefaultItems",
        "DefiningProjectExtension": ".props"
      },
      {
        "Identity": "Imagine/ImagineSemanticService.cs",
        "FullPath": "/workspace/team-c/c3-admin-generated-validation/9to1 Workspace/shared/src/Haven.Application/Imagine/ImagineSemanticService.cs",
        "RootDir": "/",
        "Filename": "ImagineSemanticService",
        "Extension": ".cs",
        "RelativeDir": "Imagine/",
        "Directory": "workspace/team-c/c3-admin-generated-validation/9to1 Workspace/shared/src/Haven.Application/Imagine/",
        "RecursiveDir": "Imagine/",
        "ModifiedTime": "",
        "CreatedTime": "",
        "AccessedTime": "",
        "DefiningProjectFullPath": "/workspace/.tools/dotnet/sdk/10.0.401/Sdks/Microsoft.NET.Sdk/targets/Microsoft.NET.Sdk.DefaultItems.props",
        "DefiningProjectDirectory": "/workspace/.tools/dotnet/sdk/10.0.401/Sdks/Microsoft.NET.Sdk/targets/",
        "DefiningProjectName": "Microsoft.NET.Sdk.DefaultItems",
        "DefiningProjectExtension": ".props"
      },
      {
        "Identity": "Knowledge/KnowledgeAbstractions.cs",
        "FullPath": "/workspace/team-c/c3-admin-generated-validation/9to1 Workspace/shared/src/Haven.Application/Knowledge/KnowledgeAbstractions.cs",
        "RootDir": "/",
        "Filename": "KnowledgeAbstractions",
        "Extension": ".cs",
        "RelativeDir": "Knowledge/",
        "Directory": "workspace/team-c/c3-admin-generated-validation/9to1 Workspace/shared/src/Haven.Application/Knowledge/",
        "RecursiveDir": "Knowledge/",
        "ModifiedTime": "",
        "CreatedTime": "",
        "AccessedTime": "",
        "DefiningProjectFullPath": "/workspace/.tools/dotnet/sdk/10.0.401/Sdks/Microsoft.NET.Sdk/targets/Microsoft.NET.Sdk.DefaultItems.props",
        "DefiningProjectDirectory": "/workspace/.tools/dotnet/sdk/10.0.401/Sdks/Microsoft.NET.Sdk/targets/",
        "DefiningProjectName": "Microsoft.NET.Sdk.DefaultItems",
        "DefiningProjectExtension": ".props"
      },
      {
        "Identity": "Knowledge/MemoryInjection.cs",
        "FullPath": "/workspace/team-c/c3-admin-generated-validation/9to1 Workspace/shared/src/Haven.Application/Knowledge/MemoryInjection.cs",
        "RootDir": "/",
        "Filename": "MemoryInjection",
        "Extension": ".cs",
        "RelativeDir": "Knowledge/",
        "Directory": "workspace/team-c/c3-admin-generated-validation/9to1 Workspace/shared/src/Haven.Application/Knowledge/",
        "RecursiveDir": "Knowledge/",
        "ModifiedTime": "",
        "CreatedTime": "",
        "AccessedTime": "",
        "DefiningProjectFullPath": "/workspace/.tools/dotnet/sdk/10.0.401/Sdks/Microsoft.NET.Sdk/targets/Microsoft.NET.Sdk.DefaultItems.props",
        "DefiningProjectDirectory": "/workspace/.tools/dotnet/sdk/10.0.401/Sdks/Microsoft.NET.Sdk/targets/",
        "DefiningProjectName": "Microsoft.NET.Sdk.DefaultItems",
        "DefiningProjectExtension": ".props"
      },
      {
        "Identity": "Lifecycle/ApplicationLifecycleService.cs",
        "FullPath": "/workspace/team-c/c3-admin-generated-validation/9to1 Workspace/shared/src/Haven.Application/Lifecycle/ApplicationLifecycleService.cs",
        "RootDir": "/",
        "Filename": "ApplicationLifecycleService",
        "Extension": ".cs",
        "RelativeDir": "Lifecycle/",
        "Directory": "workspace/team-c/c3-admin-generated-validation/9to1 Workspace/shared/src/Haven.Application/Lifecycle/",
        "RecursiveDir": "Lifecycle/",
        "ModifiedTime": "",
        "CreatedTime": "",
        "AccessedTime": "",
        "DefiningProjectFullPath": "/workspace/.tools/dotnet/sdk/10.0.401/Sdks/Microsoft.NET.Sdk/targets/Microsoft.NET.Sdk.DefaultItems.props",
        "DefiningProjectDirectory": "/workspace/.tools/dotnet/sdk/10.0.401/Sdks/Microsoft.NET.Sdk/targets/",
        "DefiningProjectName": "Microsoft.NET.Sdk.DefaultItems",
        "DefiningProjectExtension": ".props"
      },
      {
        "Identity": "Lifecycle/DiagnosticsService.cs",
        "FullPath": "/workspace/team-c/c3-admin-generated-validation/9to1 Workspace/shared/src/Haven.Application/Lifecycle/DiagnosticsService.cs",
        "RootDir": "/",
        "Filename": "DiagnosticsService",
        "Extension": ".cs",
        "RelativeDir": "Lifecycle/",
        "Directory": "workspace/team-c/c3-admin-generated-validation/9to1 Workspace/shared/src/Haven.Application/Lifecycle/",
        "RecursiveDir": "Lifecycle/",
        "ModifiedTime": "",
        "CreatedTime": "",
        "AccessedTime": "",
        "DefiningProjectFullPath": "/workspace/.tools/dotnet/sdk/10.0.401/Sdks/Microsoft.NET.Sdk/targets/Microsoft.NET.Sdk.DefaultItems.props",
        "DefiningProjectDirectory": "/workspace/.tools/dotnet/sdk/10.0.401/Sdks/Microsoft.NET.Sdk/targets/",
        "DefiningProjectName": "Microsoft.NET.Sdk.DefaultItems",
        "DefiningProjectExtension": ".props"
      },
      {
        "Identity": "Lifecycle/SettingsEncryptionService.cs",
        "FullPath": "/workspace/team-c/c3-admin-generated-validation/9to1 Workspace/shared/src/Haven.Application/Lifecycle/SettingsEncryptionService.cs",
        "RootDir": "/",
        "Filename": "SettingsEncryptionService",
        "Extension": ".cs",
        "RelativeDir": "Lifecycle/",
        "Directory": "workspace/team-c/c3-admin-generated-validation/9to1 Workspace/shared/src/Haven.Application/Lifecycle/",
        "RecursiveDir": "Lifecycle/",
        "ModifiedTime": "",
        "CreatedTime": "",
        "AccessedTime": "",
        "DefiningProjectFullPath": "/workspace/.tools/dotnet/sdk/10.0.401/Sdks/Microsoft.NET.Sdk/targets/Microsoft.NET.Sdk.DefaultItems.props",
        "DefiningProjectDirectory": "/workspace/.tools/dotnet/sdk/10.0.401/Sdks/Microsoft.NET.Sdk/targets/",
        "DefiningProjectName": "Microsoft.NET.Sdk.DefaultItems",
        "DefiningProjectExtension": ".props"
      },
      {
        "Identity": "Lifecycle/SettingsExportService.cs",
        "FullPath": "/workspace/team-c/c3-admin-generated-validation/9to1 Workspace/shared/src/Haven.Application/Lifecycle/SettingsExportService.cs",
        "RootDir": "/",
        "Filename": "SettingsExportService",
        "Extension": ".cs",
        "RelativeDir": "Lifecycle/",
        "Directory": "workspace/team-c/c3-admin-generated-validation/9to1 Workspace/shared/src/Haven.Application/Lifecycle/",
        "RecursiveDir": "Lifecycle/",
        "ModifiedTime": "",
        "CreatedTime": "",
        "AccessedTime": "",
        "DefiningProjectFullPath": "/workspace/.tools/dotnet/sdk/10.0.401/Sdks/Microsoft.NET.Sdk/targets/Microsoft.NET.Sdk.DefaultItems.props",
        "DefiningProjectDirectory": "/workspace/.tools/dotnet/sdk/10.0.401/Sdks/Microsoft.NET.Sdk/targets/",
        "DefiningProjectName": "Microsoft.NET.Sdk.DefaultItems",
        "DefiningProjectExtension": ".props"
      },
      {
        "Identity": "Lifecycle/SingleInstanceService.cs",
        "FullPath": "/workspace/team-c/c3-admin-generated-validation/9to1 Workspace/shared/src/Haven.Application/Lifecycle/SingleInstanceService.cs",
        "RootDir": "/",
        "Filename": "SingleInstanceService",
        "Extension": ".cs",
        "RelativeDir": "Lifecycle/",
        "Directory": "workspace/team-c/c3-admin-generated-validation/9to1 Workspace/shared/src/Haven.Application/Lifecycle/",
        "RecursiveDir": "Lifecycle/",
        "ModifiedTime": "",
        "CreatedTime": "",
        "AccessedTime": "",
        "DefiningProjectFullPath": "/workspace/.tools/dotnet/sdk/10.0.401/Sdks/Microsoft.NET.Sdk/targets/Microsoft.NET.Sdk.DefaultItems.props",
        "DefiningProjectDirectory": "/workspace/.tools/dotnet/sdk/10.0.401/Sdks/Microsoft.NET.Sdk/targets/",
        "DefiningProjectName": "Microsoft.NET.Sdk.DefaultItems",
        "DefiningProjectExtension": ".props"
      },
      {
        "Identity": "LocalConversationShareAbstractions.cs",
        "FullPath": "/workspace/team-c/c3-admin-generated-validation/9to1 Workspace/shared/src/Haven.Application/LocalConversationShareAbstractions.cs",
        "RootDir": "/",
        "Filename": "LocalConversationShareAbstractions",
        "Extension": ".cs",
        "RelativeDir": "",
        "Directory": "workspace/team-c/c3-admin-generated-validation/9to1 Workspace/shared/src/Haven.Application/",
        "RecursiveDir": "",
        "ModifiedTime": "",
        "CreatedTime": "",
        "AccessedTime": "",
        "DefiningProjectFullPath": "/workspace/.tools/dotnet/sdk/10.0.401/Sdks/Microsoft.NET.Sdk/targets/Microsoft.NET.Sdk.DefaultItems.props",
        "DefiningProjectDirectory": "/workspace/.tools/dotnet/sdk/10.0.401/Sdks/Microsoft.NET.Sdk/targets/",
        "DefiningProjectName": "Microsoft.NET.Sdk.DefaultItems",
        "DefiningProjectExtension": ".props"
      },
      {
        "Identity": "LocalModelRuntimeAbstractions.cs",
        "FullPath": "/workspace/team-c/c3-admin-generated-validation/9to1 Workspace/shared/src/Haven.Application/LocalModelRuntimeAbstractions.cs",
        "RootDir": "/",
        "Filename": "LocalModelRuntimeAbstractions",
        "Extension": ".cs",
        "RelativeDir": "",
        "Directory": "workspace/team-c/c3-admin-generated-validation/9to1 Workspace/shared/src/Haven.Application/",
        "RecursiveDir": "",
        "ModifiedTime": "",
        "CreatedTime": "",
        "AccessedTime": "",
        "DefiningProjectFullPath": "/workspace/.tools/dotnet/sdk/10.0.401/Sdks/Microsoft.NET.Sdk/targets/Microsoft.NET.Sdk.DefaultItems.props",
        "DefiningProjectDirectory": "/workspace/.tools/dotnet/sdk/10.0.401/Sdks/Microsoft.NET.Sdk/targets/",
        "DefiningProjectName": "Microsoft.NET.Sdk.DefaultItems",
        "DefiningProjectExtension": ".props"
      },
      {
        "Identity": "LocalOllamaAbstractions.cs",
        "FullPath": "/workspace/team-c/c3-admin-generated-validation/9to1 Workspace/shared/src/Haven.Application/LocalOllamaAbstractions.cs",
        "RootDir": "/",
        "Filename": "LocalOllamaAbstractions",
        "Extension": ".cs",
        "RelativeDir": "",
        "Directory": "workspace/team-c/c3-admin-generated-validation/9to1 Workspace/shared/src/Haven.Application/",
        "RecursiveDir": "",
        "ModifiedTime": "",
        "CreatedTime": "",
        "AccessedTime": "",
        "DefiningProjectFullPath": "/workspace/.tools/dotnet/sdk/10.0.401/Sdks/Microsoft.NET.Sdk/targets/Microsoft.NET.Sdk.DefaultItems.props",
        "DefiningProjectDirectory": "/workspace/.tools/dotnet/sdk/10.0.401/Sdks/Microsoft.NET.Sdk/targets/",
        "DefiningProjectName": "Microsoft.NET.Sdk.DefaultItems",
        "DefiningProjectExtension": ".props"
      },
      {
        "Identity": "MailAbstractions.cs",
        "FullPath": "/workspace/team-c/c3-admin-generated-validation/9to1 Workspace/shared/src/Haven.Application/MailAbstractions.cs",
        "RootDir": "/",
        "Filename": "MailAbstractions",
        "Extension": ".cs",
        "RelativeDir": "",
        "Directory": "workspace/team-c/c3-admin-generated-validation/9to1 Workspace/shared/src/Haven.Application/",
        "RecursiveDir": "",
        "ModifiedTime": "",
        "CreatedTime": "",
        "AccessedTime": "",
        "DefiningProjectFullPath": "/workspace/.tools/dotnet/sdk/10.0.401/Sdks/Microsoft.NET.Sdk/targets/Microsoft.NET.Sdk.DefaultItems.props",
        "DefiningProjectDirectory": "/workspace/.tools/dotnet/sdk/10.0.401/Sdks/Microsoft.NET.Sdk/targets/",
        "DefiningProjectName": "Microsoft.NET.Sdk.DefaultItems",
        "DefiningProjectExtension": ".props"
      },
      {
        "Identity": "Maps/IMapRoutingCapabilities.cs",
        "FullPath": "/workspace/team-c/c3-admin-generated-validation/9to1 Workspace/shared/src/Haven.Application/Maps/IMapRoutingCapabilities.cs",
        "RootDir": "/",
        "Filename": "IMapRoutingCapabilities",
        "Extension": ".cs",
        "RelativeDir": "Maps/",
        "Directory": "workspace/team-c/c3-admin-generated-validation/9to1 Workspace/shared/src/Haven.Application/Maps/",
        "RecursiveDir": "Maps/",
        "ModifiedTime": "",
        "CreatedTime": "",
        "AccessedTime": "",
        "DefiningProjectFullPath": "/workspace/.tools/dotnet/sdk/10.0.401/Sdks/Microsoft.NET.Sdk/targets/Microsoft.NET.Sdk.DefaultItems.props",
        "DefiningProjectDirectory": "/workspace/.tools/dotnet/sdk/10.0.401/Sdks/Microsoft.NET.Sdk/targets/",
        "DefiningProjectName": "Microsoft.NET.Sdk.DefaultItems",
        "DefiningProjectExtension": ".props"
      },
      {
        "Identity": "Maps/IMapService.cs",
        "FullPath": "/workspace/team-c/c3-admin-generated-validation/9to1 Workspace/shared/src/Haven.Application/Maps/IMapService.cs",
        "RootDir": "/",
        "Filename": "IMapService",
        "Extension": ".cs",
        "RelativeDir": "Maps/",
        "Directory": "workspace/team-c/c3-admin-generated-validation/9to1 Workspace/shared/src/Haven.Application/Maps/",
        "RecursiveDir": "Maps/",
        "ModifiedTime": "",
        "CreatedTime": "",
        "AccessedTime": "",
        "DefiningProjectFullPath": "/workspace/.tools/dotnet/sdk/10.0.401/Sdks/Microsoft.NET.Sdk/targets/Microsoft.NET.Sdk.DefaultItems.props",
        "DefiningProjectDirectory": "/workspace/.tools/dotnet/sdk/10.0.401/Sdks/Microsoft.NET.Sdk/targets/",
        "DefiningProjectName": "Microsoft.NET.Sdk.DefaultItems",
        "DefiningProjectExtension": ".props"
      },
      {
        "Identity": "Maps/MapsCapabilityActions.cs",
        "FullPath": "/workspace/team-c/c3-admin-generated-validation/9to1 Workspace/shared/src/Haven.Application/Maps/MapsCapabilityActions.cs",
        "RootDir": "/",
        "Filename": "MapsCapabilityActions",
        "Extension": ".cs",
        "RelativeDir": "Maps/",
        "Directory": "workspace/team-c/c3-admin-generated-validation/9to1 Workspace/shared/src/Haven.Application/Maps/",
        "RecursiveDir": "Maps/",
        "ModifiedTime": "",
        "CreatedTime": "",
        "AccessedTime": "",
        "DefiningProjectFullPath": "/workspace/.tools/dotnet/sdk/10.0.401/Sdks/Microsoft.NET.Sdk/targets/Microsoft.NET.Sdk.DefaultItems.props",
        "DefiningProjectDirectory": "/workspace/.tools/dotnet/sdk/10.0.401/Sdks/Microsoft.NET.Sdk/targets/",
        "DefiningProjectName": "Microsoft.NET.Sdk.DefaultItems",
        "DefiningProjectExtension": ".props"
      },
      {
        "Identity": "Maps/MapsDomainLogic.cs",
        "FullPath": "/workspace/team-c/c3-admin-generated-validation/9to1 Workspace/shared/src/Haven.Application/Maps/MapsDomainLogic.cs",
        "RootDir": "/",
        "Filename": "MapsDomainLogic",
        "Extension": ".cs",
        "RelativeDir": "Maps/",
        "Directory": "workspace/team-c/c3-admin-generated-validation/9to1 Workspace/shared/src/Haven.Application/Maps/",
        "RecursiveDir": "Maps/",
        "ModifiedTime": "",
        "CreatedTime": "",
        "AccessedTime": "",
        "DefiningProjectFullPath": "/workspace/.tools/dotnet/sdk/10.0.401/Sdks/Microsoft.NET.Sdk/targets/Microsoft.NET.Sdk.DefaultItems.props",
        "DefiningProjectDirectory": "/workspace/.tools/dotnet/sdk/10.0.401/Sdks/Microsoft.NET.Sdk/targets/",
        "DefiningProjectName": "Microsoft.NET.Sdk.DefaultItems",
        "DefiningProjectExtension": ".props"
      },
      {
        "Identity": "Maps/MapsJourneyCommitAuthority.cs",
        "FullPath": "/workspace/team-c/c3-admin-generated-validation/9to1 Workspace/shared/src/Haven.Application/Maps/MapsJourneyCommitAuthority.cs",
        "RootDir": "/",
        "Filename": "MapsJourneyCommitAuthority",
        "Extension": ".cs",
        "RelativeDir": "Maps/",
        "Directory": "workspace/team-c/c3-admin-generated-validation/9to1 Workspace/shared/src/Haven.Application/Maps/",
        "RecursiveDir": "Maps/",
        "ModifiedTime": "",
        "CreatedTime": "",
        "AccessedTime": "",
        "DefiningProjectFullPath": "/workspace/.tools/dotnet/sdk/10.0.401/Sdks/Microsoft.NET.Sdk/targets/Microsoft.NET.Sdk.DefaultItems.props",
        "DefiningProjectDirectory": "/workspace/.tools/dotnet/sdk/10.0.401/Sdks/Microsoft.NET.Sdk/targets/",
        "DefiningProjectName": "Microsoft.NET.Sdk.DefaultItems",
        "DefiningProjectExtension": ".props"
      },
      {
        "Identity": "Maps/MapsJourneyPlannerReferences.cs",
        "FullPath": "/workspace/team-c/c3-admin-generated-validation/9to1 Workspace/shared/src/Haven.Application/Maps/MapsJourneyPlannerReferences.cs",
        "RootDir": "/",
        "Filename": "MapsJourneyPlannerReferences",
        "Extension": ".cs",
        "RelativeDir": "Maps/",
        "Directory": "workspace/team-c/c3-admin-generated-validation/9to1 Workspace/shared/src/Haven.Application/Maps/",
        "RecursiveDir": "Maps/",
        "ModifiedTime": "",
        "CreatedTime": "",
        "AccessedTime": "",
        "DefiningProjectFullPath": "/workspace/.tools/dotnet/sdk/10.0.401/Sdks/Microsoft.NET.Sdk/targets/Microsoft.NET.Sdk.DefaultItems.props",
        "DefiningProjectDirectory": "/workspace/.tools/dotnet/sdk/10.0.401/Sdks/Microsoft.NET.Sdk/targets/",
        "DefiningProjectName": "Microsoft.NET.Sdk.DefaultItems",
        "DefiningProjectExtension": ".props"
      },
      {
        "Identity": "Maps/MapsJourneyResourceResolver.cs",
        "FullPath": "/workspace/team-c/c3-admin-generated-validation/9to1 Workspace/shared/src/Haven.Application/Maps/MapsJourneyResourceResolver.cs",
        "RootDir": "/",
        "Filename": "MapsJourneyResourceResolver",
        "Extension": ".cs",
        "RelativeDir": "Maps/",
        "Directory": "workspace/team-c/c3-admin-generated-validation/9to1 Workspace/shared/src/Haven.Application/Maps/",
        "RecursiveDir": "Maps/",
        "ModifiedTime": "",
        "CreatedTime": "",
        "AccessedTime": "",
        "DefiningProjectFullPath": "/workspace/.tools/dotnet/sdk/10.0.401/Sdks/Microsoft.NET.Sdk/targets/Microsoft.NET.Sdk.DefaultItems.props",
        "DefiningProjectDirectory": "/workspace/.tools/dotnet/sdk/10.0.401/Sdks/Microsoft.NET.Sdk/targets/",
        "DefiningProjectName": "Microsoft.NET.Sdk.DefaultItems",
        "DefiningProjectExtension": ".props"
      },
      {
        "Identity": "Maps/MapsJourneyService.cs",
        "FullPath": "/workspace/team-c/c3-admin-generated-validation/9to1 Workspace/shared/src/Haven.Application/Maps/MapsJourneyService.cs",
        "RootDir": "/",
        "Filename": "MapsJourneyService",
        "Extension": ".cs",
        "RelativeDir": "Maps/",
        "Directory": "workspace/team-c/c3-admin-generated-validation/9to1 Workspace/shared/src/Haven.Application/Maps/",
        "RecursiveDir": "Maps/",
        "ModifiedTime": "",
        "CreatedTime": "",
        "AccessedTime": "",
        "DefiningProjectFullPath": "/workspace/.tools/dotnet/sdk/10.0.401/Sdks/Microsoft.NET.Sdk/targets/Microsoft.NET.Sdk.DefaultItems.props",
        "DefiningProjectDirectory": "/workspace/.tools/dotnet/sdk/10.0.401/Sdks/Microsoft.NET.Sdk/targets/",
        "DefiningProjectName": "Microsoft.NET.Sdk.DefaultItems",
        "DefiningProjectExtension": ".props"
      },
      {
        "Identity": "Maps/MapsOwnedMutationReceipt.cs",
        "FullPath": "/workspace/team-c/c3-admin-generated-validation/9to1 Workspace/shared/src/Haven.Application/Maps/MapsOwnedMutationReceipt.cs",
        "RootDir": "/",
        "Filename": "MapsOwnedMutationReceipt",
        "Extension": ".cs",
        "RelativeDir": "Maps/",
        "Directory": "workspace/team-c/c3-admin-generated-validation/9to1 Workspace/shared/src/Haven.Application/Maps/",
        "RecursiveDir": "Maps/",
        "ModifiedTime": "",
        "CreatedTime": "",
        "AccessedTime": "",
        "DefiningProjectFullPath": "/workspace/.tools/dotnet/sdk/10.0.401/Sdks/Microsoft.NET.Sdk/targets/Microsoft.NET.Sdk.DefaultItems.props",
        "DefiningProjectDirectory": "/workspace/.tools/dotnet/sdk/10.0.401/Sdks/Microsoft.NET.Sdk/targets/",
        "DefiningProjectName": "Microsoft.NET.Sdk.DefaultItems",
        "DefiningProjectExtension": ".props"
      },
      {
        "Identity": "Maps/MapsPlannerJourneyService.cs",
        "FullPath": "/workspace/team-c/c3-admin-generated-validation/9to1 Workspace/shared/src/Haven.Application/Maps/MapsPlannerJourneyService.cs",
        "RootDir": "/",
        "Filename": "MapsPlannerJourneyService",
        "Extension": ".cs",
        "RelativeDir": "Maps/",
        "Directory": "workspace/team-c/c3-admin-generated-validation/9to1 Workspace/shared/src/Haven.Application/Maps/",
        "RecursiveDir": "Maps/",
        "ModifiedTime": "",
        "CreatedTime": "",
        "AccessedTime": "",
        "DefiningProjectFullPath": "/workspace/.tools/dotnet/sdk/10.0.401/Sdks/Microsoft.NET.Sdk/targets/Microsoft.NET.Sdk.DefaultItems.props",
        "DefiningProjectDirectory": "/workspace/.tools/dotnet/sdk/10.0.401/Sdks/Microsoft.NET.Sdk/targets/",
        "DefiningProjectName": "Microsoft.NET.Sdk.DefaultItems",
        "DefiningProjectExtension": ".props"
      },
      {
        "Identity": "Mathematics/GraphEditorSession.cs",
        "FullPath": "/workspace/team-c/c3-admin-generated-validation/9to1 Workspace/shared/src/Haven.Application/Mathematics/GraphEditorSession.cs",
        "RootDir": "/",
        "Filename": "GraphEditorSession",
        "Extension": ".cs",
        "RelativeDir": "Mathematics/",
        "Directory": "workspace/team-c/c3-admin-generated-validation/9to1 Workspace/shared/src/Haven.Application/Mathematics/",
        "RecursiveDir": "Mathematics/",
        "ModifiedTime": "",
        "CreatedTime": "",
        "AccessedTime": "",
        "DefiningProjectFullPath": "/workspace/.tools/dotnet/sdk/10.0.401/Sdks/Microsoft.NET.Sdk/targets/Microsoft.NET.Sdk.DefaultItems.props",
        "DefiningProjectDirectory": "/workspace/.tools/dotnet/sdk/10.0.401/Sdks/Microsoft.NET.Sdk/targets/",
        "DefiningProjectName": "Microsoft.NET.Sdk.DefaultItems",
        "DefiningProjectExtension": ".props"
      },
      {
        "Identity": "Mathematics/MathEditorSession.cs",
        "FullPath": "/workspace/team-c/c3-admin-generated-validation/9to1 Workspace/shared/src/Haven.Application/Mathematics/MathEditorSession.cs",
        "RootDir": "/",
        "Filename": "MathEditorSession",
        "Extension": ".cs",
        "RelativeDir": "Mathematics/",
        "Directory": "workspace/team-c/c3-admin-generated-validation/9to1 Workspace/shared/src/Haven.Application/Mathematics/",
        "RecursiveDir": "Mathematics/",
        "ModifiedTime": "",
        "CreatedTime": "",
        "AccessedTime": "",
        "DefiningProjectFullPath": "/workspace/.tools/dotnet/sdk/10.0.401/Sdks/Microsoft.NET.Sdk/targets/Microsoft.NET.Sdk.DefaultItems.props",
        "DefiningProjectDirectory": "/workspace/.tools/dotnet/sdk/10.0.401/Sdks/Microsoft.NET.Sdk/targets/",
        "DefiningProjectName": "Microsoft.NET.Sdk.DefaultItems",
        "DefiningProjectExtension": ".props"
      },
      {
        "Identity": "Mathematics/MathSyntaxContracts.cs",
        "FullPath": "/workspace/team-c/c3-admin-generated-validation/9to1 Workspace/shared/src/Haven.Application/Mathematics/MathSyntaxContracts.cs",
        "RootDir": "/",
        "Filename": "MathSyntaxContracts",
        "Extension": ".cs",
        "RelativeDir": "Mathematics/",
        "Directory": "workspace/team-c/c3-admin-generated-validation/9to1 Workspace/shared/src/Haven.Application/Mathematics/",
        "RecursiveDir": "Mathematics/",
        "ModifiedTime": "",
        "CreatedTime": "",
        "AccessedTime": "",
        "DefiningProjectFullPath": "/workspace/.tools/dotnet/sdk/10.0.401/Sdks/Microsoft.NET.Sdk/targets/Microsoft.NET.Sdk.DefaultItems.props",
        "DefiningProjectDirectory": "/workspace/.tools/dotnet/sdk/10.0.401/Sdks/Microsoft.NET.Sdk/targets/",
        "DefiningProjectName": "Microsoft.NET.Sdk.DefaultItems",
        "DefiningProjectExtension": ".props"
      },
      {
        "Identity": "Mesh/MeshAbstractions.cs",
        "FullPath": "/workspace/team-c/c3-admin-generated-validation/9to1 Workspace/shared/src/Haven.Application/Mesh/MeshAbstractions.cs",
        "RootDir": "/",
        "Filename": "MeshAbstractions",
        "Extension": ".cs",
        "RelativeDir": "Mesh/",
        "Directory": "workspace/team-c/c3-admin-generated-validation/9to1 Workspace/shared/src/Haven.Application/Mesh/",
        "RecursiveDir": "Mesh/",
        "ModifiedTime": "",
        "CreatedTime": "",
        "AccessedTime": "",
        "DefiningProjectFullPath": "/workspace/.tools/dotnet/sdk/10.0.401/Sdks/Microsoft.NET.Sdk/targets/Microsoft.NET.Sdk.DefaultItems.props",
        "DefiningProjectDirectory": "/workspace/.tools/dotnet/sdk/10.0.401/Sdks/Microsoft.NET.Sdk/targets/",
        "DefiningProjectName": "Microsoft.NET.Sdk.DefaultItems",
        "DefiningProjectExtension": ".props"
      },
      {
        "Identity": "Mesh/MeshCoordinator.cs",
        "FullPath": "/workspace/team-c/c3-admin-generated-validation/9to1 Workspace/shared/src/Haven.Application/Mesh/MeshCoordinator.cs",
        "RootDir": "/",
        "Filename": "MeshCoordinator",
        "Extension": ".cs",
        "RelativeDir": "Mesh/",
        "Directory": "workspace/team-c/c3-admin-generated-validation/9to1 Workspace/shared/src/Haven.Application/Mesh/",
        "RecursiveDir": "Mesh/",
        "ModifiedTime": "",
        "CreatedTime": "",
        "AccessedTime": "",
        "DefiningProjectFullPath": "/workspace/.tools/dotnet/sdk/10.0.401/Sdks/Microsoft.NET.Sdk/targets/Microsoft.NET.Sdk.DefaultItems.props",
        "DefiningProjectDirectory": "/workspace/.tools/dotnet/sdk/10.0.401/Sdks/Microsoft.NET.Sdk/targets/",
        "DefiningProjectName": "Microsoft.NET.Sdk.DefaultItems",
        "DefiningProjectExtension": ".props"
      },
      {
        "Identity": "Mesh/MeshCoordinator.DeviceActions.cs",
        "FullPath": "/workspace/team-c/c3-admin-generated-validation/9to1 Workspace/shared/src/Haven.Application/Mesh/MeshCoordinator.DeviceActions.cs",
        "RootDir": "/",
        "Filename": "MeshCoordinator.DeviceActions",
        "Extension": ".cs",
        "RelativeDir": "Mesh/",
        "Directory": "workspace/team-c/c3-admin-generated-validation/9to1 Workspace/shared/src/Haven.Application/Mesh/",
        "RecursiveDir": "Mesh/",
        "ModifiedTime": "",
        "CreatedTime": "",
        "AccessedTime": "",
        "DefiningProjectFullPath": "/workspace/.tools/dotnet/sdk/10.0.401/Sdks/Microsoft.NET.Sdk/targets/Microsoft.NET.Sdk.DefaultItems.props",
        "DefiningProjectDirectory": "/workspace/.tools/dotnet/sdk/10.0.401/Sdks/Microsoft.NET.Sdk/targets/",
        "DefiningProjectName": "Microsoft.NET.Sdk.DefaultItems",
        "DefiningProjectExtension": ".props"
      },
      {
        "Identity": "Mesh/MeshCoordinator.Discovery.cs",
        "FullPath": "/workspace/team-c/c3-admin-generated-validation/9to1 Workspace/shared/src/Haven.Application/Mesh/MeshCoordinator.Discovery.cs",
        "RootDir": "/",
        "Filename": "MeshCoordinator.Discovery",
        "Extension": ".cs",
        "RelativeDir": "Mesh/",
        "Directory": "workspace/team-c/c3-admin-generated-validation/9to1 Workspace/shared/src/Haven.Application/Mesh/",
        "RecursiveDir": "Mesh/",
        "ModifiedTime": "",
        "CreatedTime": "",
        "AccessedTime": "",
        "DefiningProjectFullPath": "/workspace/.tools/dotnet/sdk/10.0.401/Sdks/Microsoft.NET.Sdk/targets/Microsoft.NET.Sdk.DefaultItems.props",
        "DefiningProjectDirectory": "/workspace/.tools/dotnet/sdk/10.0.401/Sdks/Microsoft.NET.Sdk/targets/",
        "DefiningProjectName": "Microsoft.NET.Sdk.DefaultItems",
        "DefiningProjectExtension": ".props"
      },
      {
        "Identity": "Mesh/MeshCoordinator.RemoteRuntime.cs",
        "FullPath": "/workspace/team-c/c3-admin-generated-validation/9to1 Workspace/shared/src/Haven.Application/Mesh/MeshCoordinator.RemoteRuntime.cs",
        "RootDir": "/",
        "Filename": "MeshCoordinator.RemoteRuntime",
        "Extension": ".cs",
        "RelativeDir": "Mesh/",
        "Directory": "workspace/team-c/c3-admin-generated-validation/9to1 Workspace/shared/src/Haven.Application/Mesh/",
        "RecursiveDir": "Mesh/",
        "ModifiedTime": "",
        "CreatedTime": "",
        "AccessedTime": "",
        "DefiningProjectFullPath": "/workspace/.tools/dotnet/sdk/10.0.401/Sdks/Microsoft.NET.Sdk/targets/Microsoft.NET.Sdk.DefaultItems.props",
        "DefiningProjectDirectory": "/workspace/.tools/dotnet/sdk/10.0.401/Sdks/Microsoft.NET.Sdk/targets/",
        "DefiningProjectName": "Microsoft.NET.Sdk.DefaultItems",
        "DefiningProjectExtension": ".props"
      },
      {
        "Identity": "Mesh/MeshCoordinator.Tasks.cs",
        "FullPath": "/workspace/team-c/c3-admin-generated-validation/9to1 Workspace/shared/src/Haven.Application/Mesh/MeshCoordinator.Tasks.cs",
        "RootDir": "/",
        "Filename": "MeshCoordinator.Tasks",
        "Extension": ".cs",
        "RelativeDir": "Mesh/",
        "Directory": "workspace/team-c/c3-admin-generated-validation/9to1 Workspace/shared/src/Haven.Application/Mesh/",
        "RecursiveDir": "Mesh/",
        "ModifiedTime": "",
        "CreatedTime": "",
        "AccessedTime": "",
        "DefiningProjectFullPath": "/workspace/.tools/dotnet/sdk/10.0.401/Sdks/Microsoft.NET.Sdk/targets/Microsoft.NET.Sdk.DefaultItems.props",
        "DefiningProjectDirectory": "/workspace/.tools/dotnet/sdk/10.0.401/Sdks/Microsoft.NET.Sdk/targets/",
        "DefiningProjectName": "Microsoft.NET.Sdk.DefaultItems",
        "DefiningProjectExtension": ".props"
      },
      {
        "Identity": "Mesh/MeshCoordinator.Transfers.cs",
        "FullPath": "/workspace/team-c/c3-admin-generated-validation/9to1 Workspace/shared/src/Haven.Application/Mesh/MeshCoordinator.Transfers.cs",
        "RootDir": "/",
        "Filename": "MeshCoordinator.Transfers",
        "Extension": ".cs",
        "RelativeDir": "Mesh/",
        "Directory": "workspace/team-c/c3-admin-generated-validation/9to1 Workspace/shared/src/Haven.Application/Mesh/",
        "RecursiveDir": "Mesh/",
        "ModifiedTime": "",
        "CreatedTime": "",
        "AccessedTime": "",
        "DefiningProjectFullPath": "/workspace/.tools/dotnet/sdk/10.0.401/Sdks/Microsoft.NET.Sdk/targets/Microsoft.NET.Sdk.DefaultItems.props",
        "DefiningProjectDirectory": "/workspace/.tools/dotnet/sdk/10.0.401/Sdks/Microsoft.NET.Sdk/targets/",
        "DefiningProjectName": "Microsoft.NET.Sdk.DefaultItems",
        "DefiningProjectExtension": ".props"
      },
      {
        "Identity": "Mesh/MeshCoordinator.WorkMode.Commands.cs",
        "FullPath": "/workspace/team-c/c3-admin-generated-validation/9to1 Workspace/shared/src/Haven.Application/Mesh/MeshCoordinator.WorkMode.Commands.cs",
        "RootDir": "/",
        "Filename": "MeshCoordinator.WorkMode.Commands",
        "Extension": ".cs",
        "RelativeDir": "Mesh/",
        "Directory": "workspace/team-c/c3-admin-generated-validation/9to1 Workspace/shared/src/Haven.Application/Mesh/",
        "RecursiveDir": "Mesh/",
        "ModifiedTime": "",
        "CreatedTime": "",
        "AccessedTime": "",
        "DefiningProjectFullPath": "/workspace/.tools/dotnet/sdk/10.0.401/Sdks/Microsoft.NET.Sdk/targets/Microsoft.NET.Sdk.DefaultItems.props",
        "DefiningProjectDirectory": "/workspace/.tools/dotnet/sdk/10.0.401/Sdks/Microsoft.NET.Sdk/targets/",
        "DefiningProjectName": "Microsoft.NET.Sdk.DefaultItems",
        "DefiningProjectExtension": ".props"
      },
      {
        "Identity": "Mesh/MeshCoordinator.WorkMode.Configuration.cs",
        "FullPath": "/workspace/team-c/c3-admin-generated-validation/9to1 Workspace/shared/src/Haven.Application/Mesh/MeshCoordinator.WorkMode.Configuration.cs",
        "RootDir": "/",
        "Filename": "MeshCoordinator.WorkMode.Configuration",
        "Extension": ".cs",
        "RelativeDir": "Mesh/",
        "Directory": "workspace/team-c/c3-admin-generated-validation/9to1 Workspace/shared/src/Haven.Application/Mesh/",
        "RecursiveDir": "Mesh/",
        "ModifiedTime": "",
        "CreatedTime": "",
        "AccessedTime": "",
        "DefiningProjectFullPath": "/workspace/.tools/dotnet/sdk/10.0.401/Sdks/Microsoft.NET.Sdk/targets/Microsoft.NET.Sdk.DefaultItems.props",
        "DefiningProjectDirectory": "/workspace/.tools/dotnet/sdk/10.0.401/Sdks/Microsoft.NET.Sdk/targets/",
        "DefiningProjectName": "Microsoft.NET.Sdk.DefaultItems",
        "DefiningProjectExtension": ".props"
      },
      {
        "Identity": "Mesh/MeshCoordinator.WorkMode.Coordination.cs",
        "FullPath": "/workspace/team-c/c3-admin-generated-validation/9to1 Workspace/shared/src/Haven.Application/Mesh/MeshCoordinator.WorkMode.Coordination.cs",
        "RootDir": "/",
        "Filename": "MeshCoordinator.WorkMode.Coordination",
        "Extension": ".cs",
        "RelativeDir": "Mesh/",
        "Directory": "workspace/team-c/c3-admin-generated-validation/9to1 Workspace/shared/src/Haven.Application/Mesh/",
        "RecursiveDir": "Mesh/",
        "ModifiedTime": "",
        "CreatedTime": "",
        "AccessedTime": "",
        "DefiningProjectFullPath": "/workspace/.tools/dotnet/sdk/10.0.401/Sdks/Microsoft.NET.Sdk/targets/Microsoft.NET.Sdk.DefaultItems.props",
        "DefiningProjectDirectory": "/workspace/.tools/dotnet/sdk/10.0.401/Sdks/Microsoft.NET.Sdk/targets/",
        "DefiningProjectName": "Microsoft.NET.Sdk.DefaultItems",
        "DefiningProjectExtension": ".props"
      },
      {
        "Identity": "Mesh/MeshCoordinator.WorkMode.Messaging.cs",
        "FullPath": "/workspace/team-c/c3-admin-generated-validation/9to1 Workspace/shared/src/Haven.Application/Mesh/MeshCoordinator.WorkMode.Messaging.cs",
        "RootDir": "/",
        "Filename": "MeshCoordinator.WorkMode.Messaging",
        "Extension": ".cs",
        "RelativeDir": "Mesh/",
        "Directory": "workspace/team-c/c3-admin-generated-validation/9to1 Workspace/shared/src/Haven.Application/Mesh/",
        "RecursiveDir": "Mesh/",
        "ModifiedTime": "",
        "CreatedTime": "",
        "AccessedTime": "",
        "DefiningProjectFullPath": "/workspace/.tools/dotnet/sdk/10.0.401/Sdks/Microsoft.NET.Sdk/targets/Microsoft.NET.Sdk.DefaultItems.props",
        "DefiningProjectDirectory": "/workspace/.tools/dotnet/sdk/10.0.401/Sdks/Microsoft.NET.Sdk/targets/",
        "DefiningProjectName": "Microsoft.NET.Sdk.DefaultItems",
        "DefiningProjectExtension": ".props"
      },
      {
        "Identity": "Mesh/MeshDeviceActionProvider.cs",
        "FullPath": "/workspace/team-c/c3-admin-generated-validation/9to1 Workspace/shared/src/Haven.Application/Mesh/MeshDeviceActionProvider.cs",
        "RootDir": "/",
        "Filename": "MeshDeviceActionProvider",
        "Extension": ".cs",
        "RelativeDir": "Mesh/",
        "Directory": "workspace/team-c/c3-admin-generated-validation/9to1 Workspace/shared/src/Haven.Application/Mesh/",
        "RecursiveDir": "Mesh/",
        "ModifiedTime": "",
        "CreatedTime": "",
        "AccessedTime": "",
        "DefiningProjectFullPath": "/workspace/.tools/dotnet/sdk/10.0.401/Sdks/Microsoft.NET.Sdk/targets/Microsoft.NET.Sdk.DefaultItems.props",
        "DefiningProjectDirectory": "/workspace/.tools/dotnet/sdk/10.0.401/Sdks/Microsoft.NET.Sdk/targets/",
        "DefiningProjectName": "Microsoft.NET.Sdk.DefaultItems",
        "DefiningProjectExtension": ".props"
      },
      {
        "Identity": "Mesh/MeshRemoteModelProvider.cs",
        "FullPath": "/workspace/team-c/c3-admin-generated-validation/9to1 Workspace/shared/src/Haven.Application/Mesh/MeshRemoteModelProvider.cs",
        "RootDir": "/",
        "Filename": "MeshRemoteModelProvider",
        "Extension": ".cs",
        "RelativeDir": "Mesh/",
        "Directory": "workspace/team-c/c3-admin-generated-validation/9to1 Workspace/shared/src/Haven.Application/Mesh/",
        "RecursiveDir": "Mesh/",
        "ModifiedTime": "",
        "CreatedTime": "",
        "AccessedTime": "",
        "DefiningProjectFullPath": "/workspace/.tools/dotnet/sdk/10.0.401/Sdks/Microsoft.NET.Sdk/targets/Microsoft.NET.Sdk.DefaultItems.props",
        "DefiningProjectDirectory": "/workspace/.tools/dotnet/sdk/10.0.401/Sdks/Microsoft.NET.Sdk/targets/",
        "DefiningProjectName": "Microsoft.NET.Sdk.DefaultItems",
        "DefiningProjectExtension": ".props"
      },
      {
        "Identity": "Mesh/MeshTransferAbstractions.cs",
        "FullPath": "/workspace/team-c/c3-admin-generated-validation/9to1 Workspace/shared/src/Haven.Application/Mesh/MeshTransferAbstractions.cs",
        "RootDir": "/",
        "Filename": "MeshTransferAbstractions",
        "Extension": ".cs",
        "RelativeDir": "Mesh/",
        "Directory": "workspace/team-c/c3-admin-generated-validation/9to1 Workspace/shared/src/Haven.Application/Mesh/",
        "RecursiveDir": "Mesh/",
        "ModifiedTime": "",
        "CreatedTime": "",
        "AccessedTime": "",
        "DefiningProjectFullPath": "/workspace/.tools/dotnet/sdk/10.0.401/Sdks/Microsoft.NET.Sdk/targets/Microsoft.NET.Sdk.DefaultItems.props",
        "DefiningProjectDirectory": "/workspace/.tools/dotnet/sdk/10.0.401/Sdks/Microsoft.NET.Sdk/targets/",
        "DefiningProjectName": "Microsoft.NET.Sdk.DefaultItems",
        "DefiningProjectExtension": ".props"
      },
      {
        "Identity": "Misc/AccessibilityService.cs",
        "FullPath": "/workspace/team-c/c3-admin-generated-validation/9to1 Workspace/shared/src/Haven.Application/Misc/AccessibilityService.cs",
        "RootDir": "/",
        "Filename": "AccessibilityService",
        "Extension": ".cs",
        "RelativeDir": "Misc/",
        "Directory": "workspace/team-c/c3-admin-generated-validation/9to1 Workspace/shared/src/Haven.Application/Misc/",
        "RecursiveDir": "Misc/",
        "ModifiedTime": "",
        "CreatedTime": "",
        "AccessedTime": "",
        "DefiningProjectFullPath": "/workspace/.tools/dotnet/sdk/10.0.401/Sdks/Microsoft.NET.Sdk/targets/Microsoft.NET.Sdk.DefaultItems.props",
        "DefiningProjectDirectory": "/workspace/.tools/dotnet/sdk/10.0.401/Sdks/Microsoft.NET.Sdk/targets/",
        "DefiningProjectName": "Microsoft.NET.Sdk.DefaultItems",
        "DefiningProjectExtension": ".props"
      },
      {
        "Identity": "Misc/FilesystemActionService.cs",
        "FullPath": "/workspace/team-c/c3-admin-generated-validation/9to1 Workspace/shared/src/Haven.Application/Misc/FilesystemActionService.cs",
        "RootDir": "/",
        "Filename": "FilesystemActionService",
        "Extension": ".cs",
        "RelativeDir": "Misc/",
        "Directory": "workspace/team-c/c3-admin-generated-validation/9to1 Workspace/shared/src/Haven.Application/Misc/",
        "RecursiveDir": "Misc/",
        "ModifiedTime": "",
        "CreatedTime": "",
        "AccessedTime": "",
        "DefiningProjectFullPath": "/workspace/.tools/dotnet/sdk/10.0.401/Sdks/Microsoft.NET.Sdk/targets/Microsoft.NET.Sdk.DefaultItems.props",
        "DefiningProjectDirectory": "/workspace/.tools/dotnet/sdk/10.0.401/Sdks/Microsoft.NET.Sdk/targets/",
        "DefiningProjectName": "Microsoft.NET.Sdk.DefaultItems",
        "DefiningProjectExtension": ".props"
      },
      {
        "Identity": "Misc/KeybindingService.cs",
        "FullPath": "/workspace/team-c/c3-admin-generated-validation/9to1 Workspace/shared/src/Haven.Application/Misc/KeybindingService.cs",
        "RootDir": "/",
        "Filename": "KeybindingService",
        "Extension": ".cs",
        "RelativeDir": "Misc/",
        "Directory": "workspace/team-c/c3-admin-generated-validation/9to1 Workspace/shared/src/Haven.Application/Misc/",
        "RecursiveDir": "Misc/",
        "ModifiedTime": "",
        "CreatedTime": "",
        "AccessedTime": "",
        "DefiningProjectFullPath": "/workspace/.tools/dotnet/sdk/10.0.401/Sdks/Microsoft.NET.Sdk/targets/Microsoft.NET.Sdk.DefaultItems.props",
        "DefiningProjectDirectory": "/workspace/.tools/dotnet/sdk/10.0.401/Sdks/Microsoft.NET.Sdk/targets/",
        "DefiningProjectName": "Microsoft.NET.Sdk.DefaultItems",
        "DefiningProjectExtension": ".props"
      },
      {
        "Identity": "Misc/SurfaceOrchestrationService.cs",
        "FullPath": "/workspace/team-c/c3-admin-generated-validation/9to1 Workspace/shared/src/Haven.Application/Misc/SurfaceOrchestrationService.cs",
        "RootDir": "/",
        "Filename": "SurfaceOrchestrationService",
        "Extension": ".cs",
        "RelativeDir": "Misc/",
        "Directory": "workspace/team-c/c3-admin-generated-validation/9to1 Workspace/shared/src/Haven.Application/Misc/",
        "RecursiveDir": "Misc/",
        "ModifiedTime": "",
        "CreatedTime": "",
        "AccessedTime": "",
        "DefiningProjectFullPath": "/workspace/.tools/dotnet/sdk/10.0.401/Sdks/Microsoft.NET.Sdk/targets/Microsoft.NET.Sdk.DefaultItems.props",
        "DefiningProjectDirectory": "/workspace/.tools/dotnet/sdk/10.0.401/Sdks/Microsoft.NET.Sdk/targets/",
        "DefiningProjectName": "Microsoft.NET.Sdk.DefaultItems",
        "DefiningProjectExtension": ".props"
      },
      {
        "Identity": "Misc/VisualMotionPreferences.cs",
        "FullPath": "/workspace/team-c/c3-admin-generated-validation/9to1 Workspace/shared/src/Haven.Application/Misc/VisualMotionPreferences.cs",
        "RootDir": "/",
        "Filename": "VisualMotionPreferences",
        "Extension": ".cs",
        "RelativeDir": "Misc/",
        "Directory": "workspace/team-c/c3-admin-generated-validation/9to1 Workspace/shared/src/Haven.Application/Misc/",
        "RecursiveDir": "Misc/",
        "ModifiedTime": "",
        "CreatedTime": "",
        "AccessedTime": "",
        "DefiningProjectFullPath": "/workspace/.tools/dotnet/sdk/10.0.401/Sdks/Microsoft.NET.Sdk/targets/Microsoft.NET.Sdk.DefaultItems.props",
        "DefiningProjectDirectory": "/workspace/.tools/dotnet/sdk/10.0.401/Sdks/Microsoft.NET.Sdk/targets/",
        "DefiningProjectName": "Microsoft.NET.Sdk.DefaultItems",
        "DefiningProjectExtension": ".props"
      },
      {
        "Identity": "Misc/WorkspaceChangeSetService.cs",
        "FullPath": "/workspace/team-c/c3-admin-generated-validation/9to1 Workspace/shared/src/Haven.Application/Misc/WorkspaceChangeSetService.cs",
        "RootDir": "/",
        "Filename": "WorkspaceChangeSetService",
        "Extension": ".cs",
        "RelativeDir": "Misc/",
        "Directory": "workspace/team-c/c3-admin-generated-validation/9to1 Workspace/shared/src/Haven.Application/Misc/",
        "RecursiveDir": "Misc/",
        "ModifiedTime": "",
        "CreatedTime": "",
        "AccessedTime": "",
        "DefiningProjectFullPath": "/workspace/.tools/dotnet/sdk/10.0.401/Sdks/Microsoft.NET.Sdk/targets/Microsoft.NET.Sdk.DefaultItems.props",
        "DefiningProjectDirectory": "/workspace/.tools/dotnet/sdk/10.0.401/Sdks/Microsoft.NET.Sdk/targets/",
        "DefiningProjectName": "Microsoft.NET.Sdk.DefaultItems",
        "DefiningProjectExtension": ".props"
      },
      {
        "Identity": "ModelGovernance/ModelGovernance.cs",
        "FullPath": "/workspace/team-c/c3-admin-generated-validation/9to1 Workspace/shared/src/Haven.Application/ModelGovernance/ModelGovernance.cs",
        "RootDir": "/",
        "Filename": "ModelGovernance",
        "Extension": ".cs",
        "RelativeDir": "ModelGovernance/",
        "Directory": "workspace/team-c/c3-admin-generated-validation/9to1 Workspace/shared/src/Haven.Application/ModelGovernance/",
        "RecursiveDir": "ModelGovernance/",
        "ModifiedTime": "",
        "CreatedTime": "",
        "AccessedTime": "",
        "DefiningProjectFullPath": "/workspace/.tools/dotnet/sdk/10.0.401/Sdks/Microsoft.NET.Sdk/targets/Microsoft.NET.Sdk.DefaultItems.props",
        "DefiningProjectDirectory": "/workspace/.tools/dotnet/sdk/10.0.401/Sdks/Microsoft.NET.Sdk/targets/",
        "DefiningProjectName": "Microsoft.NET.Sdk.DefaultItems",
        "DefiningProjectExtension": ".props"
      },
      {
        "Identity": "ModelProviderAbstractions.cs",
        "FullPath": "/workspace/team-c/c3-admin-generated-validation/9to1 Workspace/shared/src/Haven.Application/ModelProviderAbstractions.cs",
        "RootDir": "/",
        "Filename": "ModelProviderAbstractions",
        "Extension": ".cs",
        "RelativeDir": "",
        "Directory": "workspace/team-c/c3-admin-generated-validation/9to1 Workspace/shared/src/Haven.Application/",
        "RecursiveDir": "",
        "ModifiedTime": "",
        "CreatedTime": "",
        "AccessedTime": "",
        "DefiningProjectFullPath": "/workspace/.tools/dotnet/sdk/10.0.401/Sdks/Microsoft.NET.Sdk/targets/Microsoft.NET.Sdk.DefaultItems.props",
        "DefiningProjectDirectory": "/workspace/.tools/dotnet/sdk/10.0.401/Sdks/Microsoft.NET.Sdk/targets/",
        "DefiningProjectName": "Microsoft.NET.Sdk.DefaultItems",
        "DefiningProjectExtension": ".props"
      },
      {
        "Identity": "ModePackageAbstractions.cs",
        "FullPath": "/workspace/team-c/c3-admin-generated-validation/9to1 Workspace/shared/src/Haven.Application/ModePackageAbstractions.cs",
        "RootDir": "/",
        "Filename": "ModePackageAbstractions",
        "Extension": ".cs",
        "RelativeDir": "",
        "Directory": "workspace/team-c/c3-admin-generated-validation/9to1 Workspace/shared/src/Haven.Application/",
        "RecursiveDir": "",
        "ModifiedTime": "",
        "CreatedTime": "",
        "AccessedTime": "",
        "DefiningProjectFullPath": "/workspace/.tools/dotnet/sdk/10.0.401/Sdks/Microsoft.NET.Sdk/targets/Microsoft.NET.Sdk.DefaultItems.props",
        "DefiningProjectDirectory": "/workspace/.tools/dotnet/sdk/10.0.401/Sdks/Microsoft.NET.Sdk/targets/",
        "DefiningProjectName": "Microsoft.NET.Sdk.DefaultItems",
        "DefiningProjectExtension": ".props"
      },
      {
        "Identity": "Modes/BuiltInModeSeed.cs",
        "FullPath": "/workspace/team-c/c3-admin-generated-validation/9to1 Workspace/shared/src/Haven.Application/Modes/BuiltInModeSeed.cs",
        "RootDir": "/",
        "Filename": "BuiltInModeSeed",
        "Extension": ".cs",
        "RelativeDir": "Modes/",
        "Directory": "workspace/team-c/c3-admin-generated-validation/9to1 Workspace/shared/src/Haven.Application/Modes/",
        "RecursiveDir": "Modes/",
        "ModifiedTime": "",
        "CreatedTime": "",
        "AccessedTime": "",
        "DefiningProjectFullPath": "/workspace/.tools/dotnet/sdk/10.0.401/Sdks/Microsoft.NET.Sdk/targets/Microsoft.NET.Sdk.DefaultItems.props",
        "DefiningProjectDirectory": "/workspace/.tools/dotnet/sdk/10.0.401/Sdks/Microsoft.NET.Sdk/targets/",
        "DefiningProjectName": "Microsoft.NET.Sdk.DefaultItems",
        "DefiningProjectExtension": ".props"
      },
      {
        "Identity": "Modes/CapabilityPreflightService.cs",
        "FullPath": "/workspace/team-c/c3-admin-generated-validation/9to1 Workspace/shared/src/Haven.Application/Modes/CapabilityPreflightService.cs",
        "RootDir": "/",
        "Filename": "CapabilityPreflightService",
        "Extension": ".cs",
        "RelativeDir": "Modes/",
        "Directory": "workspace/team-c/c3-admin-generated-validation/9to1 Workspace/shared/src/Haven.Application/Modes/",
        "RecursiveDir": "Modes/",
        "ModifiedTime": "",
        "CreatedTime": "",
        "AccessedTime": "",
        "DefiningProjectFullPath": "/workspace/.tools/dotnet/sdk/10.0.401/Sdks/Microsoft.NET.Sdk/targets/Microsoft.NET.Sdk.DefaultItems.props",
        "DefiningProjectDirectory": "/workspace/.tools/dotnet/sdk/10.0.401/Sdks/Microsoft.NET.Sdk/targets/",
        "DefiningProjectName": "Microsoft.NET.Sdk.DefaultItems",
        "DefiningProjectExtension": ".props"
      },
      {
        "Identity": "Modes/DeclarativeModeTypes.cs",
        "FullPath": "/workspace/team-c/c3-admin-generated-validation/9to1 Workspace/shared/src/Haven.Application/Modes/DeclarativeModeTypes.cs",
        "RootDir": "/",
        "Filename": "DeclarativeModeTypes",
        "Extension": ".cs",
        "RelativeDir": "Modes/",
        "Directory": "workspace/team-c/c3-admin-generated-validation/9to1 Workspace/shared/src/Haven.Application/Modes/",
        "RecursiveDir": "Modes/",
        "ModifiedTime": "",
        "CreatedTime": "",
        "AccessedTime": "",
        "DefiningProjectFullPath": "/workspace/.tools/dotnet/sdk/10.0.401/Sdks/Microsoft.NET.Sdk/targets/Microsoft.NET.Sdk.DefaultItems.props",
        "DefiningProjectDirectory": "/workspace/.tools/dotnet/sdk/10.0.401/Sdks/Microsoft.NET.Sdk/targets/",
        "DefiningProjectName": "Microsoft.NET.Sdk.DefaultItems",
        "DefiningProjectExtension": ".props"
      },
      {
        "Identity": "Modes/ExecutionTypes.cs",
        "FullPath": "/workspace/team-c/c3-admin-generated-validation/9to1 Workspace/shared/src/Haven.Application/Modes/ExecutionTypes.cs",
        "RootDir": "/",
        "Filename": "ExecutionTypes",
        "Extension": ".cs",
        "RelativeDir": "Modes/",
        "Directory": "workspace/team-c/c3-admin-generated-validation/9to1 Workspace/shared/src/Haven.Application/Modes/",
        "RecursiveDir": "Modes/",
        "ModifiedTime": "",
        "CreatedTime": "",
        "AccessedTime": "",
        "DefiningProjectFullPath": "/workspace/.tools/dotnet/sdk/10.0.401/Sdks/Microsoft.NET.Sdk/targets/Microsoft.NET.Sdk.DefaultItems.props",
        "DefiningProjectDirectory": "/workspace/.tools/dotnet/sdk/10.0.401/Sdks/Microsoft.NET.Sdk/targets/",
        "DefiningProjectName": "Microsoft.NET.Sdk.DefaultItems",
        "DefiningProjectExtension": ".props"
      },
      {
        "Identity": "Modes/FrameSurfaceContract.cs",
        "FullPath": "/workspace/team-c/c3-admin-generated-validation/9to1 Workspace/shared/src/Haven.Application/Modes/FrameSurfaceContract.cs",
        "RootDir": "/",
        "Filename": "FrameSurfaceContract",
        "Extension": ".cs",
        "RelativeDir": "Modes/",
        "Directory": "workspace/team-c/c3-admin-generated-validation/9to1 Workspace/shared/src/Haven.Application/Modes/",
        "RecursiveDir": "Modes/",
        "ModifiedTime": "",
        "CreatedTime": "",
        "AccessedTime": "",
        "DefiningProjectFullPath": "/workspace/.tools/dotnet/sdk/10.0.401/Sdks/Microsoft.NET.Sdk/targets/Microsoft.NET.Sdk.DefaultItems.props",
        "DefiningProjectDirectory": "/workspace/.tools/dotnet/sdk/10.0.401/Sdks/Microsoft.NET.Sdk/targets/",
        "DefiningProjectName": "Microsoft.NET.Sdk.DefaultItems",
        "DefiningProjectExtension": ".props"
      },
      {
        "Identity": "Modes/ModeCreationService.cs",
        "FullPath": "/workspace/team-c/c3-admin-generated-validation/9to1 Workspace/shared/src/Haven.Application/Modes/ModeCreationService.cs",
        "RootDir": "/",
        "Filename": "ModeCreationService",
        "Extension": ".cs",
        "RelativeDir": "Modes/",
        "Directory": "workspace/team-c/c3-admin-generated-validation/9to1 Workspace/shared/src/Haven.Application/Modes/",
        "RecursiveDir": "Modes/",
        "ModifiedTime": "",
        "CreatedTime": "",
        "AccessedTime": "",
        "DefiningProjectFullPath": "/workspace/.tools/dotnet/sdk/10.0.401/Sdks/Microsoft.NET.Sdk/targets/Microsoft.NET.Sdk.DefaultItems.props",
        "DefiningProjectDirectory": "/workspace/.tools/dotnet/sdk/10.0.401/Sdks/Microsoft.NET.Sdk/targets/",
        "DefiningProjectName": "Microsoft.NET.Sdk.DefaultItems",
        "DefiningProjectExtension": ".props"
      },
      {
        "Identity": "Modes/ModeManifestValidator.cs",
        "FullPath": "/workspace/team-c/c3-admin-generated-validation/9to1 Workspace/shared/src/Haven.Application/Modes/ModeManifestValidator.cs",
        "RootDir": "/",
        "Filename": "ModeManifestValidator",
        "Extension": ".cs",
        "RelativeDir": "Modes/",
        "Directory": "workspace/team-c/c3-admin-generated-validation/9to1 Workspace/shared/src/Haven.Application/Modes/",
        "RecursiveDir": "Modes/",
        "ModifiedTime": "",
        "CreatedTime": "",
        "AccessedTime": "",
        "DefiningProjectFullPath": "/workspace/.tools/dotnet/sdk/10.0.401/Sdks/Microsoft.NET.Sdk/targets/Microsoft.NET.Sdk.DefaultItems.props",
        "DefiningProjectDirectory": "/workspace/.tools/dotnet/sdk/10.0.401/Sdks/Microsoft.NET.Sdk/targets/",
        "DefiningProjectName": "Microsoft.NET.Sdk.DefaultItems",
        "DefiningProjectExtension": ".props"
      },
      {
        "Identity": "Modes/ModePackageInstaller.cs",
        "FullPath": "/workspace/team-c/c3-admin-generated-validation/9to1 Workspace/shared/src/Haven.Application/Modes/ModePackageInstaller.cs",
        "RootDir": "/",
        "Filename": "ModePackageInstaller",
        "Extension": ".cs",
        "RelativeDir": "Modes/",
        "Directory": "workspace/team-c/c3-admin-generated-validation/9to1 Workspace/shared/src/Haven.Application/Modes/",
        "RecursiveDir": "Modes/",
        "ModifiedTime": "",
        "CreatedTime": "",
        "AccessedTime": "",
        "DefiningProjectFullPath": "/workspace/.tools/dotnet/sdk/10.0.401/Sdks/Microsoft.NET.Sdk/targets/Microsoft.NET.Sdk.DefaultItems.props",
        "DefiningProjectDirectory": "/workspace/.tools/dotnet/sdk/10.0.401/Sdks/Microsoft.NET.Sdk/targets/",
        "DefiningProjectName": "Microsoft.NET.Sdk.DefaultItems",
        "DefiningProjectExtension": ".props"
      },
      {
        "Identity": "Modes/ModePackageValidator.cs",
        "FullPath": "/workspace/team-c/c3-admin-generated-validation/9to1 Workspace/shared/src/Haven.Application/Modes/ModePackageValidator.cs",
        "RootDir": "/",
        "Filename": "ModePackageValidator",
        "Extension": ".cs",
        "RelativeDir": "Modes/",
        "Directory": "workspace/team-c/c3-admin-generated-validation/9to1 Workspace/shared/src/Haven.Application/Modes/",
        "RecursiveDir": "Modes/",
        "ModifiedTime": "",
        "CreatedTime": "",
        "AccessedTime": "",
        "DefiningProjectFullPath": "/workspace/.tools/dotnet/sdk/10.0.401/Sdks/Microsoft.NET.Sdk/targets/Microsoft.NET.Sdk.DefaultItems.props",
        "DefiningProjectDirectory": "/workspace/.tools/dotnet/sdk/10.0.401/Sdks/Microsoft.NET.Sdk/targets/",
        "DefiningProjectName": "Microsoft.NET.Sdk.DefaultItems",
        "DefiningProjectExtension": ".props"
      },
      {
        "Identity": "Modes/ModeSeedService.cs",
        "FullPath": "/workspace/team-c/c3-admin-generated-validation/9to1 Workspace/shared/src/Haven.Application/Modes/ModeSeedService.cs",
        "RootDir": "/",
        "Filename": "ModeSeedService",
        "Extension": ".cs",
        "RelativeDir": "Modes/",
        "Directory": "workspace/team-c/c3-admin-generated-validation/9to1 Workspace/shared/src/Haven.Application/Modes/",
        "RecursiveDir": "Modes/",
        "ModifiedTime": "",
        "CreatedTime": "",
        "AccessedTime": "",
        "DefiningProjectFullPath": "/workspace/.tools/dotnet/sdk/10.0.401/Sdks/Microsoft.NET.Sdk/targets/Microsoft.NET.Sdk.DefaultItems.props",
        "DefiningProjectDirectory": "/workspace/.tools/dotnet/sdk/10.0.401/Sdks/Microsoft.NET.Sdk/targets/",
        "DefiningProjectName": "Microsoft.NET.Sdk.DefaultItems",
        "DefiningProjectExtension": ".props"
      },
      {
        "Identity": "NodeGraph/GraphConfigurationCapture.cs",
        "FullPath": "/workspace/team-c/c3-admin-generated-validation/9to1 Workspace/shared/src/Haven.Application/NodeGraph/GraphConfigurationCapture.cs",
        "RootDir": "/",
        "Filename": "GraphConfigurationCapture",
        "Extension": ".cs",
        "RelativeDir": "NodeGraph/",
        "Directory": "workspace/team-c/c3-admin-generated-validation/9to1 Workspace/shared/src/Haven.Application/NodeGraph/",
        "RecursiveDir": "NodeGraph/",
        "ModifiedTime": "",
        "CreatedTime": "",
        "AccessedTime": "",
        "DefiningProjectFullPath": "/workspace/.tools/dotnet/sdk/10.0.401/Sdks/Microsoft.NET.Sdk/targets/Microsoft.NET.Sdk.DefaultItems.props",
        "DefiningProjectDirectory": "/workspace/.tools/dotnet/sdk/10.0.401/Sdks/Microsoft.NET.Sdk/targets/",
        "DefiningProjectName": "Microsoft.NET.Sdk.DefaultItems",
        "DefiningProjectExtension": ".props"
      },
      {
        "Identity": "NodeGraph/GraphPublicationIntent.cs",
        "FullPath": "/workspace/team-c/c3-admin-generated-validation/9to1 Workspace/shared/src/Haven.Application/NodeGraph/GraphPublicationIntent.cs",
        "RootDir": "/",
        "Filename": "GraphPublicationIntent",
        "Extension": ".cs",
        "RelativeDir": "NodeGraph/",
        "Directory": "workspace/team-c/c3-admin-generated-validation/9to1 Workspace/shared/src/Haven.Application/NodeGraph/",
        "RecursiveDir": "NodeGraph/",
        "ModifiedTime": "",
        "CreatedTime": "",
        "AccessedTime": "",
        "DefiningProjectFullPath": "/workspace/.tools/dotnet/sdk/10.0.401/Sdks/Microsoft.NET.Sdk/targets/Microsoft.NET.Sdk.DefaultItems.props",
        "DefiningProjectDirectory": "/workspace/.tools/dotnet/sdk/10.0.401/Sdks/Microsoft.NET.Sdk/targets/",
        "DefiningProjectName": "Microsoft.NET.Sdk.DefaultItems",
        "DefiningProjectExtension": ".props"
      },
      {
        "Identity": "NodeGraph/GraphPublicationOrigin.cs",
        "FullPath": "/workspace/team-c/c3-admin-generated-validation/9to1 Workspace/shared/src/Haven.Application/NodeGraph/GraphPublicationOrigin.cs",
        "RootDir": "/",
        "Filename": "GraphPublicationOrigin",
        "Extension": ".cs",
        "RelativeDir": "NodeGraph/",
        "Directory": "workspace/team-c/c3-admin-generated-validation/9to1 Workspace/shared/src/Haven.Application/NodeGraph/",
        "RecursiveDir": "NodeGraph/",
        "ModifiedTime": "",
        "CreatedTime": "",
        "AccessedTime": "",
        "DefiningProjectFullPath": "/workspace/.tools/dotnet/sdk/10.0.401/Sdks/Microsoft.NET.Sdk/targets/Microsoft.NET.Sdk.DefaultItems.props",
        "DefiningProjectDirectory": "/workspace/.tools/dotnet/sdk/10.0.401/Sdks/Microsoft.NET.Sdk/targets/",
        "DefiningProjectName": "Microsoft.NET.Sdk.DefaultItems",
        "DefiningProjectExtension": ".props"
      },
      {
        "Identity": "NodeGraph/GraphPublicationOutcome.cs",
        "FullPath": "/workspace/team-c/c3-admin-generated-validation/9to1 Workspace/shared/src/Haven.Application/NodeGraph/GraphPublicationOutcome.cs",
        "RootDir": "/",
        "Filename": "GraphPublicationOutcome",
        "Extension": ".cs",
        "RelativeDir": "NodeGraph/",
        "Directory": "workspace/team-c/c3-admin-generated-validation/9to1 Workspace/shared/src/Haven.Application/NodeGraph/",
        "RecursiveDir": "NodeGraph/",
        "ModifiedTime": "",
        "CreatedTime": "",
        "AccessedTime": "",
        "DefiningProjectFullPath": "/workspace/.tools/dotnet/sdk/10.0.401/Sdks/Microsoft.NET.Sdk/targets/Microsoft.NET.Sdk.DefaultItems.props",
        "DefiningProjectDirectory": "/workspace/.tools/dotnet/sdk/10.0.401/Sdks/Microsoft.NET.Sdk/targets/",
        "DefiningProjectName": "Microsoft.NET.Sdk.DefaultItems",
        "DefiningProjectExtension": ".props"
      },
      {
        "Identity": "NodeGraph/NodeGraphDraftEditor.cs",
        "FullPath": "/workspace/team-c/c3-admin-generated-validation/9to1 Workspace/shared/src/Haven.Application/NodeGraph/NodeGraphDraftEditor.cs",
        "RootDir": "/",
        "Filename": "NodeGraphDraftEditor",
        "Extension": ".cs",
        "RelativeDir": "NodeGraph/",
        "Directory": "workspace/team-c/c3-admin-generated-validation/9to1 Workspace/shared/src/Haven.Application/NodeGraph/",
        "RecursiveDir": "NodeGraph/",
        "ModifiedTime": "",
        "CreatedTime": "",
        "AccessedTime": "",
        "DefiningProjectFullPath": "/workspace/.tools/dotnet/sdk/10.0.401/Sdks/Microsoft.NET.Sdk/targets/Microsoft.NET.Sdk.DefaultItems.props",
        "DefiningProjectDirectory": "/workspace/.tools/dotnet/sdk/10.0.401/Sdks/Microsoft.NET.Sdk/targets/",
        "DefiningProjectName": "Microsoft.NET.Sdk.DefaultItems",
        "DefiningProjectExtension": ".props"
      },
      {
        "Identity": "NodeGraph/NodeGraphRepository.cs",
        "FullPath": "/workspace/team-c/c3-admin-generated-validation/9to1 Workspace/shared/src/Haven.Application/NodeGraph/NodeGraphRepository.cs",
        "RootDir": "/",
        "Filename": "NodeGraphRepository",
        "Extension": ".cs",
        "RelativeDir": "NodeGraph/",
        "Directory": "workspace/team-c/c3-admin-generated-validation/9to1 Workspace/shared/src/Haven.Application/NodeGraph/",
        "RecursiveDir": "NodeGraph/",
        "ModifiedTime": "",
        "CreatedTime": "",
        "AccessedTime": "",
        "DefiningProjectFullPath": "/workspace/.tools/dotnet/sdk/10.0.401/Sdks/Microsoft.NET.Sdk/targets/Microsoft.NET.Sdk.DefaultItems.props",
        "DefiningProjectDirectory": "/workspace/.tools/dotnet/sdk/10.0.401/Sdks/Microsoft.NET.Sdk/targets/",
        "DefiningProjectName": "Microsoft.NET.Sdk.DefaultItems",
        "DefiningProjectExtension": ".props"
      },
      {
        "Identity": "NodeGraph/NodeGraphRuntimeRegistry.cs",
        "FullPath": "/workspace/team-c/c3-admin-generated-validation/9to1 Workspace/shared/src/Haven.Application/NodeGraph/NodeGraphRuntimeRegistry.cs",
        "RootDir": "/",
        "Filename": "NodeGraphRuntimeRegistry",
        "Extension": ".cs",
        "RelativeDir": "NodeGraph/",
        "Directory": "workspace/team-c/c3-admin-generated-validation/9to1 Workspace/shared/src/Haven.Application/NodeGraph/",
        "RecursiveDir": "NodeGraph/",
        "ModifiedTime": "",
        "CreatedTime": "",
        "AccessedTime": "",
        "DefiningProjectFullPath": "/workspace/.tools/dotnet/sdk/10.0.401/Sdks/Microsoft.NET.Sdk/targets/Microsoft.NET.Sdk.DefaultItems.props",
        "DefiningProjectDirectory": "/workspace/.tools/dotnet/sdk/10.0.401/Sdks/Microsoft.NET.Sdk/targets/",
        "DefiningProjectName": "Microsoft.NET.Sdk.DefaultItems",
        "DefiningProjectExtension": ".props"
      },
      {
        "Identity": "NodeGraph/NodeGraphSchema.cs",
        "FullPath": "/workspace/team-c/c3-admin-generated-validation/9to1 Workspace/shared/src/Haven.Application/NodeGraph/NodeGraphSchema.cs",
        "RootDir": "/",
        "Filename": "NodeGraphSchema",
        "Extension": ".cs",
        "RelativeDir": "NodeGraph/",
        "Directory": "workspace/team-c/c3-admin-generated-validation/9to1 Workspace/shared/src/Haven.Application/NodeGraph/",
        "RecursiveDir": "NodeGraph/",
        "ModifiedTime": "",
        "CreatedTime": "",
        "AccessedTime": "",
        "DefiningProjectFullPath": "/workspace/.tools/dotnet/sdk/10.0.401/Sdks/Microsoft.NET.Sdk/targets/Microsoft.NET.Sdk.DefaultItems.props",
        "DefiningProjectDirectory": "/workspace/.tools/dotnet/sdk/10.0.401/Sdks/Microsoft.NET.Sdk/targets/",
        "DefiningProjectName": "Microsoft.NET.Sdk.DefaultItems",
        "DefiningProjectExtension": ".props"
      },
      {
        "Identity": "Notes/NotesAdvancedServices.cs",
        "FullPath": "/workspace/team-c/c3-admin-generated-validation/9to1 Workspace/shared/src/Haven.Application/Notes/NotesAdvancedServices.cs",
        "RootDir": "/",
        "Filename": "NotesAdvancedServices",
        "Extension": ".cs",
        "RelativeDir": "Notes/",
        "Directory": "workspace/team-c/c3-admin-generated-validation/9to1 Workspace/shared/src/Haven.Application/Notes/",
        "RecursiveDir": "Notes/",
        "ModifiedTime": "",
        "CreatedTime": "",
        "AccessedTime": "",
        "DefiningProjectFullPath": "/workspace/.tools/dotnet/sdk/10.0.401/Sdks/Microsoft.NET.Sdk/targets/Microsoft.NET.Sdk.DefaultItems.props",
        "DefiningProjectDirectory": "/workspace/.tools/dotnet/sdk/10.0.401/Sdks/Microsoft.NET.Sdk/targets/",
        "DefiningProjectName": "Microsoft.NET.Sdk.DefaultItems",
        "DefiningProjectExtension": ".props"
      },
      {
        "Identity": "Notes/NotesDocumentMigrationService.cs",
        "FullPath": "/workspace/team-c/c3-admin-generated-validation/9to1 Workspace/shared/src/Haven.Application/Notes/NotesDocumentMigrationService.cs",
        "RootDir": "/",
        "Filename": "NotesDocumentMigrationService",
        "Extension": ".cs",
        "RelativeDir": "Notes/",
        "Directory": "workspace/team-c/c3-admin-generated-validation/9to1 Workspace/shared/src/Haven.Application/Notes/",
        "RecursiveDir": "Notes/",
        "ModifiedTime": "",
        "CreatedTime": "",
        "AccessedTime": "",
        "DefiningProjectFullPath": "/workspace/.tools/dotnet/sdk/10.0.401/Sdks/Microsoft.NET.Sdk/targets/Microsoft.NET.Sdk.DefaultItems.props",
        "DefiningProjectDirectory": "/workspace/.tools/dotnet/sdk/10.0.401/Sdks/Microsoft.NET.Sdk/targets/",
        "DefiningProjectName": "Microsoft.NET.Sdk.DefaultItems",
        "DefiningProjectExtension": ".props"
      },
      {
        "Identity": "Notes/NotesDocumentValidator.cs",
        "FullPath": "/workspace/team-c/c3-admin-generated-validation/9to1 Workspace/shared/src/Haven.Application/Notes/NotesDocumentValidator.cs",
        "RootDir": "/",
        "Filename": "NotesDocumentValidator",
        "Extension": ".cs",
        "RelativeDir": "Notes/",
        "Directory": "workspace/team-c/c3-admin-generated-validation/9to1 Workspace/shared/src/Haven.Application/Notes/",
        "RecursiveDir": "Notes/",
        "ModifiedTime": "",
        "CreatedTime": "",
        "AccessedTime": "",
        "DefiningProjectFullPath": "/workspace/.tools/dotnet/sdk/10.0.401/Sdks/Microsoft.NET.Sdk/targets/Microsoft.NET.Sdk.DefaultItems.props",
        "DefiningProjectDirectory": "/workspace/.tools/dotnet/sdk/10.0.401/Sdks/Microsoft.NET.Sdk/targets/",
        "DefiningProjectName": "Microsoft.NET.Sdk.DefaultItems",
        "DefiningProjectExtension": ".props"
      },
      {
        "Identity": "Notes/NotesLanguageSuggestionService.cs",
        "FullPath": "/workspace/team-c/c3-admin-generated-validation/9to1 Workspace/shared/src/Haven.Application/Notes/NotesLanguageSuggestionService.cs",
        "RootDir": "/",
        "Filename": "NotesLanguageSuggestionService",
        "Extension": ".cs",
        "RelativeDir": "Notes/",
        "Directory": "workspace/team-c/c3-admin-generated-validation/9to1 Workspace/shared/src/Haven.Application/Notes/",
        "RecursiveDir": "Notes/",
        "ModifiedTime": "",
        "CreatedTime": "",
        "AccessedTime": "",
        "DefiningProjectFullPath": "/workspace/.tools/dotnet/sdk/10.0.401/Sdks/Microsoft.NET.Sdk/targets/Microsoft.NET.Sdk.DefaultItems.props",
        "DefiningProjectDirectory": "/workspace/.tools/dotnet/sdk/10.0.401/Sdks/Microsoft.NET.Sdk/targets/",
        "DefiningProjectName": "Microsoft.NET.Sdk.DefaultItems",
        "DefiningProjectExtension": ".props"
      },
      {
        "Identity": "Notes/NotesMediaServices.cs",
        "FullPath": "/workspace/team-c/c3-admin-generated-validation/9to1 Workspace/shared/src/Haven.Application/Notes/NotesMediaServices.cs",
        "RootDir": "/",
        "Filename": "NotesMediaServices",
        "Extension": ".cs",
        "RelativeDir": "Notes/",
        "Directory": "workspace/team-c/c3-admin-generated-validation/9to1 Workspace/shared/src/Haven.Application/Notes/",
        "RecursiveDir": "Notes/",
        "ModifiedTime": "",
        "CreatedTime": "",
        "AccessedTime": "",
        "DefiningProjectFullPath": "/workspace/.tools/dotnet/sdk/10.0.401/Sdks/Microsoft.NET.Sdk/targets/Microsoft.NET.Sdk.DefaultItems.props",
        "DefiningProjectDirectory": "/workspace/.tools/dotnet/sdk/10.0.401/Sdks/Microsoft.NET.Sdk/targets/",
        "DefiningProjectName": "Microsoft.NET.Sdk.DefaultItems",
        "DefiningProjectExtension": ".props"
      },
      {
        "Identity": "Notes/NotesProductivityServices.cs",
        "FullPath": "/workspace/team-c/c3-admin-generated-validation/9to1 Workspace/shared/src/Haven.Application/Notes/NotesProductivityServices.cs",
        "RootDir": "/",
        "Filename": "NotesProductivityServices",
        "Extension": ".cs",
        "RelativeDir": "Notes/",
        "Directory": "workspace/team-c/c3-admin-generated-validation/9to1 Workspace/shared/src/Haven.Application/Notes/",
        "RecursiveDir": "Notes/",
        "ModifiedTime": "",
        "CreatedTime": "",
        "AccessedTime": "",
        "DefiningProjectFullPath": "/workspace/.tools/dotnet/sdk/10.0.401/Sdks/Microsoft.NET.Sdk/targets/Microsoft.NET.Sdk.DefaultItems.props",
        "DefiningProjectDirectory": "/workspace/.tools/dotnet/sdk/10.0.401/Sdks/Microsoft.NET.Sdk/targets/",
        "DefiningProjectName": "Microsoft.NET.Sdk.DefaultItems",
        "DefiningProjectExtension": ".props"
      },
      {
        "Identity": "Notes/NotesRevisionConflictException.cs",
        "FullPath": "/workspace/team-c/c3-admin-generated-validation/9to1 Workspace/shared/src/Haven.Application/Notes/NotesRevisionConflictException.cs",
        "RootDir": "/",
        "Filename": "NotesRevisionConflictException",
        "Extension": ".cs",
        "RelativeDir": "Notes/",
        "Directory": "workspace/team-c/c3-admin-generated-validation/9to1 Workspace/shared/src/Haven.Application/Notes/",
        "RecursiveDir": "Notes/",
        "ModifiedTime": "",
        "CreatedTime": "",
        "AccessedTime": "",
        "DefiningProjectFullPath": "/workspace/.tools/dotnet/sdk/10.0.401/Sdks/Microsoft.NET.Sdk/targets/Microsoft.NET.Sdk.DefaultItems.props",
        "DefiningProjectDirectory": "/workspace/.tools/dotnet/sdk/10.0.401/Sdks/Microsoft.NET.Sdk/targets/",
        "DefiningProjectName": "Microsoft.NET.Sdk.DefaultItems",
        "DefiningProjectExtension": ".props"
      },
      {
        "Identity": "NotesAbstractions.cs",
        "FullPath": "/workspace/team-c/c3-admin-generated-validation/9to1 Workspace/shared/src/Haven.Application/NotesAbstractions.cs",
        "RootDir": "/",
        "Filename": "NotesAbstractions",
        "Extension": ".cs",
        "RelativeDir": "",
        "Directory": "workspace/team-c/c3-admin-generated-validation/9to1 Workspace/shared/src/Haven.Application/",
        "RecursiveDir": "",
        "ModifiedTime": "",
        "CreatedTime": "",
        "AccessedTime": "",
        "DefiningProjectFullPath": "/workspace/.tools/dotnet/sdk/10.0.401/Sdks/Microsoft.NET.Sdk/targets/Microsoft.NET.Sdk.DefaultItems.props",
        "DefiningProjectDirectory": "/workspace/.tools/dotnet/sdk/10.0.401/Sdks/Microsoft.NET.Sdk/targets/",
        "DefiningProjectName": "Microsoft.NET.Sdk.DefaultItems",
        "DefiningProjectExtension": ".props"
      },
      {
        "Identity": "Notifications/HavenNotificationService.cs",
        "FullPath": "/workspace/team-c/c3-admin-generated-validation/9to1 Workspace/shared/src/Haven.Application/Notifications/HavenNotificationService.cs",
        "RootDir": "/",
        "Filename": "HavenNotificationService",
        "Extension": ".cs",
        "RelativeDir": "Notifications/",
        "Directory": "workspace/team-c/c3-admin-generated-validation/9to1 Workspace/shared/src/Haven.Application/Notifications/",
        "RecursiveDir": "Notifications/",
        "ModifiedTime": "",
        "CreatedTime": "",
        "AccessedTime": "",
        "DefiningProjectFullPath": "/workspace/.tools/dotnet/sdk/10.0.401/Sdks/Microsoft.NET.Sdk/targets/Microsoft.NET.Sdk.DefaultItems.props",
        "DefiningProjectDirectory": "/workspace/.tools/dotnet/sdk/10.0.401/Sdks/Microsoft.NET.Sdk/targets/",
        "DefiningProjectName": "Microsoft.NET.Sdk.DefaultItems",
        "DefiningProjectExtension": ".props"
      },
      {
        "Identity": "OAuthPlatformAbstractions.cs",
        "FullPath": "/workspace/team-c/c3-admin-generated-validation/9to1 Workspace/shared/src/Haven.Application/OAuthPlatformAbstractions.cs",
        "RootDir": "/",
        "Filename": "OAuthPlatformAbstractions",
        "Extension": ".cs",
        "RelativeDir": "",
        "Directory": "workspace/team-c/c3-admin-generated-validation/9to1 Workspace/shared/src/Haven.Application/",
        "RecursiveDir": "",
        "ModifiedTime": "",
        "CreatedTime": "",
        "AccessedTime": "",
        "DefiningProjectFullPath": "/workspace/.tools/dotnet/sdk/10.0.401/Sdks/Microsoft.NET.Sdk/targets/Microsoft.NET.Sdk.DefaultItems.props",
        "DefiningProjectDirectory": "/workspace/.tools/dotnet/sdk/10.0.401/Sdks/Microsoft.NET.Sdk/targets/",
        "DefiningProjectName": "Microsoft.NET.Sdk.DefaultItems",
        "DefiningProjectExtension": ".props"
      },
      {
        "Identity": "Planner/PlannerAvailabilityService.cs",
        "FullPath": "/workspace/team-c/c3-admin-generated-validation/9to1 Workspace/shared/src/Haven.Application/Planner/PlannerAvailabilityService.cs",
        "RootDir": "/",
        "Filename": "PlannerAvailabilityService",
        "Extension": ".cs",
        "RelativeDir": "Planner/",
        "Directory": "workspace/team-c/c3-admin-generated-validation/9to1 Workspace/shared/src/Haven.Application/Planner/",
        "RecursiveDir": "Planner/",
        "ModifiedTime": "",
        "CreatedTime": "",
        "AccessedTime": "",
        "DefiningProjectFullPath": "/workspace/.tools/dotnet/sdk/10.0.401/Sdks/Microsoft.NET.Sdk/targets/Microsoft.NET.Sdk.DefaultItems.props",
        "DefiningProjectDirectory": "/workspace/.tools/dotnet/sdk/10.0.401/Sdks/Microsoft.NET.Sdk/targets/",
        "DefiningProjectName": "Microsoft.NET.Sdk.DefaultItems",
        "DefiningProjectExtension": ".props"
      },
      {
        "Identity": "Planner/PlannerCountdownService.cs",
        "FullPath": "/workspace/team-c/c3-admin-generated-validation/9to1 Workspace/shared/src/Haven.Application/Planner/PlannerCountdownService.cs",
        "RootDir": "/",
        "Filename": "PlannerCountdownService",
        "Extension": ".cs",
        "RelativeDir": "Planner/",
        "Directory": "workspace/team-c/c3-admin-generated-validation/9to1 Workspace/shared/src/Haven.Application/Planner/",
        "RecursiveDir": "Planner/",
        "ModifiedTime": "",
        "CreatedTime": "",
        "AccessedTime": "",
        "DefiningProjectFullPath": "/workspace/.tools/dotnet/sdk/10.0.401/Sdks/Microsoft.NET.Sdk/targets/Microsoft.NET.Sdk.DefaultItems.props",
        "DefiningProjectDirectory": "/workspace/.tools/dotnet/sdk/10.0.401/Sdks/Microsoft.NET.Sdk/targets/",
        "DefiningProjectName": "Microsoft.NET.Sdk.DefaultItems",
        "DefiningProjectExtension": ".props"
      },
      {
        "Identity": "Planner/PlannerDayService.cs",
        "FullPath": "/workspace/team-c/c3-admin-generated-validation/9to1 Workspace/shared/src/Haven.Application/Planner/PlannerDayService.cs",
        "RootDir": "/",
        "Filename": "PlannerDayService",
        "Extension": ".cs",
        "RelativeDir": "Planner/",
        "Directory": "workspace/team-c/c3-admin-generated-validation/9to1 Workspace/shared/src/Haven.Application/Planner/",
        "RecursiveDir": "Planner/",
        "ModifiedTime": "",
        "CreatedTime": "",
        "AccessedTime": "",
        "DefiningProjectFullPath": "/workspace/.tools/dotnet/sdk/10.0.401/Sdks/Microsoft.NET.Sdk/targets/Microsoft.NET.Sdk.DefaultItems.props",
        "DefiningProjectDirectory": "/workspace/.tools/dotnet/sdk/10.0.401/Sdks/Microsoft.NET.Sdk/targets/",
        "DefiningProjectName": "Microsoft.NET.Sdk.DefaultItems",
        "DefiningProjectExtension": ".props"
      },
      {
        "Identity": "Planner/PlannerEventJourneyAccessService.cs",
        "FullPath": "/workspace/team-c/c3-admin-generated-validation/9to1 Workspace/shared/src/Haven.Application/Planner/PlannerEventJourneyAccessService.cs",
        "RootDir": "/",
        "Filename": "PlannerEventJourneyAccessService",
        "Extension": ".cs",
        "RelativeDir": "Planner/",
        "Directory": "workspace/team-c/c3-admin-generated-validation/9to1 Workspace/shared/src/Haven.Application/Planner/",
        "RecursiveDir": "Planner/",
        "ModifiedTime": "",
        "CreatedTime": "",
        "AccessedTime": "",
        "DefiningProjectFullPath": "/workspace/.tools/dotnet/sdk/10.0.401/Sdks/Microsoft.NET.Sdk/targets/Microsoft.NET.Sdk.DefaultItems.props",
        "DefiningProjectDirectory": "/workspace/.tools/dotnet/sdk/10.0.401/Sdks/Microsoft.NET.Sdk/targets/",
        "DefiningProjectName": "Microsoft.NET.Sdk.DefaultItems",
        "DefiningProjectExtension": ".props"
      },
      {
        "Identity": "Planner/PlannerEventResourceResolver.cs",
        "FullPath": "/workspace/team-c/c3-admin-generated-validation/9to1 Workspace/shared/src/Haven.Application/Planner/PlannerEventResourceResolver.cs",
        "RootDir": "/",
        "Filename": "PlannerEventResourceResolver",
        "Extension": ".cs",
        "RelativeDir": "Planner/",
        "Directory": "workspace/team-c/c3-admin-generated-validation/9to1 Workspace/shared/src/Haven.Application/Planner/",
        "RecursiveDir": "Planner/",
        "ModifiedTime": "",
        "CreatedTime": "",
        "AccessedTime": "",
        "DefiningProjectFullPath": "/workspace/.tools/dotnet/sdk/10.0.401/Sdks/Microsoft.NET.Sdk/targets/Microsoft.NET.Sdk.DefaultItems.props",
        "DefiningProjectDirectory": "/workspace/.tools/dotnet/sdk/10.0.401/Sdks/Microsoft.NET.Sdk/targets/",
        "DefiningProjectName": "Microsoft.NET.Sdk.DefaultItems",
        "DefiningProjectExtension": ".props"
      },
      {
        "Identity": "Planner/PlannerJourneyCommitAuthority.cs",
        "FullPath": "/workspace/team-c/c3-admin-generated-validation/9to1 Workspace/shared/src/Haven.Application/Planner/PlannerJourneyCommitAuthority.cs",
        "RootDir": "/",
        "Filename": "PlannerJourneyCommitAuthority",
        "Extension": ".cs",
        "RelativeDir": "Planner/",
        "Directory": "workspace/team-c/c3-admin-generated-validation/9to1 Workspace/shared/src/Haven.Application/Planner/",
        "RecursiveDir": "Planner/",
        "ModifiedTime": "",
        "CreatedTime": "",
        "AccessedTime": "",
        "DefiningProjectFullPath": "/workspace/.tools/dotnet/sdk/10.0.401/Sdks/Microsoft.NET.Sdk/targets/Microsoft.NET.Sdk.DefaultItems.props",
        "DefiningProjectDirectory": "/workspace/.tools/dotnet/sdk/10.0.401/Sdks/Microsoft.NET.Sdk/targets/",
        "DefiningProjectName": "Microsoft.NET.Sdk.DefaultItems",
        "DefiningProjectExtension": ".props"
      },
      {
        "Identity": "Planner/PlannerProposalService.cs",
        "FullPath": "/workspace/team-c/c3-admin-generated-validation/9to1 Workspace/shared/src/Haven.Application/Planner/PlannerProposalService.cs",
        "RootDir": "/",
        "Filename": "PlannerProposalService",
        "Extension": ".cs",
        "RelativeDir": "Planner/",
        "Directory": "workspace/team-c/c3-admin-generated-validation/9to1 Workspace/shared/src/Haven.Application/Planner/",
        "RecursiveDir": "Planner/",
        "ModifiedTime": "",
        "CreatedTime": "",
        "AccessedTime": "",
        "DefiningProjectFullPath": "/workspace/.tools/dotnet/sdk/10.0.401/Sdks/Microsoft.NET.Sdk/targets/Microsoft.NET.Sdk.DefaultItems.props",
        "DefiningProjectDirectory": "/workspace/.tools/dotnet/sdk/10.0.401/Sdks/Microsoft.NET.Sdk/targets/",
        "DefiningProjectName": "Microsoft.NET.Sdk.DefaultItems",
        "DefiningProjectExtension": ".props"
      },
      {
        "Identity": "Planner/PlannerStructuredAbstractions.cs",
        "FullPath": "/workspace/team-c/c3-admin-generated-validation/9to1 Workspace/shared/src/Haven.Application/Planner/PlannerStructuredAbstractions.cs",
        "RootDir": "/",
        "Filename": "PlannerStructuredAbstractions",
        "Extension": ".cs",
        "RelativeDir": "Planner/",
        "Directory": "workspace/team-c/c3-admin-generated-validation/9to1 Workspace/shared/src/Haven.Application/Planner/",
        "RecursiveDir": "Planner/",
        "ModifiedTime": "",
        "CreatedTime": "",
        "AccessedTime": "",
        "DefiningProjectFullPath": "/workspace/.tools/dotnet/sdk/10.0.401/Sdks/Microsoft.NET.Sdk/targets/Microsoft.NET.Sdk.DefaultItems.props",
        "DefiningProjectDirectory": "/workspace/.tools/dotnet/sdk/10.0.401/Sdks/Microsoft.NET.Sdk/targets/",
        "DefiningProjectName": "Microsoft.NET.Sdk.DefaultItems",
        "DefiningProjectExtension": ".props"
      },
      {
        "Identity": "Planner/PlannerStructuredEntityService.cs",
        "FullPath": "/workspace/team-c/c3-admin-generated-validation/9to1 Workspace/shared/src/Haven.Application/Planner/PlannerStructuredEntityService.cs",
        "RootDir": "/",
        "Filename": "PlannerStructuredEntityService",
        "Extension": ".cs",
        "RelativeDir": "Planner/",
        "Directory": "workspace/team-c/c3-admin-generated-validation/9to1 Workspace/shared/src/Haven.Application/Planner/",
        "RecursiveDir": "Planner/",
        "ModifiedTime": "",
        "CreatedTime": "",
        "AccessedTime": "",
        "DefiningProjectFullPath": "/workspace/.tools/dotnet/sdk/10.0.401/Sdks/Microsoft.NET.Sdk/targets/Microsoft.NET.Sdk.DefaultItems.props",
        "DefiningProjectDirectory": "/workspace/.tools/dotnet/sdk/10.0.401/Sdks/Microsoft.NET.Sdk/targets/",
        "DefiningProjectName": "Microsoft.NET.Sdk.DefaultItems",
        "DefiningProjectExtension": ".props"
      },
      {
        "Identity": "Planner/StudyPlannerService.cs",
        "FullPath": "/workspace/team-c/c3-admin-generated-validation/9to1 Workspace/shared/src/Haven.Application/Planner/StudyPlannerService.cs",
        "RootDir": "/",
        "Filename": "StudyPlannerService",
        "Extension": ".cs",
        "RelativeDir": "Planner/",
        "Directory": "workspace/team-c/c3-admin-generated-validation/9to1 Workspace/shared/src/Haven.Application/Planner/",
        "RecursiveDir": "Planner/",
        "ModifiedTime": "",
        "CreatedTime": "",
        "AccessedTime": "",
        "DefiningProjectFullPath": "/workspace/.tools/dotnet/sdk/10.0.401/Sdks/Microsoft.NET.Sdk/targets/Microsoft.NET.Sdk.DefaultItems.props",
        "DefiningProjectDirectory": "/workspace/.tools/dotnet/sdk/10.0.401/Sdks/Microsoft.NET.Sdk/targets/",
        "DefiningProjectName": "Microsoft.NET.Sdk.DefaultItems",
        "DefiningProjectExtension": ".props"
      },
      {
        "Identity": "PlannerAbstractions.cs",
        "FullPath": "/workspace/team-c/c3-admin-generated-validation/9to1 Workspace/shared/src/Haven.Application/PlannerAbstractions.cs",
        "RootDir": "/",
        "Filename": "PlannerAbstractions",
        "Extension": ".cs",
        "RelativeDir": "",
        "Directory": "workspace/team-c/c3-admin-generated-validation/9to1 Workspace/shared/src/Haven.Application/",
        "RecursiveDir": "",
        "ModifiedTime": "",
        "CreatedTime": "",
        "AccessedTime": "",
        "DefiningProjectFullPath": "/workspace/.tools/dotnet/sdk/10.0.401/Sdks/Microsoft.NET.Sdk/targets/Microsoft.NET.Sdk.DefaultItems.props",
        "DefiningProjectDirectory": "/workspace/.tools/dotnet/sdk/10.0.401/Sdks/Microsoft.NET.Sdk/targets/",
        "DefiningProjectName": "Microsoft.NET.Sdk.DefaultItems",
        "DefiningProjectExtension": ".props"
      },
      {
        "Identity": "Play/PlayMatchService.cs",
        "FullPath": "/workspace/team-c/c3-admin-generated-validation/9to1 Workspace/shared/src/Haven.Application/Play/PlayMatchService.cs",
        "RootDir": "/",
        "Filename": "PlayMatchService",
        "Extension": ".cs",
        "RelativeDir": "Play/",
        "Directory": "workspace/team-c/c3-admin-generated-validation/9to1 Workspace/shared/src/Haven.Application/Play/",
        "RecursiveDir": "Play/",
        "ModifiedTime": "",
        "CreatedTime": "",
        "AccessedTime": "",
        "DefiningProjectFullPath": "/workspace/.tools/dotnet/sdk/10.0.401/Sdks/Microsoft.NET.Sdk/targets/Microsoft.NET.Sdk.DefaultItems.props",
        "DefiningProjectDirectory": "/workspace/.tools/dotnet/sdk/10.0.401/Sdks/Microsoft.NET.Sdk/targets/",
        "DefiningProjectName": "Microsoft.NET.Sdk.DefaultItems",
        "DefiningProjectExtension": ".props"
      },
      {
        "Identity": "Play/PlaySessionService.cs",
        "FullPath": "/workspace/team-c/c3-admin-generated-validation/9to1 Workspace/shared/src/Haven.Application/Play/PlaySessionService.cs",
        "RootDir": "/",
        "Filename": "PlaySessionService",
        "Extension": ".cs",
        "RelativeDir": "Play/",
        "Directory": "workspace/team-c/c3-admin-generated-validation/9to1 Workspace/shared/src/Haven.Application/Play/",
        "RecursiveDir": "Play/",
        "ModifiedTime": "",
        "CreatedTime": "",
        "AccessedTime": "",
        "DefiningProjectFullPath": "/workspace/.tools/dotnet/sdk/10.0.401/Sdks/Microsoft.NET.Sdk/targets/Microsoft.NET.Sdk.DefaultItems.props",
        "DefiningProjectDirectory": "/workspace/.tools/dotnet/sdk/10.0.401/Sdks/Microsoft.NET.Sdk/targets/",
        "DefiningProjectName": "Microsoft.NET.Sdk.DefaultItems",
        "DefiningProjectExtension": ".props"
      },
      {
        "Identity": "Present/PresentAiEdits.cs",
        "FullPath": "/workspace/team-c/c3-admin-generated-validation/9to1 Workspace/shared/src/Haven.Application/Present/PresentAiEdits.cs",
        "RootDir": "/",
        "Filename": "PresentAiEdits",
        "Extension": ".cs",
        "RelativeDir": "Present/",
        "Directory": "workspace/team-c/c3-admin-generated-validation/9to1 Workspace/shared/src/Haven.Application/Present/",
        "RecursiveDir": "Present/",
        "ModifiedTime": "",
        "CreatedTime": "",
        "AccessedTime": "",
        "DefiningProjectFullPath": "/workspace/.tools/dotnet/sdk/10.0.401/Sdks/Microsoft.NET.Sdk/targets/Microsoft.NET.Sdk.DefaultItems.props",
        "DefiningProjectDirectory": "/workspace/.tools/dotnet/sdk/10.0.401/Sdks/Microsoft.NET.Sdk/targets/",
        "DefiningProjectName": "Microsoft.NET.Sdk.DefaultItems",
        "DefiningProjectExtension": ".props"
      },
      {
        "Identity": "Present/PresentEditor.cs",
        "FullPath": "/workspace/team-c/c3-admin-generated-validation/9to1 Workspace/shared/src/Haven.Application/Present/PresentEditor.cs",
        "RootDir": "/",
        "Filename": "PresentEditor",
        "Extension": ".cs",
        "RelativeDir": "Present/",
        "Directory": "workspace/team-c/c3-admin-generated-validation/9to1 Workspace/shared/src/Haven.Application/Present/",
        "RecursiveDir": "Present/",
        "ModifiedTime": "",
        "CreatedTime": "",
        "AccessedTime": "",
        "DefiningProjectFullPath": "/workspace/.tools/dotnet/sdk/10.0.401/Sdks/Microsoft.NET.Sdk/targets/Microsoft.NET.Sdk.DefaultItems.props",
        "DefiningProjectDirectory": "/workspace/.tools/dotnet/sdk/10.0.401/Sdks/Microsoft.NET.Sdk/targets/",
        "DefiningProjectName": "Microsoft.NET.Sdk.DefaultItems",
        "DefiningProjectExtension": ".props"
      },
      {
        "Identity": "Present/PresentEditor.DesignPlayback.cs",
        "FullPath": "/workspace/team-c/c3-admin-generated-validation/9to1 Workspace/shared/src/Haven.Application/Present/PresentEditor.DesignPlayback.cs",
        "RootDir": "/",
        "Filename": "PresentEditor.DesignPlayback",
        "Extension": ".cs",
        "RelativeDir": "Present/",
        "Directory": "workspace/team-c/c3-admin-generated-validation/9to1 Workspace/shared/src/Haven.Application/Present/",
        "RecursiveDir": "Present/",
        "ModifiedTime": "",
        "CreatedTime": "",
        "AccessedTime": "",
        "DefiningProjectFullPath": "/workspace/.tools/dotnet/sdk/10.0.401/Sdks/Microsoft.NET.Sdk/targets/Microsoft.NET.Sdk.DefaultItems.props",
        "DefiningProjectDirectory": "/workspace/.tools/dotnet/sdk/10.0.401/Sdks/Microsoft.NET.Sdk/targets/",
        "DefiningProjectName": "Microsoft.NET.Sdk.DefaultItems",
        "DefiningProjectExtension": ".props"
      },
      {
        "Identity": "Present/PresentEditor.Structured.cs",
        "FullPath": "/workspace/team-c/c3-admin-generated-validation/9to1 Workspace/shared/src/Haven.Application/Present/PresentEditor.Structured.cs",
        "RootDir": "/",
        "Filename": "PresentEditor.Structured",
        "Extension": ".cs",
        "RelativeDir": "Present/",
        "Directory": "workspace/team-c/c3-admin-generated-validation/9to1 Workspace/shared/src/Haven.Application/Present/",
        "RecursiveDir": "Present/",
        "ModifiedTime": "",
        "CreatedTime": "",
        "AccessedTime": "",
        "DefiningProjectFullPath": "/workspace/.tools/dotnet/sdk/10.0.401/Sdks/Microsoft.NET.Sdk/targets/Microsoft.NET.Sdk.DefaultItems.props",
        "DefiningProjectDirectory": "/workspace/.tools/dotnet/sdk/10.0.401/Sdks/Microsoft.NET.Sdk/targets/",
        "DefiningProjectName": "Microsoft.NET.Sdk.DefaultItems",
        "DefiningProjectExtension": ".props"
      },
      {
        "Identity": "Present/PresentEditor.TextEditing.cs",
        "FullPath": "/workspace/team-c/c3-admin-generated-validation/9to1 Workspace/shared/src/Haven.Application/Present/PresentEditor.TextEditing.cs",
        "RootDir": "/",
        "Filename": "PresentEditor.TextEditing",
        "Extension": ".cs",
        "RelativeDir": "Present/",
        "Directory": "workspace/team-c/c3-admin-generated-validation/9to1 Workspace/shared/src/Haven.Application/Present/",
        "RecursiveDir": "Present/",
        "ModifiedTime": "",
        "CreatedTime": "",
        "AccessedTime": "",
        "DefiningProjectFullPath": "/workspace/.tools/dotnet/sdk/10.0.401/Sdks/Microsoft.NET.Sdk/targets/Microsoft.NET.Sdk.DefaultItems.props",
        "DefiningProjectDirectory": "/workspace/.tools/dotnet/sdk/10.0.401/Sdks/Microsoft.NET.Sdk/targets/",
        "DefiningProjectName": "Microsoft.NET.Sdk.DefaultItems",
        "DefiningProjectExtension": ".props"
      },
      {
        "Identity": "Present/PresentPlaybackSession.cs",
        "FullPath": "/workspace/team-c/c3-admin-generated-validation/9to1 Workspace/shared/src/Haven.Application/Present/PresentPlaybackSession.cs",
        "RootDir": "/",
        "Filename": "PresentPlaybackSession",
        "Extension": ".cs",
        "RelativeDir": "Present/",
        "Directory": "workspace/team-c/c3-admin-generated-validation/9to1 Workspace/shared/src/Haven.Application/Present/",
        "RecursiveDir": "Present/",
        "ModifiedTime": "",
        "CreatedTime": "",
        "AccessedTime": "",
        "DefiningProjectFullPath": "/workspace/.tools/dotnet/sdk/10.0.401/Sdks/Microsoft.NET.Sdk/targets/Microsoft.NET.Sdk.DefaultItems.props",
        "DefiningProjectDirectory": "/workspace/.tools/dotnet/sdk/10.0.401/Sdks/Microsoft.NET.Sdk/targets/",
        "DefiningProjectName": "Microsoft.NET.Sdk.DefaultItems",
        "DefiningProjectExtension": ".props"
      },
      {
        "Identity": "PresentAbstractions.cs",
        "FullPath": "/workspace/team-c/c3-admin-generated-validation/9to1 Workspace/shared/src/Haven.Application/PresentAbstractions.cs",
        "RootDir": "/",
        "Filename": "PresentAbstractions",
        "Extension": ".cs",
        "RelativeDir": "",
        "Directory": "workspace/team-c/c3-admin-generated-validation/9to1 Workspace/shared/src/Haven.Application/",
        "RecursiveDir": "",
        "ModifiedTime": "",
        "CreatedTime": "",
        "AccessedTime": "",
        "DefiningProjectFullPath": "/workspace/.tools/dotnet/sdk/10.0.401/Sdks/Microsoft.NET.Sdk/targets/Microsoft.NET.Sdk.DefaultItems.props",
        "DefiningProjectDirectory": "/workspace/.tools/dotnet/sdk/10.0.401/Sdks/Microsoft.NET.Sdk/targets/",
        "DefiningProjectName": "Microsoft.NET.Sdk.DefaultItems",
        "DefiningProjectExtension": ".props"
      },
      {
        "Identity": "Preview/ProjectPreviewAbstractions.cs",
        "FullPath": "/workspace/team-c/c3-admin-generated-validation/9to1 Workspace/shared/src/Haven.Application/Preview/ProjectPreviewAbstractions.cs",
        "RootDir": "/",
        "Filename": "ProjectPreviewAbstractions",
        "Extension": ".cs",
        "RelativeDir": "Preview/",
        "Directory": "workspace/team-c/c3-admin-generated-validation/9to1 Workspace/shared/src/Haven.Application/Preview/",
        "RecursiveDir": "Preview/",
        "ModifiedTime": "",
        "CreatedTime": "",
        "AccessedTime": "",
        "DefiningProjectFullPath": "/workspace/.tools/dotnet/sdk/10.0.401/Sdks/Microsoft.NET.Sdk/targets/Microsoft.NET.Sdk.DefaultItems.props",
        "DefiningProjectDirectory": "/workspace/.tools/dotnet/sdk/10.0.401/Sdks/Microsoft.NET.Sdk/targets/",
        "DefiningProjectName": "Microsoft.NET.Sdk.DefaultItems",
        "DefiningProjectExtension": ".props"
      },
      {
        "Identity": "Privacy/PrivacyPreferences.cs",
        "FullPath": "/workspace/team-c/c3-admin-generated-validation/9to1 Workspace/shared/src/Haven.Application/Privacy/PrivacyPreferences.cs",
        "RootDir": "/",
        "Filename": "PrivacyPreferences",
        "Extension": ".cs",
        "RelativeDir": "Privacy/",
        "Directory": "workspace/team-c/c3-admin-generated-validation/9to1 Workspace/shared/src/Haven.Application/Privacy/",
        "RecursiveDir": "Privacy/",
        "ModifiedTime": "",
        "CreatedTime": "",
        "AccessedTime": "",
        "DefiningProjectFullPath": "/workspace/.tools/dotnet/sdk/10.0.401/Sdks/Microsoft.NET.Sdk/targets/Microsoft.NET.Sdk.DefaultItems.props",
        "DefiningProjectDirectory": "/workspace/.tools/dotnet/sdk/10.0.401/Sdks/Microsoft.NET.Sdk/targets/",
        "DefiningProjectName": "Microsoft.NET.Sdk.DefaultItems",
        "DefiningProjectExtension": ".props"
      },
      {
        "Identity": "ProductionReliabilityAbstractions.cs",
        "FullPath": "/workspace/team-c/c3-admin-generated-validation/9to1 Workspace/shared/src/Haven.Application/ProductionReliabilityAbstractions.cs",
        "RootDir": "/",
        "Filename": "ProductionReliabilityAbstractions",
        "Extension": ".cs",
        "RelativeDir": "",
        "Directory": "workspace/team-c/c3-admin-generated-validation/9to1 Workspace/shared/src/Haven.Application/",
        "RecursiveDir": "",
        "ModifiedTime": "",
        "CreatedTime": "",
        "AccessedTime": "",
        "DefiningProjectFullPath": "/workspace/.tools/dotnet/sdk/10.0.401/Sdks/Microsoft.NET.Sdk/targets/Microsoft.NET.Sdk.DefaultItems.props",
        "DefiningProjectDirectory": "/workspace/.tools/dotnet/sdk/10.0.401/Sdks/Microsoft.NET.Sdk/targets/",
        "DefiningProjectName": "Microsoft.NET.Sdk.DefaultItems",
        "DefiningProjectExtension": ".props"
      },
      {
        "Identity": "Productivity/ProductivityArtifactReferences.cs",
        "FullPath": "/workspace/team-c/c3-admin-generated-validation/9to1 Workspace/shared/src/Haven.Application/Productivity/ProductivityArtifactReferences.cs",
        "RootDir": "/",
        "Filename": "ProductivityArtifactReferences",
        "Extension": ".cs",
        "RelativeDir": "Productivity/",
        "Directory": "workspace/team-c/c3-admin-generated-validation/9to1 Workspace/shared/src/Haven.Application/Productivity/",
        "RecursiveDir": "Productivity/",
        "ModifiedTime": "",
        "CreatedTime": "",
        "AccessedTime": "",
        "DefiningProjectFullPath": "/workspace/.tools/dotnet/sdk/10.0.401/Sdks/Microsoft.NET.Sdk/targets/Microsoft.NET.Sdk.DefaultItems.props",
        "DefiningProjectDirectory": "/workspace/.tools/dotnet/sdk/10.0.401/Sdks/Microsoft.NET.Sdk/targets/",
        "DefiningProjectName": "Microsoft.NET.Sdk.DefaultItems",
        "DefiningProjectExtension": ".props"
      },
      {
        "Identity": "Productivity/ProductivitySnapshotHistory.cs",
        "FullPath": "/workspace/team-c/c3-admin-generated-validation/9to1 Workspace/shared/src/Haven.Application/Productivity/ProductivitySnapshotHistory.cs",
        "RootDir": "/",
        "Filename": "ProductivitySnapshotHistory",
        "Extension": ".cs",
        "RelativeDir": "Productivity/",
        "Directory": "workspace/team-c/c3-admin-generated-validation/9to1 Workspace/shared/src/Haven.Application/Productivity/",
        "RecursiveDir": "Productivity/",
        "ModifiedTime": "",
        "CreatedTime": "",
        "AccessedTime": "",
        "DefiningProjectFullPath": "/workspace/.tools/dotnet/sdk/10.0.401/Sdks/Microsoft.NET.Sdk/targets/Microsoft.NET.Sdk.DefaultItems.props",
        "DefiningProjectDirectory": "/workspace/.tools/dotnet/sdk/10.0.401/Sdks/Microsoft.NET.Sdk/targets/",
        "DefiningProjectName": "Microsoft.NET.Sdk.DefaultItems",
        "DefiningProjectExtension": ".props"
      },
      {
        "Identity": "Projector/ProjectorActionPlanning.cs",
        "FullPath": "/workspace/team-c/c3-admin-generated-validation/9to1 Workspace/shared/src/Haven.Application/Projector/ProjectorActionPlanning.cs",
        "RootDir": "/",
        "Filename": "ProjectorActionPlanning",
        "Extension": ".cs",
        "RelativeDir": "Projector/",
        "Directory": "workspace/team-c/c3-admin-generated-validation/9to1 Workspace/shared/src/Haven.Application/Projector/",
        "RecursiveDir": "Projector/",
        "ModifiedTime": "",
        "CreatedTime": "",
        "AccessedTime": "",
        "DefiningProjectFullPath": "/workspace/.tools/dotnet/sdk/10.0.401/Sdks/Microsoft.NET.Sdk/targets/Microsoft.NET.Sdk.DefaultItems.props",
        "DefiningProjectDirectory": "/workspace/.tools/dotnet/sdk/10.0.401/Sdks/Microsoft.NET.Sdk/targets/",
        "DefiningProjectName": "Microsoft.NET.Sdk.DefaultItems",
        "DefiningProjectExtension": ".props"
      },
      {
        "Identity": "Projector/ProjectorCapabilitySlice.cs",
        "FullPath": "/workspace/team-c/c3-admin-generated-validation/9to1 Workspace/shared/src/Haven.Application/Projector/ProjectorCapabilitySlice.cs",
        "RootDir": "/",
        "Filename": "ProjectorCapabilitySlice",
        "Extension": ".cs",
        "RelativeDir": "Projector/",
        "Directory": "workspace/team-c/c3-admin-generated-validation/9to1 Workspace/shared/src/Haven.Application/Projector/",
        "RecursiveDir": "Projector/",
        "ModifiedTime": "",
        "CreatedTime": "",
        "AccessedTime": "",
        "DefiningProjectFullPath": "/workspace/.tools/dotnet/sdk/10.0.401/Sdks/Microsoft.NET.Sdk/targets/Microsoft.NET.Sdk.DefaultItems.props",
        "DefiningProjectDirectory": "/workspace/.tools/dotnet/sdk/10.0.401/Sdks/Microsoft.NET.Sdk/targets/",
        "DefiningProjectName": "Microsoft.NET.Sdk.DefaultItems",
        "DefiningProjectExtension": ".props"
      },
      {
        "Identity": "Projector/ProjectorExperienceCatalog.cs",
        "FullPath": "/workspace/team-c/c3-admin-generated-validation/9to1 Workspace/shared/src/Haven.Application/Projector/ProjectorExperienceCatalog.cs",
        "RootDir": "/",
        "Filename": "ProjectorExperienceCatalog",
        "Extension": ".cs",
        "RelativeDir": "Projector/",
        "Directory": "workspace/team-c/c3-admin-generated-validation/9to1 Workspace/shared/src/Haven.Application/Projector/",
        "RecursiveDir": "Projector/",
        "ModifiedTime": "",
        "CreatedTime": "",
        "AccessedTime": "",
        "DefiningProjectFullPath": "/workspace/.tools/dotnet/sdk/10.0.401/Sdks/Microsoft.NET.Sdk/targets/Microsoft.NET.Sdk.DefaultItems.props",
        "DefiningProjectDirectory": "/workspace/.tools/dotnet/sdk/10.0.401/Sdks/Microsoft.NET.Sdk/targets/",
        "DefiningProjectName": "Microsoft.NET.Sdk.DefaultItems",
        "DefiningProjectExtension": ".props"
      },
      {
        "Identity": "Projector/ProjectorFoundation.cs",
        "FullPath": "/workspace/team-c/c3-admin-generated-validation/9to1 Workspace/shared/src/Haven.Application/Projector/ProjectorFoundation.cs",
        "RootDir": "/",
        "Filename": "ProjectorFoundation",
        "Extension": ".cs",
        "RelativeDir": "Projector/",
        "Directory": "workspace/team-c/c3-admin-generated-validation/9to1 Workspace/shared/src/Haven.Application/Projector/",
        "RecursiveDir": "Projector/",
        "ModifiedTime": "",
        "CreatedTime": "",
        "AccessedTime": "",
        "DefiningProjectFullPath": "/workspace/.tools/dotnet/sdk/10.0.401/Sdks/Microsoft.NET.Sdk/targets/Microsoft.NET.Sdk.DefaultItems.props",
        "DefiningProjectDirectory": "/workspace/.tools/dotnet/sdk/10.0.401/Sdks/Microsoft.NET.Sdk/targets/",
        "DefiningProjectName": "Microsoft.NET.Sdk.DefaultItems",
        "DefiningProjectExtension": ".props"
      },
      {
        "Identity": "Projector/ProjectorSessionRecovery.cs",
        "FullPath": "/workspace/team-c/c3-admin-generated-validation/9to1 Workspace/shared/src/Haven.Application/Projector/ProjectorSessionRecovery.cs",
        "RootDir": "/",
        "Filename": "ProjectorSessionRecovery",
        "Extension": ".cs",
        "RelativeDir": "Projector/",
        "Directory": "workspace/team-c/c3-admin-generated-validation/9to1 Workspace/shared/src/Haven.Application/Projector/",
        "RecursiveDir": "Projector/",
        "ModifiedTime": "",
        "CreatedTime": "",
        "AccessedTime": "",
        "DefiningProjectFullPath": "/workspace/.tools/dotnet/sdk/10.0.401/Sdks/Microsoft.NET.Sdk/targets/Microsoft.NET.Sdk.DefaultItems.props",
        "DefiningProjectDirectory": "/workspace/.tools/dotnet/sdk/10.0.401/Sdks/Microsoft.NET.Sdk/targets/",
        "DefiningProjectName": "Microsoft.NET.Sdk.DefaultItems",
        "DefiningProjectExtension": ".props"
      },
      {
        "Identity": "Provider/ModelInventoryCache.cs",
        "FullPath": "/workspace/team-c/c3-admin-generated-validation/9to1 Workspace/shared/src/Haven.Application/Provider/ModelInventoryCache.cs",
        "RootDir": "/",
        "Filename": "ModelInventoryCache",
        "Extension": ".cs",
        "RelativeDir": "Provider/",
        "Directory": "workspace/team-c/c3-admin-generated-validation/9to1 Workspace/shared/src/Haven.Application/Provider/",
        "RecursiveDir": "Provider/",
        "ModifiedTime": "",
        "CreatedTime": "",
        "AccessedTime": "",
        "DefiningProjectFullPath": "/workspace/.tools/dotnet/sdk/10.0.401/Sdks/Microsoft.NET.Sdk/targets/Microsoft.NET.Sdk.DefaultItems.props",
        "DefiningProjectDirectory": "/workspace/.tools/dotnet/sdk/10.0.401/Sdks/Microsoft.NET.Sdk/targets/",
        "DefiningProjectName": "Microsoft.NET.Sdk.DefaultItems",
        "DefiningProjectExtension": ".props"
      },
      {
        "Identity": "Provider/ModelProviderRegistry.cs",
        "FullPath": "/workspace/team-c/c3-admin-generated-validation/9to1 Workspace/shared/src/Haven.Application/Provider/ModelProviderRegistry.cs",
        "RootDir": "/",
        "Filename": "ModelProviderRegistry",
        "Extension": ".cs",
        "RelativeDir": "Provider/",
        "Directory": "workspace/team-c/c3-admin-generated-validation/9to1 Workspace/shared/src/Haven.Application/Provider/",
        "RecursiveDir": "Provider/",
        "ModifiedTime": "",
        "CreatedTime": "",
        "AccessedTime": "",
        "DefiningProjectFullPath": "/workspace/.tools/dotnet/sdk/10.0.401/Sdks/Microsoft.NET.Sdk/targets/Microsoft.NET.Sdk.DefaultItems.props",
        "DefiningProjectDirectory": "/workspace/.tools/dotnet/sdk/10.0.401/Sdks/Microsoft.NET.Sdk/targets/",
        "DefiningProjectName": "Microsoft.NET.Sdk.DefaultItems",
        "DefiningProjectExtension": ".props"
      },
      {
        "Identity": "QuickSettings/QuickSettingsSlice.cs",
        "FullPath": "/workspace/team-c/c3-admin-generated-validation/9to1 Workspace/shared/src/Haven.Application/QuickSettings/QuickSettingsSlice.cs",
        "RootDir": "/",
        "Filename": "QuickSettingsSlice",
        "Extension": ".cs",
        "RelativeDir": "QuickSettings/",
        "Directory": "workspace/team-c/c3-admin-generated-validation/9to1 Workspace/shared/src/Haven.Application/QuickSettings/",
        "RecursiveDir": "QuickSettings/",
        "ModifiedTime": "",
        "CreatedTime": "",
        "AccessedTime": "",
        "DefiningProjectFullPath": "/workspace/.tools/dotnet/sdk/10.0.401/Sdks/Microsoft.NET.Sdk/targets/Microsoft.NET.Sdk.DefaultItems.props",
        "DefiningProjectDirectory": "/workspace/.tools/dotnet/sdk/10.0.401/Sdks/Microsoft.NET.Sdk/targets/",
        "DefiningProjectName": "Microsoft.NET.Sdk.DefaultItems",
        "DefiningProjectExtension": ".props"
      },
      {
        "Identity": "Research/BrowserResearchCoordinator.cs",
        "FullPath": "/workspace/team-c/c3-admin-generated-validation/9to1 Workspace/shared/src/Haven.Application/Research/BrowserResearchCoordinator.cs",
        "RootDir": "/",
        "Filename": "BrowserResearchCoordinator",
        "Extension": ".cs",
        "RelativeDir": "Research/",
        "Directory": "workspace/team-c/c3-admin-generated-validation/9to1 Workspace/shared/src/Haven.Application/Research/",
        "RecursiveDir": "Research/",
        "ModifiedTime": "",
        "CreatedTime": "",
        "AccessedTime": "",
        "DefiningProjectFullPath": "/workspace/.tools/dotnet/sdk/10.0.401/Sdks/Microsoft.NET.Sdk/targets/Microsoft.NET.Sdk.DefaultItems.props",
        "DefiningProjectDirectory": "/workspace/.tools/dotnet/sdk/10.0.401/Sdks/Microsoft.NET.Sdk/targets/",
        "DefiningProjectName": "Microsoft.NET.Sdk.DefaultItems",
        "DefiningProjectExtension": ".props"
      },
      {
        "Identity": "RetrievalAbstractions.cs",
        "FullPath": "/workspace/team-c/c3-admin-generated-validation/9to1 Workspace/shared/src/Haven.Application/RetrievalAbstractions.cs",
        "RootDir": "/",
        "Filename": "RetrievalAbstractions",
        "Extension": ".cs",
        "RelativeDir": "",
        "Directory": "workspace/team-c/c3-admin-generated-validation/9to1 Workspace/shared/src/Haven.Application/",
        "RecursiveDir": "",
        "ModifiedTime": "",
        "CreatedTime": "",
        "AccessedTime": "",
        "DefiningProjectFullPath": "/workspace/.tools/dotnet/sdk/10.0.401/Sdks/Microsoft.NET.Sdk/targets/Microsoft.NET.Sdk.DefaultItems.props",
        "DefiningProjectDirectory": "/workspace/.tools/dotnet/sdk/10.0.401/Sdks/Microsoft.NET.Sdk/targets/",
        "DefiningProjectName": "Microsoft.NET.Sdk.DefaultItems",
        "DefiningProjectExtension": ".props"
      },
      {
        "Identity": "Safety/AgentInstructions.cs",
        "FullPath": "/workspace/team-c/c3-admin-generated-validation/9to1 Workspace/shared/src/Haven.Application/Safety/AgentInstructions.cs",
        "RootDir": "/",
        "Filename": "AgentInstructions",
        "Extension": ".cs",
        "RelativeDir": "Safety/",
        "Directory": "workspace/team-c/c3-admin-generated-validation/9to1 Workspace/shared/src/Haven.Application/Safety/",
        "RecursiveDir": "Safety/",
        "ModifiedTime": "",
        "CreatedTime": "",
        "AccessedTime": "",
        "DefiningProjectFullPath": "/workspace/.tools/dotnet/sdk/10.0.401/Sdks/Microsoft.NET.Sdk/targets/Microsoft.NET.Sdk.DefaultItems.props",
        "DefiningProjectDirectory": "/workspace/.tools/dotnet/sdk/10.0.401/Sdks/Microsoft.NET.Sdk/targets/",
        "DefiningProjectName": "Microsoft.NET.Sdk.DefaultItems",
        "DefiningProjectExtension": ".props"
      },
      {
        "Identity": "Safety/CheckpointService.cs",
        "FullPath": "/workspace/team-c/c3-admin-generated-validation/9to1 Workspace/shared/src/Haven.Application/Safety/CheckpointService.cs",
        "RootDir": "/",
        "Filename": "CheckpointService",
        "Extension": ".cs",
        "RelativeDir": "Safety/",
        "Directory": "workspace/team-c/c3-admin-generated-validation/9to1 Workspace/shared/src/Haven.Application/Safety/",
        "RecursiveDir": "Safety/",
        "ModifiedTime": "",
        "CreatedTime": "",
        "AccessedTime": "",
        "DefiningProjectFullPath": "/workspace/.tools/dotnet/sdk/10.0.401/Sdks/Microsoft.NET.Sdk/targets/Microsoft.NET.Sdk.DefaultItems.props",
        "DefiningProjectDirectory": "/workspace/.tools/dotnet/sdk/10.0.401/Sdks/Microsoft.NET.Sdk/targets/",
        "DefiningProjectName": "Microsoft.NET.Sdk.DefaultItems",
        "DefiningProjectExtension": ".props"
      },
      {
        "Identity": "Security/ConversationSafety.cs",
        "FullPath": "/workspace/team-c/c3-admin-generated-validation/9to1 Workspace/shared/src/Haven.Application/Security/ConversationSafety.cs",
        "RootDir": "/",
        "Filename": "ConversationSafety",
        "Extension": ".cs",
        "RelativeDir": "Security/",
        "Directory": "workspace/team-c/c3-admin-generated-validation/9to1 Workspace/shared/src/Haven.Application/Security/",
        "RecursiveDir": "Security/",
        "ModifiedTime": "",
        "CreatedTime": "",
        "AccessedTime": "",
        "DefiningProjectFullPath": "/workspace/.tools/dotnet/sdk/10.0.401/Sdks/Microsoft.NET.Sdk/targets/Microsoft.NET.Sdk.DefaultItems.props",
        "DefiningProjectDirectory": "/workspace/.tools/dotnet/sdk/10.0.401/Sdks/Microsoft.NET.Sdk/targets/",
        "DefiningProjectName": "Microsoft.NET.Sdk.DefaultItems",
        "DefiningProjectExtension": ".props"
      },
      {
        "Identity": "Security/PermissionDecisionEngine.cs",
        "FullPath": "/workspace/team-c/c3-admin-generated-validation/9to1 Workspace/shared/src/Haven.Application/Security/PermissionDecisionEngine.cs",
        "RootDir": "/",
        "Filename": "PermissionDecisionEngine",
        "Extension": ".cs",
        "RelativeDir": "Security/",
        "Directory": "workspace/team-c/c3-admin-generated-validation/9to1 Workspace/shared/src/Haven.Application/Security/",
        "RecursiveDir": "Security/",
        "ModifiedTime": "",
        "CreatedTime": "",
        "AccessedTime": "",
        "DefiningProjectFullPath": "/workspace/.tools/dotnet/sdk/10.0.401/Sdks/Microsoft.NET.Sdk/targets/Microsoft.NET.Sdk.DefaultItems.props",
        "DefiningProjectDirectory": "/workspace/.tools/dotnet/sdk/10.0.401/Sdks/Microsoft.NET.Sdk/targets/",
        "DefiningProjectName": "Microsoft.NET.Sdk.DefaultItems",
        "DefiningProjectExtension": ".props"
      },
      {
        "Identity": "Shelf/ShelfInstalledApplicationActivation.cs",
        "FullPath": "/workspace/team-c/c3-admin-generated-validation/9to1 Workspace/shared/src/Haven.Application/Shelf/ShelfInstalledApplicationActivation.cs",
        "RootDir": "/",
        "Filename": "ShelfInstalledApplicationActivation",
        "Extension": ".cs",
        "RelativeDir": "Shelf/",
        "Directory": "workspace/team-c/c3-admin-generated-validation/9to1 Workspace/shared/src/Haven.Application/Shelf/",
        "RecursiveDir": "Shelf/",
        "ModifiedTime": "",
        "CreatedTime": "",
        "AccessedTime": "",
        "DefiningProjectFullPath": "/workspace/.tools/dotnet/sdk/10.0.401/Sdks/Microsoft.NET.Sdk/targets/Microsoft.NET.Sdk.DefaultItems.props",
        "DefiningProjectDirectory": "/workspace/.tools/dotnet/sdk/10.0.401/Sdks/Microsoft.NET.Sdk/targets/",
        "DefiningProjectName": "Microsoft.NET.Sdk.DefaultItems",
        "DefiningProjectExtension": ".props"
      },
      {
        "Identity": "Shelf/ShelfItemEdit.cs",
        "FullPath": "/workspace/team-c/c3-admin-generated-validation/9to1 Workspace/shared/src/Haven.Application/Shelf/ShelfItemEdit.cs",
        "RootDir": "/",
        "Filename": "ShelfItemEdit",
        "Extension": ".cs",
        "RelativeDir": "Shelf/",
        "Directory": "workspace/team-c/c3-admin-generated-validation/9to1 Workspace/shared/src/Haven.Application/Shelf/",
        "RecursiveDir": "Shelf/",
        "ModifiedTime": "",
        "CreatedTime": "",
        "AccessedTime": "",
        "DefiningProjectFullPath": "/workspace/.tools/dotnet/sdk/10.0.401/Sdks/Microsoft.NET.Sdk/targets/Microsoft.NET.Sdk.DefaultItems.props",
        "DefiningProjectDirectory": "/workspace/.tools/dotnet/sdk/10.0.401/Sdks/Microsoft.NET.Sdk/targets/",
        "DefiningProjectName": "Microsoft.NET.Sdk.DefaultItems",
        "DefiningProjectExtension": ".props"
      },
      {
        "Identity": "Shelf/ShelfLibraryPolicy.cs",
        "FullPath": "/workspace/team-c/c3-admin-generated-validation/9to1 Workspace/shared/src/Haven.Application/Shelf/ShelfLibraryPolicy.cs",
        "RootDir": "/",
        "Filename": "ShelfLibraryPolicy",
        "Extension": ".cs",
        "RelativeDir": "Shelf/",
        "Directory": "workspace/team-c/c3-admin-generated-validation/9to1 Workspace/shared/src/Haven.Application/Shelf/",
        "RecursiveDir": "Shelf/",
        "ModifiedTime": "",
        "CreatedTime": "",
        "AccessedTime": "",
        "DefiningProjectFullPath": "/workspace/.tools/dotnet/sdk/10.0.401/Sdks/Microsoft.NET.Sdk/targets/Microsoft.NET.Sdk.DefaultItems.props",
        "DefiningProjectDirectory": "/workspace/.tools/dotnet/sdk/10.0.401/Sdks/Microsoft.NET.Sdk/targets/",
        "DefiningProjectName": "Microsoft.NET.Sdk.DefaultItems",
        "DefiningProjectExtension": ".props"
      },
      {
        "Identity": "Shelf/ShelfLibraryService.cs",
        "FullPath": "/workspace/team-c/c3-admin-generated-validation/9to1 Workspace/shared/src/Haven.Application/Shelf/ShelfLibraryService.cs",
        "RootDir": "/",
        "Filename": "ShelfLibraryService",
        "Extension": ".cs",
        "RelativeDir": "Shelf/",
        "Directory": "workspace/team-c/c3-admin-generated-validation/9to1 Workspace/shared/src/Haven.Application/Shelf/",
        "RecursiveDir": "Shelf/",
        "ModifiedTime": "",
        "CreatedTime": "",
        "AccessedTime": "",
        "DefiningProjectFullPath": "/workspace/.tools/dotnet/sdk/10.0.401/Sdks/Microsoft.NET.Sdk/targets/Microsoft.NET.Sdk.DefaultItems.props",
        "DefiningProjectDirectory": "/workspace/.tools/dotnet/sdk/10.0.401/Sdks/Microsoft.NET.Sdk/targets/",
        "DefiningProjectName": "Microsoft.NET.Sdk.DefaultItems",
        "DefiningProjectExtension": ".props"
      },
      {
        "Identity": "Shelf/ShelfOwnedMutationReceipt.cs",
        "FullPath": "/workspace/team-c/c3-admin-generated-validation/9to1 Workspace/shared/src/Haven.Application/Shelf/ShelfOwnedMutationReceipt.cs",
        "RootDir": "/",
        "Filename": "ShelfOwnedMutationReceipt",
        "Extension": ".cs",
        "RelativeDir": "Shelf/",
        "Directory": "workspace/team-c/c3-admin-generated-validation/9to1 Workspace/shared/src/Haven.Application/Shelf/",
        "RecursiveDir": "Shelf/",
        "ModifiedTime": "",
        "CreatedTime": "",
        "AccessedTime": "",
        "DefiningProjectFullPath": "/workspace/.tools/dotnet/sdk/10.0.401/Sdks/Microsoft.NET.Sdk/targets/Microsoft.NET.Sdk.DefaultItems.props",
        "DefiningProjectDirectory": "/workspace/.tools/dotnet/sdk/10.0.401/Sdks/Microsoft.NET.Sdk/targets/",
        "DefiningProjectName": "Microsoft.NET.Sdk.DefaultItems",
        "DefiningProjectExtension": ".props"
      },
      {
        "Identity": "Spaces/ISpaceConversationWriter.cs",
        "FullPath": "/workspace/team-c/c3-admin-generated-validation/9to1 Workspace/shared/src/Haven.Application/Spaces/ISpaceConversationWriter.cs",
        "RootDir": "/",
        "Filename": "ISpaceConversationWriter",
        "Extension": ".cs",
        "RelativeDir": "Spaces/",
        "Directory": "workspace/team-c/c3-admin-generated-validation/9to1 Workspace/shared/src/Haven.Application/Spaces/",
        "RecursiveDir": "Spaces/",
        "ModifiedTime": "",
        "CreatedTime": "",
        "AccessedTime": "",
        "DefiningProjectFullPath": "/workspace/.tools/dotnet/sdk/10.0.401/Sdks/Microsoft.NET.Sdk/targets/Microsoft.NET.Sdk.DefaultItems.props",
        "DefiningProjectDirectory": "/workspace/.tools/dotnet/sdk/10.0.401/Sdks/Microsoft.NET.Sdk/targets/",
        "DefiningProjectName": "Microsoft.NET.Sdk.DefaultItems",
        "DefiningProjectExtension": ".props"
      },
      {
        "Identity": "Spaces/SpaceConversationService.cs",
        "FullPath": "/workspace/team-c/c3-admin-generated-validation/9to1 Workspace/shared/src/Haven.Application/Spaces/SpaceConversationService.cs",
        "RootDir": "/",
        "Filename": "SpaceConversationService",
        "Extension": ".cs",
        "RelativeDir": "Spaces/",
        "Directory": "workspace/team-c/c3-admin-generated-validation/9to1 Workspace/shared/src/Haven.Application/Spaces/",
        "RecursiveDir": "Spaces/",
        "ModifiedTime": "",
        "CreatedTime": "",
        "AccessedTime": "",
        "DefiningProjectFullPath": "/workspace/.tools/dotnet/sdk/10.0.401/Sdks/Microsoft.NET.Sdk/targets/Microsoft.NET.Sdk.DefaultItems.props",
        "DefiningProjectDirectory": "/workspace/.tools/dotnet/sdk/10.0.401/Sdks/Microsoft.NET.Sdk/targets/",
        "DefiningProjectName": "Microsoft.NET.Sdk.DefaultItems",
        "DefiningProjectExtension": ".props"
      },
      {
        "Identity": "Spaces/SpaceDefinition.cs",
        "FullPath": "/workspace/team-c/c3-admin-generated-validation/9to1 Workspace/shared/src/Haven.Application/Spaces/SpaceDefinition.cs",
        "RootDir": "/",
        "Filename": "SpaceDefinition",
        "Extension": ".cs",
        "RelativeDir": "Spaces/",
        "Directory": "workspace/team-c/c3-admin-generated-validation/9to1 Workspace/shared/src/Haven.Application/Spaces/",
        "RecursiveDir": "Spaces/",
        "ModifiedTime": "",
        "CreatedTime": "",
        "AccessedTime": "",
        "DefiningProjectFullPath": "/workspace/.tools/dotnet/sdk/10.0.401/Sdks/Microsoft.NET.Sdk/targets/Microsoft.NET.Sdk.DefaultItems.props",
        "DefiningProjectDirectory": "/workspace/.tools/dotnet/sdk/10.0.401/Sdks/Microsoft.NET.Sdk/targets/",
        "DefiningProjectName": "Microsoft.NET.Sdk.DefaultItems",
        "DefiningProjectExtension": ".props"
      },
      {
        "Identity": "Spaces/SpaceLayoutDocument.cs",
        "FullPath": "/workspace/team-c/c3-admin-generated-validation/9to1 Workspace/shared/src/Haven.Application/Spaces/SpaceLayoutDocument.cs",
        "RootDir": "/",
        "Filename": "SpaceLayoutDocument",
        "Extension": ".cs",
        "RelativeDir": "Spaces/",
        "Directory": "workspace/team-c/c3-admin-generated-validation/9to1 Workspace/shared/src/Haven.Application/Spaces/",
        "RecursiveDir": "Spaces/",
        "ModifiedTime": "",
        "CreatedTime": "",
        "AccessedTime": "",
        "DefiningProjectFullPath": "/workspace/.tools/dotnet/sdk/10.0.401/Sdks/Microsoft.NET.Sdk/targets/Microsoft.NET.Sdk.DefaultItems.props",
        "DefiningProjectDirectory": "/workspace/.tools/dotnet/sdk/10.0.401/Sdks/Microsoft.NET.Sdk/targets/",
        "DefiningProjectName": "Microsoft.NET.Sdk.DefaultItems",
        "DefiningProjectExtension": ".props"
      },
      {
        "Identity": "Spaces/SpaceLocalStoreAuthority.cs",
        "FullPath": "/workspace/team-c/c3-admin-generated-validation/9to1 Workspace/shared/src/Haven.Application/Spaces/SpaceLocalStoreAuthority.cs",
        "RootDir": "/",
        "Filename": "SpaceLocalStoreAuthority",
        "Extension": ".cs",
        "RelativeDir": "Spaces/",
        "Directory": "workspace/team-c/c3-admin-generated-validation/9to1 Workspace/shared/src/Haven.Application/Spaces/",
        "RecursiveDir": "Spaces/",
        "ModifiedTime": "",
        "CreatedTime": "",
        "AccessedTime": "",
        "DefiningProjectFullPath": "/workspace/.tools/dotnet/sdk/10.0.401/Sdks/Microsoft.NET.Sdk/targets/Microsoft.NET.Sdk.DefaultItems.props",
        "DefiningProjectDirectory": "/workspace/.tools/dotnet/sdk/10.0.401/Sdks/Microsoft.NET.Sdk/targets/",
        "DefiningProjectName": "Microsoft.NET.Sdk.DefaultItems",
        "DefiningProjectExtension": ".props"
      },
      {
        "Identity": "Spaces/SpacePolicyResolver.cs",
        "FullPath": "/workspace/team-c/c3-admin-generated-validation/9to1 Workspace/shared/src/Haven.Application/Spaces/SpacePolicyResolver.cs",
        "RootDir": "/",
        "Filename": "SpacePolicyResolver",
        "Extension": ".cs",
        "RelativeDir": "Spaces/",
        "Directory": "workspace/team-c/c3-admin-generated-validation/9to1 Workspace/shared/src/Haven.Application/Spaces/",
        "RecursiveDir": "Spaces/",
        "ModifiedTime": "",
        "CreatedTime": "",
        "AccessedTime": "",
        "DefiningProjectFullPath": "/workspace/.tools/dotnet/sdk/10.0.401/Sdks/Microsoft.NET.Sdk/targets/Microsoft.NET.Sdk.DefaultItems.props",
        "DefiningProjectDirectory": "/workspace/.tools/dotnet/sdk/10.0.401/Sdks/Microsoft.NET.Sdk/targets/",
        "DefiningProjectName": "Microsoft.NET.Sdk.DefaultItems",
        "DefiningProjectExtension": ".props"
      },
      {
        "Identity": "Spaces/SpaceRegistry.cs",
        "FullPath": "/workspace/team-c/c3-admin-generated-validation/9to1 Workspace/shared/src/Haven.Application/Spaces/SpaceRegistry.cs",
        "RootDir": "/",
        "Filename": "SpaceRegistry",
        "Extension": ".cs",
        "RelativeDir": "Spaces/",
        "Directory": "workspace/team-c/c3-admin-generated-validation/9to1 Workspace/shared/src/Haven.Application/Spaces/",
        "RecursiveDir": "Spaces/",
        "ModifiedTime": "",
        "CreatedTime": "",
        "AccessedTime": "",
        "DefiningProjectFullPath": "/workspace/.tools/dotnet/sdk/10.0.401/Sdks/Microsoft.NET.Sdk/targets/Microsoft.NET.Sdk.DefaultItems.props",
        "DefiningProjectDirectory": "/workspace/.tools/dotnet/sdk/10.0.401/Sdks/Microsoft.NET.Sdk/targets/",
        "DefiningProjectName": "Microsoft.NET.Sdk.DefaultItems",
        "DefiningProjectExtension": ".props"
      },
      {
        "Identity": "Spaces/SpaceRegistry.Deletion.cs",
        "FullPath": "/workspace/team-c/c3-admin-generated-validation/9to1 Workspace/shared/src/Haven.Application/Spaces/SpaceRegistry.Deletion.cs",
        "RootDir": "/",
        "Filename": "SpaceRegistry.Deletion",
        "Extension": ".cs",
        "RelativeDir": "Spaces/",
        "Directory": "workspace/team-c/c3-admin-generated-validation/9to1 Workspace/shared/src/Haven.Application/Spaces/",
        "RecursiveDir": "Spaces/",
        "ModifiedTime": "",
        "CreatedTime": "",
        "AccessedTime": "",
        "DefiningProjectFullPath": "/workspace/.tools/dotnet/sdk/10.0.401/Sdks/Microsoft.NET.Sdk/targets/Microsoft.NET.Sdk.DefaultItems.props",
        "DefiningProjectDirectory": "/workspace/.tools/dotnet/sdk/10.0.401/Sdks/Microsoft.NET.Sdk/targets/",
        "DefiningProjectName": "Microsoft.NET.Sdk.DefaultItems",
        "DefiningProjectExtension": ".props"
      },
      {
        "Identity": "Spaces/SpaceSourceResourceResolver.cs",
        "FullPath": "/workspace/team-c/c3-admin-generated-validation/9to1 Workspace/shared/src/Haven.Application/Spaces/SpaceSourceResourceResolver.cs",
        "RootDir": "/",
        "Filename": "SpaceSourceResourceResolver",
        "Extension": ".cs",
        "RelativeDir": "Spaces/",
        "Directory": "workspace/team-c/c3-admin-generated-validation/9to1 Workspace/shared/src/Haven.Application/Spaces/",
        "RecursiveDir": "Spaces/",
        "ModifiedTime": "",
        "CreatedTime": "",
        "AccessedTime": "",
        "DefiningProjectFullPath": "/workspace/.tools/dotnet/sdk/10.0.401/Sdks/Microsoft.NET.Sdk/targets/Microsoft.NET.Sdk.DefaultItems.props",
        "DefiningProjectDirectory": "/workspace/.tools/dotnet/sdk/10.0.401/Sdks/Microsoft.NET.Sdk/targets/",
        "DefiningProjectName": "Microsoft.NET.Sdk.DefaultItems",
        "DefiningProjectExtension": ".props"
      },
      {
        "Identity": "StudyPlannerAbstractions.cs",
        "FullPath": "/workspace/team-c/c3-admin-generated-validation/9to1 Workspace/shared/src/Haven.Application/StudyPlannerAbstractions.cs",
        "RootDir": "/",
        "Filename": "StudyPlannerAbstractions",
        "Extension": ".cs",
        "RelativeDir": "",
        "Directory": "workspace/team-c/c3-admin-generated-validation/9to1 Workspace/shared/src/Haven.Application/",
        "RecursiveDir": "",
        "ModifiedTime": "",
        "CreatedTime": "",
        "AccessedTime": "",
        "DefiningProjectFullPath": "/workspace/.tools/dotnet/sdk/10.0.401/Sdks/Microsoft.NET.Sdk/targets/Microsoft.NET.Sdk.DefaultItems.props",
        "DefiningProjectDirectory": "/workspace/.tools/dotnet/sdk/10.0.401/Sdks/Microsoft.NET.Sdk/targets/",
        "DefiningProjectName": "Microsoft.NET.Sdk.DefaultItems",
        "DefiningProjectExtension": ".props"
      },
      {
        "Identity": "Tasks/ExternalAgentTaskService.cs",
        "FullPath": "/workspace/team-c/c3-admin-generated-validation/9to1 Workspace/shared/src/Haven.Application/Tasks/ExternalAgentTaskService.cs",
        "RootDir": "/",
        "Filename": "ExternalAgentTaskService",
        "Extension": ".cs",
        "RelativeDir": "Tasks/",
        "Directory": "workspace/team-c/c3-admin-generated-validation/9to1 Workspace/shared/src/Haven.Application/Tasks/",
        "RecursiveDir": "Tasks/",
        "ModifiedTime": "",
        "CreatedTime": "",
        "AccessedTime": "",
        "DefiningProjectFullPath": "/workspace/.tools/dotnet/sdk/10.0.401/Sdks/Microsoft.NET.Sdk/targets/Microsoft.NET.Sdk.DefaultItems.props",
        "DefiningProjectDirectory": "/workspace/.tools/dotnet/sdk/10.0.401/Sdks/Microsoft.NET.Sdk/targets/",
        "DefiningProjectName": "Microsoft.NET.Sdk.DefaultItems",
        "DefiningProjectExtension": ".props"
      },
      {
        "Identity": "Tasks/ScheduledTaskRuntime.cs",
        "FullPath": "/workspace/team-c/c3-admin-generated-validation/9to1 Workspace/shared/src/Haven.Application/Tasks/ScheduledTaskRuntime.cs",
        "RootDir": "/",
        "Filename": "ScheduledTaskRuntime",
        "Extension": ".cs",
        "RelativeDir": "Tasks/",
        "Directory": "workspace/team-c/c3-admin-generated-validation/9to1 Workspace/shared/src/Haven.Application/Tasks/",
        "RecursiveDir": "Tasks/",
        "ModifiedTime": "",
        "CreatedTime": "",
        "AccessedTime": "",
        "DefiningProjectFullPath": "/workspace/.tools/dotnet/sdk/10.0.401/Sdks/Microsoft.NET.Sdk/targets/Microsoft.NET.Sdk.DefaultItems.props",
        "DefiningProjectDirectory": "/workspace/.tools/dotnet/sdk/10.0.401/Sdks/Microsoft.NET.Sdk/targets/",
        "DefiningProjectName": "Microsoft.NET.Sdk.DefaultItems",
        "DefiningProjectExtension": ".props"
      },
      {
        "Identity": "Terminal/TerminalExecution.cs",
        "FullPath": "/workspace/team-c/c3-admin-generated-validation/9to1 Workspace/shared/src/Haven.Application/Terminal/TerminalExecution.cs",
        "RootDir": "/",
        "Filename": "TerminalExecution",
        "Extension": ".cs",
        "RelativeDir": "Terminal/",
        "Directory": "workspace/team-c/c3-admin-generated-validation/9to1 Workspace/shared/src/Haven.Application/Terminal/",
        "RecursiveDir": "Terminal/",
        "ModifiedTime": "",
        "CreatedTime": "",
        "AccessedTime": "",
        "DefiningProjectFullPath": "/workspace/.tools/dotnet/sdk/10.0.401/Sdks/Microsoft.NET.Sdk/targets/Microsoft.NET.Sdk.DefaultItems.props",
        "DefiningProjectDirectory": "/workspace/.tools/dotnet/sdk/10.0.401/Sdks/Microsoft.NET.Sdk/targets/",
        "DefiningProjectName": "Microsoft.NET.Sdk.DefaultItems",
        "DefiningProjectExtension": ".props"
      },
      {
        "Identity": "Terminal/TerminalOutputBuffer.cs",
        "FullPath": "/workspace/team-c/c3-admin-generated-validation/9to1 Workspace/shared/src/Haven.Application/Terminal/TerminalOutputBuffer.cs",
        "RootDir": "/",
        "Filename": "TerminalOutputBuffer",
        "Extension": ".cs",
        "RelativeDir": "Terminal/",
        "Directory": "workspace/team-c/c3-admin-generated-validation/9to1 Workspace/shared/src/Haven.Application/Terminal/",
        "RecursiveDir": "Terminal/",
        "ModifiedTime": "",
        "CreatedTime": "",
        "AccessedTime": "",
        "DefiningProjectFullPath": "/workspace/.tools/dotnet/sdk/10.0.401/Sdks/Microsoft.NET.Sdk/targets/Microsoft.NET.Sdk.DefaultItems.props",
        "DefiningProjectDirectory": "/workspace/.tools/dotnet/sdk/10.0.401/Sdks/Microsoft.NET.Sdk/targets/",
        "DefiningProjectName": "Microsoft.NET.Sdk.DefaultItems",
        "DefiningProjectExtension": ".props"
      },
      {
        "Identity": "Terminal/TerminalSessionContracts.cs",
        "FullPath": "/workspace/team-c/c3-admin-generated-validation/9to1 Workspace/shared/src/Haven.Application/Terminal/TerminalSessionContracts.cs",
        "RootDir": "/",
        "Filename": "TerminalSessionContracts",
        "Extension": ".cs",
        "RelativeDir": "Terminal/",
        "Directory": "workspace/team-c/c3-admin-generated-validation/9to1 Workspace/shared/src/Haven.Application/Terminal/",
        "RecursiveDir": "Terminal/",
        "ModifiedTime": "",
        "CreatedTime": "",
        "AccessedTime": "",
        "DefiningProjectFullPath": "/workspace/.tools/dotnet/sdk/10.0.401/Sdks/Microsoft.NET.Sdk/targets/Microsoft.NET.Sdk.DefaultItems.props",
        "DefiningProjectDirectory": "/workspace/.tools/dotnet/sdk/10.0.401/Sdks/Microsoft.NET.Sdk/targets/",
        "DefiningProjectName": "Microsoft.NET.Sdk.DefaultItems",
        "DefiningProjectExtension": ".props"
      },
      {
        "Identity": "Tools/AutomationToolRuntime.cs",
        "FullPath": "/workspace/team-c/c3-admin-generated-validation/9to1 Workspace/shared/src/Haven.Application/Tools/AutomationToolRuntime.cs",
        "RootDir": "/",
        "Filename": "AutomationToolRuntime",
        "Extension": ".cs",
        "RelativeDir": "Tools/",
        "Directory": "workspace/team-c/c3-admin-generated-validation/9to1 Workspace/shared/src/Haven.Application/Tools/",
        "RecursiveDir": "Tools/",
        "ModifiedTime": "",
        "CreatedTime": "",
        "AccessedTime": "",
        "DefiningProjectFullPath": "/workspace/.tools/dotnet/sdk/10.0.401/Sdks/Microsoft.NET.Sdk/targets/Microsoft.NET.Sdk.DefaultItems.props",
        "DefiningProjectDirectory": "/workspace/.tools/dotnet/sdk/10.0.401/Sdks/Microsoft.NET.Sdk/targets/",
        "DefiningProjectName": "Microsoft.NET.Sdk.DefaultItems",
        "DefiningProjectExtension": ".props"
      },
      {
        "Identity": "Tools/BrowserToolRuntime.cs",
        "FullPath": "/workspace/team-c/c3-admin-generated-validation/9to1 Workspace/shared/src/Haven.Application/Tools/BrowserToolRuntime.cs",
        "RootDir": "/",
        "Filename": "BrowserToolRuntime",
        "Extension": ".cs",
        "RelativeDir": "Tools/",
        "Directory": "workspace/team-c/c3-admin-generated-validation/9to1 Workspace/shared/src/Haven.Application/Tools/",
        "RecursiveDir": "Tools/",
        "ModifiedTime": "",
        "CreatedTime": "",
        "AccessedTime": "",
        "DefiningProjectFullPath": "/workspace/.tools/dotnet/sdk/10.0.401/Sdks/Microsoft.NET.Sdk/targets/Microsoft.NET.Sdk.DefaultItems.props",
        "DefiningProjectDirectory": "/workspace/.tools/dotnet/sdk/10.0.401/Sdks/Microsoft.NET.Sdk/targets/",
        "DefiningProjectName": "Microsoft.NET.Sdk.DefaultItems",
        "DefiningProjectExtension": ".props"
      },
      {
        "Identity": "Tools/ComputerToolRuntime.cs",
        "FullPath": "/workspace/team-c/c3-admin-generated-validation/9to1 Workspace/shared/src/Haven.Application/Tools/ComputerToolRuntime.cs",
        "RootDir": "/",
        "Filename": "ComputerToolRuntime",
        "Extension": ".cs",
        "RelativeDir": "Tools/",
        "Directory": "workspace/team-c/c3-admin-generated-validation/9to1 Workspace/shared/src/Haven.Application/Tools/",
        "RecursiveDir": "Tools/",
        "ModifiedTime": "",
        "CreatedTime": "",
        "AccessedTime": "",
        "DefiningProjectFullPath": "/workspace/.tools/dotnet/sdk/10.0.401/Sdks/Microsoft.NET.Sdk/targets/Microsoft.NET.Sdk.DefaultItems.props",
        "DefiningProjectDirectory": "/workspace/.tools/dotnet/sdk/10.0.401/Sdks/Microsoft.NET.Sdk/targets/",
        "DefiningProjectName": "Microsoft.NET.Sdk.DefaultItems",
        "DefiningProjectExtension": ".props"
      },
      {
        "Identity": "Tools/ComputerUseAdmission.cs",
        "FullPath": "/workspace/team-c/c3-admin-generated-validation/9to1 Workspace/shared/src/Haven.Application/Tools/ComputerUseAdmission.cs",
        "RootDir": "/",
        "Filename": "ComputerUseAdmission",
        "Extension": ".cs",
        "RelativeDir": "Tools/",
        "Directory": "workspace/team-c/c3-admin-generated-validation/9to1 Workspace/shared/src/Haven.Application/Tools/",
        "RecursiveDir": "Tools/",
        "ModifiedTime": "",
        "CreatedTime": "",
        "AccessedTime": "",
        "DefiningProjectFullPath": "/workspace/.tools/dotnet/sdk/10.0.401/Sdks/Microsoft.NET.Sdk/targets/Microsoft.NET.Sdk.DefaultItems.props",
        "DefiningProjectDirectory": "/workspace/.tools/dotnet/sdk/10.0.401/Sdks/Microsoft.NET.Sdk/targets/",
        "DefiningProjectName": "Microsoft.NET.Sdk.DefaultItems",
        "DefiningProjectExtension": ".props"
      },
      {
        "Identity": "Tools/ComputerUseSessionController.cs",
        "FullPath": "/workspace/team-c/c3-admin-generated-validation/9to1 Workspace/shared/src/Haven.Application/Tools/ComputerUseSessionController.cs",
        "RootDir": "/",
        "Filename": "ComputerUseSessionController",
        "Extension": ".cs",
        "RelativeDir": "Tools/",
        "Directory": "workspace/team-c/c3-admin-generated-validation/9to1 Workspace/shared/src/Haven.Application/Tools/",
        "RecursiveDir": "Tools/",
        "ModifiedTime": "",
        "CreatedTime": "",
        "AccessedTime": "",
        "DefiningProjectFullPath": "/workspace/.tools/dotnet/sdk/10.0.401/Sdks/Microsoft.NET.Sdk/targets/Microsoft.NET.Sdk.DefaultItems.props",
        "DefiningProjectDirectory": "/workspace/.tools/dotnet/sdk/10.0.401/Sdks/Microsoft.NET.Sdk/targets/",
        "DefiningProjectName": "Microsoft.NET.Sdk.DefaultItems",
        "DefiningProjectExtension": ".props"
      },
      {
        "Identity": "Tools/ToolAvailability.cs",
        "FullPath": "/workspace/team-c/c3-admin-generated-validation/9to1 Workspace/shared/src/Haven.Application/Tools/ToolAvailability.cs",
        "RootDir": "/",
        "Filename": "ToolAvailability",
        "Extension": ".cs",
        "RelativeDir": "Tools/",
        "Directory": "workspace/team-c/c3-admin-generated-validation/9to1 Workspace/shared/src/Haven.Application/Tools/",
        "RecursiveDir": "Tools/",
        "ModifiedTime": "",
        "CreatedTime": "",
        "AccessedTime": "",
        "DefiningProjectFullPath": "/workspace/.tools/dotnet/sdk/10.0.401/Sdks/Microsoft.NET.Sdk/targets/Microsoft.NET.Sdk.DefaultItems.props",
        "DefiningProjectDirectory": "/workspace/.tools/dotnet/sdk/10.0.401/Sdks/Microsoft.NET.Sdk/targets/",
        "DefiningProjectName": "Microsoft.NET.Sdk.DefaultItems",
        "DefiningProjectExtension": ".props"
      },
      {
        "Identity": "Tools/WorkspaceToolRuntime.cs",
        "FullPath": "/workspace/team-c/c3-admin-generated-validation/9to1 Workspace/shared/src/Haven.Application/Tools/WorkspaceToolRuntime.cs",
        "RootDir": "/",
        "Filename": "WorkspaceToolRuntime",
        "Extension": ".cs",
        "RelativeDir": "Tools/",
        "Directory": "workspace/team-c/c3-admin-generated-validation/9to1 Workspace/shared/src/Haven.Application/Tools/",
        "RecursiveDir": "Tools/",
        "ModifiedTime": "",
        "CreatedTime": "",
        "AccessedTime": "",
        "DefiningProjectFullPath": "/workspace/.tools/dotnet/sdk/10.0.401/Sdks/Microsoft.NET.Sdk/targets/Microsoft.NET.Sdk.DefaultItems.props",
        "DefiningProjectDirectory": "/workspace/.tools/dotnet/sdk/10.0.401/Sdks/Microsoft.NET.Sdk/targets/",
        "DefiningProjectName": "Microsoft.NET.Sdk.DefaultItems",
        "DefiningProjectExtension": ".props"
      },
      {
        "Identity": "Updates/IUpdateProvider.cs",
        "FullPath": "/workspace/team-c/c3-admin-generated-validation/9to1 Workspace/shared/src/Haven.Application/Updates/IUpdateProvider.cs",
        "RootDir": "/",
        "Filename": "IUpdateProvider",
        "Extension": ".cs",
        "RelativeDir": "Updates/",
        "Directory": "workspace/team-c/c3-admin-generated-validation/9to1 Workspace/shared/src/Haven.Application/Updates/",
        "RecursiveDir": "Updates/",
        "ModifiedTime": "",
        "CreatedTime": "",
        "AccessedTime": "",
        "DefiningProjectFullPath": "/workspace/.tools/dotnet/sdk/10.0.401/Sdks/Microsoft.NET.Sdk/targets/Microsoft.NET.Sdk.DefaultItems.props",
        "DefiningProjectDirectory": "/workspace/.tools/dotnet/sdk/10.0.401/Sdks/Microsoft.NET.Sdk/targets/",
        "DefiningProjectName": "Microsoft.NET.Sdk.DefaultItems",
        "DefiningProjectExtension": ".props"
      },
      {
        "Identity": "Updates/IUpdateService.cs",
        "FullPath": "/workspace/team-c/c3-admin-generated-validation/9to1 Workspace/shared/src/Haven.Application/Updates/IUpdateService.cs",
        "RootDir": "/",
        "Filename": "IUpdateService",
        "Extension": ".cs",
        "RelativeDir": "Updates/",
        "Directory": "workspace/team-c/c3-admin-generated-validation/9to1 Workspace/shared/src/Haven.Application/Updates/",
        "RecursiveDir": "Updates/",
        "ModifiedTime": "",
        "CreatedTime": "",
        "AccessedTime": "",
        "DefiningProjectFullPath": "/workspace/.tools/dotnet/sdk/10.0.401/Sdks/Microsoft.NET.Sdk/targets/Microsoft.NET.Sdk.DefaultItems.props",
        "DefiningProjectDirectory": "/workspace/.tools/dotnet/sdk/10.0.401/Sdks/Microsoft.NET.Sdk/targets/",
        "DefiningProjectName": "Microsoft.NET.Sdk.DefaultItems",
        "DefiningProjectExtension": ".props"
      },
      {
        "Identity": "UsageAbstractions.cs",
        "FullPath": "/workspace/team-c/c3-admin-generated-validation/9to1 Workspace/shared/src/Haven.Application/UsageAbstractions.cs",
        "RootDir": "/",
        "Filename": "UsageAbstractions",
        "Extension": ".cs",
        "RelativeDir": "",
        "Directory": "workspace/team-c/c3-admin-generated-validation/9to1 Workspace/shared/src/Haven.Application/",
        "RecursiveDir": "",
        "ModifiedTime": "",
        "CreatedTime": "",
        "AccessedTime": "",
        "DefiningProjectFullPath": "/workspace/.tools/dotnet/sdk/10.0.401/Sdks/Microsoft.NET.Sdk/targets/Microsoft.NET.Sdk.DefaultItems.props",
        "DefiningProjectDirectory": "/workspace/.tools/dotnet/sdk/10.0.401/Sdks/Microsoft.NET.Sdk/targets/",
        "DefiningProjectName": "Microsoft.NET.Sdk.DefaultItems",
        "DefiningProjectExtension": ".props"
      },
      {
        "Identity": "VersionedAtomicSettingsStore.cs",
        "FullPath": "/workspace/team-c/c3-admin-generated-validation/9to1 Workspace/shared/src/Haven.Application/VersionedAtomicSettingsStore.cs",
        "RootDir": "/",
        "Filename": "VersionedAtomicSettingsStore",
        "Extension": ".cs",
        "RelativeDir": "",
        "Directory": "workspace/team-c/c3-admin-generated-validation/9to1 Workspace/shared/src/Haven.Application/",
        "RecursiveDir": "",
        "ModifiedTime": "",
        "CreatedTime": "",
        "AccessedTime": "",
        "DefiningProjectFullPath": "/workspace/.tools/dotnet/sdk/10.0.401/Sdks/Microsoft.NET.Sdk/targets/Microsoft.NET.Sdk.DefaultItems.props",
        "DefiningProjectDirectory": "/workspace/.tools/dotnet/sdk/10.0.401/Sdks/Microsoft.NET.Sdk/targets/",
        "DefiningProjectName": "Microsoft.NET.Sdk.DefaultItems",
        "DefiningProjectExtension": ".props"
      },
      {
        "Identity": "WorkspaceRetrievalAbstractions.cs",
        "FullPath": "/workspace/team-c/c3-admin-generated-validation/9to1 Workspace/shared/src/Haven.Application/WorkspaceRetrievalAbstractions.cs",
        "RootDir": "/",
        "Filename": "WorkspaceRetrievalAbstractions",
        "Extension": ".cs",
        "RelativeDir": "",
        "Directory": "workspace/team-c/c3-admin-generated-validation/9to1 Workspace/shared/src/Haven.Application/",
        "RecursiveDir": "",
        "ModifiedTime": "",
        "CreatedTime": "",
        "AccessedTime": "",
        "DefiningProjectFullPath": "/workspace/.tools/dotnet/sdk/10.0.401/Sdks/Microsoft.NET.Sdk/targets/Microsoft.NET.Sdk.DefaultItems.props",
        "DefiningProjectDirectory": "/workspace/.tools/dotnet/sdk/10.0.401/Sdks/Microsoft.NET.Sdk/targets/",
        "DefiningProjectName": "Microsoft.NET.Sdk.DefaultItems",
        "DefiningProjectExtension": ".props"
      },
      {
        "Identity": "WorkspaceTransactionAbstractions.cs",
        "FullPath": "/workspace/team-c/c3-admin-generated-validation/9to1 Workspace/shared/src/Haven.Application/WorkspaceTransactionAbstractions.cs",
        "RootDir": "/",
        "Filename": "WorkspaceTransactionAbstractions",
        "Extension": ".cs",
        "RelativeDir": "",
        "Directory": "workspace/team-c/c3-admin-generated-validation/9to1 Workspace/shared/src/Haven.Application/",
        "RecursiveDir": "",
        "ModifiedTime": "",
        "CreatedTime": "",
        "AccessedTime": "",
        "DefiningProjectFullPath": "/workspace/.tools/dotnet/sdk/10.0.401/Sdks/Microsoft.NET.Sdk/targets/Microsoft.NET.Sdk.DefaultItems.props",
        "DefiningProjectDirectory": "/workspace/.tools/dotnet/sdk/10.0.401/Sdks/Microsoft.NET.Sdk/targets/",
        "DefiningProjectName": "Microsoft.NET.Sdk.DefaultItems",
        "DefiningProjectExtension": ".props"
      },
      {
        "Identity": "Write/IWriteDocumentEngine.cs",
        "FullPath": "/workspace/team-c/c3-admin-generated-validation/9to1 Workspace/shared/src/Haven.Application/Write/IWriteDocumentEngine.cs",
        "RootDir": "/",
        "Filename": "IWriteDocumentEngine",
        "Extension": ".cs",
        "RelativeDir": "Write/",
        "Directory": "workspace/team-c/c3-admin-generated-validation/9to1 Workspace/shared/src/Haven.Application/Write/",
        "RecursiveDir": "Write/",
        "ModifiedTime": "",
        "CreatedTime": "",
        "AccessedTime": "",
        "DefiningProjectFullPath": "/workspace/.tools/dotnet/sdk/10.0.401/Sdks/Microsoft.NET.Sdk/targets/Microsoft.NET.Sdk.DefaultItems.props",
        "DefiningProjectDirectory": "/workspace/.tools/dotnet/sdk/10.0.401/Sdks/Microsoft.NET.Sdk/targets/",
        "DefiningProjectName": "Microsoft.NET.Sdk.DefaultItems",
        "DefiningProjectExtension": ".props"
      },
      {
        "Identity": "Write/IWriteNativeDocumentPackageStore.cs",
        "FullPath": "/workspace/team-c/c3-admin-generated-validation/9to1 Workspace/shared/src/Haven.Application/Write/IWriteNativeDocumentPackageStore.cs",
        "RootDir": "/",
        "Filename": "IWriteNativeDocumentPackageStore",
        "Extension": ".cs",
        "RelativeDir": "Write/",
        "Directory": "workspace/team-c/c3-admin-generated-validation/9to1 Workspace/shared/src/Haven.Application/Write/",
        "RecursiveDir": "Write/",
        "ModifiedTime": "",
        "CreatedTime": "",
        "AccessedTime": "",
        "DefiningProjectFullPath": "/workspace/.tools/dotnet/sdk/10.0.401/Sdks/Microsoft.NET.Sdk/targets/Microsoft.NET.Sdk.DefaultItems.props",
        "DefiningProjectDirectory": "/workspace/.tools/dotnet/sdk/10.0.401/Sdks/Microsoft.NET.Sdk/targets/",
        "DefiningProjectName": "Microsoft.NET.Sdk.DefaultItems",
        "DefiningProjectExtension": ".props"
      },
      {
        "Identity": "Write/WriteDocumentEditor.cs",
        "FullPath": "/workspace/team-c/c3-admin-generated-validation/9to1 Workspace/shared/src/Haven.Application/Write/WriteDocumentEditor.cs",
        "RootDir": "/",
        "Filename": "WriteDocumentEditor",
        "Extension": ".cs",
        "RelativeDir": "Write/",
        "Directory": "workspace/team-c/c3-admin-generated-validation/9to1 Workspace/shared/src/Haven.Application/Write/",
        "RecursiveDir": "Write/",
        "ModifiedTime": "",
        "CreatedTime": "",
        "AccessedTime": "",
        "DefiningProjectFullPath": "/workspace/.tools/dotnet/sdk/10.0.401/Sdks/Microsoft.NET.Sdk/targets/Microsoft.NET.Sdk.DefaultItems.props",
        "DefiningProjectDirectory": "/workspace/.tools/dotnet/sdk/10.0.401/Sdks/Microsoft.NET.Sdk/targets/",
        "DefiningProjectName": "Microsoft.NET.Sdk.DefaultItems",
        "DefiningProjectExtension": ".props"
      },
      {
        "Identity": "Write/WriteDocumentEditor.DocumentEditing.cs",
        "FullPath": "/workspace/team-c/c3-admin-generated-validation/9to1 Workspace/shared/src/Haven.Application/Write/WriteDocumentEditor.DocumentEditing.cs",
        "RootDir": "/",
        "Filename": "WriteDocumentEditor.DocumentEditing",
        "Extension": ".cs",
        "RelativeDir": "Write/",
        "Directory": "workspace/team-c/c3-admin-generated-validation/9to1 Workspace/shared/src/Haven.Application/Write/",
        "RecursiveDir": "Write/",
        "ModifiedTime": "",
        "CreatedTime": "",
        "AccessedTime": "",
        "DefiningProjectFullPath": "/workspace/.tools/dotnet/sdk/10.0.401/Sdks/Microsoft.NET.Sdk/targets/Microsoft.NET.Sdk.DefaultItems.props",
        "DefiningProjectDirectory": "/workspace/.tools/dotnet/sdk/10.0.401/Sdks/Microsoft.NET.Sdk/targets/",
        "DefiningProjectName": "Microsoft.NET.Sdk.DefaultItems",
        "DefiningProjectExtension": ".props"
      },
      {
        "Identity": "Write/WriteNamedStyleOperations.cs",
        "FullPath": "/workspace/team-c/c3-admin-generated-validation/9to1 Workspace/shared/src/Haven.Application/Write/WriteNamedStyleOperations.cs",
        "RootDir": "/",
        "Filename": "WriteNamedStyleOperations",
        "Extension": ".cs",
        "RelativeDir": "Write/",
        "Directory": "workspace/team-c/c3-admin-generated-validation/9to1 Workspace/shared/src/Haven.Application/Write/",
        "RecursiveDir": "Write/",
        "ModifiedTime": "",
        "CreatedTime": "",
        "AccessedTime": "",
        "DefiningProjectFullPath": "/workspace/.tools/dotnet/sdk/10.0.401/Sdks/Microsoft.NET.Sdk/targets/Microsoft.NET.Sdk.DefaultItems.props",
        "DefiningProjectDirectory": "/workspace/.tools/dotnet/sdk/10.0.401/Sdks/Microsoft.NET.Sdk/targets/",
        "DefiningProjectName": "Microsoft.NET.Sdk.DefaultItems",
        "DefiningProjectExtension": ".props"
      }
    ]
  }
}
