{
  "Properties": {
    "MSBuildProjectFullPath": "/workspace/team-c/c3-admin-symbol-errors-validation/framework/CUI/vendor/Avalonia/src/Avalonia.FreeDesktop.AtSpi/Avalonia.FreeDesktop.AtSpi.csproj",
    "MSBuildProjectName": "Avalonia.FreeDesktop.AtSpi",
    "AssemblyName": "Avalonia.FreeDesktop.AtSpi",
    "TargetPath": "/workspace/team-c/c3-admin-symbol-errors-validation/artifacts/root14-managed-build/bin/Avalonia.FreeDesktop.AtSpi/debug_net10.0_linux-x64/Avalonia.FreeDesktop.AtSpi.dll",
    "OutputPath": "/workspace/team-c/c3-admin-symbol-errors-validation/artifacts/root14-managed-build/bin/Avalonia.FreeDesktop.AtSpi/debug_net10.0_linux-x64/",
    "Configuration": "Debug",
    "TargetFramework": "net10.0",
    "ProjectAssetsFile": "/workspace/team-c/c3-admin-symbol-errors-validation/artifacts/root14-managed-build/obj/Avalonia.FreeDesktop.AtSpi/project.assets.json",
    "MSBuildProjectExtensionsPath": "/workspace/team-c/c3-admin-symbol-errors-validation/artifacts/root14-managed-build/obj/Avalonia.FreeDesktop.AtSpi/",
    "AvaloniaBuildTasksLocation": "/workspace/team-c/c3-admin-symbol-errors-validation/artifacts/root14-host-build-tasks/bin/Avalonia.Build.Tasks/debug/Avalonia.Build.Tasks.dll",
    "EmitCompilerGeneratedFiles": "true",
    "IntermediateOutputPath": "/workspace/team-c/c3-admin-symbol-errors-validation/artifacts/root14-managed-build/obj/Avalonia.FreeDesktop.AtSpi/debug_net10.0_linux-x64/",
    "CompilerGeneratedFilesOutputPath": "/workspace/team-c/c3-admin-symbol-errors-validation/artifacts/root14-managed-build/obj/Avalonia.FreeDesktop.AtSpi/debug_net10.0_linux-x64//generated",
    "ArtifactsPath": "/workspace/team-c/c3-admin-symbol-errors-validation/artifacts/root14-managed-build",
    "ArtifactsProjectName": "Avalonia.FreeDesktop.AtSpi",
    "BaseIntermediateOutputPath": "/workspace/team-c/c3-admin-symbol-errors-validation/artifacts/root14-managed-build/obj/Avalonia.FreeDesktop.AtSpi/"
  },
  "Items": {
    "Compile": [
      {
        "Identity": "ApplicationAccessibleHandler.cs",
        "FullPath": "/workspace/team-c/c3-admin-symbol-errors-validation/framework/CUI/vendor/Avalonia/src/Avalonia.FreeDesktop.AtSpi/ApplicationAccessibleHandler.cs",
        "RootDir": "/",
        "Filename": "ApplicationAccessibleHandler",
        "Extension": ".cs",
        "RelativeDir": "",
        "Directory": "workspace/team-c/c3-admin-symbol-errors-validation/framework/CUI/vendor/Avalonia/src/Avalonia.FreeDesktop.AtSpi/",
        "RecursiveDir": "",
        "ModifiedTime": "",
        "CreatedTime": "",
        "AccessedTime": "",
        "DefiningProjectFullPath": "/workspace/.tools/dotnet/sdk/10.0.401/Sdks/Microsoft.NET.Sdk/targets/Microsoft.NET.Sdk.DefaultItems.props",
        "DefiningProjectDirectory": "/workspace/.tools/dotnet/sdk/10.0.401/Sdks/Microsoft.NET.Sdk/targets/",
        "DefiningProjectName": "Microsoft.NET.Sdk.DefaultItems",
        "DefiningProjectExtension": ".props"
      },
      {
        "Identity": "ApplicationAtSpiNode.cs",
        "FullPath": "/workspace/team-c/c3-admin-symbol-errors-validation/framework/CUI/vendor/Avalonia/src/Avalonia.FreeDesktop.AtSpi/ApplicationAtSpiNode.cs",
        "RootDir": "/",
        "Filename": "ApplicationAtSpiNode",
        "Extension": ".cs",
        "RelativeDir": "",
        "Directory": "workspace/team-c/c3-admin-symbol-errors-validation/framework/CUI/vendor/Avalonia/src/Avalonia.FreeDesktop.AtSpi/",
        "RecursiveDir": "",
        "ModifiedTime": "",
        "CreatedTime": "",
        "AccessedTime": "",
        "DefiningProjectFullPath": "/workspace/.tools/dotnet/sdk/10.0.401/Sdks/Microsoft.NET.Sdk/targets/Microsoft.NET.Sdk.DefaultItems.props",
        "DefiningProjectDirectory": "/workspace/.tools/dotnet/sdk/10.0.401/Sdks/Microsoft.NET.Sdk/targets/",
        "DefiningProjectName": "Microsoft.NET.Sdk.DefaultItems",
        "DefiningProjectExtension": ".props"
      },
      {
        "Identity": "ApplicationNodeApplicationHandler.cs",
        "FullPath": "/workspace/team-c/c3-admin-symbol-errors-validation/framework/CUI/vendor/Avalonia/src/Avalonia.FreeDesktop.AtSpi/ApplicationNodeApplicationHandler.cs",
        "RootDir": "/",
        "Filename": "ApplicationNodeApplicationHandler",
        "Extension": ".cs",
        "RelativeDir": "",
        "Directory": "workspace/team-c/c3-admin-symbol-errors-validation/framework/CUI/vendor/Avalonia/src/Avalonia.FreeDesktop.AtSpi/",
        "RecursiveDir": "",
        "ModifiedTime": "",
        "CreatedTime": "",
        "AccessedTime": "",
        "DefiningProjectFullPath": "/workspace/.tools/dotnet/sdk/10.0.401/Sdks/Microsoft.NET.Sdk/targets/Microsoft.NET.Sdk.DefaultItems.props",
        "DefiningProjectDirectory": "/workspace/.tools/dotnet/sdk/10.0.401/Sdks/Microsoft.NET.Sdk/targets/",
        "DefiningProjectName": "Microsoft.NET.Sdk.DefaultItems",
        "DefiningProjectExtension": ".props"
      },
      {
        "Identity": "AtSpiAccessibilityWatcher.cs",
        "FullPath": "/workspace/team-c/c3-admin-symbol-errors-validation/framework/CUI/vendor/Avalonia/src/Avalonia.FreeDesktop.AtSpi/AtSpiAccessibilityWatcher.cs",
        "RootDir": "/",
        "Filename": "AtSpiAccessibilityWatcher",
        "Extension": ".cs",
        "RelativeDir": "",
        "Directory": "workspace/team-c/c3-admin-symbol-errors-validation/framework/CUI/vendor/Avalonia/src/Avalonia.FreeDesktop.AtSpi/",
        "RecursiveDir": "",
        "ModifiedTime": "",
        "CreatedTime": "",
        "AccessedTime": "",
        "DefiningProjectFullPath": "/workspace/.tools/dotnet/sdk/10.0.401/Sdks/Microsoft.NET.Sdk/targets/Microsoft.NET.Sdk.DefaultItems.props",
        "DefiningProjectDirectory": "/workspace/.tools/dotnet/sdk/10.0.401/Sdks/Microsoft.NET.Sdk/targets/",
        "DefiningProjectName": "Microsoft.NET.Sdk.DefaultItems",
        "DefiningProjectExtension": ".props"
      },
      {
        "Identity": "AtSpiCacheHandler.cs",
        "FullPath": "/workspace/team-c/c3-admin-symbol-errors-validation/framework/CUI/vendor/Avalonia/src/Avalonia.FreeDesktop.AtSpi/AtSpiCacheHandler.cs",
        "RootDir": "/",
        "Filename": "AtSpiCacheHandler",
        "Extension": ".cs",
        "RelativeDir": "",
        "Directory": "workspace/team-c/c3-admin-symbol-errors-validation/framework/CUI/vendor/Avalonia/src/Avalonia.FreeDesktop.AtSpi/",
        "RecursiveDir": "",
        "ModifiedTime": "",
        "CreatedTime": "",
        "AccessedTime": "",
        "DefiningProjectFullPath": "/workspace/.tools/dotnet/sdk/10.0.401/Sdks/Microsoft.NET.Sdk/targets/Microsoft.NET.Sdk.DefaultItems.props",
        "DefiningProjectDirectory": "/workspace/.tools/dotnet/sdk/10.0.401/Sdks/Microsoft.NET.Sdk/targets/",
        "DefiningProjectName": "Microsoft.NET.Sdk.DefaultItems",
        "DefiningProjectExtension": ".props"
      },
      {
        "Identity": "AtSpiConstants.cs",
        "FullPath": "/workspace/team-c/c3-admin-symbol-errors-validation/framework/CUI/vendor/Avalonia/src/Avalonia.FreeDesktop.AtSpi/AtSpiConstants.cs",
        "RootDir": "/",
        "Filename": "AtSpiConstants",
        "Extension": ".cs",
        "RelativeDir": "",
        "Directory": "workspace/team-c/c3-admin-symbol-errors-validation/framework/CUI/vendor/Avalonia/src/Avalonia.FreeDesktop.AtSpi/",
        "RecursiveDir": "",
        "ModifiedTime": "",
        "CreatedTime": "",
        "AccessedTime": "",
        "DefiningProjectFullPath": "/workspace/.tools/dotnet/sdk/10.0.401/Sdks/Microsoft.NET.Sdk/targets/Microsoft.NET.Sdk.DefaultItems.props",
        "DefiningProjectDirectory": "/workspace/.tools/dotnet/sdk/10.0.401/Sdks/Microsoft.NET.Sdk/targets/",
        "DefiningProjectName": "Microsoft.NET.Sdk.DefaultItems",
        "DefiningProjectExtension": ".props"
      },
      {
        "Identity": "AtSpiCoordType.cs",
        "FullPath": "/workspace/team-c/c3-admin-symbol-errors-validation/framework/CUI/vendor/Avalonia/src/Avalonia.FreeDesktop.AtSpi/AtSpiCoordType.cs",
        "RootDir": "/",
        "Filename": "AtSpiCoordType",
        "Extension": ".cs",
        "RelativeDir": "",
        "Directory": "workspace/team-c/c3-admin-symbol-errors-validation/framework/CUI/vendor/Avalonia/src/Avalonia.FreeDesktop.AtSpi/",
        "RecursiveDir": "",
        "ModifiedTime": "",
        "CreatedTime": "",
        "AccessedTime": "",
        "DefiningProjectFullPath": "/workspace/.tools/dotnet/sdk/10.0.401/Sdks/Microsoft.NET.Sdk/targets/Microsoft.NET.Sdk.DefaultItems.props",
        "DefiningProjectDirectory": "/workspace/.tools/dotnet/sdk/10.0.401/Sdks/Microsoft.NET.Sdk/targets/",
        "DefiningProjectName": "Microsoft.NET.Sdk.DefaultItems",
        "DefiningProjectExtension": ".props"
      },
      {
        "Identity": "AtSpiNode.cs",
        "FullPath": "/workspace/team-c/c3-admin-symbol-errors-validation/framework/CUI/vendor/Avalonia/src/Avalonia.FreeDesktop.AtSpi/AtSpiNode.cs",
        "RootDir": "/",
        "Filename": "AtSpiNode",
        "Extension": ".cs",
        "RelativeDir": "",
        "Directory": "workspace/team-c/c3-admin-symbol-errors-validation/framework/CUI/vendor/Avalonia/src/Avalonia.FreeDesktop.AtSpi/",
        "RecursiveDir": "",
        "ModifiedTime": "",
        "CreatedTime": "",
        "AccessedTime": "",
        "DefiningProjectFullPath": "/workspace/.tools/dotnet/sdk/10.0.401/Sdks/Microsoft.NET.Sdk/targets/Microsoft.NET.Sdk.DefaultItems.props",
        "DefiningProjectDirectory": "/workspace/.tools/dotnet/sdk/10.0.401/Sdks/Microsoft.NET.Sdk/targets/",
        "DefiningProjectName": "Microsoft.NET.Sdk.DefaultItems",
        "DefiningProjectExtension": ".props"
      },
      {
        "Identity": "AtSpiNode.RoleMapping.cs",
        "FullPath": "/workspace/team-c/c3-admin-symbol-errors-validation/framework/CUI/vendor/Avalonia/src/Avalonia.FreeDesktop.AtSpi/AtSpiNode.RoleMapping.cs",
        "RootDir": "/",
        "Filename": "AtSpiNode.RoleMapping",
        "Extension": ".cs",
        "RelativeDir": "",
        "Directory": "workspace/team-c/c3-admin-symbol-errors-validation/framework/CUI/vendor/Avalonia/src/Avalonia.FreeDesktop.AtSpi/",
        "RecursiveDir": "",
        "ModifiedTime": "",
        "CreatedTime": "",
        "AccessedTime": "",
        "DefiningProjectFullPath": "/workspace/.tools/dotnet/sdk/10.0.401/Sdks/Microsoft.NET.Sdk/targets/Microsoft.NET.Sdk.DefaultItems.props",
        "DefiningProjectDirectory": "/workspace/.tools/dotnet/sdk/10.0.401/Sdks/Microsoft.NET.Sdk/targets/",
        "DefiningProjectName": "Microsoft.NET.Sdk.DefaultItems",
        "DefiningProjectExtension": ".props"
      },
      {
        "Identity": "AtSpiNode.StateMapping.cs",
        "FullPath": "/workspace/team-c/c3-admin-symbol-errors-validation/framework/CUI/vendor/Avalonia/src/Avalonia.FreeDesktop.AtSpi/AtSpiNode.StateMapping.cs",
        "RootDir": "/",
        "Filename": "AtSpiNode.StateMapping",
        "Extension": ".cs",
        "RelativeDir": "",
        "Directory": "workspace/team-c/c3-admin-symbol-errors-validation/framework/CUI/vendor/Avalonia/src/Avalonia.FreeDesktop.AtSpi/",
        "RecursiveDir": "",
        "ModifiedTime": "",
        "CreatedTime": "",
        "AccessedTime": "",
        "DefiningProjectFullPath": "/workspace/.tools/dotnet/sdk/10.0.401/Sdks/Microsoft.NET.Sdk/targets/Microsoft.NET.Sdk.DefaultItems.props",
        "DefiningProjectDirectory": "/workspace/.tools/dotnet/sdk/10.0.401/Sdks/Microsoft.NET.Sdk/targets/",
        "DefiningProjectName": "Microsoft.NET.Sdk.DefaultItems",
        "DefiningProjectExtension": ".props"
      },
      {
        "Identity": "AtSpiRegistryEventTracker.cs",
        "FullPath": "/workspace/team-c/c3-admin-symbol-errors-validation/framework/CUI/vendor/Avalonia/src/Avalonia.FreeDesktop.AtSpi/AtSpiRegistryEventTracker.cs",
        "RootDir": "/",
        "Filename": "AtSpiRegistryEventTracker",
        "Extension": ".cs",
        "RelativeDir": "",
        "Directory": "workspace/team-c/c3-admin-symbol-errors-validation/framework/CUI/vendor/Avalonia/src/Avalonia.FreeDesktop.AtSpi/",
        "RecursiveDir": "",
        "ModifiedTime": "",
        "CreatedTime": "",
        "AccessedTime": "",
        "DefiningProjectFullPath": "/workspace/.tools/dotnet/sdk/10.0.401/Sdks/Microsoft.NET.Sdk/targets/Microsoft.NET.Sdk.DefaultItems.props",
        "DefiningProjectDirectory": "/workspace/.tools/dotnet/sdk/10.0.401/Sdks/Microsoft.NET.Sdk/targets/",
        "DefiningProjectName": "Microsoft.NET.Sdk.DefaultItems",
        "DefiningProjectExtension": ".props"
      },
      {
        "Identity": "AtSpiRole.cs",
        "FullPath": "/workspace/team-c/c3-admin-symbol-errors-validation/framework/CUI/vendor/Avalonia/src/Avalonia.FreeDesktop.AtSpi/AtSpiRole.cs",
        "RootDir": "/",
        "Filename": "AtSpiRole",
        "Extension": ".cs",
        "RelativeDir": "",
        "Directory": "workspace/team-c/c3-admin-symbol-errors-validation/framework/CUI/vendor/Avalonia/src/Avalonia.FreeDesktop.AtSpi/",
        "RecursiveDir": "",
        "ModifiedTime": "",
        "CreatedTime": "",
        "AccessedTime": "",
        "DefiningProjectFullPath": "/workspace/.tools/dotnet/sdk/10.0.401/Sdks/Microsoft.NET.Sdk/targets/Microsoft.NET.Sdk.DefaultItems.props",
        "DefiningProjectDirectory": "/workspace/.tools/dotnet/sdk/10.0.401/Sdks/Microsoft.NET.Sdk/targets/",
        "DefiningProjectName": "Microsoft.NET.Sdk.DefaultItems",
        "DefiningProjectExtension": ".props"
      },
      {
        "Identity": "AtSpiServer.cs",
        "FullPath": "/workspace/team-c/c3-admin-symbol-errors-validation/framework/CUI/vendor/Avalonia/src/Avalonia.FreeDesktop.AtSpi/AtSpiServer.cs",
        "RootDir": "/",
        "Filename": "AtSpiServer",
        "Extension": ".cs",
        "RelativeDir": "",
        "Directory": "workspace/team-c/c3-admin-symbol-errors-validation/framework/CUI/vendor/Avalonia/src/Avalonia.FreeDesktop.AtSpi/",
        "RecursiveDir": "",
        "ModifiedTime": "",
        "CreatedTime": "",
        "AccessedTime": "",
        "DefiningProjectFullPath": "/workspace/.tools/dotnet/sdk/10.0.401/Sdks/Microsoft.NET.Sdk/targets/Microsoft.NET.Sdk.DefaultItems.props",
        "DefiningProjectDirectory": "/workspace/.tools/dotnet/sdk/10.0.401/Sdks/Microsoft.NET.Sdk/targets/",
        "DefiningProjectName": "Microsoft.NET.Sdk.DefaultItems",
        "DefiningProjectExtension": ".props"
      },
      {
        "Identity": "AtSpiState.cs",
        "FullPath": "/workspace/team-c/c3-admin-symbol-errors-validation/framework/CUI/vendor/Avalonia/src/Avalonia.FreeDesktop.AtSpi/AtSpiState.cs",
        "RootDir": "/",
        "Filename": "AtSpiState",
        "Extension": ".cs",
        "RelativeDir": "",
        "Directory": "workspace/team-c/c3-admin-symbol-errors-validation/framework/CUI/vendor/Avalonia/src/Avalonia.FreeDesktop.AtSpi/",
        "RecursiveDir": "",
        "ModifiedTime": "",
        "CreatedTime": "",
        "AccessedTime": "",
        "DefiningProjectFullPath": "/workspace/.tools/dotnet/sdk/10.0.401/Sdks/Microsoft.NET.Sdk/targets/Microsoft.NET.Sdk.DefaultItems.props",
        "DefiningProjectDirectory": "/workspace/.tools/dotnet/sdk/10.0.401/Sdks/Microsoft.NET.Sdk/targets/",
        "DefiningProjectName": "Microsoft.NET.Sdk.DefaultItems",
        "DefiningProjectExtension": ".props"
      },
      {
        "Identity": "Handlers/AtSpiAccessibleHandler.cs",
        "FullPath": "/workspace/team-c/c3-admin-symbol-errors-validation/framework/CUI/vendor/Avalonia/src/Avalonia.FreeDesktop.AtSpi/Handlers/AtSpiAccessibleHandler.cs",
        "RootDir": "/",
        "Filename": "AtSpiAccessibleHandler",
        "Extension": ".cs",
        "RelativeDir": "Handlers/",
        "Directory": "workspace/team-c/c3-admin-symbol-errors-validation/framework/CUI/vendor/Avalonia/src/Avalonia.FreeDesktop.AtSpi/Handlers/",
        "RecursiveDir": "Handlers/",
        "ModifiedTime": "",
        "CreatedTime": "",
        "AccessedTime": "",
        "DefiningProjectFullPath": "/workspace/.tools/dotnet/sdk/10.0.401/Sdks/Microsoft.NET.Sdk/targets/Microsoft.NET.Sdk.DefaultItems.props",
        "DefiningProjectDirectory": "/workspace/.tools/dotnet/sdk/10.0.401/Sdks/Microsoft.NET.Sdk/targets/",
        "DefiningProjectName": "Microsoft.NET.Sdk.DefaultItems",
        "DefiningProjectExtension": ".props"
      },
      {
        "Identity": "Handlers/AtSpiActionHandler.cs",
        "FullPath": "/workspace/team-c/c3-admin-symbol-errors-validation/framework/CUI/vendor/Avalonia/src/Avalonia.FreeDesktop.AtSpi/Handlers/AtSpiActionHandler.cs",
        "RootDir": "/",
        "Filename": "AtSpiActionHandler",
        "Extension": ".cs",
        "RelativeDir": "Handlers/",
        "Directory": "workspace/team-c/c3-admin-symbol-errors-validation/framework/CUI/vendor/Avalonia/src/Avalonia.FreeDesktop.AtSpi/Handlers/",
        "RecursiveDir": "Handlers/",
        "ModifiedTime": "",
        "CreatedTime": "",
        "AccessedTime": "",
        "DefiningProjectFullPath": "/workspace/.tools/dotnet/sdk/10.0.401/Sdks/Microsoft.NET.Sdk/targets/Microsoft.NET.Sdk.DefaultItems.props",
        "DefiningProjectDirectory": "/workspace/.tools/dotnet/sdk/10.0.401/Sdks/Microsoft.NET.Sdk/targets/",
        "DefiningProjectName": "Microsoft.NET.Sdk.DefaultItems",
        "DefiningProjectExtension": ".props"
      },
      {
        "Identity": "Handlers/AtSpiCollectionHandler.cs",
        "FullPath": "/workspace/team-c/c3-admin-symbol-errors-validation/framework/CUI/vendor/Avalonia/src/Avalonia.FreeDesktop.AtSpi/Handlers/AtSpiCollectionHandler.cs",
        "RootDir": "/",
        "Filename": "AtSpiCollectionHandler",
        "Extension": ".cs",
        "RelativeDir": "Handlers/",
        "Directory": "workspace/team-c/c3-admin-symbol-errors-validation/framework/CUI/vendor/Avalonia/src/Avalonia.FreeDesktop.AtSpi/Handlers/",
        "RecursiveDir": "Handlers/",
        "ModifiedTime": "",
        "CreatedTime": "",
        "AccessedTime": "",
        "DefiningProjectFullPath": "/workspace/.tools/dotnet/sdk/10.0.401/Sdks/Microsoft.NET.Sdk/targets/Microsoft.NET.Sdk.DefaultItems.props",
        "DefiningProjectDirectory": "/workspace/.tools/dotnet/sdk/10.0.401/Sdks/Microsoft.NET.Sdk/targets/",
        "DefiningProjectName": "Microsoft.NET.Sdk.DefaultItems",
        "DefiningProjectExtension": ".props"
      },
      {
        "Identity": "Handlers/AtSpiComponentHandler.cs",
        "FullPath": "/workspace/team-c/c3-admin-symbol-errors-validation/framework/CUI/vendor/Avalonia/src/Avalonia.FreeDesktop.AtSpi/Handlers/AtSpiComponentHandler.cs",
        "RootDir": "/",
        "Filename": "AtSpiComponentHandler",
        "Extension": ".cs",
        "RelativeDir": "Handlers/",
        "Directory": "workspace/team-c/c3-admin-symbol-errors-validation/framework/CUI/vendor/Avalonia/src/Avalonia.FreeDesktop.AtSpi/Handlers/",
        "RecursiveDir": "Handlers/",
        "ModifiedTime": "",
        "CreatedTime": "",
        "AccessedTime": "",
        "DefiningProjectFullPath": "/workspace/.tools/dotnet/sdk/10.0.401/Sdks/Microsoft.NET.Sdk/targets/Microsoft.NET.Sdk.DefaultItems.props",
        "DefiningProjectDirectory": "/workspace/.tools/dotnet/sdk/10.0.401/Sdks/Microsoft.NET.Sdk/targets/",
        "DefiningProjectName": "Microsoft.NET.Sdk.DefaultItems",
        "DefiningProjectExtension": ".props"
      },
      {
        "Identity": "Handlers/AtSpiCoordinateHelper.cs",
        "FullPath": "/workspace/team-c/c3-admin-symbol-errors-validation/framework/CUI/vendor/Avalonia/src/Avalonia.FreeDesktop.AtSpi/Handlers/AtSpiCoordinateHelper.cs",
        "RootDir": "/",
        "Filename": "AtSpiCoordinateHelper",
        "Extension": ".cs",
        "RelativeDir": "Handlers/",
        "Directory": "workspace/team-c/c3-admin-symbol-errors-validation/framework/CUI/vendor/Avalonia/src/Avalonia.FreeDesktop.AtSpi/Handlers/",
        "RecursiveDir": "Handlers/",
        "ModifiedTime": "",
        "CreatedTime": "",
        "AccessedTime": "",
        "DefiningProjectFullPath": "/workspace/.tools/dotnet/sdk/10.0.401/Sdks/Microsoft.NET.Sdk/targets/Microsoft.NET.Sdk.DefaultItems.props",
        "DefiningProjectDirectory": "/workspace/.tools/dotnet/sdk/10.0.401/Sdks/Microsoft.NET.Sdk/targets/",
        "DefiningProjectName": "Microsoft.NET.Sdk.DefaultItems",
        "DefiningProjectExtension": ".props"
      },
      {
        "Identity": "Handlers/AtSpiEditableTextHandler.cs",
        "FullPath": "/workspace/team-c/c3-admin-symbol-errors-validation/framework/CUI/vendor/Avalonia/src/Avalonia.FreeDesktop.AtSpi/Handlers/AtSpiEditableTextHandler.cs",
        "RootDir": "/",
        "Filename": "AtSpiEditableTextHandler",
        "Extension": ".cs",
        "RelativeDir": "Handlers/",
        "Directory": "workspace/team-c/c3-admin-symbol-errors-validation/framework/CUI/vendor/Avalonia/src/Avalonia.FreeDesktop.AtSpi/Handlers/",
        "RecursiveDir": "Handlers/",
        "ModifiedTime": "",
        "CreatedTime": "",
        "AccessedTime": "",
        "DefiningProjectFullPath": "/workspace/.tools/dotnet/sdk/10.0.401/Sdks/Microsoft.NET.Sdk/targets/Microsoft.NET.Sdk.DefaultItems.props",
        "DefiningProjectDirectory": "/workspace/.tools/dotnet/sdk/10.0.401/Sdks/Microsoft.NET.Sdk/targets/",
        "DefiningProjectName": "Microsoft.NET.Sdk.DefaultItems",
        "DefiningProjectExtension": ".props"
      },
      {
        "Identity": "Handlers/AtSpiEventObjectHandler.cs",
        "FullPath": "/workspace/team-c/c3-admin-symbol-errors-validation/framework/CUI/vendor/Avalonia/src/Avalonia.FreeDesktop.AtSpi/Handlers/AtSpiEventObjectHandler.cs",
        "RootDir": "/",
        "Filename": "AtSpiEventObjectHandler",
        "Extension": ".cs",
        "RelativeDir": "Handlers/",
        "Directory": "workspace/team-c/c3-admin-symbol-errors-validation/framework/CUI/vendor/Avalonia/src/Avalonia.FreeDesktop.AtSpi/Handlers/",
        "RecursiveDir": "Handlers/",
        "ModifiedTime": "",
        "CreatedTime": "",
        "AccessedTime": "",
        "DefiningProjectFullPath": "/workspace/.tools/dotnet/sdk/10.0.401/Sdks/Microsoft.NET.Sdk/targets/Microsoft.NET.Sdk.DefaultItems.props",
        "DefiningProjectDirectory": "/workspace/.tools/dotnet/sdk/10.0.401/Sdks/Microsoft.NET.Sdk/targets/",
        "DefiningProjectName": "Microsoft.NET.Sdk.DefaultItems",
        "DefiningProjectExtension": ".props"
      },
      {
        "Identity": "Handlers/AtSpiEventWindowHandler.cs",
        "FullPath": "/workspace/team-c/c3-admin-symbol-errors-validation/framework/CUI/vendor/Avalonia/src/Avalonia.FreeDesktop.AtSpi/Handlers/AtSpiEventWindowHandler.cs",
        "RootDir": "/",
        "Filename": "AtSpiEventWindowHandler",
        "Extension": ".cs",
        "RelativeDir": "Handlers/",
        "Directory": "workspace/team-c/c3-admin-symbol-errors-validation/framework/CUI/vendor/Avalonia/src/Avalonia.FreeDesktop.AtSpi/Handlers/",
        "RecursiveDir": "Handlers/",
        "ModifiedTime": "",
        "CreatedTime": "",
        "AccessedTime": "",
        "DefiningProjectFullPath": "/workspace/.tools/dotnet/sdk/10.0.401/Sdks/Microsoft.NET.Sdk/targets/Microsoft.NET.Sdk.DefaultItems.props",
        "DefiningProjectDirectory": "/workspace/.tools/dotnet/sdk/10.0.401/Sdks/Microsoft.NET.Sdk/targets/",
        "DefiningProjectName": "Microsoft.NET.Sdk.DefaultItems",
        "DefiningProjectExtension": ".props"
      },
      {
        "Identity": "Handlers/AtSpiImageHandler.cs",
        "FullPath": "/workspace/team-c/c3-admin-symbol-errors-validation/framework/CUI/vendor/Avalonia/src/Avalonia.FreeDesktop.AtSpi/Handlers/AtSpiImageHandler.cs",
        "RootDir": "/",
        "Filename": "AtSpiImageHandler",
        "Extension": ".cs",
        "RelativeDir": "Handlers/",
        "Directory": "workspace/team-c/c3-admin-symbol-errors-validation/framework/CUI/vendor/Avalonia/src/Avalonia.FreeDesktop.AtSpi/Handlers/",
        "RecursiveDir": "Handlers/",
        "ModifiedTime": "",
        "CreatedTime": "",
        "AccessedTime": "",
        "DefiningProjectFullPath": "/workspace/.tools/dotnet/sdk/10.0.401/Sdks/Microsoft.NET.Sdk/targets/Microsoft.NET.Sdk.DefaultItems.props",
        "DefiningProjectDirectory": "/workspace/.tools/dotnet/sdk/10.0.401/Sdks/Microsoft.NET.Sdk/targets/",
        "DefiningProjectName": "Microsoft.NET.Sdk.DefaultItems",
        "DefiningProjectExtension": ".props"
      },
      {
        "Identity": "Handlers/AtSpiSelectionHandler.cs",
        "FullPath": "/workspace/team-c/c3-admin-symbol-errors-validation/framework/CUI/vendor/Avalonia/src/Avalonia.FreeDesktop.AtSpi/Handlers/AtSpiSelectionHandler.cs",
        "RootDir": "/",
        "Filename": "AtSpiSelectionHandler",
        "Extension": ".cs",
        "RelativeDir": "Handlers/",
        "Directory": "workspace/team-c/c3-admin-symbol-errors-validation/framework/CUI/vendor/Avalonia/src/Avalonia.FreeDesktop.AtSpi/Handlers/",
        "RecursiveDir": "Handlers/",
        "ModifiedTime": "",
        "CreatedTime": "",
        "AccessedTime": "",
        "DefiningProjectFullPath": "/workspace/.tools/dotnet/sdk/10.0.401/Sdks/Microsoft.NET.Sdk/targets/Microsoft.NET.Sdk.DefaultItems.props",
        "DefiningProjectDirectory": "/workspace/.tools/dotnet/sdk/10.0.401/Sdks/Microsoft.NET.Sdk/targets/",
        "DefiningProjectName": "Microsoft.NET.Sdk.DefaultItems",
        "DefiningProjectExtension": ".props"
      },
      {
        "Identity": "Handlers/AtSpiTextHandler.cs",
        "FullPath": "/workspace/team-c/c3-admin-symbol-errors-validation/framework/CUI/vendor/Avalonia/src/Avalonia.FreeDesktop.AtSpi/Handlers/AtSpiTextHandler.cs",
        "RootDir": "/",
        "Filename": "AtSpiTextHandler",
        "Extension": ".cs",
        "RelativeDir": "Handlers/",
        "Directory": "workspace/team-c/c3-admin-symbol-errors-validation/framework/CUI/vendor/Avalonia/src/Avalonia.FreeDesktop.AtSpi/Handlers/",
        "RecursiveDir": "Handlers/",
        "ModifiedTime": "",
        "CreatedTime": "",
        "AccessedTime": "",
        "DefiningProjectFullPath": "/workspace/.tools/dotnet/sdk/10.0.401/Sdks/Microsoft.NET.Sdk/targets/Microsoft.NET.Sdk.DefaultItems.props",
        "DefiningProjectDirectory": "/workspace/.tools/dotnet/sdk/10.0.401/Sdks/Microsoft.NET.Sdk/targets/",
        "DefiningProjectName": "Microsoft.NET.Sdk.DefaultItems",
        "DefiningProjectExtension": ".props"
      },
      {
        "Identity": "Handlers/AtSpiValueHandler.cs",
        "FullPath": "/workspace/team-c/c3-admin-symbol-errors-validation/framework/CUI/vendor/Avalonia/src/Avalonia.FreeDesktop.AtSpi/Handlers/AtSpiValueHandler.cs",
        "RootDir": "/",
        "Filename": "AtSpiValueHandler",
        "Extension": ".cs",
        "RelativeDir": "Handlers/",
        "Directory": "workspace/team-c/c3-admin-symbol-errors-validation/framework/CUI/vendor/Avalonia/src/Avalonia.FreeDesktop.AtSpi/Handlers/",
        "RecursiveDir": "Handlers/",
        "ModifiedTime": "",
        "CreatedTime": "",
        "AccessedTime": "",
        "DefiningProjectFullPath": "/workspace/.tools/dotnet/sdk/10.0.401/Sdks/Microsoft.NET.Sdk/targets/Microsoft.NET.Sdk.DefaultItems.props",
        "DefiningProjectDirectory": "/workspace/.tools/dotnet/sdk/10.0.401/Sdks/Microsoft.NET.Sdk/targets/",
        "DefiningProjectName": "Microsoft.NET.Sdk.DefaultItems",
        "DefiningProjectExtension": ".props"
      },
      {
        "Identity": "RootAtSpiNode.cs",
        "FullPath": "/workspace/team-c/c3-admin-symbol-errors-validation/framework/CUI/vendor/Avalonia/src/Avalonia.FreeDesktop.AtSpi/RootAtSpiNode.cs",
        "RootDir": "/",
        "Filename": "RootAtSpiNode",
        "Extension": ".cs",
        "RelativeDir": "",
        "Directory": "workspace/team-c/c3-admin-symbol-errors-validation/framework/CUI/vendor/Avalonia/src/Avalonia.FreeDesktop.AtSpi/",
        "RecursiveDir": "",
        "ModifiedTime": "",
        "CreatedTime": "",
        "AccessedTime": "",
        "DefiningProjectFullPath": "/workspace/.tools/dotnet/sdk/10.0.401/Sdks/Microsoft.NET.Sdk/targets/Microsoft.NET.Sdk.DefaultItems.props",
        "DefiningProjectDirectory": "/workspace/.tools/dotnet/sdk/10.0.401/Sdks/Microsoft.NET.Sdk/targets/",
        "DefiningProjectName": "Microsoft.NET.Sdk.DefaultItems",
        "DefiningProjectExtension": ".props"
      },
      {
        "Identity": "../../external/Avalonia.DBus/src/Avalonia.DBus/BoundProperties.cs",
        "LinkBase": "Avalonia.DBus/",
        "Link": "Avalonia.DBus/BoundProperties.cs",
        "FullPath": "/workspace/team-c/c3-admin-symbol-errors-validation/framework/CUI/vendor/Avalonia/external/Avalonia.DBus/src/Avalonia.DBus/BoundProperties.cs",
        "RootDir": "/",
        "Filename": "BoundProperties",
        "Extension": ".cs",
        "RelativeDir": "../../external/Avalonia.DBus/src/Avalonia.DBus/",
        "Directory": "workspace/team-c/c3-admin-symbol-errors-validation/framework/CUI/vendor/Avalonia/external/Avalonia.DBus/src/Avalonia.DBus/",
        "RecursiveDir": "",
        "ModifiedTime": "",
        "CreatedTime": "",
        "AccessedTime": "",
        "DefiningProjectFullPath": "/workspace/team-c/c3-admin-symbol-errors-validation/framework/CUI/vendor/Avalonia/src/Avalonia.FreeDesktop.AtSpi/Avalonia.FreeDesktop.AtSpi.csproj",
        "DefiningProjectDirectory": "/workspace/team-c/c3-admin-symbol-errors-validation/framework/CUI/vendor/Avalonia/src/Avalonia.FreeDesktop.AtSpi/",
        "DefiningProjectName": "Avalonia.FreeDesktop.AtSpi",
        "DefiningProjectExtension": ".csproj"
      },
      {
        "Identity": "../../external/Avalonia.DBus/src/Avalonia.DBus/BuiltInIntrospectionHandler.cs",
        "LinkBase": "Avalonia.DBus/",
        "Link": "Avalonia.DBus/BuiltInIntrospectionHandler.cs",
        "FullPath": "/workspace/team-c/c3-admin-symbol-errors-validation/framework/CUI/vendor/Avalonia/external/Avalonia.DBus/src/Avalonia.DBus/BuiltInIntrospectionHandler.cs",
        "RootDir": "/",
        "Filename": "BuiltInIntrospectionHandler",
        "Extension": ".cs",
        "RelativeDir": "../../external/Avalonia.DBus/src/Avalonia.DBus/",
        "Directory": "workspace/team-c/c3-admin-symbol-errors-validation/framework/CUI/vendor/Avalonia/external/Avalonia.DBus/src/Avalonia.DBus/",
        "RecursiveDir": "",
        "ModifiedTime": "",
        "CreatedTime": "",
        "AccessedTime": "",
        "DefiningProjectFullPath": "/workspace/team-c/c3-admin-symbol-errors-validation/framework/CUI/vendor/Avalonia/src/Avalonia.FreeDesktop.AtSpi/Avalonia.FreeDesktop.AtSpi.csproj",
        "DefiningProjectDirectory": "/workspace/team-c/c3-admin-symbol-errors-validation/framework/CUI/vendor/Avalonia/src/Avalonia.FreeDesktop.AtSpi/",
        "DefiningProjectName": "Avalonia.FreeDesktop.AtSpi",
        "DefiningProjectExtension": ".csproj"
      },
      {
        "Identity": "../../external/Avalonia.DBus/src/Avalonia.DBus/BuiltInPropertiesHandler.cs",
        "LinkBase": "Avalonia.DBus/",
        "Link": "Avalonia.DBus/BuiltInPropertiesHandler.cs",
        "FullPath": "/workspace/team-c/c3-admin-symbol-errors-validation/framework/CUI/vendor/Avalonia/external/Avalonia.DBus/src/Avalonia.DBus/BuiltInPropertiesHandler.cs",
        "RootDir": "/",
        "Filename": "BuiltInPropertiesHandler",
        "Extension": ".cs",
        "RelativeDir": "../../external/Avalonia.DBus/src/Avalonia.DBus/",
        "Directory": "workspace/team-c/c3-admin-symbol-errors-validation/framework/CUI/vendor/Avalonia/external/Avalonia.DBus/src/Avalonia.DBus/",
        "RecursiveDir": "",
        "ModifiedTime": "",
        "CreatedTime": "",
        "AccessedTime": "",
        "DefiningProjectFullPath": "/workspace/team-c/c3-admin-symbol-errors-validation/framework/CUI/vendor/Avalonia/src/Avalonia.FreeDesktop.AtSpi/Avalonia.FreeDesktop.AtSpi.csproj",
        "DefiningProjectDirectory": "/workspace/team-c/c3-admin-symbol-errors-validation/framework/CUI/vendor/Avalonia/src/Avalonia.FreeDesktop.AtSpi/",
        "DefiningProjectName": "Avalonia.FreeDesktop.AtSpi",
        "DefiningProjectExtension": ".csproj"
      },
      {
        "Identity": "../../external/Avalonia.DBus/src/Avalonia.DBus/ChannelExtensions.cs",
        "LinkBase": "Avalonia.DBus/",
        "Link": "Avalonia.DBus/ChannelExtensions.cs",
        "FullPath": "/workspace/team-c/c3-admin-symbol-errors-validation/framework/CUI/vendor/Avalonia/external/Avalonia.DBus/src/Avalonia.DBus/ChannelExtensions.cs",
        "RootDir": "/",
        "Filename": "ChannelExtensions",
        "Extension": ".cs",
        "RelativeDir": "../../external/Avalonia.DBus/src/Avalonia.DBus/",
        "Directory": "workspace/team-c/c3-admin-symbol-errors-validation/framework/CUI/vendor/Avalonia/external/Avalonia.DBus/src/Avalonia.DBus/",
        "RecursiveDir": "",
        "ModifiedTime": "",
        "CreatedTime": "",
        "AccessedTime": "",
        "DefiningProjectFullPath": "/workspace/team-c/c3-admin-symbol-errors-validation/framework/CUI/vendor/Avalonia/src/Avalonia.FreeDesktop.AtSpi/Avalonia.FreeDesktop.AtSpi.csproj",
        "DefiningProjectDirectory": "/workspace/team-c/c3-admin-symbol-errors-validation/framework/CUI/vendor/Avalonia/src/Avalonia.FreeDesktop.AtSpi/",
        "DefiningProjectName": "Avalonia.FreeDesktop.AtSpi",
        "DefiningProjectExtension": ".csproj"
      },
      {
        "Identity": "../../external/Avalonia.DBus/src/Avalonia.DBus/ChannelsDBusWireConnection.cs",
        "LinkBase": "Avalonia.DBus/",
        "Link": "Avalonia.DBus/ChannelsDBusWireConnection.cs",
        "FullPath": "/workspace/team-c/c3-admin-symbol-errors-validation/framework/CUI/vendor/Avalonia/external/Avalonia.DBus/src/Avalonia.DBus/ChannelsDBusWireConnection.cs",
        "RootDir": "/",
        "Filename": "ChannelsDBusWireConnection",
        "Extension": ".cs",
        "RelativeDir": "../../external/Avalonia.DBus/src/Avalonia.DBus/",
        "Directory": "workspace/team-c/c3-admin-symbol-errors-validation/framework/CUI/vendor/Avalonia/external/Avalonia.DBus/src/Avalonia.DBus/",
        "RecursiveDir": "",
        "ModifiedTime": "",
        "CreatedTime": "",
        "AccessedTime": "",
        "DefiningProjectFullPath": "/workspace/team-c/c3-admin-symbol-errors-validation/framework/CUI/vendor/Avalonia/src/Avalonia.FreeDesktop.AtSpi/Avalonia.FreeDesktop.AtSpi.csproj",
        "DefiningProjectDirectory": "/workspace/team-c/c3-admin-symbol-errors-validation/framework/CUI/vendor/Avalonia/src/Avalonia.FreeDesktop.AtSpi/",
        "DefiningProjectName": "Avalonia.FreeDesktop.AtSpi",
        "DefiningProjectExtension": ".csproj"
      },
      {
        "Identity": "../../external/Avalonia.DBus/src/Avalonia.DBus/CreateHandlerFactory.cs",
        "LinkBase": "Avalonia.DBus/",
        "Link": "Avalonia.DBus/CreateHandlerFactory.cs",
        "FullPath": "/workspace/team-c/c3-admin-symbol-errors-validation/framework/CUI/vendor/Avalonia/external/Avalonia.DBus/src/Avalonia.DBus/CreateHandlerFactory.cs",
        "RootDir": "/",
        "Filename": "CreateHandlerFactory",
        "Extension": ".cs",
        "RelativeDir": "../../external/Avalonia.DBus/src/Avalonia.DBus/",
        "Directory": "workspace/team-c/c3-admin-symbol-errors-validation/framework/CUI/vendor/Avalonia/external/Avalonia.DBus/src/Avalonia.DBus/",
        "RecursiveDir": "",
        "ModifiedTime": "",
        "CreatedTime": "",
        "AccessedTime": "",
        "DefiningProjectFullPath": "/workspace/team-c/c3-admin-symbol-errors-validation/framework/CUI/vendor/Avalonia/src/Avalonia.FreeDesktop.AtSpi/Avalonia.FreeDesktop.AtSpi.csproj",
        "DefiningProjectDirectory": "/workspace/team-c/c3-admin-symbol-errors-validation/framework/CUI/vendor/Avalonia/src/Avalonia.FreeDesktop.AtSpi/",
        "DefiningProjectName": "Avalonia.FreeDesktop.AtSpi",
        "DefiningProjectExtension": ".csproj"
      },
      {
        "Identity": "../../external/Avalonia.DBus/src/Avalonia.DBus/CreateProxyFactory.cs",
        "LinkBase": "Avalonia.DBus/",
        "Link": "Avalonia.DBus/CreateProxyFactory.cs",
        "FullPath": "/workspace/team-c/c3-admin-symbol-errors-validation/framework/CUI/vendor/Avalonia/external/Avalonia.DBus/src/Avalonia.DBus/CreateProxyFactory.cs",
        "RootDir": "/",
        "Filename": "CreateProxyFactory",
        "Extension": ".cs",
        "RelativeDir": "../../external/Avalonia.DBus/src/Avalonia.DBus/",
        "Directory": "workspace/team-c/c3-admin-symbol-errors-validation/framework/CUI/vendor/Avalonia/external/Avalonia.DBus/src/Avalonia.DBus/",
        "RecursiveDir": "",
        "ModifiedTime": "",
        "CreatedTime": "",
        "AccessedTime": "",
        "DefiningProjectFullPath": "/workspace/team-c/c3-admin-symbol-errors-validation/framework/CUI/vendor/Avalonia/src/Avalonia.FreeDesktop.AtSpi/Avalonia.FreeDesktop.AtSpi.csproj",
        "DefiningProjectDirectory": "/workspace/team-c/c3-admin-symbol-errors-validation/framework/CUI/vendor/Avalonia/src/Avalonia.FreeDesktop.AtSpi/",
        "DefiningProjectName": "Avalonia.FreeDesktop.AtSpi",
        "DefiningProjectExtension": ".csproj"
      },
      {
        "Identity": "../../external/Avalonia.DBus/src/Avalonia.DBus/DBusCollectionHelpers.cs",
        "LinkBase": "Avalonia.DBus/",
        "Link": "Avalonia.DBus/DBusCollectionHelpers.cs",
        "FullPath": "/workspace/team-c/c3-admin-symbol-errors-validation/framework/CUI/vendor/Avalonia/external/Avalonia.DBus/src/Avalonia.DBus/DBusCollectionHelpers.cs",
        "RootDir": "/",
        "Filename": "DBusCollectionHelpers",
        "Extension": ".cs",
        "RelativeDir": "../../external/Avalonia.DBus/src/Avalonia.DBus/",
        "Directory": "workspace/team-c/c3-admin-symbol-errors-validation/framework/CUI/vendor/Avalonia/external/Avalonia.DBus/src/Avalonia.DBus/",
        "RecursiveDir": "",
        "ModifiedTime": "",
        "CreatedTime": "",
        "AccessedTime": "",
        "DefiningProjectFullPath": "/workspace/team-c/c3-admin-symbol-errors-validation/framework/CUI/vendor/Avalonia/src/Avalonia.FreeDesktop.AtSpi/Avalonia.FreeDesktop.AtSpi.csproj",
        "DefiningProjectDirectory": "/workspace/team-c/c3-admin-symbol-errors-validation/framework/CUI/vendor/Avalonia/src/Avalonia.FreeDesktop.AtSpi/",
        "DefiningProjectName": "Avalonia.FreeDesktop.AtSpi",
        "DefiningProjectExtension": ".csproj"
      },
      {
        "Identity": "../../external/Avalonia.DBus/src/Avalonia.DBus/DBusConnection.cs",
        "LinkBase": "Avalonia.DBus/",
        "Link": "Avalonia.DBus/DBusConnection.cs",
        "FullPath": "/workspace/team-c/c3-admin-symbol-errors-validation/framework/CUI/vendor/Avalonia/external/Avalonia.DBus/src/Avalonia.DBus/DBusConnection.cs",
        "RootDir": "/",
        "Filename": "DBusConnection",
        "Extension": ".cs",
        "RelativeDir": "../../external/Avalonia.DBus/src/Avalonia.DBus/",
        "Directory": "workspace/team-c/c3-admin-symbol-errors-validation/framework/CUI/vendor/Avalonia/external/Avalonia.DBus/src/Avalonia.DBus/",
        "RecursiveDir": "",
        "ModifiedTime": "",
        "CreatedTime": "",
        "AccessedTime": "",
        "DefiningProjectFullPath": "/workspace/team-c/c3-admin-symbol-errors-validation/framework/CUI/vendor/Avalonia/src/Avalonia.FreeDesktop.AtSpi/Avalonia.FreeDesktop.AtSpi.csproj",
        "DefiningProjectDirectory": "/workspace/team-c/c3-admin-symbol-errors-validation/framework/CUI/vendor/Avalonia/src/Avalonia.FreeDesktop.AtSpi/",
        "DefiningProjectName": "Avalonia.FreeDesktop.AtSpi",
        "DefiningProjectExtension": ".csproj"
      },
      {
        "Identity": "../../external/Avalonia.DBus/src/Avalonia.DBus/DBusConnection.Messages.cs",
        "LinkBase": "Avalonia.DBus/",
        "Link": "Avalonia.DBus/DBusConnection.Messages.cs",
        "FullPath": "/workspace/team-c/c3-admin-symbol-errors-validation/framework/CUI/vendor/Avalonia/external/Avalonia.DBus/src/Avalonia.DBus/DBusConnection.Messages.cs",
        "RootDir": "/",
        "Filename": "DBusConnection.Messages",
        "Extension": ".cs",
        "RelativeDir": "../../external/Avalonia.DBus/src/Avalonia.DBus/",
        "Directory": "workspace/team-c/c3-admin-symbol-errors-validation/framework/CUI/vendor/Avalonia/external/Avalonia.DBus/src/Avalonia.DBus/",
        "RecursiveDir": "",
        "ModifiedTime": "",
        "CreatedTime": "",
        "AccessedTime": "",
        "DefiningProjectFullPath": "/workspace/team-c/c3-admin-symbol-errors-validation/framework/CUI/vendor/Avalonia/src/Avalonia.FreeDesktop.AtSpi/Avalonia.FreeDesktop.AtSpi.csproj",
        "DefiningProjectDirectory": "/workspace/team-c/c3-admin-symbol-errors-validation/framework/CUI/vendor/Avalonia/src/Avalonia.FreeDesktop.AtSpi/",
        "DefiningProjectName": "Avalonia.FreeDesktop.AtSpi",
        "DefiningProjectExtension": ".csproj"
      },
      {
        "Identity": "../../external/Avalonia.DBus/src/Avalonia.DBus/DBusConnection.Worker.cs",
        "LinkBase": "Avalonia.DBus/",
        "Link": "Avalonia.DBus/DBusConnection.Worker.cs",
        "FullPath": "/workspace/team-c/c3-admin-symbol-errors-validation/framework/CUI/vendor/Avalonia/external/Avalonia.DBus/src/Avalonia.DBus/DBusConnection.Worker.cs",
        "RootDir": "/",
        "Filename": "DBusConnection.Worker",
        "Extension": ".cs",
        "RelativeDir": "../../external/Avalonia.DBus/src/Avalonia.DBus/",
        "Directory": "workspace/team-c/c3-admin-symbol-errors-validation/framework/CUI/vendor/Avalonia/external/Avalonia.DBus/src/Avalonia.DBus/",
        "RecursiveDir": "",
        "ModifiedTime": "",
        "CreatedTime": "",
        "AccessedTime": "",
        "DefiningProjectFullPath": "/workspace/team-c/c3-admin-symbol-errors-validation/framework/CUI/vendor/Avalonia/src/Avalonia.FreeDesktop.AtSpi/Avalonia.FreeDesktop.AtSpi.csproj",
        "DefiningProjectDirectory": "/workspace/team-c/c3-admin-symbol-errors-validation/framework/CUI/vendor/Avalonia/src/Avalonia.FreeDesktop.AtSpi/",
        "DefiningProjectName": "Avalonia.FreeDesktop.AtSpi",
        "DefiningProjectExtension": ".csproj"
      },
      {
        "Identity": "../../external/Avalonia.DBus/src/Avalonia.DBus/DBusConnectionProxyExtensions.cs",
        "LinkBase": "Avalonia.DBus/",
        "Link": "Avalonia.DBus/DBusConnectionProxyExtensions.cs",
        "FullPath": "/workspace/team-c/c3-admin-symbol-errors-validation/framework/CUI/vendor/Avalonia/external/Avalonia.DBus/src/Avalonia.DBus/DBusConnectionProxyExtensions.cs",
        "RootDir": "/",
        "Filename": "DBusConnectionProxyExtensions",
        "Extension": ".cs",
        "RelativeDir": "../../external/Avalonia.DBus/src/Avalonia.DBus/",
        "Directory": "workspace/team-c/c3-admin-symbol-errors-validation/framework/CUI/vendor/Avalonia/external/Avalonia.DBus/src/Avalonia.DBus/",
        "RecursiveDir": "",
        "ModifiedTime": "",
        "CreatedTime": "",
        "AccessedTime": "",
        "DefiningProjectFullPath": "/workspace/team-c/c3-admin-symbol-errors-validation/framework/CUI/vendor/Avalonia/src/Avalonia.FreeDesktop.AtSpi/Avalonia.FreeDesktop.AtSpi.csproj",
        "DefiningProjectDirectory": "/workspace/team-c/c3-admin-symbol-errors-validation/framework/CUI/vendor/Avalonia/src/Avalonia.FreeDesktop.AtSpi/",
        "DefiningProjectName": "Avalonia.FreeDesktop.AtSpi",
        "DefiningProjectExtension": ".csproj"
      },
      {
        "Identity": "../../external/Avalonia.DBus/src/Avalonia.DBus/DBusException.cs",
        "LinkBase": "Avalonia.DBus/",
        "Link": "Avalonia.DBus/DBusException.cs",
        "FullPath": "/workspace/team-c/c3-admin-symbol-errors-validation/framework/CUI/vendor/Avalonia/external/Avalonia.DBus/src/Avalonia.DBus/DBusException.cs",
        "RootDir": "/",
        "Filename": "DBusException",
        "Extension": ".cs",
        "RelativeDir": "../../external/Avalonia.DBus/src/Avalonia.DBus/",
        "Directory": "workspace/team-c/c3-admin-symbol-errors-validation/framework/CUI/vendor/Avalonia/external/Avalonia.DBus/src/Avalonia.DBus/",
        "RecursiveDir": "",
        "ModifiedTime": "",
        "CreatedTime": "",
        "AccessedTime": "",
        "DefiningProjectFullPath": "/workspace/team-c/c3-admin-symbol-errors-validation/framework/CUI/vendor/Avalonia/src/Avalonia.FreeDesktop.AtSpi/Avalonia.FreeDesktop.AtSpi.csproj",
        "DefiningProjectDirectory": "/workspace/team-c/c3-admin-symbol-errors-validation/framework/CUI/vendor/Avalonia/src/Avalonia.FreeDesktop.AtSpi/",
        "DefiningProjectName": "Avalonia.FreeDesktop.AtSpi",
        "DefiningProjectExtension": ".csproj"
      },
      {
        "Identity": "../../external/Avalonia.DBus/src/Avalonia.DBus/DbusHelpers.cs",
        "LinkBase": "Avalonia.DBus/",
        "Link": "Avalonia.DBus/DbusHelpers.cs",
        "FullPath": "/workspace/team-c/c3-admin-symbol-errors-validation/framework/CUI/vendor/Avalonia/external/Avalonia.DBus/src/Avalonia.DBus/DbusHelpers.cs",
        "RootDir": "/",
        "Filename": "DbusHelpers",
        "Extension": ".cs",
        "RelativeDir": "../../external/Avalonia.DBus/src/Avalonia.DBus/",
        "Directory": "workspace/team-c/c3-admin-symbol-errors-validation/framework/CUI/vendor/Avalonia/external/Avalonia.DBus/src/Avalonia.DBus/",
        "RecursiveDir": "",
        "ModifiedTime": "",
        "CreatedTime": "",
        "AccessedTime": "",
        "DefiningProjectFullPath": "/workspace/team-c/c3-admin-symbol-errors-validation/framework/CUI/vendor/Avalonia/src/Avalonia.FreeDesktop.AtSpi/Avalonia.FreeDesktop.AtSpi.csproj",
        "DefiningProjectDirectory": "/workspace/team-c/c3-admin-symbol-errors-validation/framework/CUI/vendor/Avalonia/src/Avalonia.FreeDesktop.AtSpi/",
        "DefiningProjectName": "Avalonia.FreeDesktop.AtSpi",
        "DefiningProjectExtension": ".csproj"
      },
      {
        "Identity": "../../external/Avalonia.DBus/src/Avalonia.DBus/DBusInteropMetadata.cs",
        "LinkBase": "Avalonia.DBus/",
        "Link": "Avalonia.DBus/DBusInteropMetadata.cs",
        "FullPath": "/workspace/team-c/c3-admin-symbol-errors-validation/framework/CUI/vendor/Avalonia/external/Avalonia.DBus/src/Avalonia.DBus/DBusInteropMetadata.cs",
        "RootDir": "/",
        "Filename": "DBusInteropMetadata",
        "Extension": ".cs",
        "RelativeDir": "../../external/Avalonia.DBus/src/Avalonia.DBus/",
        "Directory": "workspace/team-c/c3-admin-symbol-errors-validation/framework/CUI/vendor/Avalonia/external/Avalonia.DBus/src/Avalonia.DBus/",
        "RecursiveDir": "",
        "ModifiedTime": "",
        "CreatedTime": "",
        "AccessedTime": "",
        "DefiningProjectFullPath": "/workspace/team-c/c3-admin-symbol-errors-validation/framework/CUI/vendor/Avalonia/src/Avalonia.FreeDesktop.AtSpi/Avalonia.FreeDesktop.AtSpi.csproj",
        "DefiningProjectDirectory": "/workspace/team-c/c3-admin-symbol-errors-validation/framework/CUI/vendor/Avalonia/src/Avalonia.FreeDesktop.AtSpi/",
        "DefiningProjectName": "Avalonia.FreeDesktop.AtSpi",
        "DefiningProjectExtension": ".csproj"
      },
      {
        "Identity": "../../external/Avalonia.DBus/src/Avalonia.DBus/DBusInteropMetadataRegistry.cs",
        "LinkBase": "Avalonia.DBus/",
        "Link": "Avalonia.DBus/DBusInteropMetadataRegistry.cs",
        "FullPath": "/workspace/team-c/c3-admin-symbol-errors-validation/framework/CUI/vendor/Avalonia/external/Avalonia.DBus/src/Avalonia.DBus/DBusInteropMetadataRegistry.cs",
        "RootDir": "/",
        "Filename": "DBusInteropMetadataRegistry",
        "Extension": ".cs",
        "RelativeDir": "../../external/Avalonia.DBus/src/Avalonia.DBus/",
        "Directory": "workspace/team-c/c3-admin-symbol-errors-validation/framework/CUI/vendor/Avalonia/external/Avalonia.DBus/src/Avalonia.DBus/",
        "RecursiveDir": "",
        "ModifiedTime": "",
        "CreatedTime": "",
        "AccessedTime": "",
        "DefiningProjectFullPath": "/workspace/team-c/c3-admin-symbol-errors-validation/framework/CUI/vendor/Avalonia/src/Avalonia.FreeDesktop.AtSpi/Avalonia.FreeDesktop.AtSpi.csproj",
        "DefiningProjectDirectory": "/workspace/team-c/c3-admin-symbol-errors-validation/framework/CUI/vendor/Avalonia/src/Avalonia.FreeDesktop.AtSpi/",
        "DefiningProjectName": "Avalonia.FreeDesktop.AtSpi",
        "DefiningProjectExtension": ".csproj"
      },
      {
        "Identity": "../../external/Avalonia.DBus/src/Avalonia.DBus/DBusLogLevel.cs",
        "LinkBase": "Avalonia.DBus/",
        "Link": "Avalonia.DBus/DBusLogLevel.cs",
        "FullPath": "/workspace/team-c/c3-admin-symbol-errors-validation/framework/CUI/vendor/Avalonia/external/Avalonia.DBus/src/Avalonia.DBus/DBusLogLevel.cs",
        "RootDir": "/",
        "Filename": "DBusLogLevel",
        "Extension": ".cs",
        "RelativeDir": "../../external/Avalonia.DBus/src/Avalonia.DBus/",
        "Directory": "workspace/team-c/c3-admin-symbol-errors-validation/framework/CUI/vendor/Avalonia/external/Avalonia.DBus/src/Avalonia.DBus/",
        "RecursiveDir": "",
        "ModifiedTime": "",
        "CreatedTime": "",
        "AccessedTime": "",
        "DefiningProjectFullPath": "/workspace/team-c/c3-admin-symbol-errors-validation/framework/CUI/vendor/Avalonia/src/Avalonia.FreeDesktop.AtSpi/Avalonia.FreeDesktop.AtSpi.csproj",
        "DefiningProjectDirectory": "/workspace/team-c/c3-admin-symbol-errors-validation/framework/CUI/vendor/Avalonia/src/Avalonia.FreeDesktop.AtSpi/",
        "DefiningProjectName": "Avalonia.FreeDesktop.AtSpi",
        "DefiningProjectExtension": ".csproj"
      },
      {
        "Identity": "../../external/Avalonia.DBus/src/Avalonia.DBus/DBusMessage.cs",
        "LinkBase": "Avalonia.DBus/",
        "Link": "Avalonia.DBus/DBusMessage.cs",
        "FullPath": "/workspace/team-c/c3-admin-symbol-errors-validation/framework/CUI/vendor/Avalonia/external/Avalonia.DBus/src/Avalonia.DBus/DBusMessage.cs",
        "RootDir": "/",
        "Filename": "DBusMessage",
        "Extension": ".cs",
        "RelativeDir": "../../external/Avalonia.DBus/src/Avalonia.DBus/",
        "Directory": "workspace/team-c/c3-admin-symbol-errors-validation/framework/CUI/vendor/Avalonia/external/Avalonia.DBus/src/Avalonia.DBus/",
        "RecursiveDir": "",
        "ModifiedTime": "",
        "CreatedTime": "",
        "AccessedTime": "",
        "DefiningProjectFullPath": "/workspace/team-c/c3-admin-symbol-errors-validation/framework/CUI/vendor/Avalonia/src/Avalonia.FreeDesktop.AtSpi/Avalonia.FreeDesktop.AtSpi.csproj",
        "DefiningProjectDirectory": "/workspace/team-c/c3-admin-symbol-errors-validation/framework/CUI/vendor/Avalonia/src/Avalonia.FreeDesktop.AtSpi/",
        "DefiningProjectName": "Avalonia.FreeDesktop.AtSpi",
        "DefiningProjectExtension": ".csproj"
      },
      {
        "Identity": "../../external/Avalonia.DBus/src/Avalonia.DBus/DBusMessageFlags.cs",
        "LinkBase": "Avalonia.DBus/",
        "Link": "Avalonia.DBus/DBusMessageFlags.cs",
        "FullPath": "/workspace/team-c/c3-admin-symbol-errors-validation/framework/CUI/vendor/Avalonia/external/Avalonia.DBus/src/Avalonia.DBus/DBusMessageFlags.cs",
        "RootDir": "/",
        "Filename": "DBusMessageFlags",
        "Extension": ".cs",
        "RelativeDir": "../../external/Avalonia.DBus/src/Avalonia.DBus/",
        "Directory": "workspace/team-c/c3-admin-symbol-errors-validation/framework/CUI/vendor/Avalonia/external/Avalonia.DBus/src/Avalonia.DBus/",
        "RecursiveDir": "",
        "ModifiedTime": "",
        "CreatedTime": "",
        "AccessedTime": "",
        "DefiningProjectFullPath": "/workspace/team-c/c3-admin-symbol-errors-validation/framework/CUI/vendor/Avalonia/src/Avalonia.FreeDesktop.AtSpi/Avalonia.FreeDesktop.AtSpi.csproj",
        "DefiningProjectDirectory": "/workspace/team-c/c3-admin-symbol-errors-validation/framework/CUI/vendor/Avalonia/src/Avalonia.FreeDesktop.AtSpi/",
        "DefiningProjectName": "Avalonia.FreeDesktop.AtSpi",
        "DefiningProjectExtension": ".csproj"
      },
      {
        "Identity": "../../external/Avalonia.DBus/src/Avalonia.DBus/DBusMessageType.cs",
        "LinkBase": "Avalonia.DBus/",
        "Link": "Avalonia.DBus/DBusMessageType.cs",
        "FullPath": "/workspace/team-c/c3-admin-symbol-errors-validation/framework/CUI/vendor/Avalonia/external/Avalonia.DBus/src/Avalonia.DBus/DBusMessageType.cs",
        "RootDir": "/",
        "Filename": "DBusMessageType",
        "Extension": ".cs",
        "RelativeDir": "../../external/Avalonia.DBus/src/Avalonia.DBus/",
        "Directory": "workspace/team-c/c3-admin-symbol-errors-validation/framework/CUI/vendor/Avalonia/external/Avalonia.DBus/src/Avalonia.DBus/",
        "RecursiveDir": "",
        "ModifiedTime": "",
        "CreatedTime": "",
        "AccessedTime": "",
        "DefiningProjectFullPath": "/workspace/team-c/c3-admin-symbol-errors-validation/framework/CUI/vendor/Avalonia/src/Avalonia.FreeDesktop.AtSpi/Avalonia.FreeDesktop.AtSpi.csproj",
        "DefiningProjectDirectory": "/workspace/team-c/c3-admin-symbol-errors-validation/framework/CUI/vendor/Avalonia/src/Avalonia.FreeDesktop.AtSpi/",
        "DefiningProjectName": "Avalonia.FreeDesktop.AtSpi",
        "DefiningProjectExtension": ".csproj"
      },
      {
        "Identity": "../../external/Avalonia.DBus/src/Avalonia.DBus/DBusObjectPath.cs",
        "LinkBase": "Avalonia.DBus/",
        "Link": "Avalonia.DBus/DBusObjectPath.cs",
        "FullPath": "/workspace/team-c/c3-admin-symbol-errors-validation/framework/CUI/vendor/Avalonia/external/Avalonia.DBus/src/Avalonia.DBus/DBusObjectPath.cs",
        "RootDir": "/",
        "Filename": "DBusObjectPath",
        "Extension": ".cs",
        "RelativeDir": "../../external/Avalonia.DBus/src/Avalonia.DBus/",
        "Directory": "workspace/team-c/c3-admin-symbol-errors-validation/framework/CUI/vendor/Avalonia/external/Avalonia.DBus/src/Avalonia.DBus/",
        "RecursiveDir": "",
        "ModifiedTime": "",
        "CreatedTime": "",
        "AccessedTime": "",
        "DefiningProjectFullPath": "/workspace/team-c/c3-admin-symbol-errors-validation/framework/CUI/vendor/Avalonia/src/Avalonia.FreeDesktop.AtSpi/Avalonia.FreeDesktop.AtSpi.csproj",
        "DefiningProjectDirectory": "/workspace/team-c/c3-admin-symbol-errors-validation/framework/CUI/vendor/Avalonia/src/Avalonia.FreeDesktop.AtSpi/",
        "DefiningProjectName": "Avalonia.FreeDesktop.AtSpi",
        "DefiningProjectExtension": ".csproj"
      },
      {
        "Identity": "../../external/Avalonia.DBus/src/Avalonia.DBus/DBusRequestNameFlags.cs",
        "LinkBase": "Avalonia.DBus/",
        "Link": "Avalonia.DBus/DBusRequestNameFlags.cs",
        "FullPath": "/workspace/team-c/c3-admin-symbol-errors-validation/framework/CUI/vendor/Avalonia/external/Avalonia.DBus/src/Avalonia.DBus/DBusRequestNameFlags.cs",
        "RootDir": "/",
        "Filename": "DBusRequestNameFlags",
        "Extension": ".cs",
        "RelativeDir": "../../external/Avalonia.DBus/src/Avalonia.DBus/",
        "Directory": "workspace/team-c/c3-admin-symbol-errors-validation/framework/CUI/vendor/Avalonia/external/Avalonia.DBus/src/Avalonia.DBus/",
        "RecursiveDir": "",
        "ModifiedTime": "",
        "CreatedTime": "",
        "AccessedTime": "",
        "DefiningProjectFullPath": "/workspace/team-c/c3-admin-symbol-errors-validation/framework/CUI/vendor/Avalonia/src/Avalonia.FreeDesktop.AtSpi/Avalonia.FreeDesktop.AtSpi.csproj",
        "DefiningProjectDirectory": "/workspace/team-c/c3-admin-symbol-errors-validation/framework/CUI/vendor/Avalonia/src/Avalonia.FreeDesktop.AtSpi/",
        "DefiningProjectName": "Avalonia.FreeDesktop.AtSpi",
        "DefiningProjectExtension": ".csproj"
      },
      {
        "Identity": "../../external/Avalonia.DBus/src/Avalonia.DBus/DBusRequestNameReply.cs",
        "LinkBase": "Avalonia.DBus/",
        "Link": "Avalonia.DBus/DBusRequestNameReply.cs",
        "FullPath": "/workspace/team-c/c3-admin-symbol-errors-validation/framework/CUI/vendor/Avalonia/external/Avalonia.DBus/src/Avalonia.DBus/DBusRequestNameReply.cs",
        "RootDir": "/",
        "Filename": "DBusRequestNameReply",
        "Extension": ".cs",
        "RelativeDir": "../../external/Avalonia.DBus/src/Avalonia.DBus/",
        "Directory": "workspace/team-c/c3-admin-symbol-errors-validation/framework/CUI/vendor/Avalonia/external/Avalonia.DBus/src/Avalonia.DBus/",
        "RecursiveDir": "",
        "ModifiedTime": "",
        "CreatedTime": "",
        "AccessedTime": "",
        "DefiningProjectFullPath": "/workspace/team-c/c3-admin-symbol-errors-validation/framework/CUI/vendor/Avalonia/src/Avalonia.FreeDesktop.AtSpi/Avalonia.FreeDesktop.AtSpi.csproj",
        "DefiningProjectDirectory": "/workspace/team-c/c3-admin-symbol-errors-validation/framework/CUI/vendor/Avalonia/src/Avalonia.FreeDesktop.AtSpi/",
        "DefiningProjectName": "Avalonia.FreeDesktop.AtSpi",
        "DefiningProjectExtension": ".csproj"
      },
      {
        "Identity": "../../external/Avalonia.DBus/src/Avalonia.DBus/DBusSerializedMessage.cs",
        "LinkBase": "Avalonia.DBus/",
        "Link": "Avalonia.DBus/DBusSerializedMessage.cs",
        "FullPath": "/workspace/team-c/c3-admin-symbol-errors-validation/framework/CUI/vendor/Avalonia/external/Avalonia.DBus/src/Avalonia.DBus/DBusSerializedMessage.cs",
        "RootDir": "/",
        "Filename": "DBusSerializedMessage",
        "Extension": ".cs",
        "RelativeDir": "../../external/Avalonia.DBus/src/Avalonia.DBus/",
        "Directory": "workspace/team-c/c3-admin-symbol-errors-validation/framework/CUI/vendor/Avalonia/external/Avalonia.DBus/src/Avalonia.DBus/",
        "RecursiveDir": "",
        "ModifiedTime": "",
        "CreatedTime": "",
        "AccessedTime": "",
        "DefiningProjectFullPath": "/workspace/team-c/c3-admin-symbol-errors-validation/framework/CUI/vendor/Avalonia/src/Avalonia.FreeDesktop.AtSpi/Avalonia.FreeDesktop.AtSpi.csproj",
        "DefiningProjectDirectory": "/workspace/team-c/c3-admin-symbol-errors-validation/framework/CUI/vendor/Avalonia/src/Avalonia.FreeDesktop.AtSpi/",
        "DefiningProjectName": "Avalonia.FreeDesktop.AtSpi",
        "DefiningProjectExtension": ".csproj"
      },
      {
        "Identity": "../../external/Avalonia.DBus/src/Avalonia.DBus/DBusSignature.cs",
        "LinkBase": "Avalonia.DBus/",
        "Link": "Avalonia.DBus/DBusSignature.cs",
        "FullPath": "/workspace/team-c/c3-admin-symbol-errors-validation/framework/CUI/vendor/Avalonia/external/Avalonia.DBus/src/Avalonia.DBus/DBusSignature.cs",
        "RootDir": "/",
        "Filename": "DBusSignature",
        "Extension": ".cs",
        "RelativeDir": "../../external/Avalonia.DBus/src/Avalonia.DBus/",
        "Directory": "workspace/team-c/c3-admin-symbol-errors-validation/framework/CUI/vendor/Avalonia/external/Avalonia.DBus/src/Avalonia.DBus/",
        "RecursiveDir": "",
        "ModifiedTime": "",
        "CreatedTime": "",
        "AccessedTime": "",
        "DefiningProjectFullPath": "/workspace/team-c/c3-admin-symbol-errors-validation/framework/CUI/vendor/Avalonia/src/Avalonia.FreeDesktop.AtSpi/Avalonia.FreeDesktop.AtSpi.csproj",
        "DefiningProjectDirectory": "/workspace/team-c/c3-admin-symbol-errors-validation/framework/CUI/vendor/Avalonia/src/Avalonia.FreeDesktop.AtSpi/",
        "DefiningProjectName": "Avalonia.FreeDesktop.AtSpi",
        "DefiningProjectExtension": ".csproj"
      },
      {
        "Identity": "../../external/Avalonia.DBus/src/Avalonia.DBus/DBusSignatureInference.cs",
        "LinkBase": "Avalonia.DBus/",
        "Link": "Avalonia.DBus/DBusSignatureInference.cs",
        "FullPath": "/workspace/team-c/c3-admin-symbol-errors-validation/framework/CUI/vendor/Avalonia/external/Avalonia.DBus/src/Avalonia.DBus/DBusSignatureInference.cs",
        "RootDir": "/",
        "Filename": "DBusSignatureInference",
        "Extension": ".cs",
        "RelativeDir": "../../external/Avalonia.DBus/src/Avalonia.DBus/",
        "Directory": "workspace/team-c/c3-admin-symbol-errors-validation/framework/CUI/vendor/Avalonia/external/Avalonia.DBus/src/Avalonia.DBus/",
        "RecursiveDir": "",
        "ModifiedTime": "",
        "CreatedTime": "",
        "AccessedTime": "",
        "DefiningProjectFullPath": "/workspace/team-c/c3-admin-symbol-errors-validation/framework/CUI/vendor/Avalonia/src/Avalonia.FreeDesktop.AtSpi/Avalonia.FreeDesktop.AtSpi.csproj",
        "DefiningProjectDirectory": "/workspace/team-c/c3-admin-symbol-errors-validation/framework/CUI/vendor/Avalonia/src/Avalonia.FreeDesktop.AtSpi/",
        "DefiningProjectName": "Avalonia.FreeDesktop.AtSpi",
        "DefiningProjectExtension": ".csproj"
      },
      {
        "Identity": "../../external/Avalonia.DBus/src/Avalonia.DBus/DBusSignatureParser.cs",
        "LinkBase": "Avalonia.DBus/",
        "Link": "Avalonia.DBus/DBusSignatureParser.cs",
        "FullPath": "/workspace/team-c/c3-admin-symbol-errors-validation/framework/CUI/vendor/Avalonia/external/Avalonia.DBus/src/Avalonia.DBus/DBusSignatureParser.cs",
        "RootDir": "/",
        "Filename": "DBusSignatureParser",
        "Extension": ".cs",
        "RelativeDir": "../../external/Avalonia.DBus/src/Avalonia.DBus/",
        "Directory": "workspace/team-c/c3-admin-symbol-errors-validation/framework/CUI/vendor/Avalonia/external/Avalonia.DBus/src/Avalonia.DBus/",
        "RecursiveDir": "",
        "ModifiedTime": "",
        "CreatedTime": "",
        "AccessedTime": "",
        "DefiningProjectFullPath": "/workspace/team-c/c3-admin-symbol-errors-validation/framework/CUI/vendor/Avalonia/src/Avalonia.FreeDesktop.AtSpi/Avalonia.FreeDesktop.AtSpi.csproj",
        "DefiningProjectDirectory": "/workspace/team-c/c3-admin-symbol-errors-validation/framework/CUI/vendor/Avalonia/src/Avalonia.FreeDesktop.AtSpi/",
        "DefiningProjectName": "Avalonia.FreeDesktop.AtSpi",
        "DefiningProjectExtension": ".csproj"
      },
      {
        "Identity": "../../external/Avalonia.DBus/src/Avalonia.DBus/DBusSignatureToken.cs",
        "LinkBase": "Avalonia.DBus/",
        "Link": "Avalonia.DBus/DBusSignatureToken.cs",
        "FullPath": "/workspace/team-c/c3-admin-symbol-errors-validation/framework/CUI/vendor/Avalonia/external/Avalonia.DBus/src/Avalonia.DBus/DBusSignatureToken.cs",
        "RootDir": "/",
        "Filename": "DBusSignatureToken",
        "Extension": ".cs",
        "RelativeDir": "../../external/Avalonia.DBus/src/Avalonia.DBus/",
        "Directory": "workspace/team-c/c3-admin-symbol-errors-validation/framework/CUI/vendor/Avalonia/external/Avalonia.DBus/src/Avalonia.DBus/",
        "RecursiveDir": "",
        "ModifiedTime": "",
        "CreatedTime": "",
        "AccessedTime": "",
        "DefiningProjectFullPath": "/workspace/team-c/c3-admin-symbol-errors-validation/framework/CUI/vendor/Avalonia/src/Avalonia.FreeDesktop.AtSpi/Avalonia.FreeDesktop.AtSpi.csproj",
        "DefiningProjectDirectory": "/workspace/team-c/c3-admin-symbol-errors-validation/framework/CUI/vendor/Avalonia/src/Avalonia.FreeDesktop.AtSpi/",
        "DefiningProjectName": "Avalonia.FreeDesktop.AtSpi",
        "DefiningProjectExtension": ".csproj"
      },
      {
        "Identity": "../../external/Avalonia.DBus/src/Avalonia.DBus/DBusStruct.cs",
        "LinkBase": "Avalonia.DBus/",
        "Link": "Avalonia.DBus/DBusStruct.cs",
        "FullPath": "/workspace/team-c/c3-admin-symbol-errors-validation/framework/CUI/vendor/Avalonia/external/Avalonia.DBus/src/Avalonia.DBus/DBusStruct.cs",
        "RootDir": "/",
        "Filename": "DBusStruct",
        "Extension": ".cs",
        "RelativeDir": "../../external/Avalonia.DBus/src/Avalonia.DBus/",
        "Directory": "workspace/team-c/c3-admin-symbol-errors-validation/framework/CUI/vendor/Avalonia/external/Avalonia.DBus/src/Avalonia.DBus/",
        "RecursiveDir": "",
        "ModifiedTime": "",
        "CreatedTime": "",
        "AccessedTime": "",
        "DefiningProjectFullPath": "/workspace/team-c/c3-admin-symbol-errors-validation/framework/CUI/vendor/Avalonia/src/Avalonia.FreeDesktop.AtSpi/Avalonia.FreeDesktop.AtSpi.csproj",
        "DefiningProjectDirectory": "/workspace/team-c/c3-admin-symbol-errors-validation/framework/CUI/vendor/Avalonia/src/Avalonia.FreeDesktop.AtSpi/",
        "DefiningProjectName": "Avalonia.FreeDesktop.AtSpi",
        "DefiningProjectExtension": ".csproj"
      },
      {
        "Identity": "../../external/Avalonia.DBus/src/Avalonia.DBus/DBusStructSignatureRegistry.cs",
        "LinkBase": "Avalonia.DBus/",
        "Link": "Avalonia.DBus/DBusStructSignatureRegistry.cs",
        "FullPath": "/workspace/team-c/c3-admin-symbol-errors-validation/framework/CUI/vendor/Avalonia/external/Avalonia.DBus/src/Avalonia.DBus/DBusStructSignatureRegistry.cs",
        "RootDir": "/",
        "Filename": "DBusStructSignatureRegistry",
        "Extension": ".cs",
        "RelativeDir": "../../external/Avalonia.DBus/src/Avalonia.DBus/",
        "Directory": "workspace/team-c/c3-admin-symbol-errors-validation/framework/CUI/vendor/Avalonia/external/Avalonia.DBus/src/Avalonia.DBus/",
        "RecursiveDir": "",
        "ModifiedTime": "",
        "CreatedTime": "",
        "AccessedTime": "",
        "DefiningProjectFullPath": "/workspace/team-c/c3-admin-symbol-errors-validation/framework/CUI/vendor/Avalonia/src/Avalonia.FreeDesktop.AtSpi/Avalonia.FreeDesktop.AtSpi.csproj",
        "DefiningProjectDirectory": "/workspace/team-c/c3-admin-symbol-errors-validation/framework/CUI/vendor/Avalonia/src/Avalonia.FreeDesktop.AtSpi/",
        "DefiningProjectName": "Avalonia.FreeDesktop.AtSpi",
        "DefiningProjectExtension": ".csproj"
      },
      {
        "Identity": "../../external/Avalonia.DBus/src/Avalonia.DBus/DBusTransportLog.cs",
        "LinkBase": "Avalonia.DBus/",
        "Link": "Avalonia.DBus/DBusTransportLog.cs",
        "FullPath": "/workspace/team-c/c3-admin-symbol-errors-validation/framework/CUI/vendor/Avalonia/external/Avalonia.DBus/src/Avalonia.DBus/DBusTransportLog.cs",
        "RootDir": "/",
        "Filename": "DBusTransportLog",
        "Extension": ".cs",
        "RelativeDir": "../../external/Avalonia.DBus/src/Avalonia.DBus/",
        "Directory": "workspace/team-c/c3-admin-symbol-errors-validation/framework/CUI/vendor/Avalonia/external/Avalonia.DBus/src/Avalonia.DBus/",
        "RecursiveDir": "",
        "ModifiedTime": "",
        "CreatedTime": "",
        "AccessedTime": "",
        "DefiningProjectFullPath": "/workspace/team-c/c3-admin-symbol-errors-validation/framework/CUI/vendor/Avalonia/src/Avalonia.FreeDesktop.AtSpi/Avalonia.FreeDesktop.AtSpi.csproj",
        "DefiningProjectDirectory": "/workspace/team-c/c3-admin-symbol-errors-validation/framework/CUI/vendor/Avalonia/src/Avalonia.FreeDesktop.AtSpi/",
        "DefiningProjectName": "Avalonia.FreeDesktop.AtSpi",
        "DefiningProjectExtension": ".csproj"
      },
      {
        "Identity": "../../external/Avalonia.DBus/src/Avalonia.DBus/DBusUnixFd.cs",
        "LinkBase": "Avalonia.DBus/",
        "Link": "Avalonia.DBus/DBusUnixFd.cs",
        "FullPath": "/workspace/team-c/c3-admin-symbol-errors-validation/framework/CUI/vendor/Avalonia/external/Avalonia.DBus/src/Avalonia.DBus/DBusUnixFd.cs",
        "RootDir": "/",
        "Filename": "DBusUnixFd",
        "Extension": ".cs",
        "RelativeDir": "../../external/Avalonia.DBus/src/Avalonia.DBus/",
        "Directory": "workspace/team-c/c3-admin-symbol-errors-validation/framework/CUI/vendor/Avalonia/external/Avalonia.DBus/src/Avalonia.DBus/",
        "RecursiveDir": "",
        "ModifiedTime": "",
        "CreatedTime": "",
        "AccessedTime": "",
        "DefiningProjectFullPath": "/workspace/team-c/c3-admin-symbol-errors-validation/framework/CUI/vendor/Avalonia/src/Avalonia.FreeDesktop.AtSpi/Avalonia.FreeDesktop.AtSpi.csproj",
        "DefiningProjectDirectory": "/workspace/team-c/c3-admin-symbol-errors-validation/framework/CUI/vendor/Avalonia/src/Avalonia.FreeDesktop.AtSpi/",
        "DefiningProjectName": "Avalonia.FreeDesktop.AtSpi",
        "DefiningProjectExtension": ".csproj"
      },
      {
        "Identity": "../../external/Avalonia.DBus/src/Avalonia.DBus/DBusVariant.cs",
        "LinkBase": "Avalonia.DBus/",
        "Link": "Avalonia.DBus/DBusVariant.cs",
        "FullPath": "/workspace/team-c/c3-admin-symbol-errors-validation/framework/CUI/vendor/Avalonia/external/Avalonia.DBus/src/Avalonia.DBus/DBusVariant.cs",
        "RootDir": "/",
        "Filename": "DBusVariant",
        "Extension": ".cs",
        "RelativeDir": "../../external/Avalonia.DBus/src/Avalonia.DBus/",
        "Directory": "workspace/team-c/c3-admin-symbol-errors-validation/framework/CUI/vendor/Avalonia/external/Avalonia.DBus/src/Avalonia.DBus/",
        "RecursiveDir": "",
        "ModifiedTime": "",
        "CreatedTime": "",
        "AccessedTime": "",
        "DefiningProjectFullPath": "/workspace/team-c/c3-admin-symbol-errors-validation/framework/CUI/vendor/Avalonia/src/Avalonia.FreeDesktop.AtSpi/Avalonia.FreeDesktop.AtSpi.csproj",
        "DefiningProjectDirectory": "/workspace/team-c/c3-admin-symbol-errors-validation/framework/CUI/vendor/Avalonia/src/Avalonia.FreeDesktop.AtSpi/",
        "DefiningProjectName": "Avalonia.FreeDesktop.AtSpi",
        "DefiningProjectExtension": ".csproj"
      },
      {
        "Identity": "../../external/Avalonia.DBus/src/Avalonia.DBus/FreedesktopDBusExtensions.cs",
        "LinkBase": "Avalonia.DBus/",
        "Link": "Avalonia.DBus/FreedesktopDBusExtensions.cs",
        "FullPath": "/workspace/team-c/c3-admin-symbol-errors-validation/framework/CUI/vendor/Avalonia/external/Avalonia.DBus/src/Avalonia.DBus/FreedesktopDBusExtensions.cs",
        "RootDir": "/",
        "Filename": "FreedesktopDBusExtensions",
        "Extension": ".cs",
        "RelativeDir": "../../external/Avalonia.DBus/src/Avalonia.DBus/",
        "Directory": "workspace/team-c/c3-admin-symbol-errors-validation/framework/CUI/vendor/Avalonia/external/Avalonia.DBus/src/Avalonia.DBus/",
        "RecursiveDir": "",
        "ModifiedTime": "",
        "CreatedTime": "",
        "AccessedTime": "",
        "DefiningProjectFullPath": "/workspace/team-c/c3-admin-symbol-errors-validation/framework/CUI/vendor/Avalonia/src/Avalonia.FreeDesktop.AtSpi/Avalonia.FreeDesktop.AtSpi.csproj",
        "DefiningProjectDirectory": "/workspace/team-c/c3-admin-symbol-errors-validation/framework/CUI/vendor/Avalonia/src/Avalonia.FreeDesktop.AtSpi/",
        "DefiningProjectName": "Avalonia.FreeDesktop.AtSpi",
        "DefiningProjectExtension": ".csproj"
      },
      {
        "Identity": "../../external/Avalonia.DBus/src/Avalonia.DBus/FreedesktopDBusGeneratedPrivateImplementationDoNotTouch.cs",
        "LinkBase": "Avalonia.DBus/",
        "Link": "Avalonia.DBus/FreedesktopDBusGeneratedPrivateImplementationDoNotTouch.cs",
        "FullPath": "/workspace/team-c/c3-admin-symbol-errors-validation/framework/CUI/vendor/Avalonia/external/Avalonia.DBus/src/Avalonia.DBus/FreedesktopDBusGeneratedPrivateImplementationDoNotTouch.cs",
        "RootDir": "/",
        "Filename": "FreedesktopDBusGeneratedPrivateImplementationDoNotTouch",
        "Extension": ".cs",
        "RelativeDir": "../../external/Avalonia.DBus/src/Avalonia.DBus/",
        "Directory": "workspace/team-c/c3-admin-symbol-errors-validation/framework/CUI/vendor/Avalonia/external/Avalonia.DBus/src/Avalonia.DBus/",
        "RecursiveDir": "",
        "ModifiedTime": "",
        "CreatedTime": "",
        "AccessedTime": "",
        "DefiningProjectFullPath": "/workspace/team-c/c3-admin-symbol-errors-validation/framework/CUI/vendor/Avalonia/src/Avalonia.FreeDesktop.AtSpi/Avalonia.FreeDesktop.AtSpi.csproj",
        "DefiningProjectDirectory": "/workspace/team-c/c3-admin-symbol-errors-validation/framework/CUI/vendor/Avalonia/src/Avalonia.FreeDesktop.AtSpi/",
        "DefiningProjectName": "Avalonia.FreeDesktop.AtSpi",
        "DefiningProjectExtension": ".csproj"
      },
      {
        "Identity": "../../external/Avalonia.DBus/src/Avalonia.DBus/GetAllPropertiesFactory.cs",
        "LinkBase": "Avalonia.DBus/",
        "Link": "Avalonia.DBus/GetAllPropertiesFactory.cs",
        "FullPath": "/workspace/team-c/c3-admin-symbol-errors-validation/framework/CUI/vendor/Avalonia/external/Avalonia.DBus/src/Avalonia.DBus/GetAllPropertiesFactory.cs",
        "RootDir": "/",
        "Filename": "GetAllPropertiesFactory",
        "Extension": ".cs",
        "RelativeDir": "../../external/Avalonia.DBus/src/Avalonia.DBus/",
        "Directory": "workspace/team-c/c3-admin-symbol-errors-validation/framework/CUI/vendor/Avalonia/external/Avalonia.DBus/src/Avalonia.DBus/",
        "RecursiveDir": "",
        "ModifiedTime": "",
        "CreatedTime": "",
        "AccessedTime": "",
        "DefiningProjectFullPath": "/workspace/team-c/c3-admin-symbol-errors-validation/framework/CUI/vendor/Avalonia/src/Avalonia.FreeDesktop.AtSpi/Avalonia.FreeDesktop.AtSpi.csproj",
        "DefiningProjectDirectory": "/workspace/team-c/c3-admin-symbol-errors-validation/framework/CUI/vendor/Avalonia/src/Avalonia.FreeDesktop.AtSpi/",
        "DefiningProjectName": "Avalonia.FreeDesktop.AtSpi",
        "DefiningProjectExtension": ".csproj"
      },
      {
        "Identity": "../../external/Avalonia.DBus/src/Avalonia.DBus/IDBusConnection.cs",
        "LinkBase": "Avalonia.DBus/",
        "Link": "Avalonia.DBus/IDBusConnection.cs",
        "FullPath": "/workspace/team-c/c3-admin-symbol-errors-validation/framework/CUI/vendor/Avalonia/external/Avalonia.DBus/src/Avalonia.DBus/IDBusConnection.cs",
        "RootDir": "/",
        "Filename": "IDBusConnection",
        "Extension": ".cs",
        "RelativeDir": "../../external/Avalonia.DBus/src/Avalonia.DBus/",
        "Directory": "workspace/team-c/c3-admin-symbol-errors-validation/framework/CUI/vendor/Avalonia/external/Avalonia.DBus/src/Avalonia.DBus/",
        "RecursiveDir": "",
        "ModifiedTime": "",
        "CreatedTime": "",
        "AccessedTime": "",
        "DefiningProjectFullPath": "/workspace/team-c/c3-admin-symbol-errors-validation/framework/CUI/vendor/Avalonia/src/Avalonia.FreeDesktop.AtSpi/Avalonia.FreeDesktop.AtSpi.csproj",
        "DefiningProjectDirectory": "/workspace/team-c/c3-admin-symbol-errors-validation/framework/CUI/vendor/Avalonia/src/Avalonia.FreeDesktop.AtSpi/",
        "DefiningProjectName": "Avalonia.FreeDesktop.AtSpi",
        "DefiningProjectExtension": ".csproj"
      },
      {
        "Identity": "../../external/Avalonia.DBus/src/Avalonia.DBus/IDBusDiagnostics.cs",
        "LinkBase": "Avalonia.DBus/",
        "Link": "Avalonia.DBus/IDBusDiagnostics.cs",
        "FullPath": "/workspace/team-c/c3-admin-symbol-errors-validation/framework/CUI/vendor/Avalonia/external/Avalonia.DBus/src/Avalonia.DBus/IDBusDiagnostics.cs",
        "RootDir": "/",
        "Filename": "IDBusDiagnostics",
        "Extension": ".cs",
        "RelativeDir": "../../external/Avalonia.DBus/src/Avalonia.DBus/",
        "Directory": "workspace/team-c/c3-admin-symbol-errors-validation/framework/CUI/vendor/Avalonia/external/Avalonia.DBus/src/Avalonia.DBus/",
        "RecursiveDir": "",
        "ModifiedTime": "",
        "CreatedTime": "",
        "AccessedTime": "",
        "DefiningProjectFullPath": "/workspace/team-c/c3-admin-symbol-errors-validation/framework/CUI/vendor/Avalonia/src/Avalonia.FreeDesktop.AtSpi/Avalonia.FreeDesktop.AtSpi.csproj",
        "DefiningProjectDirectory": "/workspace/team-c/c3-admin-symbol-errors-validation/framework/CUI/vendor/Avalonia/src/Avalonia.FreeDesktop.AtSpi/",
        "DefiningProjectName": "Avalonia.FreeDesktop.AtSpi",
        "DefiningProjectExtension": ".csproj"
      },
      {
        "Identity": "../../external/Avalonia.DBus/src/Avalonia.DBus/IDBusInterfaceCallDispatcher.cs",
        "LinkBase": "Avalonia.DBus/",
        "Link": "Avalonia.DBus/IDBusInterfaceCallDispatcher.cs",
        "FullPath": "/workspace/team-c/c3-admin-symbol-errors-validation/framework/CUI/vendor/Avalonia/external/Avalonia.DBus/src/Avalonia.DBus/IDBusInterfaceCallDispatcher.cs",
        "RootDir": "/",
        "Filename": "IDBusInterfaceCallDispatcher",
        "Extension": ".cs",
        "RelativeDir": "../../external/Avalonia.DBus/src/Avalonia.DBus/",
        "Directory": "workspace/team-c/c3-admin-symbol-errors-validation/framework/CUI/vendor/Avalonia/external/Avalonia.DBus/src/Avalonia.DBus/",
        "RecursiveDir": "",
        "ModifiedTime": "",
        "CreatedTime": "",
        "AccessedTime": "",
        "DefiningProjectFullPath": "/workspace/team-c/c3-admin-symbol-errors-validation/framework/CUI/vendor/Avalonia/src/Avalonia.FreeDesktop.AtSpi/Avalonia.FreeDesktop.AtSpi.csproj",
        "DefiningProjectDirectory": "/workspace/team-c/c3-admin-symbol-errors-validation/framework/CUI/vendor/Avalonia/src/Avalonia.FreeDesktop.AtSpi/",
        "DefiningProjectName": "Avalonia.FreeDesktop.AtSpi",
        "DefiningProjectExtension": ".csproj"
      },
      {
        "Identity": "../../external/Avalonia.DBus/src/Avalonia.DBus/IDBusMessageSerializer.cs",
        "LinkBase": "Avalonia.DBus/",
        "Link": "Avalonia.DBus/IDBusMessageSerializer.cs",
        "FullPath": "/workspace/team-c/c3-admin-symbol-errors-validation/framework/CUI/vendor/Avalonia/external/Avalonia.DBus/src/Avalonia.DBus/IDBusMessageSerializer.cs",
        "RootDir": "/",
        "Filename": "IDBusMessageSerializer",
        "Extension": ".cs",
        "RelativeDir": "../../external/Avalonia.DBus/src/Avalonia.DBus/",
        "Directory": "workspace/team-c/c3-admin-symbol-errors-validation/framework/CUI/vendor/Avalonia/external/Avalonia.DBus/src/Avalonia.DBus/",
        "RecursiveDir": "",
        "ModifiedTime": "",
        "CreatedTime": "",
        "AccessedTime": "",
        "DefiningProjectFullPath": "/workspace/team-c/c3-admin-symbol-errors-validation/framework/CUI/vendor/Avalonia/src/Avalonia.FreeDesktop.AtSpi/Avalonia.FreeDesktop.AtSpi.csproj",
        "DefiningProjectDirectory": "/workspace/team-c/c3-admin-symbol-errors-validation/framework/CUI/vendor/Avalonia/src/Avalonia.FreeDesktop.AtSpi/",
        "DefiningProjectName": "Avalonia.FreeDesktop.AtSpi",
        "DefiningProjectExtension": ".csproj"
      },
      {
        "Identity": "../../external/Avalonia.DBus/src/Avalonia.DBus/IDBusStructConvertible.cs",
        "LinkBase": "Avalonia.DBus/",
        "Link": "Avalonia.DBus/IDBusStructConvertible.cs",
        "FullPath": "/workspace/team-c/c3-admin-symbol-errors-validation/framework/CUI/vendor/Avalonia/external/Avalonia.DBus/src/Avalonia.DBus/IDBusStructConvertible.cs",
        "RootDir": "/",
        "Filename": "IDBusStructConvertible",
        "Extension": ".cs",
        "RelativeDir": "../../external/Avalonia.DBus/src/Avalonia.DBus/",
        "Directory": "workspace/team-c/c3-admin-symbol-errors-validation/framework/CUI/vendor/Avalonia/external/Avalonia.DBus/src/Avalonia.DBus/",
        "RecursiveDir": "",
        "ModifiedTime": "",
        "CreatedTime": "",
        "AccessedTime": "",
        "DefiningProjectFullPath": "/workspace/team-c/c3-admin-symbol-errors-validation/framework/CUI/vendor/Avalonia/src/Avalonia.FreeDesktop.AtSpi/Avalonia.FreeDesktop.AtSpi.csproj",
        "DefiningProjectDirectory": "/workspace/team-c/c3-admin-symbol-errors-validation/framework/CUI/vendor/Avalonia/src/Avalonia.FreeDesktop.AtSpi/",
        "DefiningProjectName": "Avalonia.FreeDesktop.AtSpi",
        "DefiningProjectExtension": ".csproj"
      },
      {
        "Identity": "../../external/Avalonia.DBus/src/Avalonia.DBus/IDBusWireConnection.cs",
        "LinkBase": "Avalonia.DBus/",
        "Link": "Avalonia.DBus/IDBusWireConnection.cs",
        "FullPath": "/workspace/team-c/c3-admin-symbol-errors-validation/framework/CUI/vendor/Avalonia/external/Avalonia.DBus/src/Avalonia.DBus/IDBusWireConnection.cs",
        "RootDir": "/",
        "Filename": "IDBusWireConnection",
        "Extension": ".cs",
        "RelativeDir": "../../external/Avalonia.DBus/src/Avalonia.DBus/",
        "Directory": "workspace/team-c/c3-admin-symbol-errors-validation/framework/CUI/vendor/Avalonia/external/Avalonia.DBus/src/Avalonia.DBus/",
        "RecursiveDir": "",
        "ModifiedTime": "",
        "CreatedTime": "",
        "AccessedTime": "",
        "DefiningProjectFullPath": "/workspace/team-c/c3-admin-symbol-errors-validation/framework/CUI/vendor/Avalonia/src/Avalonia.FreeDesktop.AtSpi/Avalonia.FreeDesktop.AtSpi.csproj",
        "DefiningProjectDirectory": "/workspace/team-c/c3-admin-symbol-errors-validation/framework/CUI/vendor/Avalonia/src/Avalonia.FreeDesktop.AtSpi/",
        "DefiningProjectName": "Avalonia.FreeDesktop.AtSpi",
        "DefiningProjectExtension": ".csproj"
      },
      {
        "Identity": "../../external/Avalonia.DBus/src/Avalonia.DBus/LibDBusMessageMarshaler.cs",
        "LinkBase": "Avalonia.DBus/",
        "Link": "Avalonia.DBus/LibDBusMessageMarshaler.cs",
        "FullPath": "/workspace/team-c/c3-admin-symbol-errors-validation/framework/CUI/vendor/Avalonia/external/Avalonia.DBus/src/Avalonia.DBus/LibDBusMessageMarshaler.cs",
        "RootDir": "/",
        "Filename": "LibDBusMessageMarshaler",
        "Extension": ".cs",
        "RelativeDir": "../../external/Avalonia.DBus/src/Avalonia.DBus/",
        "Directory": "workspace/team-c/c3-admin-symbol-errors-validation/framework/CUI/vendor/Avalonia/external/Avalonia.DBus/src/Avalonia.DBus/",
        "RecursiveDir": "",
        "ModifiedTime": "",
        "CreatedTime": "",
        "AccessedTime": "",
        "DefiningProjectFullPath": "/workspace/team-c/c3-admin-symbol-errors-validation/framework/CUI/vendor/Avalonia/src/Avalonia.FreeDesktop.AtSpi/Avalonia.FreeDesktop.AtSpi.csproj",
        "DefiningProjectDirectory": "/workspace/team-c/c3-admin-symbol-errors-validation/framework/CUI/vendor/Avalonia/src/Avalonia.FreeDesktop.AtSpi/",
        "DefiningProjectName": "Avalonia.FreeDesktop.AtSpi",
        "DefiningProjectExtension": ".csproj"
      },
      {
        "Identity": "../../external/Avalonia.DBus/src/Avalonia.DBus/LibDBusWireConnection.cs",
        "LinkBase": "Avalonia.DBus/",
        "Link": "Avalonia.DBus/LibDBusWireConnection.cs",
        "FullPath": "/workspace/team-c/c3-admin-symbol-errors-validation/framework/CUI/vendor/Avalonia/external/Avalonia.DBus/src/Avalonia.DBus/LibDBusWireConnection.cs",
        "RootDir": "/",
        "Filename": "LibDBusWireConnection",
        "Extension": ".cs",
        "RelativeDir": "../../external/Avalonia.DBus/src/Avalonia.DBus/",
        "Directory": "workspace/team-c/c3-admin-symbol-errors-validation/framework/CUI/vendor/Avalonia/external/Avalonia.DBus/src/Avalonia.DBus/",
        "RecursiveDir": "",
        "ModifiedTime": "",
        "CreatedTime": "",
        "AccessedTime": "",
        "DefiningProjectFullPath": "/workspace/team-c/c3-admin-symbol-errors-validation/framework/CUI/vendor/Avalonia/src/Avalonia.FreeDesktop.AtSpi/Avalonia.FreeDesktop.AtSpi.csproj",
        "DefiningProjectDirectory": "/workspace/team-c/c3-admin-symbol-errors-validation/framework/CUI/vendor/Avalonia/src/Avalonia.FreeDesktop.AtSpi/",
        "DefiningProjectName": "Avalonia.FreeDesktop.AtSpi",
        "DefiningProjectExtension": ".csproj"
      },
      {
        "Identity": "../../external/Avalonia.DBus/src/Avalonia.DBus/LibDBusWireWorker.cs",
        "LinkBase": "Avalonia.DBus/",
        "Link": "Avalonia.DBus/LibDBusWireWorker.cs",
        "FullPath": "/workspace/team-c/c3-admin-symbol-errors-validation/framework/CUI/vendor/Avalonia/external/Avalonia.DBus/src/Avalonia.DBus/LibDBusWireWorker.cs",
        "RootDir": "/",
        "Filename": "LibDBusWireWorker",
        "Extension": ".cs",
        "RelativeDir": "../../external/Avalonia.DBus/src/Avalonia.DBus/",
        "Directory": "workspace/team-c/c3-admin-symbol-errors-validation/framework/CUI/vendor/Avalonia/external/Avalonia.DBus/src/Avalonia.DBus/",
        "RecursiveDir": "",
        "ModifiedTime": "",
        "CreatedTime": "",
        "AccessedTime": "",
        "DefiningProjectFullPath": "/workspace/team-c/c3-admin-symbol-errors-validation/framework/CUI/vendor/Avalonia/src/Avalonia.FreeDesktop.AtSpi/Avalonia.FreeDesktop.AtSpi.csproj",
        "DefiningProjectDirectory": "/workspace/team-c/c3-admin-symbol-errors-validation/framework/CUI/vendor/Avalonia/src/Avalonia.FreeDesktop.AtSpi/",
        "DefiningProjectName": "Avalonia.FreeDesktop.AtSpi",
        "DefiningProjectExtension": ".csproj"
      },
      {
        "Identity": "../../external/Avalonia.DBus/src/Avalonia.DBus/LibDBusWireWorker.Records.cs",
        "LinkBase": "Avalonia.DBus/",
        "Link": "Avalonia.DBus/LibDBusWireWorker.Records.cs",
        "FullPath": "/workspace/team-c/c3-admin-symbol-errors-validation/framework/CUI/vendor/Avalonia/external/Avalonia.DBus/src/Avalonia.DBus/LibDBusWireWorker.Records.cs",
        "RootDir": "/",
        "Filename": "LibDBusWireWorker.Records",
        "Extension": ".cs",
        "RelativeDir": "../../external/Avalonia.DBus/src/Avalonia.DBus/",
        "Directory": "workspace/team-c/c3-admin-symbol-errors-validation/framework/CUI/vendor/Avalonia/external/Avalonia.DBus/src/Avalonia.DBus/",
        "RecursiveDir": "",
        "ModifiedTime": "",
        "CreatedTime": "",
        "AccessedTime": "",
        "DefiningProjectFullPath": "/workspace/team-c/c3-admin-symbol-errors-validation/framework/CUI/vendor/Avalonia/src/Avalonia.FreeDesktop.AtSpi/Avalonia.FreeDesktop.AtSpi.csproj",
        "DefiningProjectDirectory": "/workspace/team-c/c3-admin-symbol-errors-validation/framework/CUI/vendor/Avalonia/src/Avalonia.FreeDesktop.AtSpi/",
        "DefiningProjectName": "Avalonia.FreeDesktop.AtSpi",
        "DefiningProjectExtension": ".csproj"
      },
      {
        "Identity": "../../external/Avalonia.DBus/src/Avalonia.DBus/Managed/DBusWireReader.cs",
        "LinkBase": "Avalonia.DBus/",
        "Link": "Avalonia.DBus/Managed/DBusWireReader.cs",
        "FullPath": "/workspace/team-c/c3-admin-symbol-errors-validation/framework/CUI/vendor/Avalonia/external/Avalonia.DBus/src/Avalonia.DBus/Managed/DBusWireReader.cs",
        "RootDir": "/",
        "Filename": "DBusWireReader",
        "Extension": ".cs",
        "RelativeDir": "../../external/Avalonia.DBus/src/Avalonia.DBus/Managed/",
        "Directory": "workspace/team-c/c3-admin-symbol-errors-validation/framework/CUI/vendor/Avalonia/external/Avalonia.DBus/src/Avalonia.DBus/Managed/",
        "RecursiveDir": "Managed/",
        "ModifiedTime": "",
        "CreatedTime": "",
        "AccessedTime": "",
        "DefiningProjectFullPath": "/workspace/team-c/c3-admin-symbol-errors-validation/framework/CUI/vendor/Avalonia/src/Avalonia.FreeDesktop.AtSpi/Avalonia.FreeDesktop.AtSpi.csproj",
        "DefiningProjectDirectory": "/workspace/team-c/c3-admin-symbol-errors-validation/framework/CUI/vendor/Avalonia/src/Avalonia.FreeDesktop.AtSpi/",
        "DefiningProjectName": "Avalonia.FreeDesktop.AtSpi",
        "DefiningProjectExtension": ".csproj"
      },
      {
        "Identity": "../../external/Avalonia.DBus/src/Avalonia.DBus/Managed/DBusWireWriter.cs",
        "LinkBase": "Avalonia.DBus/",
        "Link": "Avalonia.DBus/Managed/DBusWireWriter.cs",
        "FullPath": "/workspace/team-c/c3-admin-symbol-errors-validation/framework/CUI/vendor/Avalonia/external/Avalonia.DBus/src/Avalonia.DBus/Managed/DBusWireWriter.cs",
        "RootDir": "/",
        "Filename": "DBusWireWriter",
        "Extension": ".cs",
        "RelativeDir": "../../external/Avalonia.DBus/src/Avalonia.DBus/Managed/",
        "Directory": "workspace/team-c/c3-admin-symbol-errors-validation/framework/CUI/vendor/Avalonia/external/Avalonia.DBus/src/Avalonia.DBus/Managed/",
        "RecursiveDir": "Managed/",
        "ModifiedTime": "",
        "CreatedTime": "",
        "AccessedTime": "",
        "DefiningProjectFullPath": "/workspace/team-c/c3-admin-symbol-errors-validation/framework/CUI/vendor/Avalonia/src/Avalonia.FreeDesktop.AtSpi/Avalonia.FreeDesktop.AtSpi.csproj",
        "DefiningProjectDirectory": "/workspace/team-c/c3-admin-symbol-errors-validation/framework/CUI/vendor/Avalonia/src/Avalonia.FreeDesktop.AtSpi/",
        "DefiningProjectName": "Avalonia.FreeDesktop.AtSpi",
        "DefiningProjectExtension": ".csproj"
      },
      {
        "Identity": "../../external/Avalonia.DBus/src/Avalonia.DBus/Managed/ManagedDBusMessageSerializer.cs",
        "LinkBase": "Avalonia.DBus/",
        "Link": "Avalonia.DBus/Managed/ManagedDBusMessageSerializer.cs",
        "FullPath": "/workspace/team-c/c3-admin-symbol-errors-validation/framework/CUI/vendor/Avalonia/external/Avalonia.DBus/src/Avalonia.DBus/Managed/ManagedDBusMessageSerializer.cs",
        "RootDir": "/",
        "Filename": "ManagedDBusMessageSerializer",
        "Extension": ".cs",
        "RelativeDir": "../../external/Avalonia.DBus/src/Avalonia.DBus/Managed/",
        "Directory": "workspace/team-c/c3-admin-symbol-errors-validation/framework/CUI/vendor/Avalonia/external/Avalonia.DBus/src/Avalonia.DBus/Managed/",
        "RecursiveDir": "Managed/",
        "ModifiedTime": "",
        "CreatedTime": "",
        "AccessedTime": "",
        "DefiningProjectFullPath": "/workspace/team-c/c3-admin-symbol-errors-validation/framework/CUI/vendor/Avalonia/src/Avalonia.FreeDesktop.AtSpi/Avalonia.FreeDesktop.AtSpi.csproj",
        "DefiningProjectDirectory": "/workspace/team-c/c3-admin-symbol-errors-validation/framework/CUI/vendor/Avalonia/src/Avalonia.FreeDesktop.AtSpi/",
        "DefiningProjectName": "Avalonia.FreeDesktop.AtSpi",
        "DefiningProjectExtension": ".csproj"
      },
      {
        "Identity": "../../external/Avalonia.DBus/src/Avalonia.DBus/Native/DBus8ByteStruct.cs",
        "LinkBase": "Avalonia.DBus/",
        "Link": "Avalonia.DBus/Native/DBus8ByteStruct.cs",
        "FullPath": "/workspace/team-c/c3-admin-symbol-errors-validation/framework/CUI/vendor/Avalonia/external/Avalonia.DBus/src/Avalonia.DBus/Native/DBus8ByteStruct.cs",
        "RootDir": "/",
        "Filename": "DBus8ByteStruct",
        "Extension": ".cs",
        "RelativeDir": "../../external/Avalonia.DBus/src/Avalonia.DBus/Native/",
        "Directory": "workspace/team-c/c3-admin-symbol-errors-validation/framework/CUI/vendor/Avalonia/external/Avalonia.DBus/src/Avalonia.DBus/Native/",
        "RecursiveDir": "Native/",
        "ModifiedTime": "",
        "CreatedTime": "",
        "AccessedTime": "",
        "DefiningProjectFullPath": "/workspace/team-c/c3-admin-symbol-errors-validation/framework/CUI/vendor/Avalonia/src/Avalonia.FreeDesktop.AtSpi/Avalonia.FreeDesktop.AtSpi.csproj",
        "DefiningProjectDirectory": "/workspace/team-c/c3-admin-symbol-errors-validation/framework/CUI/vendor/Avalonia/src/Avalonia.FreeDesktop.AtSpi/",
        "DefiningProjectName": "Avalonia.FreeDesktop.AtSpi",
        "DefiningProjectExtension": ".csproj"
      },
      {
        "Identity": "../../external/Avalonia.DBus/src/Avalonia.DBus/Native/DBusAddressEntry.cs",
        "LinkBase": "Avalonia.DBus/",
        "Link": "Avalonia.DBus/Native/DBusAddressEntry.cs",
        "FullPath": "/workspace/team-c/c3-admin-symbol-errors-validation/framework/CUI/vendor/Avalonia/external/Avalonia.DBus/src/Avalonia.DBus/Native/DBusAddressEntry.cs",
        "RootDir": "/",
        "Filename": "DBusAddressEntry",
        "Extension": ".cs",
        "RelativeDir": "../../external/Avalonia.DBus/src/Avalonia.DBus/Native/",
        "Directory": "workspace/team-c/c3-admin-symbol-errors-validation/framework/CUI/vendor/Avalonia/external/Avalonia.DBus/src/Avalonia.DBus/Native/",
        "RecursiveDir": "Native/",
        "ModifiedTime": "",
        "CreatedTime": "",
        "AccessedTime": "",
        "DefiningProjectFullPath": "/workspace/team-c/c3-admin-symbol-errors-validation/framework/CUI/vendor/Avalonia/src/Avalonia.FreeDesktop.AtSpi/Avalonia.FreeDesktop.AtSpi.csproj",
        "DefiningProjectDirectory": "/workspace/team-c/c3-admin-symbol-errors-validation/framework/CUI/vendor/Avalonia/src/Avalonia.FreeDesktop.AtSpi/",
        "DefiningProjectName": "Avalonia.FreeDesktop.AtSpi",
        "DefiningProjectExtension": ".csproj"
      },
      {
        "Identity": "../../external/Avalonia.DBus/src/Avalonia.DBus/Native/DBusAddTimeoutFunction.cs",
        "LinkBase": "Avalonia.DBus/",
        "Link": "Avalonia.DBus/Native/DBusAddTimeoutFunction.cs",
        "FullPath": "/workspace/team-c/c3-admin-symbol-errors-validation/framework/CUI/vendor/Avalonia/external/Avalonia.DBus/src/Avalonia.DBus/Native/DBusAddTimeoutFunction.cs",
        "RootDir": "/",
        "Filename": "DBusAddTimeoutFunction",
        "Extension": ".cs",
        "RelativeDir": "../../external/Avalonia.DBus/src/Avalonia.DBus/Native/",
        "Directory": "workspace/team-c/c3-admin-symbol-errors-validation/framework/CUI/vendor/Avalonia/external/Avalonia.DBus/src/Avalonia.DBus/Native/",
        "RecursiveDir": "Native/",
        "ModifiedTime": "",
        "CreatedTime": "",
        "AccessedTime": "",
        "DefiningProjectFullPath": "/workspace/team-c/c3-admin-symbol-errors-validation/framework/CUI/vendor/Avalonia/src/Avalonia.FreeDesktop.AtSpi/Avalonia.FreeDesktop.AtSpi.csproj",
        "DefiningProjectDirectory": "/workspace/team-c/c3-admin-symbol-errors-validation/framework/CUI/vendor/Avalonia/src/Avalonia.FreeDesktop.AtSpi/",
        "DefiningProjectName": "Avalonia.FreeDesktop.AtSpi",
        "DefiningProjectExtension": ".csproj"
      },
      {
        "Identity": "../../external/Avalonia.DBus/src/Avalonia.DBus/Native/DBusAddWatchFunction.cs",
        "LinkBase": "Avalonia.DBus/",
        "Link": "Avalonia.DBus/Native/DBusAddWatchFunction.cs",
        "FullPath": "/workspace/team-c/c3-admin-symbol-errors-validation/framework/CUI/vendor/Avalonia/external/Avalonia.DBus/src/Avalonia.DBus/Native/DBusAddWatchFunction.cs",
        "RootDir": "/",
        "Filename": "DBusAddWatchFunction",
        "Extension": ".cs",
        "RelativeDir": "../../external/Avalonia.DBus/src/Avalonia.DBus/Native/",
        "Directory": "workspace/team-c/c3-admin-symbol-errors-validation/framework/CUI/vendor/Avalonia/external/Avalonia.DBus/src/Avalonia.DBus/Native/",
        "RecursiveDir": "Native/",
        "ModifiedTime": "",
        "CreatedTime": "",
        "AccessedTime": "",
        "DefiningProjectFullPath": "/workspace/team-c/c3-admin-symbol-errors-validation/framework/CUI/vendor/Avalonia/src/Avalonia.FreeDesktop.AtSpi/Avalonia.FreeDesktop.AtSpi.csproj",
        "DefiningProjectDirectory": "/workspace/team-c/c3-admin-symbol-errors-validation/framework/CUI/vendor/Avalonia/src/Avalonia.FreeDesktop.AtSpi/",
        "DefiningProjectName": "Avalonia.FreeDesktop.AtSpi",
        "DefiningProjectExtension": ".csproj"
      },
      {
        "Identity": "../../external/Avalonia.DBus/src/Avalonia.DBus/Native/DBusAllowUnixUserFunction.cs",
        "LinkBase": "Avalonia.DBus/",
        "Link": "Avalonia.DBus/Native/DBusAllowUnixUserFunction.cs",
        "FullPath": "/workspace/team-c/c3-admin-symbol-errors-validation/framework/CUI/vendor/Avalonia/external/Avalonia.DBus/src/Avalonia.DBus/Native/DBusAllowUnixUserFunction.cs",
        "RootDir": "/",
        "Filename": "DBusAllowUnixUserFunction",
        "Extension": ".cs",
        "RelativeDir": "../../external/Avalonia.DBus/src/Avalonia.DBus/Native/",
        "Directory": "workspace/team-c/c3-admin-symbol-errors-validation/framework/CUI/vendor/Avalonia/external/Avalonia.DBus/src/Avalonia.DBus/Native/",
        "RecursiveDir": "Native/",
        "ModifiedTime": "",
        "CreatedTime": "",
        "AccessedTime": "",
        "DefiningProjectFullPath": "/workspace/team-c/c3-admin-symbol-errors-validation/framework/CUI/vendor/Avalonia/src/Avalonia.FreeDesktop.AtSpi/Avalonia.FreeDesktop.AtSpi.csproj",
        "DefiningProjectDirectory": "/workspace/team-c/c3-admin-symbol-errors-validation/framework/CUI/vendor/Avalonia/src/Avalonia.FreeDesktop.AtSpi/",
        "DefiningProjectName": "Avalonia.FreeDesktop.AtSpi",
        "DefiningProjectExtension": ".csproj"
      },
      {
        "Identity": "../../external/Avalonia.DBus/src/Avalonia.DBus/Native/DBusAllowWindowsUserFunction.cs",
        "LinkBase": "Avalonia.DBus/",
        "Link": "Avalonia.DBus/Native/DBusAllowWindowsUserFunction.cs",
        "FullPath": "/workspace/team-c/c3-admin-symbol-errors-validation/framework/CUI/vendor/Avalonia/external/Avalonia.DBus/src/Avalonia.DBus/Native/DBusAllowWindowsUserFunction.cs",
        "RootDir": "/",
        "Filename": "DBusAllowWindowsUserFunction",
        "Extension": ".cs",
        "RelativeDir": "../../external/Avalonia.DBus/src/Avalonia.DBus/Native/",
        "Directory": "workspace/team-c/c3-admin-symbol-errors-validation/framework/CUI/vendor/Avalonia/external/Avalonia.DBus/src/Avalonia.DBus/Native/",
        "RecursiveDir": "Native/",
        "ModifiedTime": "",
        "CreatedTime": "",
        "AccessedTime": "",
        "DefiningProjectFullPath": "/workspace/team-c/c3-admin-symbol-errors-validation/framework/CUI/vendor/Avalonia/src/Avalonia.FreeDesktop.AtSpi/Avalonia.FreeDesktop.AtSpi.csproj",
        "DefiningProjectDirectory": "/workspace/team-c/c3-admin-symbol-errors-validation/framework/CUI/vendor/Avalonia/src/Avalonia.FreeDesktop.AtSpi/",
        "DefiningProjectName": "Avalonia.FreeDesktop.AtSpi",
        "DefiningProjectExtension": ".csproj"
      },
      {
        "Identity": "../../external/Avalonia.DBus/src/Avalonia.DBus/Native/DBusBasicValue.cs",
        "LinkBase": "Avalonia.DBus/",
        "Link": "Avalonia.DBus/Native/DBusBasicValue.cs",
        "FullPath": "/workspace/team-c/c3-admin-symbol-errors-validation/framework/CUI/vendor/Avalonia/external/Avalonia.DBus/src/Avalonia.DBus/Native/DBusBasicValue.cs",
        "RootDir": "/",
        "Filename": "DBusBasicValue",
        "Extension": ".cs",
        "RelativeDir": "../../external/Avalonia.DBus/src/Avalonia.DBus/Native/",
        "Directory": "workspace/team-c/c3-admin-symbol-errors-validation/framework/CUI/vendor/Avalonia/external/Avalonia.DBus/src/Avalonia.DBus/Native/",
        "RecursiveDir": "Native/",
        "ModifiedTime": "",
        "CreatedTime": "",
        "AccessedTime": "",
        "DefiningProjectFullPath": "/workspace/team-c/c3-admin-symbol-errors-validation/framework/CUI/vendor/Avalonia/src/Avalonia.FreeDesktop.AtSpi/Avalonia.FreeDesktop.AtSpi.csproj",
        "DefiningProjectDirectory": "/workspace/team-c/c3-admin-symbol-errors-validation/framework/CUI/vendor/Avalonia/src/Avalonia.FreeDesktop.AtSpi/",
        "DefiningProjectName": "Avalonia.FreeDesktop.AtSpi",
        "DefiningProjectExtension": ".csproj"
      },
      {
        "Identity": "../../external/Avalonia.DBus/src/Avalonia.DBus/Native/DBusBusType.cs",
        "LinkBase": "Avalonia.DBus/",
        "Link": "Avalonia.DBus/Native/DBusBusType.cs",
        "FullPath": "/workspace/team-c/c3-admin-symbol-errors-validation/framework/CUI/vendor/Avalonia/external/Avalonia.DBus/src/Avalonia.DBus/Native/DBusBusType.cs",
        "RootDir": "/",
        "Filename": "DBusBusType",
        "Extension": ".cs",
        "RelativeDir": "../../external/Avalonia.DBus/src/Avalonia.DBus/Native/",
        "Directory": "workspace/team-c/c3-admin-symbol-errors-validation/framework/CUI/vendor/Avalonia/external/Avalonia.DBus/src/Avalonia.DBus/Native/",
        "RecursiveDir": "Native/",
        "ModifiedTime": "",
        "CreatedTime": "",
        "AccessedTime": "",
        "DefiningProjectFullPath": "/workspace/team-c/c3-admin-symbol-errors-validation/framework/CUI/vendor/Avalonia/src/Avalonia.FreeDesktop.AtSpi/Avalonia.FreeDesktop.AtSpi.csproj",
        "DefiningProjectDirectory": "/workspace/team-c/c3-admin-symbol-errors-validation/framework/CUI/vendor/Avalonia/src/Avalonia.FreeDesktop.AtSpi/",
        "DefiningProjectName": "Avalonia.FreeDesktop.AtSpi",
        "DefiningProjectExtension": ".csproj"
      },
      {
        "Identity": "../../external/Avalonia.DBus/src/Avalonia.DBus/Native/DBusCondVar.cs",
        "LinkBase": "Avalonia.DBus/",
        "Link": "Avalonia.DBus/Native/DBusCondVar.cs",
        "FullPath": "/workspace/team-c/c3-admin-symbol-errors-validation/framework/CUI/vendor/Avalonia/external/Avalonia.DBus/src/Avalonia.DBus/Native/DBusCondVar.cs",
        "RootDir": "/",
        "Filename": "DBusCondVar",
        "Extension": ".cs",
        "RelativeDir": "../../external/Avalonia.DBus/src/Avalonia.DBus/Native/",
        "Directory": "workspace/team-c/c3-admin-symbol-errors-validation/framework/CUI/vendor/Avalonia/external/Avalonia.DBus/src/Avalonia.DBus/Native/",
        "RecursiveDir": "Native/",
        "ModifiedTime": "",
        "CreatedTime": "",
        "AccessedTime": "",
        "DefiningProjectFullPath": "/workspace/team-c/c3-admin-symbol-errors-validation/framework/CUI/vendor/Avalonia/src/Avalonia.FreeDesktop.AtSpi/Avalonia.FreeDesktop.AtSpi.csproj",
        "DefiningProjectDirectory": "/workspace/team-c/c3-admin-symbol-errors-validation/framework/CUI/vendor/Avalonia/src/Avalonia.FreeDesktop.AtSpi/",
        "DefiningProjectName": "Avalonia.FreeDesktop.AtSpi",
        "DefiningProjectExtension": ".csproj"
      },
      {
        "Identity": "../../external/Avalonia.DBus/src/Avalonia.DBus/Native/DBusCondVarFreeFunction.cs",
        "LinkBase": "Avalonia.DBus/",
        "Link": "Avalonia.DBus/Native/DBusCondVarFreeFunction.cs",
        "FullPath": "/workspace/team-c/c3-admin-symbol-errors-validation/framework/CUI/vendor/Avalonia/external/Avalonia.DBus/src/Avalonia.DBus/Native/DBusCondVarFreeFunction.cs",
        "RootDir": "/",
        "Filename": "DBusCondVarFreeFunction",
        "Extension": ".cs",
        "RelativeDir": "../../external/Avalonia.DBus/src/Avalonia.DBus/Native/",
        "Directory": "workspace/team-c/c3-admin-symbol-errors-validation/framework/CUI/vendor/Avalonia/external/Avalonia.DBus/src/Avalonia.DBus/Native/",
        "RecursiveDir": "Native/",
        "ModifiedTime": "",
        "CreatedTime": "",
        "AccessedTime": "",
        "DefiningProjectFullPath": "/workspace/team-c/c3-admin-symbol-errors-validation/framework/CUI/vendor/Avalonia/src/Avalonia.FreeDesktop.AtSpi/Avalonia.FreeDesktop.AtSpi.csproj",
        "DefiningProjectDirectory": "/workspace/team-c/c3-admin-symbol-errors-validation/framework/CUI/vendor/Avalonia/src/Avalonia.FreeDesktop.AtSpi/",
        "DefiningProjectName": "Avalonia.FreeDesktop.AtSpi",
        "DefiningProjectExtension": ".csproj"
      },
      {
        "Identity": "../../external/Avalonia.DBus/src/Avalonia.DBus/Native/DBusCondVarNewFunction.cs",
        "LinkBase": "Avalonia.DBus/",
        "Link": "Avalonia.DBus/Native/DBusCondVarNewFunction.cs",
        "FullPath": "/workspace/team-c/c3-admin-symbol-errors-validation/framework/CUI/vendor/Avalonia/external/Avalonia.DBus/src/Avalonia.DBus/Native/DBusCondVarNewFunction.cs",
        "RootDir": "/",
        "Filename": "DBusCondVarNewFunction",
        "Extension": ".cs",
        "RelativeDir": "../../external/Avalonia.DBus/src/Avalonia.DBus/Native/",
        "Directory": "workspace/team-c/c3-admin-symbol-errors-validation/framework/CUI/vendor/Avalonia/external/Avalonia.DBus/src/Avalonia.DBus/Native/",
        "RecursiveDir": "Native/",
        "ModifiedTime": "",
        "CreatedTime": "",
        "AccessedTime": "",
        "DefiningProjectFullPath": "/workspace/team-c/c3-admin-symbol-errors-validation/framework/CUI/vendor/Avalonia/src/Avalonia.FreeDesktop.AtSpi/Avalonia.FreeDesktop.AtSpi.csproj",
        "DefiningProjectDirectory": "/workspace/team-c/c3-admin-symbol-errors-validation/framework/CUI/vendor/Avalonia/src/Avalonia.FreeDesktop.AtSpi/",
        "DefiningProjectName": "Avalonia.FreeDesktop.AtSpi",
        "DefiningProjectExtension": ".csproj"
      },
      {
        "Identity": "../../external/Avalonia.DBus/src/Avalonia.DBus/Native/DBusCondVarWaitFunction.cs",
        "LinkBase": "Avalonia.DBus/",
        "Link": "Avalonia.DBus/Native/DBusCondVarWaitFunction.cs",
        "FullPath": "/workspace/team-c/c3-admin-symbol-errors-validation/framework/CUI/vendor/Avalonia/external/Avalonia.DBus/src/Avalonia.DBus/Native/DBusCondVarWaitFunction.cs",
        "RootDir": "/",
        "Filename": "DBusCondVarWaitFunction",
        "Extension": ".cs",
        "RelativeDir": "../../external/Avalonia.DBus/src/Avalonia.DBus/Native/",
        "Directory": "workspace/team-c/c3-admin-symbol-errors-validation/framework/CUI/vendor/Avalonia/external/Avalonia.DBus/src/Avalonia.DBus/Native/",
        "RecursiveDir": "Native/",
        "ModifiedTime": "",
        "CreatedTime": "",
        "AccessedTime": "",
        "DefiningProjectFullPath": "/workspace/team-c/c3-admin-symbol-errors-validation/framework/CUI/vendor/Avalonia/src/Avalonia.FreeDesktop.AtSpi/Avalonia.FreeDesktop.AtSpi.csproj",
        "DefiningProjectDirectory": "/workspace/team-c/c3-admin-symbol-errors-validation/framework/CUI/vendor/Avalonia/src/Avalonia.FreeDesktop.AtSpi/",
        "DefiningProjectName": "Avalonia.FreeDesktop.AtSpi",
        "DefiningProjectExtension": ".csproj"
      },
      {
        "Identity": "../../external/Avalonia.DBus/src/Avalonia.DBus/Native/DBusCondVarWaitTimeoutFunction.cs",
        "LinkBase": "Avalonia.DBus/",
        "Link": "Avalonia.DBus/Native/DBusCondVarWaitTimeoutFunction.cs",
        "FullPath": "/workspace/team-c/c3-admin-symbol-errors-validation/framework/CUI/vendor/Avalonia/external/Avalonia.DBus/src/Avalonia.DBus/Native/DBusCondVarWaitTimeoutFunction.cs",
        "RootDir": "/",
        "Filename": "DBusCondVarWaitTimeoutFunction",
        "Extension": ".cs",
        "RelativeDir": "../../external/Avalonia.DBus/src/Avalonia.DBus/Native/",
        "Directory": "workspace/team-c/c3-admin-symbol-errors-validation/framework/CUI/vendor/Avalonia/external/Avalonia.DBus/src/Avalonia.DBus/Native/",
        "RecursiveDir": "Native/",
        "ModifiedTime": "",
        "CreatedTime": "",
        "AccessedTime": "",
        "DefiningProjectFullPath": "/workspace/team-c/c3-admin-symbol-errors-validation/framework/CUI/vendor/Avalonia/src/Avalonia.FreeDesktop.AtSpi/Avalonia.FreeDesktop.AtSpi.csproj",
        "DefiningProjectDirectory": "/workspace/team-c/c3-admin-symbol-errors-validation/framework/CUI/vendor/Avalonia/src/Avalonia.FreeDesktop.AtSpi/",
        "DefiningProjectName": "Avalonia.FreeDesktop.AtSpi",
        "DefiningProjectExtension": ".csproj"
      },
      {
        "Identity": "../../external/Avalonia.DBus/src/Avalonia.DBus/Native/DBusCondVarWakeAllFunction.cs",
        "LinkBase": "Avalonia.DBus/",
        "Link": "Avalonia.DBus/Native/DBusCondVarWakeAllFunction.cs",
        "FullPath": "/workspace/team-c/c3-admin-symbol-errors-validation/framework/CUI/vendor/Avalonia/external/Avalonia.DBus/src/Avalonia.DBus/Native/DBusCondVarWakeAllFunction.cs",
        "RootDir": "/",
        "Filename": "DBusCondVarWakeAllFunction",
        "Extension": ".cs",
        "RelativeDir": "../../external/Avalonia.DBus/src/Avalonia.DBus/Native/",
        "Directory": "workspace/team-c/c3-admin-symbol-errors-validation/framework/CUI/vendor/Avalonia/external/Avalonia.DBus/src/Avalonia.DBus/Native/",
        "RecursiveDir": "Native/",
        "ModifiedTime": "",
        "CreatedTime": "",
        "AccessedTime": "",
        "DefiningProjectFullPath": "/workspace/team-c/c3-admin-symbol-errors-validation/framework/CUI/vendor/Avalonia/src/Avalonia.FreeDesktop.AtSpi/Avalonia.FreeDesktop.AtSpi.csproj",
        "DefiningProjectDirectory": "/workspace/team-c/c3-admin-symbol-errors-validation/framework/CUI/vendor/Avalonia/src/Avalonia.FreeDesktop.AtSpi/",
        "DefiningProjectName": "Avalonia.FreeDesktop.AtSpi",
        "DefiningProjectExtension": ".csproj"
      },
      {
        "Identity": "../../external/Avalonia.DBus/src/Avalonia.DBus/Native/DBusCondVarWakeOneFunction.cs",
        "LinkBase": "Avalonia.DBus/",
        "Link": "Avalonia.DBus/Native/DBusCondVarWakeOneFunction.cs",
        "FullPath": "/workspace/team-c/c3-admin-symbol-errors-validation/framework/CUI/vendor/Avalonia/external/Avalonia.DBus/src/Avalonia.DBus/Native/DBusCondVarWakeOneFunction.cs",
        "RootDir": "/",
        "Filename": "DBusCondVarWakeOneFunction",
        "Extension": ".cs",
        "RelativeDir": "../../external/Avalonia.DBus/src/Avalonia.DBus/Native/",
        "Directory": "workspace/team-c/c3-admin-symbol-errors-validation/framework/CUI/vendor/Avalonia/external/Avalonia.DBus/src/Avalonia.DBus/Native/",
        "RecursiveDir": "Native/",
        "ModifiedTime": "",
        "CreatedTime": "",
        "AccessedTime": "",
        "DefiningProjectFullPath": "/workspace/team-c/c3-admin-symbol-errors-validation/framework/CUI/vendor/Avalonia/src/Avalonia.FreeDesktop.AtSpi/Avalonia.FreeDesktop.AtSpi.csproj",
        "DefiningProjectDirectory": "/workspace/team-c/c3-admin-symbol-errors-validation/framework/CUI/vendor/Avalonia/src/Avalonia.FreeDesktop.AtSpi/",
        "DefiningProjectName": "Avalonia.FreeDesktop.AtSpi",
        "DefiningProjectExtension": ".csproj"
      },
      {
        "Identity": "../../external/Avalonia.DBus/src/Avalonia.DBus/Native/DBusConnection.cs",
        "LinkBase": "Avalonia.DBus/",
        "Link": "Avalonia.DBus/Native/DBusConnection.cs",
        "FullPath": "/workspace/team-c/c3-admin-symbol-errors-validation/framework/CUI/vendor/Avalonia/external/Avalonia.DBus/src/Avalonia.DBus/Native/DBusConnection.cs",
        "RootDir": "/",
        "Filename": "DBusConnection",
        "Extension": ".cs",
        "RelativeDir": "../../external/Avalonia.DBus/src/Avalonia.DBus/Native/",
        "Directory": "workspace/team-c/c3-admin-symbol-errors-validation/framework/CUI/vendor/Avalonia/external/Avalonia.DBus/src/Avalonia.DBus/Native/",
        "RecursiveDir": "Native/",
        "ModifiedTime": "",
        "CreatedTime": "",
        "AccessedTime": "",
        "DefiningProjectFullPath": "/workspace/team-c/c3-admin-symbol-errors-validation/framework/CUI/vendor/Avalonia/src/Avalonia.FreeDesktop.AtSpi/Avalonia.FreeDesktop.AtSpi.csproj",
        "DefiningProjectDirectory": "/workspace/team-c/c3-admin-symbol-errors-validation/framework/CUI/vendor/Avalonia/src/Avalonia.FreeDesktop.AtSpi/",
        "DefiningProjectName": "Avalonia.FreeDesktop.AtSpi",
        "DefiningProjectExtension": ".csproj"
      },
      {
        "Identity": "../../external/Avalonia.DBus/src/Avalonia.DBus/Native/DBusDispatchStatus.cs",
        "LinkBase": "Avalonia.DBus/",
        "Link": "Avalonia.DBus/Native/DBusDispatchStatus.cs",
        "FullPath": "/workspace/team-c/c3-admin-symbol-errors-validation/framework/CUI/vendor/Avalonia/external/Avalonia.DBus/src/Avalonia.DBus/Native/DBusDispatchStatus.cs",
        "RootDir": "/",
        "Filename": "DBusDispatchStatus",
        "Extension": ".cs",
        "RelativeDir": "../../external/Avalonia.DBus/src/Avalonia.DBus/Native/",
        "Directory": "workspace/team-c/c3-admin-symbol-errors-validation/framework/CUI/vendor/Avalonia/external/Avalonia.DBus/src/Avalonia.DBus/Native/",
        "RecursiveDir": "Native/",
        "ModifiedTime": "",
        "CreatedTime": "",
        "AccessedTime": "",
        "DefiningProjectFullPath": "/workspace/team-c/c3-admin-symbol-errors-validation/framework/CUI/vendor/Avalonia/src/Avalonia.FreeDesktop.AtSpi/Avalonia.FreeDesktop.AtSpi.csproj",
        "DefiningProjectDirectory": "/workspace/team-c/c3-admin-symbol-errors-validation/framework/CUI/vendor/Avalonia/src/Avalonia.FreeDesktop.AtSpi/",
        "DefiningProjectName": "Avalonia.FreeDesktop.AtSpi",
        "DefiningProjectExtension": ".csproj"
      },
      {
        "Identity": "../../external/Avalonia.DBus/src/Avalonia.DBus/Native/DBusDispatchStatusFunction.cs",
        "LinkBase": "Avalonia.DBus/",
        "Link": "Avalonia.DBus/Native/DBusDispatchStatusFunction.cs",
        "FullPath": "/workspace/team-c/c3-admin-symbol-errors-validation/framework/CUI/vendor/Avalonia/external/Avalonia.DBus/src/Avalonia.DBus/Native/DBusDispatchStatusFunction.cs",
        "RootDir": "/",
        "Filename": "DBusDispatchStatusFunction",
        "Extension": ".cs",
        "RelativeDir": "../../external/Avalonia.DBus/src/Avalonia.DBus/Native/",
        "Directory": "workspace/team-c/c3-admin-symbol-errors-validation/framework/CUI/vendor/Avalonia/external/Avalonia.DBus/src/Avalonia.DBus/Native/",
        "RecursiveDir": "Native/",
        "ModifiedTime": "",
        "CreatedTime": "",
        "AccessedTime": "",
        "DefiningProjectFullPath": "/workspace/team-c/c3-admin-symbol-errors-validation/framework/CUI/vendor/Avalonia/src/Avalonia.FreeDesktop.AtSpi/Avalonia.FreeDesktop.AtSpi.csproj",
        "DefiningProjectDirectory": "/workspace/team-c/c3-admin-symbol-errors-validation/framework/CUI/vendor/Avalonia/src/Avalonia.FreeDesktop.AtSpi/",
        "DefiningProjectName": "Avalonia.FreeDesktop.AtSpi",
        "DefiningProjectExtension": ".csproj"
      },
      {
        "Identity": "../../external/Avalonia.DBus/src/Avalonia.DBus/Native/DBusError.cs",
        "LinkBase": "Avalonia.DBus/",
        "Link": "Avalonia.DBus/Native/DBusError.cs",
        "FullPath": "/workspace/team-c/c3-admin-symbol-errors-validation/framework/CUI/vendor/Avalonia/external/Avalonia.DBus/src/Avalonia.DBus/Native/DBusError.cs",
        "RootDir": "/",
        "Filename": "DBusError",
        "Extension": ".cs",
        "RelativeDir": "../../external/Avalonia.DBus/src/Avalonia.DBus/Native/",
        "Directory": "workspace/team-c/c3-admin-symbol-errors-validation/framework/CUI/vendor/Avalonia/external/Avalonia.DBus/src/Avalonia.DBus/Native/",
        "RecursiveDir": "Native/",
        "ModifiedTime": "",
        "CreatedTime": "",
        "AccessedTime": "",
        "DefiningProjectFullPath": "/workspace/team-c/c3-admin-symbol-errors-validation/framework/CUI/vendor/Avalonia/src/Avalonia.FreeDesktop.AtSpi/Avalonia.FreeDesktop.AtSpi.csproj",
        "DefiningProjectDirectory": "/workspace/team-c/c3-admin-symbol-errors-validation/framework/CUI/vendor/Avalonia/src/Avalonia.FreeDesktop.AtSpi/",
        "DefiningProjectName": "Avalonia.FreeDesktop.AtSpi",
        "DefiningProjectExtension": ".csproj"
      },
      {
        "Identity": "../../external/Avalonia.DBus/src/Avalonia.DBus/Native/DBusFreeFunction.cs",
        "LinkBase": "Avalonia.DBus/",
        "Link": "Avalonia.DBus/Native/DBusFreeFunction.cs",
        "FullPath": "/workspace/team-c/c3-admin-symbol-errors-validation/framework/CUI/vendor/Avalonia/external/Avalonia.DBus/src/Avalonia.DBus/Native/DBusFreeFunction.cs",
        "RootDir": "/",
        "Filename": "DBusFreeFunction",
        "Extension": ".cs",
        "RelativeDir": "../../external/Avalonia.DBus/src/Avalonia.DBus/Native/",
        "Directory": "workspace/team-c/c3-admin-symbol-errors-validation/framework/CUI/vendor/Avalonia/external/Avalonia.DBus/src/Avalonia.DBus/Native/",
        "RecursiveDir": "Native/",
        "ModifiedTime": "",
        "CreatedTime": "",
        "AccessedTime": "",
        "DefiningProjectFullPath": "/workspace/team-c/c3-admin-symbol-errors-validation/framework/CUI/vendor/Avalonia/src/Avalonia.FreeDesktop.AtSpi/Avalonia.FreeDesktop.AtSpi.csproj",
        "DefiningProjectDirectory": "/workspace/team-c/c3-admin-symbol-errors-validation/framework/CUI/vendor/Avalonia/src/Avalonia.FreeDesktop.AtSpi/",
        "DefiningProjectName": "Avalonia.FreeDesktop.AtSpi",
        "DefiningProjectExtension": ".csproj"
      },
      {
        "Identity": "../../external/Avalonia.DBus/src/Avalonia.DBus/Native/DBusHandleMessageFunction.cs",
        "LinkBase": "Avalonia.DBus/",
        "Link": "Avalonia.DBus/Native/DBusHandleMessageFunction.cs",
        "FullPath": "/workspace/team-c/c3-admin-symbol-errors-validation/framework/CUI/vendor/Avalonia/external/Avalonia.DBus/src/Avalonia.DBus/Native/DBusHandleMessageFunction.cs",
        "RootDir": "/",
        "Filename": "DBusHandleMessageFunction",
        "Extension": ".cs",
        "RelativeDir": "../../external/Avalonia.DBus/src/Avalonia.DBus/Native/",
        "Directory": "workspace/team-c/c3-admin-symbol-errors-validation/framework/CUI/vendor/Avalonia/external/Avalonia.DBus/src/Avalonia.DBus/Native/",
        "RecursiveDir": "Native/",
        "ModifiedTime": "",
        "CreatedTime": "",
        "AccessedTime": "",
        "DefiningProjectFullPath": "/workspace/team-c/c3-admin-symbol-errors-validation/framework/CUI/vendor/Avalonia/src/Avalonia.FreeDesktop.AtSpi/Avalonia.FreeDesktop.AtSpi.csproj",
        "DefiningProjectDirectory": "/workspace/team-c/c3-admin-symbol-errors-validation/framework/CUI/vendor/Avalonia/src/Avalonia.FreeDesktop.AtSpi/",
        "DefiningProjectName": "Avalonia.FreeDesktop.AtSpi",
        "DefiningProjectExtension": ".csproj"
      },
      {
        "Identity": "../../external/Avalonia.DBus/src/Avalonia.DBus/Native/DBusHandlerResult.cs",
        "LinkBase": "Avalonia.DBus/",
        "Link": "Avalonia.DBus/Native/DBusHandlerResult.cs",
        "FullPath": "/workspace/team-c/c3-admin-symbol-errors-validation/framework/CUI/vendor/Avalonia/external/Avalonia.DBus/src/Avalonia.DBus/Native/DBusHandlerResult.cs",
        "RootDir": "/",
        "Filename": "DBusHandlerResult",
        "Extension": ".cs",
        "RelativeDir": "../../external/Avalonia.DBus/src/Avalonia.DBus/Native/",
        "Directory": "workspace/team-c/c3-admin-symbol-errors-validation/framework/CUI/vendor/Avalonia/external/Avalonia.DBus/src/Avalonia.DBus/Native/",
        "RecursiveDir": "Native/",
        "ModifiedTime": "",
        "CreatedTime": "",
        "AccessedTime": "",
        "DefiningProjectFullPath": "/workspace/team-c/c3-admin-symbol-errors-validation/framework/CUI/vendor/Avalonia/src/Avalonia.FreeDesktop.AtSpi/Avalonia.FreeDesktop.AtSpi.csproj",
        "DefiningProjectDirectory": "/workspace/team-c/c3-admin-symbol-errors-validation/framework/CUI/vendor/Avalonia/src/Avalonia.FreeDesktop.AtSpi/",
        "DefiningProjectName": "Avalonia.FreeDesktop.AtSpi",
        "DefiningProjectExtension": ".csproj"
      },
      {
        "Identity": "../../external/Avalonia.DBus/src/Avalonia.DBus/Native/DBusMessage.cs",
        "LinkBase": "Avalonia.DBus/",
        "Link": "Avalonia.DBus/Native/DBusMessage.cs",
        "FullPath": "/workspace/team-c/c3-admin-symbol-errors-validation/framework/CUI/vendor/Avalonia/external/Avalonia.DBus/src/Avalonia.DBus/Native/DBusMessage.cs",
        "RootDir": "/",
        "Filename": "DBusMessage",
        "Extension": ".cs",
        "RelativeDir": "../../external/Avalonia.DBus/src/Avalonia.DBus/Native/",
        "Directory": "workspace/team-c/c3-admin-symbol-errors-validation/framework/CUI/vendor/Avalonia/external/Avalonia.DBus/src/Avalonia.DBus/Native/",
        "RecursiveDir": "Native/",
        "ModifiedTime": "",
        "CreatedTime": "",
        "AccessedTime": "",
        "DefiningProjectFullPath": "/workspace/team-c/c3-admin-symbol-errors-validation/framework/CUI/vendor/Avalonia/src/Avalonia.FreeDesktop.AtSpi/Avalonia.FreeDesktop.AtSpi.csproj",
        "DefiningProjectDirectory": "/workspace/team-c/c3-admin-symbol-errors-validation/framework/CUI/vendor/Avalonia/src/Avalonia.FreeDesktop.AtSpi/",
        "DefiningProjectName": "Avalonia.FreeDesktop.AtSpi",
        "DefiningProjectExtension": ".csproj"
      },
      {
        "Identity": "../../external/Avalonia.DBus/src/Avalonia.DBus/Native/DBusMessageIter.cs",
        "LinkBase": "Avalonia.DBus/",
        "Link": "Avalonia.DBus/Native/DBusMessageIter.cs",
        "FullPath": "/workspace/team-c/c3-admin-symbol-errors-validation/framework/CUI/vendor/Avalonia/external/Avalonia.DBus/src/Avalonia.DBus/Native/DBusMessageIter.cs",
        "RootDir": "/",
        "Filename": "DBusMessageIter",
        "Extension": ".cs",
        "RelativeDir": "../../external/Avalonia.DBus/src/Avalonia.DBus/Native/",
        "Directory": "workspace/team-c/c3-admin-symbol-errors-validation/framework/CUI/vendor/Avalonia/external/Avalonia.DBus/src/Avalonia.DBus/Native/",
        "RecursiveDir": "Native/",
        "ModifiedTime": "",
        "CreatedTime": "",
        "AccessedTime": "",
        "DefiningProjectFullPath": "/workspace/team-c/c3-admin-symbol-errors-validation/framework/CUI/vendor/Avalonia/src/Avalonia.FreeDesktop.AtSpi/Avalonia.FreeDesktop.AtSpi.csproj",
        "DefiningProjectDirectory": "/workspace/team-c/c3-admin-symbol-errors-validation/framework/CUI/vendor/Avalonia/src/Avalonia.FreeDesktop.AtSpi/",
        "DefiningProjectName": "Avalonia.FreeDesktop.AtSpi",
        "DefiningProjectExtension": ".csproj"
      },
      {
        "Identity": "../../external/Avalonia.DBus/src/Avalonia.DBus/Native/DBusMutex.cs",
        "LinkBase": "Avalonia.DBus/",
        "Link": "Avalonia.DBus/Native/DBusMutex.cs",
        "FullPath": "/workspace/team-c/c3-admin-symbol-errors-validation/framework/CUI/vendor/Avalonia/external/Avalonia.DBus/src/Avalonia.DBus/Native/DBusMutex.cs",
        "RootDir": "/",
        "Filename": "DBusMutex",
        "Extension": ".cs",
        "RelativeDir": "../../external/Avalonia.DBus/src/Avalonia.DBus/Native/",
        "Directory": "workspace/team-c/c3-admin-symbol-errors-validation/framework/CUI/vendor/Avalonia/external/Avalonia.DBus/src/Avalonia.DBus/Native/",
        "RecursiveDir": "Native/",
        "ModifiedTime": "",
        "CreatedTime": "",
        "AccessedTime": "",
        "DefiningProjectFullPath": "/workspace/team-c/c3-admin-symbol-errors-validation/framework/CUI/vendor/Avalonia/src/Avalonia.FreeDesktop.AtSpi/Avalonia.FreeDesktop.AtSpi.csproj",
        "DefiningProjectDirectory": "/workspace/team-c/c3-admin-symbol-errors-validation/framework/CUI/vendor/Avalonia/src/Avalonia.FreeDesktop.AtSpi/",
        "DefiningProjectName": "Avalonia.FreeDesktop.AtSpi",
        "DefiningProjectExtension": ".csproj"
      },
      {
        "Identity": "../../external/Avalonia.DBus/src/Avalonia.DBus/Native/DBusMutexFreeFunction.cs",
        "LinkBase": "Avalonia.DBus/",
        "Link": "Avalonia.DBus/Native/DBusMutexFreeFunction.cs",
        "FullPath": "/workspace/team-c/c3-admin-symbol-errors-validation/framework/CUI/vendor/Avalonia/external/Avalonia.DBus/src/Avalonia.DBus/Native/DBusMutexFreeFunction.cs",
        "RootDir": "/",
        "Filename": "DBusMutexFreeFunction",
        "Extension": ".cs",
        "RelativeDir": "../../external/Avalonia.DBus/src/Avalonia.DBus/Native/",
        "Directory": "workspace/team-c/c3-admin-symbol-errors-validation/framework/CUI/vendor/Avalonia/external/Avalonia.DBus/src/Avalonia.DBus/Native/",
        "RecursiveDir": "Native/",
        "ModifiedTime": "",
        "CreatedTime": "",
        "AccessedTime": "",
        "DefiningProjectFullPath": "/workspace/team-c/c3-admin-symbol-errors-validation/framework/CUI/vendor/Avalonia/src/Avalonia.FreeDesktop.AtSpi/Avalonia.FreeDesktop.AtSpi.csproj",
        "DefiningProjectDirectory": "/workspace/team-c/c3-admin-symbol-errors-validation/framework/CUI/vendor/Avalonia/src/Avalonia.FreeDesktop.AtSpi/",
        "DefiningProjectName": "Avalonia.FreeDesktop.AtSpi",
        "DefiningProjectExtension": ".csproj"
      },
      {
        "Identity": "../../external/Avalonia.DBus/src/Avalonia.DBus/Native/DBusMutexLockFunction.cs",
        "LinkBase": "Avalonia.DBus/",
        "Link": "Avalonia.DBus/Native/DBusMutexLockFunction.cs",
        "FullPath": "/workspace/team-c/c3-admin-symbol-errors-validation/framework/CUI/vendor/Avalonia/external/Avalonia.DBus/src/Avalonia.DBus/Native/DBusMutexLockFunction.cs",
        "RootDir": "/",
        "Filename": "DBusMutexLockFunction",
        "Extension": ".cs",
        "RelativeDir": "../../external/Avalonia.DBus/src/Avalonia.DBus/Native/",
        "Directory": "workspace/team-c/c3-admin-symbol-errors-validation/framework/CUI/vendor/Avalonia/external/Avalonia.DBus/src/Avalonia.DBus/Native/",
        "RecursiveDir": "Native/",
        "ModifiedTime": "",
        "CreatedTime": "",
        "AccessedTime": "",
        "DefiningProjectFullPath": "/workspace/team-c/c3-admin-symbol-errors-validation/framework/CUI/vendor/Avalonia/src/Avalonia.FreeDesktop.AtSpi/Avalonia.FreeDesktop.AtSpi.csproj",
        "DefiningProjectDirectory": "/workspace/team-c/c3-admin-symbol-errors-validation/framework/CUI/vendor/Avalonia/src/Avalonia.FreeDesktop.AtSpi/",
        "DefiningProjectName": "Avalonia.FreeDesktop.AtSpi",
        "DefiningProjectExtension": ".csproj"
      },
      {
        "Identity": "../../external/Avalonia.DBus/src/Avalonia.DBus/Native/DBusMutexNewFunction.cs",
        "LinkBase": "Avalonia.DBus/",
        "Link": "Avalonia.DBus/Native/DBusMutexNewFunction.cs",
        "FullPath": "/workspace/team-c/c3-admin-symbol-errors-validation/framework/CUI/vendor/Avalonia/external/Avalonia.DBus/src/Avalonia.DBus/Native/DBusMutexNewFunction.cs",
        "RootDir": "/",
        "Filename": "DBusMutexNewFunction",
        "Extension": ".cs",
        "RelativeDir": "../../external/Avalonia.DBus/src/Avalonia.DBus/Native/",
        "Directory": "workspace/team-c/c3-admin-symbol-errors-validation/framework/CUI/vendor/Avalonia/external/Avalonia.DBus/src/Avalonia.DBus/Native/",
        "RecursiveDir": "Native/",
        "ModifiedTime": "",
        "CreatedTime": "",
        "AccessedTime": "",
        "DefiningProjectFullPath": "/workspace/team-c/c3-admin-symbol-errors-validation/framework/CUI/vendor/Avalonia/src/Avalonia.FreeDesktop.AtSpi/Avalonia.FreeDesktop.AtSpi.csproj",
        "DefiningProjectDirectory": "/workspace/team-c/c3-admin-symbol-errors-validation/framework/CUI/vendor/Avalonia/src/Avalonia.FreeDesktop.AtSpi/",
        "DefiningProjectName": "Avalonia.FreeDesktop.AtSpi",
        "DefiningProjectExtension": ".csproj"
      },
      {
        "Identity": "../../external/Avalonia.DBus/src/Avalonia.DBus/Native/DBusMutexUnlockFunction.cs",
        "LinkBase": "Avalonia.DBus/",
        "Link": "Avalonia.DBus/Native/DBusMutexUnlockFunction.cs",
        "FullPath": "/workspace/team-c/c3-admin-symbol-errors-validation/framework/CUI/vendor/Avalonia/external/Avalonia.DBus/src/Avalonia.DBus/Native/DBusMutexUnlockFunction.cs",
        "RootDir": "/",
        "Filename": "DBusMutexUnlockFunction",
        "Extension": ".cs",
        "RelativeDir": "../../external/Avalonia.DBus/src/Avalonia.DBus/Native/",
        "Directory": "workspace/team-c/c3-admin-symbol-errors-validation/framework/CUI/vendor/Avalonia/external/Avalonia.DBus/src/Avalonia.DBus/Native/",
        "RecursiveDir": "Native/",
        "ModifiedTime": "",
        "CreatedTime": "",
        "AccessedTime": "",
        "DefiningProjectFullPath": "/workspace/team-c/c3-admin-symbol-errors-validation/framework/CUI/vendor/Avalonia/src/Avalonia.FreeDesktop.AtSpi/Avalonia.FreeDesktop.AtSpi.csproj",
        "DefiningProjectDirectory": "/workspace/team-c/c3-admin-symbol-errors-validation/framework/CUI/vendor/Avalonia/src/Avalonia.FreeDesktop.AtSpi/",
        "DefiningProjectName": "Avalonia.FreeDesktop.AtSpi",
        "DefiningProjectExtension": ".csproj"
      },
      {
        "Identity": "../../external/Avalonia.DBus/src/Avalonia.DBus/Native/DBusNewConnectionFunction.cs",
        "LinkBase": "Avalonia.DBus/",
        "Link": "Avalonia.DBus/Native/DBusNewConnectionFunction.cs",
        "FullPath": "/workspace/team-c/c3-admin-symbol-errors-validation/framework/CUI/vendor/Avalonia/external/Avalonia.DBus/src/Avalonia.DBus/Native/DBusNewConnectionFunction.cs",
        "RootDir": "/",
        "Filename": "DBusNewConnectionFunction",
        "Extension": ".cs",
        "RelativeDir": "../../external/Avalonia.DBus/src/Avalonia.DBus/Native/",
        "Directory": "workspace/team-c/c3-admin-symbol-errors-validation/framework/CUI/vendor/Avalonia/external/Avalonia.DBus/src/Avalonia.DBus/Native/",
        "RecursiveDir": "Native/",
        "ModifiedTime": "",
        "CreatedTime": "",
        "AccessedTime": "",
        "DefiningProjectFullPath": "/workspace/team-c/c3-admin-symbol-errors-validation/framework/CUI/vendor/Avalonia/src/Avalonia.FreeDesktop.AtSpi/Avalonia.FreeDesktop.AtSpi.csproj",
        "DefiningProjectDirectory": "/workspace/team-c/c3-admin-symbol-errors-validation/framework/CUI/vendor/Avalonia/src/Avalonia.FreeDesktop.AtSpi/",
        "DefiningProjectName": "Avalonia.FreeDesktop.AtSpi",
        "DefiningProjectExtension": ".csproj"
      },
      {
        "Identity": "../../external/Avalonia.DBus/src/Avalonia.DBus/Native/DBusObjectPathMessageFunction.cs",
        "LinkBase": "Avalonia.DBus/",
        "Link": "Avalonia.DBus/Native/DBusObjectPathMessageFunction.cs",
        "FullPath": "/workspace/team-c/c3-admin-symbol-errors-validation/framework/CUI/vendor/Avalonia/external/Avalonia.DBus/src/Avalonia.DBus/Native/DBusObjectPathMessageFunction.cs",
        "RootDir": "/",
        "Filename": "DBusObjectPathMessageFunction",
        "Extension": ".cs",
        "RelativeDir": "../../external/Avalonia.DBus/src/Avalonia.DBus/Native/",
        "Directory": "workspace/team-c/c3-admin-symbol-errors-validation/framework/CUI/vendor/Avalonia/external/Avalonia.DBus/src/Avalonia.DBus/Native/",
        "RecursiveDir": "Native/",
        "ModifiedTime": "",
        "CreatedTime": "",
        "AccessedTime": "",
        "DefiningProjectFullPath": "/workspace/team-c/c3-admin-symbol-errors-validation/framework/CUI/vendor/Avalonia/src/Avalonia.FreeDesktop.AtSpi/Avalonia.FreeDesktop.AtSpi.csproj",
        "DefiningProjectDirectory": "/workspace/team-c/c3-admin-symbol-errors-validation/framework/CUI/vendor/Avalonia/src/Avalonia.FreeDesktop.AtSpi/",
        "DefiningProjectName": "Avalonia.FreeDesktop.AtSpi",
        "DefiningProjectExtension": ".csproj"
      },
      {
        "Identity": "../../external/Avalonia.DBus/src/Avalonia.DBus/Native/DBusObjectPathUnregisterFunction.cs",
        "LinkBase": "Avalonia.DBus/",
        "Link": "Avalonia.DBus/Native/DBusObjectPathUnregisterFunction.cs",
        "FullPath": "/workspace/team-c/c3-admin-symbol-errors-validation/framework/CUI/vendor/Avalonia/external/Avalonia.DBus/src/Avalonia.DBus/Native/DBusObjectPathUnregisterFunction.cs",
        "RootDir": "/",
        "Filename": "DBusObjectPathUnregisterFunction",
        "Extension": ".cs",
        "RelativeDir": "../../external/Avalonia.DBus/src/Avalonia.DBus/Native/",
        "Directory": "workspace/team-c/c3-admin-symbol-errors-validation/framework/CUI/vendor/Avalonia/external/Avalonia.DBus/src/Avalonia.DBus/Native/",
        "RecursiveDir": "Native/",
        "ModifiedTime": "",
        "CreatedTime": "",
        "AccessedTime": "",
        "DefiningProjectFullPath": "/workspace/team-c/c3-admin-symbol-errors-validation/framework/CUI/vendor/Avalonia/src/Avalonia.FreeDesktop.AtSpi/Avalonia.FreeDesktop.AtSpi.csproj",
        "DefiningProjectDirectory": "/workspace/team-c/c3-admin-symbol-errors-validation/framework/CUI/vendor/Avalonia/src/Avalonia.FreeDesktop.AtSpi/",
        "DefiningProjectName": "Avalonia.FreeDesktop.AtSpi",
        "DefiningProjectExtension": ".csproj"
      },
      {
        "Identity": "../../external/Avalonia.DBus/src/Avalonia.DBus/Native/DBusObjectPathVTable.cs",
        "LinkBase": "Avalonia.DBus/",
        "Link": "Avalonia.DBus/Native/DBusObjectPathVTable.cs",
        "FullPath": "/workspace/team-c/c3-admin-symbol-errors-validation/framework/CUI/vendor/Avalonia/external/Avalonia.DBus/src/Avalonia.DBus/Native/DBusObjectPathVTable.cs",
        "RootDir": "/",
        "Filename": "DBusObjectPathVTable",
        "Extension": ".cs",
        "RelativeDir": "../../external/Avalonia.DBus/src/Avalonia.DBus/Native/",
        "Directory": "workspace/team-c/c3-admin-symbol-errors-validation/framework/CUI/vendor/Avalonia/external/Avalonia.DBus/src/Avalonia.DBus/Native/",
        "RecursiveDir": "Native/",
        "ModifiedTime": "",
        "CreatedTime": "",
        "AccessedTime": "",
        "DefiningProjectFullPath": "/workspace/team-c/c3-admin-symbol-errors-validation/framework/CUI/vendor/Avalonia/src/Avalonia.FreeDesktop.AtSpi/Avalonia.FreeDesktop.AtSpi.csproj",
        "DefiningProjectDirectory": "/workspace/team-c/c3-admin-symbol-errors-validation/framework/CUI/vendor/Avalonia/src/Avalonia.FreeDesktop.AtSpi/",
        "DefiningProjectName": "Avalonia.FreeDesktop.AtSpi",
        "DefiningProjectExtension": ".csproj"
      },
      {
        "Identity": "../../external/Avalonia.DBus/src/Avalonia.DBus/Native/DBusPendingCall.cs",
        "LinkBase": "Avalonia.DBus/",
        "Link": "Avalonia.DBus/Native/DBusPendingCall.cs",
        "FullPath": "/workspace/team-c/c3-admin-symbol-errors-validation/framework/CUI/vendor/Avalonia/external/Avalonia.DBus/src/Avalonia.DBus/Native/DBusPendingCall.cs",
        "RootDir": "/",
        "Filename": "DBusPendingCall",
        "Extension": ".cs",
        "RelativeDir": "../../external/Avalonia.DBus/src/Avalonia.DBus/Native/",
        "Directory": "workspace/team-c/c3-admin-symbol-errors-validation/framework/CUI/vendor/Avalonia/external/Avalonia.DBus/src/Avalonia.DBus/Native/",
        "RecursiveDir": "Native/",
        "ModifiedTime": "",
        "CreatedTime": "",
        "AccessedTime": "",
        "DefiningProjectFullPath": "/workspace/team-c/c3-admin-symbol-errors-validation/framework/CUI/vendor/Avalonia/src/Avalonia.FreeDesktop.AtSpi/Avalonia.FreeDesktop.AtSpi.csproj",
        "DefiningProjectDirectory": "/workspace/team-c/c3-admin-symbol-errors-validation/framework/CUI/vendor/Avalonia/src/Avalonia.FreeDesktop.AtSpi/",
        "DefiningProjectName": "Avalonia.FreeDesktop.AtSpi",
        "DefiningProjectExtension": ".csproj"
      },
      {
        "Identity": "../../external/Avalonia.DBus/src/Avalonia.DBus/Native/DBusPendingCallNotifyFunction.cs",
        "LinkBase": "Avalonia.DBus/",
        "Link": "Avalonia.DBus/Native/DBusPendingCallNotifyFunction.cs",
        "FullPath": "/workspace/team-c/c3-admin-symbol-errors-validation/framework/CUI/vendor/Avalonia/external/Avalonia.DBus/src/Avalonia.DBus/Native/DBusPendingCallNotifyFunction.cs",
        "RootDir": "/",
        "Filename": "DBusPendingCallNotifyFunction",
        "Extension": ".cs",
        "RelativeDir": "../../external/Avalonia.DBus/src/Avalonia.DBus/Native/",
        "Directory": "workspace/team-c/c3-admin-symbol-errors-validation/framework/CUI/vendor/Avalonia/external/Avalonia.DBus/src/Avalonia.DBus/Native/",
        "RecursiveDir": "Native/",
        "ModifiedTime": "",
        "CreatedTime": "",
        "AccessedTime": "",
        "DefiningProjectFullPath": "/workspace/team-c/c3-admin-symbol-errors-validation/framework/CUI/vendor/Avalonia/src/Avalonia.FreeDesktop.AtSpi/Avalonia.FreeDesktop.AtSpi.csproj",
        "DefiningProjectDirectory": "/workspace/team-c/c3-admin-symbol-errors-validation/framework/CUI/vendor/Avalonia/src/Avalonia.FreeDesktop.AtSpi/",
        "DefiningProjectName": "Avalonia.FreeDesktop.AtSpi",
        "DefiningProjectExtension": ".csproj"
      },
      {
        "Identity": "../../external/Avalonia.DBus/src/Avalonia.DBus/Native/DBusPreallocatedSend.cs",
        "LinkBase": "Avalonia.DBus/",
        "Link": "Avalonia.DBus/Native/DBusPreallocatedSend.cs",
        "FullPath": "/workspace/team-c/c3-admin-symbol-errors-validation/framework/CUI/vendor/Avalonia/external/Avalonia.DBus/src/Avalonia.DBus/Native/DBusPreallocatedSend.cs",
        "RootDir": "/",
        "Filename": "DBusPreallocatedSend",
        "Extension": ".cs",
        "RelativeDir": "../../external/Avalonia.DBus/src/Avalonia.DBus/Native/",
        "Directory": "workspace/team-c/c3-admin-symbol-errors-validation/framework/CUI/vendor/Avalonia/external/Avalonia.DBus/src/Avalonia.DBus/Native/",
        "RecursiveDir": "Native/",
        "ModifiedTime": "",
        "CreatedTime": "",
        "AccessedTime": "",
        "DefiningProjectFullPath": "/workspace/team-c/c3-admin-symbol-errors-validation/framework/CUI/vendor/Avalonia/src/Avalonia.FreeDesktop.AtSpi/Avalonia.FreeDesktop.AtSpi.csproj",
        "DefiningProjectDirectory": "/workspace/team-c/c3-admin-symbol-errors-validation/framework/CUI/vendor/Avalonia/src/Avalonia.FreeDesktop.AtSpi/",
        "DefiningProjectName": "Avalonia.FreeDesktop.AtSpi",
        "DefiningProjectExtension": ".csproj"
      },
      {
        "Identity": "../../external/Avalonia.DBus/src/Avalonia.DBus/Native/DBusRecursiveMutexFreeFunction.cs",
        "LinkBase": "Avalonia.DBus/",
        "Link": "Avalonia.DBus/Native/DBusRecursiveMutexFreeFunction.cs",
        "FullPath": "/workspace/team-c/c3-admin-symbol-errors-validation/framework/CUI/vendor/Avalonia/external/Avalonia.DBus/src/Avalonia.DBus/Native/DBusRecursiveMutexFreeFunction.cs",
        "RootDir": "/",
        "Filename": "DBusRecursiveMutexFreeFunction",
        "Extension": ".cs",
        "RelativeDir": "../../external/Avalonia.DBus/src/Avalonia.DBus/Native/",
        "Directory": "workspace/team-c/c3-admin-symbol-errors-validation/framework/CUI/vendor/Avalonia/external/Avalonia.DBus/src/Avalonia.DBus/Native/",
        "RecursiveDir": "Native/",
        "ModifiedTime": "",
        "CreatedTime": "",
        "AccessedTime": "",
        "DefiningProjectFullPath": "/workspace/team-c/c3-admin-symbol-errors-validation/framework/CUI/vendor/Avalonia/src/Avalonia.FreeDesktop.AtSpi/Avalonia.FreeDesktop.AtSpi.csproj",
        "DefiningProjectDirectory": "/workspace/team-c/c3-admin-symbol-errors-validation/framework/CUI/vendor/Avalonia/src/Avalonia.FreeDesktop.AtSpi/",
        "DefiningProjectName": "Avalonia.FreeDesktop.AtSpi",
        "DefiningProjectExtension": ".csproj"
      },
      {
        "Identity": "../../external/Avalonia.DBus/src/Avalonia.DBus/Native/DBusRecursiveMutexLockFunction.cs",
        "LinkBase": "Avalonia.DBus/",
        "Link": "Avalonia.DBus/Native/DBusRecursiveMutexLockFunction.cs",
        "FullPath": "/workspace/team-c/c3-admin-symbol-errors-validation/framework/CUI/vendor/Avalonia/external/Avalonia.DBus/src/Avalonia.DBus/Native/DBusRecursiveMutexLockFunction.cs",
        "RootDir": "/",
        "Filename": "DBusRecursiveMutexLockFunction",
        "Extension": ".cs",
        "RelativeDir": "../../external/Avalonia.DBus/src/Avalonia.DBus/Native/",
        "Directory": "workspace/team-c/c3-admin-symbol-errors-validation/framework/CUI/vendor/Avalonia/external/Avalonia.DBus/src/Avalonia.DBus/Native/",
        "RecursiveDir": "Native/",
        "ModifiedTime": "",
        "CreatedTime": "",
        "AccessedTime": "",
        "DefiningProjectFullPath": "/workspace/team-c/c3-admin-symbol-errors-validation/framework/CUI/vendor/Avalonia/src/Avalonia.FreeDesktop.AtSpi/Avalonia.FreeDesktop.AtSpi.csproj",
        "DefiningProjectDirectory": "/workspace/team-c/c3-admin-symbol-errors-validation/framework/CUI/vendor/Avalonia/src/Avalonia.FreeDesktop.AtSpi/",
        "DefiningProjectName": "Avalonia.FreeDesktop.AtSpi",
        "DefiningProjectExtension": ".csproj"
      },
      {
        "Identity": "../../external/Avalonia.DBus/src/Avalonia.DBus/Native/DBusRecursiveMutexNewFunction.cs",
        "LinkBase": "Avalonia.DBus/",
        "Link": "Avalonia.DBus/Native/DBusRecursiveMutexNewFunction.cs",
        "FullPath": "/workspace/team-c/c3-admin-symbol-errors-validation/framework/CUI/vendor/Avalonia/external/Avalonia.DBus/src/Avalonia.DBus/Native/DBusRecursiveMutexNewFunction.cs",
        "RootDir": "/",
        "Filename": "DBusRecursiveMutexNewFunction",
        "Extension": ".cs",
        "RelativeDir": "../../external/Avalonia.DBus/src/Avalonia.DBus/Native/",
        "Directory": "workspace/team-c/c3-admin-symbol-errors-validation/framework/CUI/vendor/Avalonia/external/Avalonia.DBus/src/Avalonia.DBus/Native/",
        "RecursiveDir": "Native/",
        "ModifiedTime": "",
        "CreatedTime": "",
        "AccessedTime": "",
        "DefiningProjectFullPath": "/workspace/team-c/c3-admin-symbol-errors-validation/framework/CUI/vendor/Avalonia/src/Avalonia.FreeDesktop.AtSpi/Avalonia.FreeDesktop.AtSpi.csproj",
        "DefiningProjectDirectory": "/workspace/team-c/c3-admin-symbol-errors-validation/framework/CUI/vendor/Avalonia/src/Avalonia.FreeDesktop.AtSpi/",
        "DefiningProjectName": "Avalonia.FreeDesktop.AtSpi",
        "DefiningProjectExtension": ".csproj"
      },
      {
        "Identity": "../../external/Avalonia.DBus/src/Avalonia.DBus/Native/DBusRecursiveMutexUnlockFunction.cs",
        "LinkBase": "Avalonia.DBus/",
        "Link": "Avalonia.DBus/Native/DBusRecursiveMutexUnlockFunction.cs",
        "FullPath": "/workspace/team-c/c3-admin-symbol-errors-validation/framework/CUI/vendor/Avalonia/external/Avalonia.DBus/src/Avalonia.DBus/Native/DBusRecursiveMutexUnlockFunction.cs",
        "RootDir": "/",
        "Filename": "DBusRecursiveMutexUnlockFunction",
        "Extension": ".cs",
        "RelativeDir": "../../external/Avalonia.DBus/src/Avalonia.DBus/Native/",
        "Directory": "workspace/team-c/c3-admin-symbol-errors-validation/framework/CUI/vendor/Avalonia/external/Avalonia.DBus/src/Avalonia.DBus/Native/",
        "RecursiveDir": "Native/",
        "ModifiedTime": "",
        "CreatedTime": "",
        "AccessedTime": "",
        "DefiningProjectFullPath": "/workspace/team-c/c3-admin-symbol-errors-validation/framework/CUI/vendor/Avalonia/src/Avalonia.FreeDesktop.AtSpi/Avalonia.FreeDesktop.AtSpi.csproj",
        "DefiningProjectDirectory": "/workspace/team-c/c3-admin-symbol-errors-validation/framework/CUI/vendor/Avalonia/src/Avalonia.FreeDesktop.AtSpi/",
        "DefiningProjectName": "Avalonia.FreeDesktop.AtSpi",
        "DefiningProjectExtension": ".csproj"
      },
      {
        "Identity": "../../external/Avalonia.DBus/src/Avalonia.DBus/Native/DBusRemoveTimeoutFunction.cs",
        "LinkBase": "Avalonia.DBus/",
        "Link": "Avalonia.DBus/Native/DBusRemoveTimeoutFunction.cs",
        "FullPath": "/workspace/team-c/c3-admin-symbol-errors-validation/framework/CUI/vendor/Avalonia/external/Avalonia.DBus/src/Avalonia.DBus/Native/DBusRemoveTimeoutFunction.cs",
        "RootDir": "/",
        "Filename": "DBusRemoveTimeoutFunction",
        "Extension": ".cs",
        "RelativeDir": "../../external/Avalonia.DBus/src/Avalonia.DBus/Native/",
        "Directory": "workspace/team-c/c3-admin-symbol-errors-validation/framework/CUI/vendor/Avalonia/external/Avalonia.DBus/src/Avalonia.DBus/Native/",
        "RecursiveDir": "Native/",
        "ModifiedTime": "",
        "CreatedTime": "",
        "AccessedTime": "",
        "DefiningProjectFullPath": "/workspace/team-c/c3-admin-symbol-errors-validation/framework/CUI/vendor/Avalonia/src/Avalonia.FreeDesktop.AtSpi/Avalonia.FreeDesktop.AtSpi.csproj",
        "DefiningProjectDirectory": "/workspace/team-c/c3-admin-symbol-errors-validation/framework/CUI/vendor/Avalonia/src/Avalonia.FreeDesktop.AtSpi/",
        "DefiningProjectName": "Avalonia.FreeDesktop.AtSpi",
        "DefiningProjectExtension": ".csproj"
      },
      {
        "Identity": "../../external/Avalonia.DBus/src/Avalonia.DBus/Native/DBusRemoveWatchFunction.cs",
        "LinkBase": "Avalonia.DBus/",
        "Link": "Avalonia.DBus/Native/DBusRemoveWatchFunction.cs",
        "FullPath": "/workspace/team-c/c3-admin-symbol-errors-validation/framework/CUI/vendor/Avalonia/external/Avalonia.DBus/src/Avalonia.DBus/Native/DBusRemoveWatchFunction.cs",
        "RootDir": "/",
        "Filename": "DBusRemoveWatchFunction",
        "Extension": ".cs",
        "RelativeDir": "../../external/Avalonia.DBus/src/Avalonia.DBus/Native/",
        "Directory": "workspace/team-c/c3-admin-symbol-errors-validation/framework/CUI/vendor/Avalonia/external/Avalonia.DBus/src/Avalonia.DBus/Native/",
        "RecursiveDir": "Native/",
        "ModifiedTime": "",
        "CreatedTime": "",
        "AccessedTime": "",
        "DefiningProjectFullPath": "/workspace/team-c/c3-admin-symbol-errors-validation/framework/CUI/vendor/Avalonia/src/Avalonia.FreeDesktop.AtSpi/Avalonia.FreeDesktop.AtSpi.csproj",
        "DefiningProjectDirectory": "/workspace/team-c/c3-admin-symbol-errors-validation/framework/CUI/vendor/Avalonia/src/Avalonia.FreeDesktop.AtSpi/",
        "DefiningProjectName": "Avalonia.FreeDesktop.AtSpi",
        "DefiningProjectExtension": ".csproj"
      },
      {
        "Identity": "../../external/Avalonia.DBus/src/Avalonia.DBus/Native/DBusServer.cs",
        "LinkBase": "Avalonia.DBus/",
        "Link": "Avalonia.DBus/Native/DBusServer.cs",
        "FullPath": "/workspace/team-c/c3-admin-symbol-errors-validation/framework/CUI/vendor/Avalonia/external/Avalonia.DBus/src/Avalonia.DBus/Native/DBusServer.cs",
        "RootDir": "/",
        "Filename": "DBusServer",
        "Extension": ".cs",
        "RelativeDir": "../../external/Avalonia.DBus/src/Avalonia.DBus/Native/",
        "Directory": "workspace/team-c/c3-admin-symbol-errors-validation/framework/CUI/vendor/Avalonia/external/Avalonia.DBus/src/Avalonia.DBus/Native/",
        "RecursiveDir": "Native/",
        "ModifiedTime": "",
        "CreatedTime": "",
        "AccessedTime": "",
        "DefiningProjectFullPath": "/workspace/team-c/c3-admin-symbol-errors-validation/framework/CUI/vendor/Avalonia/src/Avalonia.FreeDesktop.AtSpi/Avalonia.FreeDesktop.AtSpi.csproj",
        "DefiningProjectDirectory": "/workspace/team-c/c3-admin-symbol-errors-validation/framework/CUI/vendor/Avalonia/src/Avalonia.FreeDesktop.AtSpi/",
        "DefiningProjectName": "Avalonia.FreeDesktop.AtSpi",
        "DefiningProjectExtension": ".csproj"
      },
      {
        "Identity": "../../external/Avalonia.DBus/src/Avalonia.DBus/Native/DBusSignatureIter.cs",
        "LinkBase": "Avalonia.DBus/",
        "Link": "Avalonia.DBus/Native/DBusSignatureIter.cs",
        "FullPath": "/workspace/team-c/c3-admin-symbol-errors-validation/framework/CUI/vendor/Avalonia/external/Avalonia.DBus/src/Avalonia.DBus/Native/DBusSignatureIter.cs",
        "RootDir": "/",
        "Filename": "DBusSignatureIter",
        "Extension": ".cs",
        "RelativeDir": "../../external/Avalonia.DBus/src/Avalonia.DBus/Native/",
        "Directory": "workspace/team-c/c3-admin-symbol-errors-validation/framework/CUI/vendor/Avalonia/external/Avalonia.DBus/src/Avalonia.DBus/Native/",
        "RecursiveDir": "Native/",
        "ModifiedTime": "",
        "CreatedTime": "",
        "AccessedTime": "",
        "DefiningProjectFullPath": "/workspace/team-c/c3-admin-symbol-errors-validation/framework/CUI/vendor/Avalonia/src/Avalonia.FreeDesktop.AtSpi/Avalonia.FreeDesktop.AtSpi.csproj",
        "DefiningProjectDirectory": "/workspace/team-c/c3-admin-symbol-errors-validation/framework/CUI/vendor/Avalonia/src/Avalonia.FreeDesktop.AtSpi/",
        "DefiningProjectName": "Avalonia.FreeDesktop.AtSpi",
        "DefiningProjectExtension": ".csproj"
      },
      {
        "Identity": "../../external/Avalonia.DBus/src/Avalonia.DBus/Native/DBusThreadFunctions.cs",
        "LinkBase": "Avalonia.DBus/",
        "Link": "Avalonia.DBus/Native/DBusThreadFunctions.cs",
        "FullPath": "/workspace/team-c/c3-admin-symbol-errors-validation/framework/CUI/vendor/Avalonia/external/Avalonia.DBus/src/Avalonia.DBus/Native/DBusThreadFunctions.cs",
        "RootDir": "/",
        "Filename": "DBusThreadFunctions",
        "Extension": ".cs",
        "RelativeDir": "../../external/Avalonia.DBus/src/Avalonia.DBus/Native/",
        "Directory": "workspace/team-c/c3-admin-symbol-errors-validation/framework/CUI/vendor/Avalonia/external/Avalonia.DBus/src/Avalonia.DBus/Native/",
        "RecursiveDir": "Native/",
        "ModifiedTime": "",
        "CreatedTime": "",
        "AccessedTime": "",
        "DefiningProjectFullPath": "/workspace/team-c/c3-admin-symbol-errors-validation/framework/CUI/vendor/Avalonia/src/Avalonia.FreeDesktop.AtSpi/Avalonia.FreeDesktop.AtSpi.csproj",
        "DefiningProjectDirectory": "/workspace/team-c/c3-admin-symbol-errors-validation/framework/CUI/vendor/Avalonia/src/Avalonia.FreeDesktop.AtSpi/",
        "DefiningProjectName": "Avalonia.FreeDesktop.AtSpi",
        "DefiningProjectExtension": ".csproj"
      },
      {
        "Identity": "../../external/Avalonia.DBus/src/Avalonia.DBus/Native/DBusThreadFunctionsMask.cs",
        "LinkBase": "Avalonia.DBus/",
        "Link": "Avalonia.DBus/Native/DBusThreadFunctionsMask.cs",
        "FullPath": "/workspace/team-c/c3-admin-symbol-errors-validation/framework/CUI/vendor/Avalonia/external/Avalonia.DBus/src/Avalonia.DBus/Native/DBusThreadFunctionsMask.cs",
        "RootDir": "/",
        "Filename": "DBusThreadFunctionsMask",
        "Extension": ".cs",
        "RelativeDir": "../../external/Avalonia.DBus/src/Avalonia.DBus/Native/",
        "Directory": "workspace/team-c/c3-admin-symbol-errors-validation/framework/CUI/vendor/Avalonia/external/Avalonia.DBus/src/Avalonia.DBus/Native/",
        "RecursiveDir": "Native/",
        "ModifiedTime": "",
        "CreatedTime": "",
        "AccessedTime": "",
        "DefiningProjectFullPath": "/workspace/team-c/c3-admin-symbol-errors-validation/framework/CUI/vendor/Avalonia/src/Avalonia.FreeDesktop.AtSpi/Avalonia.FreeDesktop.AtSpi.csproj",
        "DefiningProjectDirectory": "/workspace/team-c/c3-admin-symbol-errors-validation/framework/CUI/vendor/Avalonia/src/Avalonia.FreeDesktop.AtSpi/",
        "DefiningProjectName": "Avalonia.FreeDesktop.AtSpi",
        "DefiningProjectExtension": ".csproj"
      },
      {
        "Identity": "../../external/Avalonia.DBus/src/Avalonia.DBus/Native/DBusTimeout.cs",
        "LinkBase": "Avalonia.DBus/",
        "Link": "Avalonia.DBus/Native/DBusTimeout.cs",
        "FullPath": "/workspace/team-c/c3-admin-symbol-errors-validation/framework/CUI/vendor/Avalonia/external/Avalonia.DBus/src/Avalonia.DBus/Native/DBusTimeout.cs",
        "RootDir": "/",
        "Filename": "DBusTimeout",
        "Extension": ".cs",
        "RelativeDir": "../../external/Avalonia.DBus/src/Avalonia.DBus/Native/",
        "Directory": "workspace/team-c/c3-admin-symbol-errors-validation/framework/CUI/vendor/Avalonia/external/Avalonia.DBus/src/Avalonia.DBus/Native/",
        "RecursiveDir": "Native/",
        "ModifiedTime": "",
        "CreatedTime": "",
        "AccessedTime": "",
        "DefiningProjectFullPath": "/workspace/team-c/c3-admin-symbol-errors-validation/framework/CUI/vendor/Avalonia/src/Avalonia.FreeDesktop.AtSpi/Avalonia.FreeDesktop.AtSpi.csproj",
        "DefiningProjectDirectory": "/workspace/team-c/c3-admin-symbol-errors-validation/framework/CUI/vendor/Avalonia/src/Avalonia.FreeDesktop.AtSpi/",
        "DefiningProjectName": "Avalonia.FreeDesktop.AtSpi",
        "DefiningProjectExtension": ".csproj"
      },
      {
        "Identity": "../../external/Avalonia.DBus/src/Avalonia.DBus/Native/DBusTimeoutToggledFunction.cs",
        "LinkBase": "Avalonia.DBus/",
        "Link": "Avalonia.DBus/Native/DBusTimeoutToggledFunction.cs",
        "FullPath": "/workspace/team-c/c3-admin-symbol-errors-validation/framework/CUI/vendor/Avalonia/external/Avalonia.DBus/src/Avalonia.DBus/Native/DBusTimeoutToggledFunction.cs",
        "RootDir": "/",
        "Filename": "DBusTimeoutToggledFunction",
        "Extension": ".cs",
        "RelativeDir": "../../external/Avalonia.DBus/src/Avalonia.DBus/Native/",
        "Directory": "workspace/team-c/c3-admin-symbol-errors-validation/framework/CUI/vendor/Avalonia/external/Avalonia.DBus/src/Avalonia.DBus/Native/",
        "RecursiveDir": "Native/",
        "ModifiedTime": "",
        "CreatedTime": "",
        "AccessedTime": "",
        "DefiningProjectFullPath": "/workspace/team-c/c3-admin-symbol-errors-validation/framework/CUI/vendor/Avalonia/src/Avalonia.FreeDesktop.AtSpi/Avalonia.FreeDesktop.AtSpi.csproj",
        "DefiningProjectDirectory": "/workspace/team-c/c3-admin-symbol-errors-validation/framework/CUI/vendor/Avalonia/src/Avalonia.FreeDesktop.AtSpi/",
        "DefiningProjectName": "Avalonia.FreeDesktop.AtSpi",
        "DefiningProjectExtension": ".csproj"
      },
      {
        "Identity": "../../external/Avalonia.DBus/src/Avalonia.DBus/Native/DBusWakeupMainFunction.cs",
        "LinkBase": "Avalonia.DBus/",
        "Link": "Avalonia.DBus/Native/DBusWakeupMainFunction.cs",
        "FullPath": "/workspace/team-c/c3-admin-symbol-errors-validation/framework/CUI/vendor/Avalonia/external/Avalonia.DBus/src/Avalonia.DBus/Native/DBusWakeupMainFunction.cs",
        "RootDir": "/",
        "Filename": "DBusWakeupMainFunction",
        "Extension": ".cs",
        "RelativeDir": "../../external/Avalonia.DBus/src/Avalonia.DBus/Native/",
        "Directory": "workspace/team-c/c3-admin-symbol-errors-validation/framework/CUI/vendor/Avalonia/external/Avalonia.DBus/src/Avalonia.DBus/Native/",
        "RecursiveDir": "Native/",
        "ModifiedTime": "",
        "CreatedTime": "",
        "AccessedTime": "",
        "DefiningProjectFullPath": "/workspace/team-c/c3-admin-symbol-errors-validation/framework/CUI/vendor/Avalonia/src/Avalonia.FreeDesktop.AtSpi/Avalonia.FreeDesktop.AtSpi.csproj",
        "DefiningProjectDirectory": "/workspace/team-c/c3-admin-symbol-errors-validation/framework/CUI/vendor/Avalonia/src/Avalonia.FreeDesktop.AtSpi/",
        "DefiningProjectName": "Avalonia.FreeDesktop.AtSpi",
        "DefiningProjectExtension": ".csproj"
      },
      {
        "Identity": "../../external/Avalonia.DBus/src/Avalonia.DBus/Native/DBusWatch.cs",
        "LinkBase": "Avalonia.DBus/",
        "Link": "Avalonia.DBus/Native/DBusWatch.cs",
        "FullPath": "/workspace/team-c/c3-admin-symbol-errors-validation/framework/CUI/vendor/Avalonia/external/Avalonia.DBus/src/Avalonia.DBus/Native/DBusWatch.cs",
        "RootDir": "/",
        "Filename": "DBusWatch",
        "Extension": ".cs",
        "RelativeDir": "../../external/Avalonia.DBus/src/Avalonia.DBus/Native/",
        "Directory": "workspace/team-c/c3-admin-symbol-errors-validation/framework/CUI/vendor/Avalonia/external/Avalonia.DBus/src/Avalonia.DBus/Native/",
        "RecursiveDir": "Native/",
        "ModifiedTime": "",
        "CreatedTime": "",
        "AccessedTime": "",
        "DefiningProjectFullPath": "/workspace/team-c/c3-admin-symbol-errors-validation/framework/CUI/vendor/Avalonia/src/Avalonia.FreeDesktop.AtSpi/Avalonia.FreeDesktop.AtSpi.csproj",
        "DefiningProjectDirectory": "/workspace/team-c/c3-admin-symbol-errors-validation/framework/CUI/vendor/Avalonia/src/Avalonia.FreeDesktop.AtSpi/",
        "DefiningProjectName": "Avalonia.FreeDesktop.AtSpi",
        "DefiningProjectExtension": ".csproj"
      },
      {
        "Identity": "../../external/Avalonia.DBus/src/Avalonia.DBus/Native/DBusWatchFlags.cs",
        "LinkBase": "Avalonia.DBus/",
        "Link": "Avalonia.DBus/Native/DBusWatchFlags.cs",
        "FullPath": "/workspace/team-c/c3-admin-symbol-errors-validation/framework/CUI/vendor/Avalonia/external/Avalonia.DBus/src/Avalonia.DBus/Native/DBusWatchFlags.cs",
        "RootDir": "/",
        "Filename": "DBusWatchFlags",
        "Extension": ".cs",
        "RelativeDir": "../../external/Avalonia.DBus/src/Avalonia.DBus/Native/",
        "Directory": "workspace/team-c/c3-admin-symbol-errors-validation/framework/CUI/vendor/Avalonia/external/Avalonia.DBus/src/Avalonia.DBus/Native/",
        "RecursiveDir": "Native/",
        "ModifiedTime": "",
        "CreatedTime": "",
        "AccessedTime": "",
        "DefiningProjectFullPath": "/workspace/team-c/c3-admin-symbol-errors-validation/framework/CUI/vendor/Avalonia/src/Avalonia.FreeDesktop.AtSpi/Avalonia.FreeDesktop.AtSpi.csproj",
        "DefiningProjectDirectory": "/workspace/team-c/c3-admin-symbol-errors-validation/framework/CUI/vendor/Avalonia/src/Avalonia.FreeDesktop.AtSpi/",
        "DefiningProjectName": "Avalonia.FreeDesktop.AtSpi",
        "DefiningProjectExtension": ".csproj"
      },
      {
        "Identity": "../../external/Avalonia.DBus/src/Avalonia.DBus/Native/DBusWatchToggledFunction.cs",
        "LinkBase": "Avalonia.DBus/",
        "Link": "Avalonia.DBus/Native/DBusWatchToggledFunction.cs",
        "FullPath": "/workspace/team-c/c3-admin-symbol-errors-validation/framework/CUI/vendor/Avalonia/external/Avalonia.DBus/src/Avalonia.DBus/Native/DBusWatchToggledFunction.cs",
        "RootDir": "/",
        "Filename": "DBusWatchToggledFunction",
        "Extension": ".cs",
        "RelativeDir": "../../external/Avalonia.DBus/src/Avalonia.DBus/Native/",
        "Directory": "workspace/team-c/c3-admin-symbol-errors-validation/framework/CUI/vendor/Avalonia/external/Avalonia.DBus/src/Avalonia.DBus/Native/",
        "RecursiveDir": "Native/",
        "ModifiedTime": "",
        "CreatedTime": "",
        "AccessedTime": "",
        "DefiningProjectFullPath": "/workspace/team-c/c3-admin-symbol-errors-validation/framework/CUI/vendor/Avalonia/src/Avalonia.FreeDesktop.AtSpi/Avalonia.FreeDesktop.AtSpi.csproj",
        "DefiningProjectDirectory": "/workspace/team-c/c3-admin-symbol-errors-validation/framework/CUI/vendor/Avalonia/src/Avalonia.FreeDesktop.AtSpi/",
        "DefiningProjectName": "Avalonia.FreeDesktop.AtSpi",
        "DefiningProjectExtension": ".csproj"
      },
      {
        "Identity": "../../external/Avalonia.DBus/src/Avalonia.DBus/Native/LibDbus.cs",
        "LinkBase": "Avalonia.DBus/",
        "Link": "Avalonia.DBus/Native/LibDbus.cs",
        "FullPath": "/workspace/team-c/c3-admin-symbol-errors-validation/framework/CUI/vendor/Avalonia/external/Avalonia.DBus/src/Avalonia.DBus/Native/LibDbus.cs",
        "RootDir": "/",
        "Filename": "LibDbus",
        "Extension": ".cs",
        "RelativeDir": "../../external/Avalonia.DBus/src/Avalonia.DBus/Native/",
        "Directory": "workspace/team-c/c3-admin-symbol-errors-validation/framework/CUI/vendor/Avalonia/external/Avalonia.DBus/src/Avalonia.DBus/Native/",
        "RecursiveDir": "Native/",
        "ModifiedTime": "",
        "CreatedTime": "",
        "AccessedTime": "",
        "DefiningProjectFullPath": "/workspace/team-c/c3-admin-symbol-errors-validation/framework/CUI/vendor/Avalonia/src/Avalonia.FreeDesktop.AtSpi/Avalonia.FreeDesktop.AtSpi.csproj",
        "DefiningProjectDirectory": "/workspace/team-c/c3-admin-symbol-errors-validation/framework/CUI/vendor/Avalonia/src/Avalonia.FreeDesktop.AtSpi/",
        "DefiningProjectName": "Avalonia.FreeDesktop.AtSpi",
        "DefiningProjectExtension": ".csproj"
      },
      {
        "Identity": "../../external/Avalonia.DBus/src/Avalonia.DBus/Native/NativeAnnotationAttribute.cs",
        "LinkBase": "Avalonia.DBus/",
        "Link": "Avalonia.DBus/Native/NativeAnnotationAttribute.cs",
        "FullPath": "/workspace/team-c/c3-admin-symbol-errors-validation/framework/CUI/vendor/Avalonia/external/Avalonia.DBus/src/Avalonia.DBus/Native/NativeAnnotationAttribute.cs",
        "RootDir": "/",
        "Filename": "NativeAnnotationAttribute",
        "Extension": ".cs",
        "RelativeDir": "../../external/Avalonia.DBus/src/Avalonia.DBus/Native/",
        "Directory": "workspace/team-c/c3-admin-symbol-errors-validation/framework/CUI/vendor/Avalonia/external/Avalonia.DBus/src/Avalonia.DBus/Native/",
        "RecursiveDir": "Native/",
        "ModifiedTime": "",
        "CreatedTime": "",
        "AccessedTime": "",
        "DefiningProjectFullPath": "/workspace/team-c/c3-admin-symbol-errors-validation/framework/CUI/vendor/Avalonia/src/Avalonia.FreeDesktop.AtSpi/Avalonia.FreeDesktop.AtSpi.csproj",
        "DefiningProjectDirectory": "/workspace/team-c/c3-admin-symbol-errors-validation/framework/CUI/vendor/Avalonia/src/Avalonia.FreeDesktop.AtSpi/",
        "DefiningProjectName": "Avalonia.FreeDesktop.AtSpi",
        "DefiningProjectExtension": ".csproj"
      },
      {
        "Identity": "../../external/Avalonia.DBus/src/Avalonia.DBus/Native/NativeTypeNameAttribute.cs",
        "LinkBase": "Avalonia.DBus/",
        "Link": "Avalonia.DBus/Native/NativeTypeNameAttribute.cs",
        "FullPath": "/workspace/team-c/c3-admin-symbol-errors-validation/framework/CUI/vendor/Avalonia/external/Avalonia.DBus/src/Avalonia.DBus/Native/NativeTypeNameAttribute.cs",
        "RootDir": "/",
        "Filename": "NativeTypeNameAttribute",
        "Extension": ".cs",
        "RelativeDir": "../../external/Avalonia.DBus/src/Avalonia.DBus/Native/",
        "Directory": "workspace/team-c/c3-admin-symbol-errors-validation/framework/CUI/vendor/Avalonia/external/Avalonia.DBus/src/Avalonia.DBus/Native/",
        "RecursiveDir": "Native/",
        "ModifiedTime": "",
        "CreatedTime": "",
        "AccessedTime": "",
        "DefiningProjectFullPath": "/workspace/team-c/c3-admin-symbol-errors-validation/framework/CUI/vendor/Avalonia/src/Avalonia.FreeDesktop.AtSpi/Avalonia.FreeDesktop.AtSpi.csproj",
        "DefiningProjectDirectory": "/workspace/team-c/c3-admin-symbol-errors-validation/framework/CUI/vendor/Avalonia/src/Avalonia.FreeDesktop.AtSpi/",
        "DefiningProjectName": "Avalonia.FreeDesktop.AtSpi",
        "DefiningProjectExtension": ".csproj"
      },
      {
        "Identity": "../../external/Avalonia.DBus/src/Avalonia.DBus/Native/__va_list.cs",
        "LinkBase": "Avalonia.DBus/",
        "Link": "Avalonia.DBus/Native/__va_list.cs",
        "FullPath": "/workspace/team-c/c3-admin-symbol-errors-validation/framework/CUI/vendor/Avalonia/external/Avalonia.DBus/src/Avalonia.DBus/Native/__va_list.cs",
        "RootDir": "/",
        "Filename": "__va_list",
        "Extension": ".cs",
        "RelativeDir": "../../external/Avalonia.DBus/src/Avalonia.DBus/Native/",
        "Directory": "workspace/team-c/c3-admin-symbol-errors-validation/framework/CUI/vendor/Avalonia/external/Avalonia.DBus/src/Avalonia.DBus/Native/",
        "RecursiveDir": "Native/",
        "ModifiedTime": "",
        "CreatedTime": "",
        "AccessedTime": "",
        "DefiningProjectFullPath": "/workspace/team-c/c3-admin-symbol-errors-validation/framework/CUI/vendor/Avalonia/src/Avalonia.FreeDesktop.AtSpi/Avalonia.FreeDesktop.AtSpi.csproj",
        "DefiningProjectDirectory": "/workspace/team-c/c3-admin-symbol-errors-validation/framework/CUI/vendor/Avalonia/src/Avalonia.FreeDesktop.AtSpi/",
        "DefiningProjectName": "Avalonia.FreeDesktop.AtSpi",
        "DefiningProjectExtension": ".csproj"
      },
      {
        "Identity": "../../external/Avalonia.DBus/src/Avalonia.DBus/Native/__va_list_tag.cs",
        "LinkBase": "Avalonia.DBus/",
        "Link": "Avalonia.DBus/Native/__va_list_tag.cs",
        "FullPath": "/workspace/team-c/c3-admin-symbol-errors-validation/framework/CUI/vendor/Avalonia/external/Avalonia.DBus/src/Avalonia.DBus/Native/__va_list_tag.cs",
        "RootDir": "/",
        "Filename": "__va_list_tag",
        "Extension": ".cs",
        "RelativeDir": "../../external/Avalonia.DBus/src/Avalonia.DBus/Native/",
        "Directory": "workspace/team-c/c3-admin-symbol-errors-validation/framework/CUI/vendor/Avalonia/external/Avalonia.DBus/src/Avalonia.DBus/Native/",
        "RecursiveDir": "Native/",
        "ModifiedTime": "",
        "CreatedTime": "",
        "AccessedTime": "",
        "DefiningProjectFullPath": "/workspace/team-c/c3-admin-symbol-errors-validation/framework/CUI/vendor/Avalonia/src/Avalonia.FreeDesktop.AtSpi/Avalonia.FreeDesktop.AtSpi.csproj",
        "DefiningProjectDirectory": "/workspace/team-c/c3-admin-symbol-errors-validation/framework/CUI/vendor/Avalonia/src/Avalonia.FreeDesktop.AtSpi/",
        "DefiningProjectName": "Avalonia.FreeDesktop.AtSpi",
        "DefiningProjectExtension": ".csproj"
      },
      {
        "Identity": "../../external/Avalonia.DBus/src/Avalonia.DBus/ObjectHandlerKey.cs",
        "LinkBase": "Avalonia.DBus/",
        "Link": "Avalonia.DBus/ObjectHandlerKey.cs",
        "FullPath": "/workspace/team-c/c3-admin-symbol-errors-validation/framework/CUI/vendor/Avalonia/external/Avalonia.DBus/src/Avalonia.DBus/ObjectHandlerKey.cs",
        "RootDir": "/",
        "Filename": "ObjectHandlerKey",
        "Extension": ".cs",
        "RelativeDir": "../../external/Avalonia.DBus/src/Avalonia.DBus/",
        "Directory": "workspace/team-c/c3-admin-symbol-errors-validation/framework/CUI/vendor/Avalonia/external/Avalonia.DBus/src/Avalonia.DBus/",
        "RecursiveDir": "",
        "ModifiedTime": "",
        "CreatedTime": "",
        "AccessedTime": "",
        "DefiningProjectFullPath": "/workspace/team-c/c3-admin-symbol-errors-validation/framework/CUI/vendor/Avalonia/src/Avalonia.FreeDesktop.AtSpi/Avalonia.FreeDesktop.AtSpi.csproj",
        "DefiningProjectDirectory": "/workspace/team-c/c3-admin-symbol-errors-validation/framework/CUI/vendor/Avalonia/src/Avalonia.FreeDesktop.AtSpi/",
        "DefiningProjectName": "Avalonia.FreeDesktop.AtSpi",
        "DefiningProjectExtension": ".csproj"
      },
      {
        "Identity": "../../external/Avalonia.DBus/src/Avalonia.DBus/OrgFreedesktopDBusProxy.cs",
        "LinkBase": "Avalonia.DBus/",
        "Link": "Avalonia.DBus/OrgFreedesktopDBusProxy.cs",
        "FullPath": "/workspace/team-c/c3-admin-symbol-errors-validation/framework/CUI/vendor/Avalonia/external/Avalonia.DBus/src/Avalonia.DBus/OrgFreedesktopDBusProxy.cs",
        "RootDir": "/",
        "Filename": "OrgFreedesktopDBusProxy",
        "Extension": ".cs",
        "RelativeDir": "../../external/Avalonia.DBus/src/Avalonia.DBus/",
        "Directory": "workspace/team-c/c3-admin-symbol-errors-validation/framework/CUI/vendor/Avalonia/external/Avalonia.DBus/src/Avalonia.DBus/",
        "RecursiveDir": "",
        "ModifiedTime": "",
        "CreatedTime": "",
        "AccessedTime": "",
        "DefiningProjectFullPath": "/workspace/team-c/c3-admin-symbol-errors-validation/framework/CUI/vendor/Avalonia/src/Avalonia.FreeDesktop.AtSpi/Avalonia.FreeDesktop.AtSpi.csproj",
        "DefiningProjectDirectory": "/workspace/team-c/c3-admin-symbol-errors-validation/framework/CUI/vendor/Avalonia/src/Avalonia.FreeDesktop.AtSpi/",
        "DefiningProjectName": "Avalonia.FreeDesktop.AtSpi",
        "DefiningProjectExtension": ".csproj"
      },
      {
        "Identity": "../../external/Avalonia.DBus/src/Avalonia.DBus/Platform/IPosixPoll.cs",
        "LinkBase": "Avalonia.DBus/",
        "Link": "Avalonia.DBus/Platform/IPosixPoll.cs",
        "FullPath": "/workspace/team-c/c3-admin-symbol-errors-validation/framework/CUI/vendor/Avalonia/external/Avalonia.DBus/src/Avalonia.DBus/Platform/IPosixPoll.cs",
        "RootDir": "/",
        "Filename": "IPosixPoll",
        "Extension": ".cs",
        "RelativeDir": "../../external/Avalonia.DBus/src/Avalonia.DBus/Platform/",
        "Directory": "workspace/team-c/c3-admin-symbol-errors-validation/framework/CUI/vendor/Avalonia/external/Avalonia.DBus/src/Avalonia.DBus/Platform/",
        "RecursiveDir": "Platform/",
        "ModifiedTime": "",
        "CreatedTime": "",
        "AccessedTime": "",
        "DefiningProjectFullPath": "/workspace/team-c/c3-admin-symbol-errors-validation/framework/CUI/vendor/Avalonia/src/Avalonia.FreeDesktop.AtSpi/Avalonia.FreeDesktop.AtSpi.csproj",
        "DefiningProjectDirectory": "/workspace/team-c/c3-admin-symbol-errors-validation/framework/CUI/vendor/Avalonia/src/Avalonia.FreeDesktop.AtSpi/",
        "DefiningProjectName": "Avalonia.FreeDesktop.AtSpi",
        "DefiningProjectExtension": ".csproj"
      },
      {
        "Identity": "../../external/Avalonia.DBus/src/Avalonia.DBus/Platform/LinuxPosixPoll.cs",
        "LinkBase": "Avalonia.DBus/",
        "Link": "Avalonia.DBus/Platform/LinuxPosixPoll.cs",
        "FullPath": "/workspace/team-c/c3-admin-symbol-errors-validation/framework/CUI/vendor/Avalonia/external/Avalonia.DBus/src/Avalonia.DBus/Platform/LinuxPosixPoll.cs",
        "RootDir": "/",
        "Filename": "LinuxPosixPoll",
        "Extension": ".cs",
        "RelativeDir": "../../external/Avalonia.DBus/src/Avalonia.DBus/Platform/",
        "Directory": "workspace/team-c/c3-admin-symbol-errors-validation/framework/CUI/vendor/Avalonia/external/Avalonia.DBus/src/Avalonia.DBus/Platform/",
        "RecursiveDir": "Platform/",
        "ModifiedTime": "",
        "CreatedTime": "",
        "AccessedTime": "",
        "DefiningProjectFullPath": "/workspace/team-c/c3-admin-symbol-errors-validation/framework/CUI/vendor/Avalonia/src/Avalonia.FreeDesktop.AtSpi/Avalonia.FreeDesktop.AtSpi.csproj",
        "DefiningProjectDirectory": "/workspace/team-c/c3-admin-symbol-errors-validation/framework/CUI/vendor/Avalonia/src/Avalonia.FreeDesktop.AtSpi/",
        "DefiningProjectName": "Avalonia.FreeDesktop.AtSpi",
        "DefiningProjectExtension": ".csproj"
      },
      {
        "Identity": "../../external/Avalonia.DBus/src/Avalonia.DBus/Platform/MacOSPosixPoll.cs",
        "LinkBase": "Avalonia.DBus/",
        "Link": "Avalonia.DBus/Platform/MacOSPosixPoll.cs",
        "FullPath": "/workspace/team-c/c3-admin-symbol-errors-validation/framework/CUI/vendor/Avalonia/external/Avalonia.DBus/src/Avalonia.DBus/Platform/MacOSPosixPoll.cs",
        "RootDir": "/",
        "Filename": "MacOSPosixPoll",
        "Extension": ".cs",
        "RelativeDir": "../../external/Avalonia.DBus/src/Avalonia.DBus/Platform/",
        "Directory": "workspace/team-c/c3-admin-symbol-errors-validation/framework/CUI/vendor/Avalonia/external/Avalonia.DBus/src/Avalonia.DBus/Platform/",
        "RecursiveDir": "Platform/",
        "ModifiedTime": "",
        "CreatedTime": "",
        "AccessedTime": "",
        "DefiningProjectFullPath": "/workspace/team-c/c3-admin-symbol-errors-validation/framework/CUI/vendor/Avalonia/src/Avalonia.FreeDesktop.AtSpi/Avalonia.FreeDesktop.AtSpi.csproj",
        "DefiningProjectDirectory": "/workspace/team-c/c3-admin-symbol-errors-validation/framework/CUI/vendor/Avalonia/src/Avalonia.FreeDesktop.AtSpi/",
        "DefiningProjectName": "Avalonia.FreeDesktop.AtSpi",
        "DefiningProjectExtension": ".csproj"
      },
      {
        "Identity": "../../external/Avalonia.DBus/src/Avalonia.DBus/Platform/PosixPollFactory.cs",
        "LinkBase": "Avalonia.DBus/",
        "Link": "Avalonia.DBus/Platform/PosixPollFactory.cs",
        "FullPath": "/workspace/team-c/c3-admin-symbol-errors-validation/framework/CUI/vendor/Avalonia/external/Avalonia.DBus/src/Avalonia.DBus/Platform/PosixPollFactory.cs",
        "RootDir": "/",
        "Filename": "PosixPollFactory",
        "Extension": ".cs",
        "RelativeDir": "../../external/Avalonia.DBus/src/Avalonia.DBus/Platform/",
        "Directory": "workspace/team-c/c3-admin-symbol-errors-validation/framework/CUI/vendor/Avalonia/external/Avalonia.DBus/src/Avalonia.DBus/Platform/",
        "RecursiveDir": "Platform/",
        "ModifiedTime": "",
        "CreatedTime": "",
        "AccessedTime": "",
        "DefiningProjectFullPath": "/workspace/team-c/c3-admin-symbol-errors-validation/framework/CUI/vendor/Avalonia/src/Avalonia.FreeDesktop.AtSpi/Avalonia.FreeDesktop.AtSpi.csproj",
        "DefiningProjectDirectory": "/workspace/team-c/c3-admin-symbol-errors-validation/framework/CUI/vendor/Avalonia/src/Avalonia.FreeDesktop.AtSpi/",
        "DefiningProjectName": "Avalonia.FreeDesktop.AtSpi",
        "DefiningProjectExtension": ".csproj"
      },
      {
        "Identity": "../../external/Avalonia.DBus/src/Avalonia.DBus/PollEvents.cs",
        "LinkBase": "Avalonia.DBus/",
        "Link": "Avalonia.DBus/PollEvents.cs",
        "FullPath": "/workspace/team-c/c3-admin-symbol-errors-validation/framework/CUI/vendor/Avalonia/external/Avalonia.DBus/src/Avalonia.DBus/PollEvents.cs",
        "RootDir": "/",
        "Filename": "PollEvents",
        "Extension": ".cs",
        "RelativeDir": "../../external/Avalonia.DBus/src/Avalonia.DBus/",
        "Directory": "workspace/team-c/c3-admin-symbol-errors-validation/framework/CUI/vendor/Avalonia/external/Avalonia.DBus/src/Avalonia.DBus/",
        "RecursiveDir": "",
        "ModifiedTime": "",
        "CreatedTime": "",
        "AccessedTime": "",
        "DefiningProjectFullPath": "/workspace/team-c/c3-admin-symbol-errors-validation/framework/CUI/vendor/Avalonia/src/Avalonia.FreeDesktop.AtSpi/Avalonia.FreeDesktop.AtSpi.csproj",
        "DefiningProjectDirectory": "/workspace/team-c/c3-admin-symbol-errors-validation/framework/CUI/vendor/Avalonia/src/Avalonia.FreeDesktop.AtSpi/",
        "DefiningProjectName": "Avalonia.FreeDesktop.AtSpi",
        "DefiningProjectExtension": ".csproj"
      },
      {
        "Identity": "../../external/Avalonia.DBus/src/Avalonia.DBus/PollFd.cs",
        "LinkBase": "Avalonia.DBus/",
        "Link": "Avalonia.DBus/PollFd.cs",
        "FullPath": "/workspace/team-c/c3-admin-symbol-errors-validation/framework/CUI/vendor/Avalonia/external/Avalonia.DBus/src/Avalonia.DBus/PollFd.cs",
        "RootDir": "/",
        "Filename": "PollFd",
        "Extension": ".cs",
        "RelativeDir": "../../external/Avalonia.DBus/src/Avalonia.DBus/",
        "Directory": "workspace/team-c/c3-admin-symbol-errors-validation/framework/CUI/vendor/Avalonia/external/Avalonia.DBus/src/Avalonia.DBus/",
        "RecursiveDir": "",
        "ModifiedTime": "",
        "CreatedTime": "",
        "AccessedTime": "",
        "DefiningProjectFullPath": "/workspace/team-c/c3-admin-symbol-errors-validation/framework/CUI/vendor/Avalonia/src/Avalonia.FreeDesktop.AtSpi/Avalonia.FreeDesktop.AtSpi.csproj",
        "DefiningProjectDirectory": "/workspace/team-c/c3-admin-symbol-errors-validation/framework/CUI/vendor/Avalonia/src/Avalonia.FreeDesktop.AtSpi/",
        "DefiningProjectName": "Avalonia.FreeDesktop.AtSpi",
        "DefiningProjectExtension": ".csproj"
      },
      {
        "Identity": "../../external/Avalonia.DBus/src/Avalonia.DBus/Transport/DBusTransport.cs",
        "LinkBase": "Avalonia.DBus/",
        "Link": "Avalonia.DBus/Transport/DBusTransport.cs",
        "FullPath": "/workspace/team-c/c3-admin-symbol-errors-validation/framework/CUI/vendor/Avalonia/external/Avalonia.DBus/src/Avalonia.DBus/Transport/DBusTransport.cs",
        "RootDir": "/",
        "Filename": "DBusTransport",
        "Extension": ".cs",
        "RelativeDir": "../../external/Avalonia.DBus/src/Avalonia.DBus/Transport/",
        "Directory": "workspace/team-c/c3-admin-symbol-errors-validation/framework/CUI/vendor/Avalonia/external/Avalonia.DBus/src/Avalonia.DBus/Transport/",
        "RecursiveDir": "Transport/",
        "ModifiedTime": "",
        "CreatedTime": "",
        "AccessedTime": "",
        "DefiningProjectFullPath": "/workspace/team-c/c3-admin-symbol-errors-validation/framework/CUI/vendor/Avalonia/src/Avalonia.FreeDesktop.AtSpi/Avalonia.FreeDesktop.AtSpi.csproj",
        "DefiningProjectDirectory": "/workspace/team-c/c3-admin-symbol-errors-validation/framework/CUI/vendor/Avalonia/src/Avalonia.FreeDesktop.AtSpi/",
        "DefiningProjectName": "Avalonia.FreeDesktop.AtSpi",
        "DefiningProjectExtension": ".csproj"
      },
      {
        "Identity": "../../external/Avalonia.DBus/src/Avalonia.DBus/Transport/UnixSocketDBusTransport.cs",
        "LinkBase": "Avalonia.DBus/",
        "Link": "Avalonia.DBus/Transport/UnixSocketDBusTransport.cs",
        "FullPath": "/workspace/team-c/c3-admin-symbol-errors-validation/framework/CUI/vendor/Avalonia/external/Avalonia.DBus/src/Avalonia.DBus/Transport/UnixSocketDBusTransport.cs",
        "RootDir": "/",
        "Filename": "UnixSocketDBusTransport",
        "Extension": ".cs",
        "RelativeDir": "../../external/Avalonia.DBus/src/Avalonia.DBus/Transport/",
        "Directory": "workspace/team-c/c3-admin-symbol-errors-validation/framework/CUI/vendor/Avalonia/external/Avalonia.DBus/src/Avalonia.DBus/Transport/",
        "RecursiveDir": "Transport/",
        "ModifiedTime": "",
        "CreatedTime": "",
        "AccessedTime": "",
        "DefiningProjectFullPath": "/workspace/team-c/c3-admin-symbol-errors-validation/framework/CUI/vendor/Avalonia/src/Avalonia.FreeDesktop.AtSpi/Avalonia.FreeDesktop.AtSpi.csproj",
        "DefiningProjectDirectory": "/workspace/team-c/c3-admin-symbol-errors-validation/framework/CUI/vendor/Avalonia/src/Avalonia.FreeDesktop.AtSpi/",
        "DefiningProjectName": "Avalonia.FreeDesktop.AtSpi",
        "DefiningProjectExtension": ".csproj"
      },
      {
        "Identity": "../../external/Avalonia.DBus/src/Avalonia.DBus/TrySetPropertyFactory.cs",
        "LinkBase": "Avalonia.DBus/",
        "Link": "Avalonia.DBus/TrySetPropertyFactory.cs",
        "FullPath": "/workspace/team-c/c3-admin-symbol-errors-validation/framework/CUI/vendor/Avalonia/external/Avalonia.DBus/src/Avalonia.DBus/TrySetPropertyFactory.cs",
        "RootDir": "/",
        "Filename": "TrySetPropertyFactory",
        "Extension": ".cs",
        "RelativeDir": "../../external/Avalonia.DBus/src/Avalonia.DBus/",
        "Directory": "workspace/team-c/c3-admin-symbol-errors-validation/framework/CUI/vendor/Avalonia/external/Avalonia.DBus/src/Avalonia.DBus/",
        "RecursiveDir": "",
        "ModifiedTime": "",
        "CreatedTime": "",
        "AccessedTime": "",
        "DefiningProjectFullPath": "/workspace/team-c/c3-admin-symbol-errors-validation/framework/CUI/vendor/Avalonia/src/Avalonia.FreeDesktop.AtSpi/Avalonia.FreeDesktop.AtSpi.csproj",
        "DefiningProjectDirectory": "/workspace/team-c/c3-admin-symbol-errors-validation/framework/CUI/vendor/Avalonia/src/Avalonia.FreeDesktop.AtSpi/",
        "DefiningProjectName": "Avalonia.FreeDesktop.AtSpi",
        "DefiningProjectExtension": ".csproj"
      },
      {
        "Identity": "../../external/Avalonia.DBus/src/Avalonia.DBus/Utf8String.cs",
        "LinkBase": "Avalonia.DBus/",
        "Link": "Avalonia.DBus/Utf8String.cs",
        "FullPath": "/workspace/team-c/c3-admin-symbol-errors-validation/framework/CUI/vendor/Avalonia/external/Avalonia.DBus/src/Avalonia.DBus/Utf8String.cs",
        "RootDir": "/",
        "Filename": "Utf8String",
        "Extension": ".cs",
        "RelativeDir": "../../external/Avalonia.DBus/src/Avalonia.DBus/",
        "Directory": "workspace/team-c/c3-admin-symbol-errors-validation/framework/CUI/vendor/Avalonia/external/Avalonia.DBus/src/Avalonia.DBus/",
        "RecursiveDir": "",
        "ModifiedTime": "",
        "CreatedTime": "",
        "AccessedTime": "",
        "DefiningProjectFullPath": "/workspace/team-c/c3-admin-symbol-errors-validation/framework/CUI/vendor/Avalonia/src/Avalonia.FreeDesktop.AtSpi/Avalonia.FreeDesktop.AtSpi.csproj",
        "DefiningProjectDirectory": "/workspace/team-c/c3-admin-symbol-errors-validation/framework/CUI/vendor/Avalonia/src/Avalonia.FreeDesktop.AtSpi/",
        "DefiningProjectName": "Avalonia.FreeDesktop.AtSpi",
        "DefiningProjectExtension": ".csproj"
      },
      {
        "Identity": "../../external/Avalonia.DBus/src/Avalonia.DBus/WakeupFd.cs",
        "LinkBase": "Avalonia.DBus/",
        "Link": "Avalonia.DBus/WakeupFd.cs",
        "FullPath": "/workspace/team-c/c3-admin-symbol-errors-validation/framework/CUI/vendor/Avalonia/external/Avalonia.DBus/src/Avalonia.DBus/WakeupFd.cs",
        "RootDir": "/",
        "Filename": "WakeupFd",
        "Extension": ".cs",
        "RelativeDir": "../../external/Avalonia.DBus/src/Avalonia.DBus/",
        "Directory": "workspace/team-c/c3-admin-symbol-errors-validation/framework/CUI/vendor/Avalonia/external/Avalonia.DBus/src/Avalonia.DBus/",
        "RecursiveDir": "",
        "ModifiedTime": "",
        "CreatedTime": "",
        "AccessedTime": "",
        "DefiningProjectFullPath": "/workspace/team-c/c3-admin-symbol-errors-validation/framework/CUI/vendor/Avalonia/src/Avalonia.FreeDesktop.AtSpi/Avalonia.FreeDesktop.AtSpi.csproj",
        "DefiningProjectDirectory": "/workspace/team-c/c3-admin-symbol-errors-validation/framework/CUI/vendor/Avalonia/src/Avalonia.FreeDesktop.AtSpi/",
        "DefiningProjectName": "Avalonia.FreeDesktop.AtSpi",
        "DefiningProjectExtension": ".csproj"
      },
      {
        "Identity": "../../external/Avalonia.DBus/src/Avalonia.DBus/WriteIntrospectionXmlFactory.cs",
        "LinkBase": "Avalonia.DBus/",
        "Link": "Avalonia.DBus/WriteIntrospectionXmlFactory.cs",
        "FullPath": "/workspace/team-c/c3-admin-symbol-errors-validation/framework/CUI/vendor/Avalonia/external/Avalonia.DBus/src/Avalonia.DBus/WriteIntrospectionXmlFactory.cs",
        "RootDir": "/",
        "Filename": "WriteIntrospectionXmlFactory",
        "Extension": ".cs",
        "RelativeDir": "../../external/Avalonia.DBus/src/Avalonia.DBus/",
        "Directory": "workspace/team-c/c3-admin-symbol-errors-validation/framework/CUI/vendor/Avalonia/external/Avalonia.DBus/src/Avalonia.DBus/",
        "RecursiveDir": "",
        "ModifiedTime": "",
        "CreatedTime": "",
        "AccessedTime": "",
        "DefiningProjectFullPath": "/workspace/team-c/c3-admin-symbol-errors-validation/framework/CUI/vendor/Avalonia/src/Avalonia.FreeDesktop.AtSpi/Avalonia.FreeDesktop.AtSpi.csproj",
        "DefiningProjectDirectory": "/workspace/team-c/c3-admin-symbol-errors-validation/framework/CUI/vendor/Avalonia/src/Avalonia.FreeDesktop.AtSpi/",
        "DefiningProjectName": "Avalonia.FreeDesktop.AtSpi",
        "DefiningProjectExtension": ".csproj"
      },
      {
        "Identity": "../Avalonia.Controls/Utils/StringUtils.cs",
        "Link": "Shared/StringUtils.cs",
        "FullPath": "/workspace/team-c/c3-admin-symbol-errors-validation/framework/CUI/vendor/Avalonia/src/Avalonia.Controls/Utils/StringUtils.cs",
        "RootDir": "/",
        "Filename": "StringUtils",
        "Extension": ".cs",
        "RelativeDir": "../Avalonia.Controls/Utils/",
        "Directory": "workspace/team-c/c3-admin-symbol-errors-validation/framework/CUI/vendor/Avalonia/src/Avalonia.Controls/Utils/",
        "RecursiveDir": "",
        "ModifiedTime": "",
        "CreatedTime": "",
        "AccessedTime": "",
        "DefiningProjectFullPath": "/workspace/team-c/c3-admin-symbol-errors-validation/framework/CUI/vendor/Avalonia/src/Avalonia.FreeDesktop.AtSpi/Avalonia.FreeDesktop.AtSpi.csproj",
        "DefiningProjectDirectory": "/workspace/team-c/c3-admin-symbol-errors-validation/framework/CUI/vendor/Avalonia/src/Avalonia.FreeDesktop.AtSpi/",
        "DefiningProjectName": "Avalonia.FreeDesktop.AtSpi",
        "DefiningProjectExtension": ".csproj"
      },
      {
        "Identity": "/workspace/team-c/c3-admin-symbol-errors-validation/artifacts/root14-managed-build/obj/Avalonia.FreeDesktop.AtSpi/debug_net10.0_linux-x64/.NETCoreApp,Version=v10.0.AssemblyAttributes.cs",
        "FullPath": "/workspace/team-c/c3-admin-symbol-errors-validation/artifacts/root14-managed-build/obj/Avalonia.FreeDesktop.AtSpi/debug_net10.0_linux-x64/.NETCoreApp,Version=v10.0.AssemblyAttributes.cs",
        "RootDir": "/",
        "Filename": ".NETCoreApp,Version=v10.0.AssemblyAttributes",
        "Extension": ".cs",
        "RelativeDir": "/workspace/team-c/c3-admin-symbol-errors-validation/artifacts/root14-managed-build/obj/Avalonia.FreeDesktop.AtSpi/debug_net10.0_linux-x64/",
        "Directory": "workspace/team-c/c3-admin-symbol-errors-validation/artifacts/root14-managed-build/obj/Avalonia.FreeDesktop.AtSpi/debug_net10.0_linux-x64/",
        "RecursiveDir": "",
        "ModifiedTime": "2026-10-03 22:50:02.8549073",
        "CreatedTime": "2026-10-03 22:50:02.8549073",
        "AccessedTime": "2026-10-03 22:50:03.0548831",
        "DefiningProjectFullPath": "/workspace/.tools/dotnet/sdk/10.0.401/Microsoft.Common.CurrentVersion.targets",
        "DefiningProjectDirectory": "/workspace/.tools/dotnet/sdk/10.0.401/",
        "DefiningProjectName": "Microsoft.Common.CurrentVersion",
        "DefiningProjectExtension": ".targets"
      },
      {
        "Identity": "/workspace/team-c/c3-admin-symbol-errors-validation/artifacts/root14-managed-build/obj/Avalonia.FreeDesktop.AtSpi/debug_net10.0_linux-x64/Avalonia.FreeDesktop.AtSpi.AssemblyInfo.cs",
        "FullPath": "/workspace/team-c/c3-admin-symbol-errors-validation/artifacts/root14-managed-build/obj/Avalonia.FreeDesktop.AtSpi/debug_net10.0_linux-x64/Avalonia.FreeDesktop.AtSpi.AssemblyInfo.cs",
        "RootDir": "/",
        "Filename": "Avalonia.FreeDesktop.AtSpi.AssemblyInfo",
        "Extension": ".cs",
        "RelativeDir": "/workspace/team-c/c3-admin-symbol-errors-validation/artifacts/root14-managed-build/obj/Avalonia.FreeDesktop.AtSpi/debug_net10.0_linux-x64/",
        "Directory": "workspace/team-c/c3-admin-symbol-errors-validation/artifacts/root14-managed-build/obj/Avalonia.FreeDesktop.AtSpi/debug_net10.0_linux-x64/",
        "RecursiveDir": "",
        "ModifiedTime": "2026-10-03 22:50:02.8581033",
        "CreatedTime": "2026-10-03 22:50:02.8581033",
        "AccessedTime": "2026-10-03 22:50:03.0548831",
        "DefiningProjectFullPath": "/workspace/.tools/dotnet/sdk/10.0.401/Sdks/Microsoft.NET.Sdk/targets/Microsoft.NET.GenerateAssemblyInfo.targets",
        "DefiningProjectDirectory": "/workspace/.tools/dotnet/sdk/10.0.401/Sdks/Microsoft.NET.Sdk/targets/",
        "DefiningProjectName": "Microsoft.NET.GenerateAssemblyInfo",
        "DefiningProjectExtension": ".targets"
      }
    ]
  }
}
