{
  "Properties": {
    "MSBuildProjectFullPath": "/workspace/team-c/c3-admin-symbol-errors-validation/framework/CUI/vendor/Avalonia/src/Avalonia.Controls/Avalonia.Controls.csproj",
    "MSBuildProjectName": "Avalonia.Controls",
    "AssemblyName": "Avalonia.Controls",
    "TargetPath": "/workspace/team-c/c3-admin-symbol-errors-validation/artifacts/root14-managed-build/bin/Avalonia.Controls/debug_net10.0_linux-x64/Avalonia.Controls.dll",
    "OutputPath": "/workspace/team-c/c3-admin-symbol-errors-validation/artifacts/root14-managed-build/bin/Avalonia.Controls/debug_net10.0_linux-x64/",
    "Configuration": "Debug",
    "TargetFramework": "net10.0",
    "ProjectAssetsFile": "/workspace/team-c/c3-admin-symbol-errors-validation/artifacts/root14-managed-build/obj/Avalonia.Controls/project.assets.json",
    "MSBuildProjectExtensionsPath": "/workspace/team-c/c3-admin-symbol-errors-validation/artifacts/root14-managed-build/obj/Avalonia.Controls/",
    "AvaloniaBuildTasksLocation": "/workspace/team-c/c3-admin-symbol-errors-validation/artifacts/root14-host-build-tasks/bin/Avalonia.Build.Tasks/debug/Avalonia.Build.Tasks.dll",
    "EmitCompilerGeneratedFiles": "true",
    "IntermediateOutputPath": "/workspace/team-c/c3-admin-symbol-errors-validation/artifacts/root14-managed-build/obj/Avalonia.Controls/debug_net10.0_linux-x64/",
    "CompilerGeneratedFilesOutputPath": "/workspace/team-c/c3-admin-symbol-errors-validation/artifacts/root14-managed-build/obj/Avalonia.Controls/debug_net10.0_linux-x64//generated",
    "ArtifactsPath": "/workspace/team-c/c3-admin-symbol-errors-validation/artifacts/root14-managed-build",
    "ArtifactsProjectName": "Avalonia.Controls",
    "BaseIntermediateOutputPath": "/workspace/team-c/c3-admin-symbol-errors-validation/artifacts/root14-managed-build/obj/Avalonia.Controls/"
  },
  "Items": {
    "Compile": [
      {
        "Identity": "AcrylicPlatformCompensationLevels.cs",
        "FullPath": "/workspace/team-c/c3-admin-symbol-errors-validation/framework/CUI/vendor/Avalonia/src/Avalonia.Controls/AcrylicPlatformCompensationLevels.cs",
        "RootDir": "/",
        "Filename": "AcrylicPlatformCompensationLevels",
        "Extension": ".cs",
        "RelativeDir": "",
        "Directory": "workspace/team-c/c3-admin-symbol-errors-validation/framework/CUI/vendor/Avalonia/src/Avalonia.Controls/",
        "RecursiveDir": "",
        "ModifiedTime": "",
        "CreatedTime": "",
        "AccessedTime": "",
        "DefiningProjectFullPath": "/workspace/.tools/dotnet/sdk/10.0.401/Sdks/Microsoft.NET.Sdk/targets/Microsoft.NET.Sdk.DefaultItems.props",
        "DefiningProjectDirectory": "/workspace/.tools/dotnet/sdk/10.0.401/Sdks/Microsoft.NET.Sdk/targets/",
        "DefiningProjectName": "Microsoft.NET.Sdk.DefaultItems",
        "DefiningProjectExtension": ".props"
      },
      {
        "Identity": "Animation/ConnectedAnimation.cs",
        "FullPath": "/workspace/team-c/c3-admin-symbol-errors-validation/framework/CUI/vendor/Avalonia/src/Avalonia.Controls/Animation/ConnectedAnimation.cs",
        "RootDir": "/",
        "Filename": "ConnectedAnimation",
        "Extension": ".cs",
        "RelativeDir": "Animation/",
        "Directory": "workspace/team-c/c3-admin-symbol-errors-validation/framework/CUI/vendor/Avalonia/src/Avalonia.Controls/Animation/",
        "RecursiveDir": "Animation/",
        "ModifiedTime": "",
        "CreatedTime": "",
        "AccessedTime": "",
        "DefiningProjectFullPath": "/workspace/.tools/dotnet/sdk/10.0.401/Sdks/Microsoft.NET.Sdk/targets/Microsoft.NET.Sdk.DefaultItems.props",
        "DefiningProjectDirectory": "/workspace/.tools/dotnet/sdk/10.0.401/Sdks/Microsoft.NET.Sdk/targets/",
        "DefiningProjectName": "Microsoft.NET.Sdk.DefaultItems",
        "DefiningProjectExtension": ".props"
      },
      {
        "Identity": "Animation/ConnectedAnimationConfiguration.cs",
        "FullPath": "/workspace/team-c/c3-admin-symbol-errors-validation/framework/CUI/vendor/Avalonia/src/Avalonia.Controls/Animation/ConnectedAnimationConfiguration.cs",
        "RootDir": "/",
        "Filename": "ConnectedAnimationConfiguration",
        "Extension": ".cs",
        "RelativeDir": "Animation/",
        "Directory": "workspace/team-c/c3-admin-symbol-errors-validation/framework/CUI/vendor/Avalonia/src/Avalonia.Controls/Animation/",
        "RecursiveDir": "Animation/",
        "ModifiedTime": "",
        "CreatedTime": "",
        "AccessedTime": "",
        "DefiningProjectFullPath": "/workspace/.tools/dotnet/sdk/10.0.401/Sdks/Microsoft.NET.Sdk/targets/Microsoft.NET.Sdk.DefaultItems.props",
        "DefiningProjectDirectory": "/workspace/.tools/dotnet/sdk/10.0.401/Sdks/Microsoft.NET.Sdk/targets/",
        "DefiningProjectName": "Microsoft.NET.Sdk.DefaultItems",
        "DefiningProjectExtension": ".props"
      },
      {
        "Identity": "Animation/ConnectedAnimationService.cs",
        "FullPath": "/workspace/team-c/c3-admin-symbol-errors-validation/framework/CUI/vendor/Avalonia/src/Avalonia.Controls/Animation/ConnectedAnimationService.cs",
        "RootDir": "/",
        "Filename": "ConnectedAnimationService",
        "Extension": ".cs",
        "RelativeDir": "Animation/",
        "Directory": "workspace/team-c/c3-admin-symbol-errors-validation/framework/CUI/vendor/Avalonia/src/Avalonia.Controls/Animation/",
        "RecursiveDir": "Animation/",
        "ModifiedTime": "",
        "CreatedTime": "",
        "AccessedTime": "",
        "DefiningProjectFullPath": "/workspace/.tools/dotnet/sdk/10.0.401/Sdks/Microsoft.NET.Sdk/targets/Microsoft.NET.Sdk.DefaultItems.props",
        "DefiningProjectDirectory": "/workspace/.tools/dotnet/sdk/10.0.401/Sdks/Microsoft.NET.Sdk/targets/",
        "DefiningProjectName": "Microsoft.NET.Sdk.DefaultItems",
        "DefiningProjectExtension": ".props"
      },
      {
        "Identity": "AppBuilder.cs",
        "FullPath": "/workspace/team-c/c3-admin-symbol-errors-validation/framework/CUI/vendor/Avalonia/src/Avalonia.Controls/AppBuilder.cs",
        "RootDir": "/",
        "Filename": "AppBuilder",
        "Extension": ".cs",
        "RelativeDir": "",
        "Directory": "workspace/team-c/c3-admin-symbol-errors-validation/framework/CUI/vendor/Avalonia/src/Avalonia.Controls/",
        "RecursiveDir": "",
        "ModifiedTime": "",
        "CreatedTime": "",
        "AccessedTime": "",
        "DefiningProjectFullPath": "/workspace/.tools/dotnet/sdk/10.0.401/Sdks/Microsoft.NET.Sdk/targets/Microsoft.NET.Sdk.DefaultItems.props",
        "DefiningProjectDirectory": "/workspace/.tools/dotnet/sdk/10.0.401/Sdks/Microsoft.NET.Sdk/targets/",
        "DefiningProjectName": "Microsoft.NET.Sdk.DefaultItems",
        "DefiningProjectExtension": ".props"
      },
      {
        "Identity": "Application.cs",
        "FullPath": "/workspace/team-c/c3-admin-symbol-errors-validation/framework/CUI/vendor/Avalonia/src/Avalonia.Controls/Application.cs",
        "RootDir": "/",
        "Filename": "Application",
        "Extension": ".cs",
        "RelativeDir": "",
        "Directory": "workspace/team-c/c3-admin-symbol-errors-validation/framework/CUI/vendor/Avalonia/src/Avalonia.Controls/",
        "RecursiveDir": "",
        "ModifiedTime": "",
        "CreatedTime": "",
        "AccessedTime": "",
        "DefiningProjectFullPath": "/workspace/.tools/dotnet/sdk/10.0.401/Sdks/Microsoft.NET.Sdk/targets/Microsoft.NET.Sdk.DefaultItems.props",
        "DefiningProjectDirectory": "/workspace/.tools/dotnet/sdk/10.0.401/Sdks/Microsoft.NET.Sdk/targets/",
        "DefiningProjectName": "Microsoft.NET.Sdk.DefaultItems",
        "DefiningProjectExtension": ".props"
      },
      {
        "Identity": "ApplicationLifetimes/ActivatableLifetimeBase.cs",
        "FullPath": "/workspace/team-c/c3-admin-symbol-errors-validation/framework/CUI/vendor/Avalonia/src/Avalonia.Controls/ApplicationLifetimes/ActivatableLifetimeBase.cs",
        "RootDir": "/",
        "Filename": "ActivatableLifetimeBase",
        "Extension": ".cs",
        "RelativeDir": "ApplicationLifetimes/",
        "Directory": "workspace/team-c/c3-admin-symbol-errors-validation/framework/CUI/vendor/Avalonia/src/Avalonia.Controls/ApplicationLifetimes/",
        "RecursiveDir": "ApplicationLifetimes/",
        "ModifiedTime": "",
        "CreatedTime": "",
        "AccessedTime": "",
        "DefiningProjectFullPath": "/workspace/.tools/dotnet/sdk/10.0.401/Sdks/Microsoft.NET.Sdk/targets/Microsoft.NET.Sdk.DefaultItems.props",
        "DefiningProjectDirectory": "/workspace/.tools/dotnet/sdk/10.0.401/Sdks/Microsoft.NET.Sdk/targets/",
        "DefiningProjectName": "Microsoft.NET.Sdk.DefaultItems",
        "DefiningProjectExtension": ".props"
      },
      {
        "Identity": "ApplicationLifetimes/ActivatedEventArgs.cs",
        "FullPath": "/workspace/team-c/c3-admin-symbol-errors-validation/framework/CUI/vendor/Avalonia/src/Avalonia.Controls/ApplicationLifetimes/ActivatedEventArgs.cs",
        "RootDir": "/",
        "Filename": "ActivatedEventArgs",
        "Extension": ".cs",
        "RelativeDir": "ApplicationLifetimes/",
        "Directory": "workspace/team-c/c3-admin-symbol-errors-validation/framework/CUI/vendor/Avalonia/src/Avalonia.Controls/ApplicationLifetimes/",
        "RecursiveDir": "ApplicationLifetimes/",
        "ModifiedTime": "",
        "CreatedTime": "",
        "AccessedTime": "",
        "DefiningProjectFullPath": "/workspace/.tools/dotnet/sdk/10.0.401/Sdks/Microsoft.NET.Sdk/targets/Microsoft.NET.Sdk.DefaultItems.props",
        "DefiningProjectDirectory": "/workspace/.tools/dotnet/sdk/10.0.401/Sdks/Microsoft.NET.Sdk/targets/",
        "DefiningProjectName": "Microsoft.NET.Sdk.DefaultItems",
        "DefiningProjectExtension": ".props"
      },
      {
        "Identity": "ApplicationLifetimes/ActivationKind.cs",
        "FullPath": "/workspace/team-c/c3-admin-symbol-errors-validation/framework/CUI/vendor/Avalonia/src/Avalonia.Controls/ApplicationLifetimes/ActivationKind.cs",
        "RootDir": "/",
        "Filename": "ActivationKind",
        "Extension": ".cs",
        "RelativeDir": "ApplicationLifetimes/",
        "Directory": "workspace/team-c/c3-admin-symbol-errors-validation/framework/CUI/vendor/Avalonia/src/Avalonia.Controls/ApplicationLifetimes/",
        "RecursiveDir": "ApplicationLifetimes/",
        "ModifiedTime": "",
        "CreatedTime": "",
        "AccessedTime": "",
        "DefiningProjectFullPath": "/workspace/.tools/dotnet/sdk/10.0.401/Sdks/Microsoft.NET.Sdk/targets/Microsoft.NET.Sdk.DefaultItems.props",
        "DefiningProjectDirectory": "/workspace/.tools/dotnet/sdk/10.0.401/Sdks/Microsoft.NET.Sdk/targets/",
        "DefiningProjectName": "Microsoft.NET.Sdk.DefaultItems",
        "DefiningProjectExtension": ".props"
      },
      {
        "Identity": "ApplicationLifetimes/ClassicDesktopStyleApplicationLifetime.cs",
        "FullPath": "/workspace/team-c/c3-admin-symbol-errors-validation/framework/CUI/vendor/Avalonia/src/Avalonia.Controls/ApplicationLifetimes/ClassicDesktopStyleApplicationLifetime.cs",
        "RootDir": "/",
        "Filename": "ClassicDesktopStyleApplicationLifetime",
        "Extension": ".cs",
        "RelativeDir": "ApplicationLifetimes/",
        "Directory": "workspace/team-c/c3-admin-symbol-errors-validation/framework/CUI/vendor/Avalonia/src/Avalonia.Controls/ApplicationLifetimes/",
        "RecursiveDir": "ApplicationLifetimes/",
        "ModifiedTime": "",
        "CreatedTime": "",
        "AccessedTime": "",
        "DefiningProjectFullPath": "/workspace/.tools/dotnet/sdk/10.0.401/Sdks/Microsoft.NET.Sdk/targets/Microsoft.NET.Sdk.DefaultItems.props",
        "DefiningProjectDirectory": "/workspace/.tools/dotnet/sdk/10.0.401/Sdks/Microsoft.NET.Sdk/targets/",
        "DefiningProjectName": "Microsoft.NET.Sdk.DefaultItems",
        "DefiningProjectExtension": ".props"
      },
      {
        "Identity": "ApplicationLifetimes/ControlledApplicationLifetimeExitEventArgs.cs",
        "FullPath": "/workspace/team-c/c3-admin-symbol-errors-validation/framework/CUI/vendor/Avalonia/src/Avalonia.Controls/ApplicationLifetimes/ControlledApplicationLifetimeExitEventArgs.cs",
        "RootDir": "/",
        "Filename": "ControlledApplicationLifetimeExitEventArgs",
        "Extension": ".cs",
        "RelativeDir": "ApplicationLifetimes/",
        "Directory": "workspace/team-c/c3-admin-symbol-errors-validation/framework/CUI/vendor/Avalonia/src/Avalonia.Controls/ApplicationLifetimes/",
        "RecursiveDir": "ApplicationLifetimes/",
        "ModifiedTime": "",
        "CreatedTime": "",
        "AccessedTime": "",
        "DefiningProjectFullPath": "/workspace/.tools/dotnet/sdk/10.0.401/Sdks/Microsoft.NET.Sdk/targets/Microsoft.NET.Sdk.DefaultItems.props",
        "DefiningProjectDirectory": "/workspace/.tools/dotnet/sdk/10.0.401/Sdks/Microsoft.NET.Sdk/targets/",
        "DefiningProjectName": "Microsoft.NET.Sdk.DefaultItems",
        "DefiningProjectExtension": ".props"
      },
      {
        "Identity": "ApplicationLifetimes/FileActivatedEventArgs.cs",
        "FullPath": "/workspace/team-c/c3-admin-symbol-errors-validation/framework/CUI/vendor/Avalonia/src/Avalonia.Controls/ApplicationLifetimes/FileActivatedEventArgs.cs",
        "RootDir": "/",
        "Filename": "FileActivatedEventArgs",
        "Extension": ".cs",
        "RelativeDir": "ApplicationLifetimes/",
        "Directory": "workspace/team-c/c3-admin-symbol-errors-validation/framework/CUI/vendor/Avalonia/src/Avalonia.Controls/ApplicationLifetimes/",
        "RecursiveDir": "ApplicationLifetimes/",
        "ModifiedTime": "",
        "CreatedTime": "",
        "AccessedTime": "",
        "DefiningProjectFullPath": "/workspace/.tools/dotnet/sdk/10.0.401/Sdks/Microsoft.NET.Sdk/targets/Microsoft.NET.Sdk.DefaultItems.props",
        "DefiningProjectDirectory": "/workspace/.tools/dotnet/sdk/10.0.401/Sdks/Microsoft.NET.Sdk/targets/",
        "DefiningProjectName": "Microsoft.NET.Sdk.DefaultItems",
        "DefiningProjectExtension": ".props"
      },
      {
        "Identity": "ApplicationLifetimes/IActivatableApplicationLifetime.cs",
        "FullPath": "/workspace/team-c/c3-admin-symbol-errors-validation/framework/CUI/vendor/Avalonia/src/Avalonia.Controls/ApplicationLifetimes/IActivatableApplicationLifetime.cs",
        "RootDir": "/",
        "Filename": "IActivatableApplicationLifetime",
        "Extension": ".cs",
        "RelativeDir": "ApplicationLifetimes/",
        "Directory": "workspace/team-c/c3-admin-symbol-errors-validation/framework/CUI/vendor/Avalonia/src/Avalonia.Controls/ApplicationLifetimes/",
        "RecursiveDir": "ApplicationLifetimes/",
        "ModifiedTime": "",
        "CreatedTime": "",
        "AccessedTime": "",
        "DefiningProjectFullPath": "/workspace/.tools/dotnet/sdk/10.0.401/Sdks/Microsoft.NET.Sdk/targets/Microsoft.NET.Sdk.DefaultItems.props",
        "DefiningProjectDirectory": "/workspace/.tools/dotnet/sdk/10.0.401/Sdks/Microsoft.NET.Sdk/targets/",
        "DefiningProjectName": "Microsoft.NET.Sdk.DefaultItems",
        "DefiningProjectExtension": ".props"
      },
      {
        "Identity": "ApplicationLifetimes/IActivityApplicationLifetime.cs",
        "FullPath": "/workspace/team-c/c3-admin-symbol-errors-validation/framework/CUI/vendor/Avalonia/src/Avalonia.Controls/ApplicationLifetimes/IActivityApplicationLifetime.cs",
        "RootDir": "/",
        "Filename": "IActivityApplicationLifetime",
        "Extension": ".cs",
        "RelativeDir": "ApplicationLifetimes/",
        "Directory": "workspace/team-c/c3-admin-symbol-errors-validation/framework/CUI/vendor/Avalonia/src/Avalonia.Controls/ApplicationLifetimes/",
        "RecursiveDir": "ApplicationLifetimes/",
        "ModifiedTime": "",
        "CreatedTime": "",
        "AccessedTime": "",
        "DefiningProjectFullPath": "/workspace/.tools/dotnet/sdk/10.0.401/Sdks/Microsoft.NET.Sdk/targets/Microsoft.NET.Sdk.DefaultItems.props",
        "DefiningProjectDirectory": "/workspace/.tools/dotnet/sdk/10.0.401/Sdks/Microsoft.NET.Sdk/targets/",
        "DefiningProjectName": "Microsoft.NET.Sdk.DefaultItems",
        "DefiningProjectExtension": ".props"
      },
      {
        "Identity": "ApplicationLifetimes/IApplicationLifetime.cs",
        "FullPath": "/workspace/team-c/c3-admin-symbol-errors-validation/framework/CUI/vendor/Avalonia/src/Avalonia.Controls/ApplicationLifetimes/IApplicationLifetime.cs",
        "RootDir": "/",
        "Filename": "IApplicationLifetime",
        "Extension": ".cs",
        "RelativeDir": "ApplicationLifetimes/",
        "Directory": "workspace/team-c/c3-admin-symbol-errors-validation/framework/CUI/vendor/Avalonia/src/Avalonia.Controls/ApplicationLifetimes/",
        "RecursiveDir": "ApplicationLifetimes/",
        "ModifiedTime": "",
        "CreatedTime": "",
        "AccessedTime": "",
        "DefiningProjectFullPath": "/workspace/.tools/dotnet/sdk/10.0.401/Sdks/Microsoft.NET.Sdk/targets/Microsoft.NET.Sdk.DefaultItems.props",
        "DefiningProjectDirectory": "/workspace/.tools/dotnet/sdk/10.0.401/Sdks/Microsoft.NET.Sdk/targets/",
        "DefiningProjectName": "Microsoft.NET.Sdk.DefaultItems",
        "DefiningProjectExtension": ".props"
      },
      {
        "Identity": "ApplicationLifetimes/IClassicDesktopStyleApplicationLifetime.cs",
        "FullPath": "/workspace/team-c/c3-admin-symbol-errors-validation/framework/CUI/vendor/Avalonia/src/Avalonia.Controls/ApplicationLifetimes/IClassicDesktopStyleApplicationLifetime.cs",
        "RootDir": "/",
        "Filename": "IClassicDesktopStyleApplicationLifetime",
        "Extension": ".cs",
        "RelativeDir": "ApplicationLifetimes/",
        "Directory": "workspace/team-c/c3-admin-symbol-errors-validation/framework/CUI/vendor/Avalonia/src/Avalonia.Controls/ApplicationLifetimes/",
        "RecursiveDir": "ApplicationLifetimes/",
        "ModifiedTime": "",
        "CreatedTime": "",
        "AccessedTime": "",
        "DefiningProjectFullPath": "/workspace/.tools/dotnet/sdk/10.0.401/Sdks/Microsoft.NET.Sdk/targets/Microsoft.NET.Sdk.DefaultItems.props",
        "DefiningProjectDirectory": "/workspace/.tools/dotnet/sdk/10.0.401/Sdks/Microsoft.NET.Sdk/targets/",
        "DefiningProjectName": "Microsoft.NET.Sdk.DefaultItems",
        "DefiningProjectExtension": ".props"
      },
      {
        "Identity": "ApplicationLifetimes/IControlledApplicationLifetime.cs",
        "FullPath": "/workspace/team-c/c3-admin-symbol-errors-validation/framework/CUI/vendor/Avalonia/src/Avalonia.Controls/ApplicationLifetimes/IControlledApplicationLifetime.cs",
        "RootDir": "/",
        "Filename": "IControlledApplicationLifetime",
        "Extension": ".cs",
        "RelativeDir": "ApplicationLifetimes/",
        "Directory": "workspace/team-c/c3-admin-symbol-errors-validation/framework/CUI/vendor/Avalonia/src/Avalonia.Controls/ApplicationLifetimes/",
        "RecursiveDir": "ApplicationLifetimes/",
        "ModifiedTime": "",
        "CreatedTime": "",
        "AccessedTime": "",
        "DefiningProjectFullPath": "/workspace/.tools/dotnet/sdk/10.0.401/Sdks/Microsoft.NET.Sdk/targets/Microsoft.NET.Sdk.DefaultItems.props",
        "DefiningProjectDirectory": "/workspace/.tools/dotnet/sdk/10.0.401/Sdks/Microsoft.NET.Sdk/targets/",
        "DefiningProjectName": "Microsoft.NET.Sdk.DefaultItems",
        "DefiningProjectExtension": ".props"
      },
      {
        "Identity": "ApplicationLifetimes/ISingleTopLevelApplicationLifetime.cs",
        "FullPath": "/workspace/team-c/c3-admin-symbol-errors-validation/framework/CUI/vendor/Avalonia/src/Avalonia.Controls/ApplicationLifetimes/ISingleTopLevelApplicationLifetime.cs",
        "RootDir": "/",
        "Filename": "ISingleTopLevelApplicationLifetime",
        "Extension": ".cs",
        "RelativeDir": "ApplicationLifetimes/",
        "Directory": "workspace/team-c/c3-admin-symbol-errors-validation/framework/CUI/vendor/Avalonia/src/Avalonia.Controls/ApplicationLifetimes/",
        "RecursiveDir": "ApplicationLifetimes/",
        "ModifiedTime": "",
        "CreatedTime": "",
        "AccessedTime": "",
        "DefiningProjectFullPath": "/workspace/.tools/dotnet/sdk/10.0.401/Sdks/Microsoft.NET.Sdk/targets/Microsoft.NET.Sdk.DefaultItems.props",
        "DefiningProjectDirectory": "/workspace/.tools/dotnet/sdk/10.0.401/Sdks/Microsoft.NET.Sdk/targets/",
        "DefiningProjectName": "Microsoft.NET.Sdk.DefaultItems",
        "DefiningProjectExtension": ".props"
      },
      {
        "Identity": "ApplicationLifetimes/ISingleViewApplicationLifetime.cs",
        "FullPath": "/workspace/team-c/c3-admin-symbol-errors-validation/framework/CUI/vendor/Avalonia/src/Avalonia.Controls/ApplicationLifetimes/ISingleViewApplicationLifetime.cs",
        "RootDir": "/",
        "Filename": "ISingleViewApplicationLifetime",
        "Extension": ".cs",
        "RelativeDir": "ApplicationLifetimes/",
        "Directory": "workspace/team-c/c3-admin-symbol-errors-validation/framework/CUI/vendor/Avalonia/src/Avalonia.Controls/ApplicationLifetimes/",
        "RecursiveDir": "ApplicationLifetimes/",
        "ModifiedTime": "",
        "CreatedTime": "",
        "AccessedTime": "",
        "DefiningProjectFullPath": "/workspace/.tools/dotnet/sdk/10.0.401/Sdks/Microsoft.NET.Sdk/targets/Microsoft.NET.Sdk.DefaultItems.props",
        "DefiningProjectDirectory": "/workspace/.tools/dotnet/sdk/10.0.401/Sdks/Microsoft.NET.Sdk/targets/",
        "DefiningProjectName": "Microsoft.NET.Sdk.DefaultItems",
        "DefiningProjectExtension": ".props"
      },
      {
        "Identity": "ApplicationLifetimes/ProtocolActivatedEventArgs.cs",
        "FullPath": "/workspace/team-c/c3-admin-symbol-errors-validation/framework/CUI/vendor/Avalonia/src/Avalonia.Controls/ApplicationLifetimes/ProtocolActivatedEventArgs.cs",
        "RootDir": "/",
        "Filename": "ProtocolActivatedEventArgs",
        "Extension": ".cs",
        "RelativeDir": "ApplicationLifetimes/",
        "Directory": "workspace/team-c/c3-admin-symbol-errors-validation/framework/CUI/vendor/Avalonia/src/Avalonia.Controls/ApplicationLifetimes/",
        "RecursiveDir": "ApplicationLifetimes/",
        "ModifiedTime": "",
        "CreatedTime": "",
        "AccessedTime": "",
        "DefiningProjectFullPath": "/workspace/.tools/dotnet/sdk/10.0.401/Sdks/Microsoft.NET.Sdk/targets/Microsoft.NET.Sdk.DefaultItems.props",
        "DefiningProjectDirectory": "/workspace/.tools/dotnet/sdk/10.0.401/Sdks/Microsoft.NET.Sdk/targets/",
        "DefiningProjectName": "Microsoft.NET.Sdk.DefaultItems",
        "DefiningProjectExtension": ".props"
      },
      {
        "Identity": "ApplicationLifetimes/ShutdownRequestedEventArgs.cs",
        "FullPath": "/workspace/team-c/c3-admin-symbol-errors-validation/framework/CUI/vendor/Avalonia/src/Avalonia.Controls/ApplicationLifetimes/ShutdownRequestedEventArgs.cs",
        "RootDir": "/",
        "Filename": "ShutdownRequestedEventArgs",
        "Extension": ".cs",
        "RelativeDir": "ApplicationLifetimes/",
        "Directory": "workspace/team-c/c3-admin-symbol-errors-validation/framework/CUI/vendor/Avalonia/src/Avalonia.Controls/ApplicationLifetimes/",
        "RecursiveDir": "ApplicationLifetimes/",
        "ModifiedTime": "",
        "CreatedTime": "",
        "AccessedTime": "",
        "DefiningProjectFullPath": "/workspace/.tools/dotnet/sdk/10.0.401/Sdks/Microsoft.NET.Sdk/targets/Microsoft.NET.Sdk.DefaultItems.props",
        "DefiningProjectDirectory": "/workspace/.tools/dotnet/sdk/10.0.401/Sdks/Microsoft.NET.Sdk/targets/",
        "DefiningProjectName": "Microsoft.NET.Sdk.DefaultItems",
        "DefiningProjectExtension": ".props"
      },
      {
        "Identity": "ApplicationLifetimes/StartupEventArgs.cs",
        "FullPath": "/workspace/team-c/c3-admin-symbol-errors-validation/framework/CUI/vendor/Avalonia/src/Avalonia.Controls/ApplicationLifetimes/StartupEventArgs.cs",
        "RootDir": "/",
        "Filename": "StartupEventArgs",
        "Extension": ".cs",
        "RelativeDir": "ApplicationLifetimes/",
        "Directory": "workspace/team-c/c3-admin-symbol-errors-validation/framework/CUI/vendor/Avalonia/src/Avalonia.Controls/ApplicationLifetimes/",
        "RecursiveDir": "ApplicationLifetimes/",
        "ModifiedTime": "",
        "CreatedTime": "",
        "AccessedTime": "",
        "DefiningProjectFullPath": "/workspace/.tools/dotnet/sdk/10.0.401/Sdks/Microsoft.NET.Sdk/targets/Microsoft.NET.Sdk.DefaultItems.props",
        "DefiningProjectDirectory": "/workspace/.tools/dotnet/sdk/10.0.401/Sdks/Microsoft.NET.Sdk/targets/",
        "DefiningProjectName": "Microsoft.NET.Sdk.DefaultItems",
        "DefiningProjectExtension": ".props"
      },
      {
        "Identity": "AutoCompleteBox/AutoCompleteBox.cs",
        "FullPath": "/workspace/team-c/c3-admin-symbol-errors-validation/framework/CUI/vendor/Avalonia/src/Avalonia.Controls/AutoCompleteBox/AutoCompleteBox.cs",
        "RootDir": "/",
        "Filename": "AutoCompleteBox",
        "Extension": ".cs",
        "RelativeDir": "AutoCompleteBox/",
        "Directory": "workspace/team-c/c3-admin-symbol-errors-validation/framework/CUI/vendor/Avalonia/src/Avalonia.Controls/AutoCompleteBox/",
        "RecursiveDir": "AutoCompleteBox/",
        "ModifiedTime": "",
        "CreatedTime": "",
        "AccessedTime": "",
        "DefiningProjectFullPath": "/workspace/.tools/dotnet/sdk/10.0.401/Sdks/Microsoft.NET.Sdk/targets/Microsoft.NET.Sdk.DefaultItems.props",
        "DefiningProjectDirectory": "/workspace/.tools/dotnet/sdk/10.0.401/Sdks/Microsoft.NET.Sdk/targets/",
        "DefiningProjectName": "Microsoft.NET.Sdk.DefaultItems",
        "DefiningProjectExtension": ".props"
      },
      {
        "Identity": "AutoCompleteBox/AutoCompleteBox.Properties.cs",
        "FullPath": "/workspace/team-c/c3-admin-symbol-errors-validation/framework/CUI/vendor/Avalonia/src/Avalonia.Controls/AutoCompleteBox/AutoCompleteBox.Properties.cs",
        "RootDir": "/",
        "Filename": "AutoCompleteBox.Properties",
        "Extension": ".cs",
        "RelativeDir": "AutoCompleteBox/",
        "Directory": "workspace/team-c/c3-admin-symbol-errors-validation/framework/CUI/vendor/Avalonia/src/Avalonia.Controls/AutoCompleteBox/",
        "RecursiveDir": "AutoCompleteBox/",
        "ModifiedTime": "",
        "CreatedTime": "",
        "AccessedTime": "",
        "DefiningProjectFullPath": "/workspace/.tools/dotnet/sdk/10.0.401/Sdks/Microsoft.NET.Sdk/targets/Microsoft.NET.Sdk.DefaultItems.props",
        "DefiningProjectDirectory": "/workspace/.tools/dotnet/sdk/10.0.401/Sdks/Microsoft.NET.Sdk/targets/",
        "DefiningProjectName": "Microsoft.NET.Sdk.DefaultItems",
        "DefiningProjectExtension": ".props"
      },
      {
        "Identity": "AutoCompleteBox/AutoCompleteFilterMode.cs",
        "FullPath": "/workspace/team-c/c3-admin-symbol-errors-validation/framework/CUI/vendor/Avalonia/src/Avalonia.Controls/AutoCompleteBox/AutoCompleteFilterMode.cs",
        "RootDir": "/",
        "Filename": "AutoCompleteFilterMode",
        "Extension": ".cs",
        "RelativeDir": "AutoCompleteBox/",
        "Directory": "workspace/team-c/c3-admin-symbol-errors-validation/framework/CUI/vendor/Avalonia/src/Avalonia.Controls/AutoCompleteBox/",
        "RecursiveDir": "AutoCompleteBox/",
        "ModifiedTime": "",
        "CreatedTime": "",
        "AccessedTime": "",
        "DefiningProjectFullPath": "/workspace/.tools/dotnet/sdk/10.0.401/Sdks/Microsoft.NET.Sdk/targets/Microsoft.NET.Sdk.DefaultItems.props",
        "DefiningProjectDirectory": "/workspace/.tools/dotnet/sdk/10.0.401/Sdks/Microsoft.NET.Sdk/targets/",
        "DefiningProjectName": "Microsoft.NET.Sdk.DefaultItems",
        "DefiningProjectExtension": ".props"
      },
      {
        "Identity": "AutoCompleteBox/PopulatedEventArgs.cs",
        "FullPath": "/workspace/team-c/c3-admin-symbol-errors-validation/framework/CUI/vendor/Avalonia/src/Avalonia.Controls/AutoCompleteBox/PopulatedEventArgs.cs",
        "RootDir": "/",
        "Filename": "PopulatedEventArgs",
        "Extension": ".cs",
        "RelativeDir": "AutoCompleteBox/",
        "Directory": "workspace/team-c/c3-admin-symbol-errors-validation/framework/CUI/vendor/Avalonia/src/Avalonia.Controls/AutoCompleteBox/",
        "RecursiveDir": "AutoCompleteBox/",
        "ModifiedTime": "",
        "CreatedTime": "",
        "AccessedTime": "",
        "DefiningProjectFullPath": "/workspace/.tools/dotnet/sdk/10.0.401/Sdks/Microsoft.NET.Sdk/targets/Microsoft.NET.Sdk.DefaultItems.props",
        "DefiningProjectDirectory": "/workspace/.tools/dotnet/sdk/10.0.401/Sdks/Microsoft.NET.Sdk/targets/",
        "DefiningProjectName": "Microsoft.NET.Sdk.DefaultItems",
        "DefiningProjectExtension": ".props"
      },
      {
        "Identity": "AutoCompleteBox/PopulatingEventArgs.cs",
        "FullPath": "/workspace/team-c/c3-admin-symbol-errors-validation/framework/CUI/vendor/Avalonia/src/Avalonia.Controls/AutoCompleteBox/PopulatingEventArgs.cs",
        "RootDir": "/",
        "Filename": "PopulatingEventArgs",
        "Extension": ".cs",
        "RelativeDir": "AutoCompleteBox/",
        "Directory": "workspace/team-c/c3-admin-symbol-errors-validation/framework/CUI/vendor/Avalonia/src/Avalonia.Controls/AutoCompleteBox/",
        "RecursiveDir": "AutoCompleteBox/",
        "ModifiedTime": "",
        "CreatedTime": "",
        "AccessedTime": "",
        "DefiningProjectFullPath": "/workspace/.tools/dotnet/sdk/10.0.401/Sdks/Microsoft.NET.Sdk/targets/Microsoft.NET.Sdk.DefaultItems.props",
        "DefiningProjectDirectory": "/workspace/.tools/dotnet/sdk/10.0.401/Sdks/Microsoft.NET.Sdk/targets/",
        "DefiningProjectName": "Microsoft.NET.Sdk.DefaultItems",
        "DefiningProjectExtension": ".props"
      },
      {
        "Identity": "Automation/AutomationElementIdentifiers.cs",
        "FullPath": "/workspace/team-c/c3-admin-symbol-errors-validation/framework/CUI/vendor/Avalonia/src/Avalonia.Controls/Automation/AutomationElementIdentifiers.cs",
        "RootDir": "/",
        "Filename": "AutomationElementIdentifiers",
        "Extension": ".cs",
        "RelativeDir": "Automation/",
        "Directory": "workspace/team-c/c3-admin-symbol-errors-validation/framework/CUI/vendor/Avalonia/src/Avalonia.Controls/Automation/",
        "RecursiveDir": "Automation/",
        "ModifiedTime": "",
        "CreatedTime": "",
        "AccessedTime": "",
        "DefiningProjectFullPath": "/workspace/.tools/dotnet/sdk/10.0.401/Sdks/Microsoft.NET.Sdk/targets/Microsoft.NET.Sdk.DefaultItems.props",
        "DefiningProjectDirectory": "/workspace/.tools/dotnet/sdk/10.0.401/Sdks/Microsoft.NET.Sdk/targets/",
        "DefiningProjectName": "Microsoft.NET.Sdk.DefaultItems",
        "DefiningProjectExtension": ".props"
      },
      {
        "Identity": "Automation/AutomationLiveSetting.cs",
        "FullPath": "/workspace/team-c/c3-admin-symbol-errors-validation/framework/CUI/vendor/Avalonia/src/Avalonia.Controls/Automation/AutomationLiveSetting.cs",
        "RootDir": "/",
        "Filename": "AutomationLiveSetting",
        "Extension": ".cs",
        "RelativeDir": "Automation/",
        "Directory": "workspace/team-c/c3-admin-symbol-errors-validation/framework/CUI/vendor/Avalonia/src/Avalonia.Controls/Automation/",
        "RecursiveDir": "Automation/",
        "ModifiedTime": "",
        "CreatedTime": "",
        "AccessedTime": "",
        "DefiningProjectFullPath": "/workspace/.tools/dotnet/sdk/10.0.401/Sdks/Microsoft.NET.Sdk/targets/Microsoft.NET.Sdk.DefaultItems.props",
        "DefiningProjectDirectory": "/workspace/.tools/dotnet/sdk/10.0.401/Sdks/Microsoft.NET.Sdk/targets/",
        "DefiningProjectName": "Microsoft.NET.Sdk.DefaultItems",
        "DefiningProjectExtension": ".props"
      },
      {
        "Identity": "Automation/AutomationProperties.cs",
        "FullPath": "/workspace/team-c/c3-admin-symbol-errors-validation/framework/CUI/vendor/Avalonia/src/Avalonia.Controls/Automation/AutomationProperties.cs",
        "RootDir": "/",
        "Filename": "AutomationProperties",
        "Extension": ".cs",
        "RelativeDir": "Automation/",
        "Directory": "workspace/team-c/c3-admin-symbol-errors-validation/framework/CUI/vendor/Avalonia/src/Avalonia.Controls/Automation/",
        "RecursiveDir": "Automation/",
        "ModifiedTime": "",
        "CreatedTime": "",
        "AccessedTime": "",
        "DefiningProjectFullPath": "/workspace/.tools/dotnet/sdk/10.0.401/Sdks/Microsoft.NET.Sdk/targets/Microsoft.NET.Sdk.DefaultItems.props",
        "DefiningProjectDirectory": "/workspace/.tools/dotnet/sdk/10.0.401/Sdks/Microsoft.NET.Sdk/targets/",
        "DefiningProjectName": "Microsoft.NET.Sdk.DefaultItems",
        "DefiningProjectExtension": ".props"
      },
      {
        "Identity": "Automation/AutomationProperty.cs",
        "FullPath": "/workspace/team-c/c3-admin-symbol-errors-validation/framework/CUI/vendor/Avalonia/src/Avalonia.Controls/Automation/AutomationProperty.cs",
        "RootDir": "/",
        "Filename": "AutomationProperty",
        "Extension": ".cs",
        "RelativeDir": "Automation/",
        "Directory": "workspace/team-c/c3-admin-symbol-errors-validation/framework/CUI/vendor/Avalonia/src/Avalonia.Controls/Automation/",
        "RecursiveDir": "Automation/",
        "ModifiedTime": "",
        "CreatedTime": "",
        "AccessedTime": "",
        "DefiningProjectFullPath": "/workspace/.tools/dotnet/sdk/10.0.401/Sdks/Microsoft.NET.Sdk/targets/Microsoft.NET.Sdk.DefaultItems.props",
        "DefiningProjectDirectory": "/workspace/.tools/dotnet/sdk/10.0.401/Sdks/Microsoft.NET.Sdk/targets/",
        "DefiningProjectName": "Microsoft.NET.Sdk.DefaultItems",
        "DefiningProjectExtension": ".props"
      },
      {
        "Identity": "Automation/AutomationPropertyChangedEventArgs.cs",
        "FullPath": "/workspace/team-c/c3-admin-symbol-errors-validation/framework/CUI/vendor/Avalonia/src/Avalonia.Controls/Automation/AutomationPropertyChangedEventArgs.cs",
        "RootDir": "/",
        "Filename": "AutomationPropertyChangedEventArgs",
        "Extension": ".cs",
        "RelativeDir": "Automation/",
        "Directory": "workspace/team-c/c3-admin-symbol-errors-validation/framework/CUI/vendor/Avalonia/src/Avalonia.Controls/Automation/",
        "RecursiveDir": "Automation/",
        "ModifiedTime": "",
        "CreatedTime": "",
        "AccessedTime": "",
        "DefiningProjectFullPath": "/workspace/.tools/dotnet/sdk/10.0.401/Sdks/Microsoft.NET.Sdk/targets/Microsoft.NET.Sdk.DefaultItems.props",
        "DefiningProjectDirectory": "/workspace/.tools/dotnet/sdk/10.0.401/Sdks/Microsoft.NET.Sdk/targets/",
        "DefiningProjectName": "Microsoft.NET.Sdk.DefaultItems",
        "DefiningProjectExtension": ".props"
      },
      {
        "Identity": "Automation/ElementNotEnabledException.cs",
        "FullPath": "/workspace/team-c/c3-admin-symbol-errors-validation/framework/CUI/vendor/Avalonia/src/Avalonia.Controls/Automation/ElementNotEnabledException.cs",
        "RootDir": "/",
        "Filename": "ElementNotEnabledException",
        "Extension": ".cs",
        "RelativeDir": "Automation/",
        "Directory": "workspace/team-c/c3-admin-symbol-errors-validation/framework/CUI/vendor/Avalonia/src/Avalonia.Controls/Automation/",
        "RecursiveDir": "Automation/",
        "ModifiedTime": "",
        "CreatedTime": "",
        "AccessedTime": "",
        "DefiningProjectFullPath": "/workspace/.tools/dotnet/sdk/10.0.401/Sdks/Microsoft.NET.Sdk/targets/Microsoft.NET.Sdk.DefaultItems.props",
        "DefiningProjectDirectory": "/workspace/.tools/dotnet/sdk/10.0.401/Sdks/Microsoft.NET.Sdk/targets/",
        "DefiningProjectName": "Microsoft.NET.Sdk.DefaultItems",
        "DefiningProjectExtension": ".props"
      },
      {
        "Identity": "Automation/ExpandCollapsePatternIdentifiers.cs",
        "FullPath": "/workspace/team-c/c3-admin-symbol-errors-validation/framework/CUI/vendor/Avalonia/src/Avalonia.Controls/Automation/ExpandCollapsePatternIdentifiers.cs",
        "RootDir": "/",
        "Filename": "ExpandCollapsePatternIdentifiers",
        "Extension": ".cs",
        "RelativeDir": "Automation/",
        "Directory": "workspace/team-c/c3-admin-symbol-errors-validation/framework/CUI/vendor/Avalonia/src/Avalonia.Controls/Automation/",
        "RecursiveDir": "Automation/",
        "ModifiedTime": "",
        "CreatedTime": "",
        "AccessedTime": "",
        "DefiningProjectFullPath": "/workspace/.tools/dotnet/sdk/10.0.401/Sdks/Microsoft.NET.Sdk/targets/Microsoft.NET.Sdk.DefaultItems.props",
        "DefiningProjectDirectory": "/workspace/.tools/dotnet/sdk/10.0.401/Sdks/Microsoft.NET.Sdk/targets/",
        "DefiningProjectName": "Microsoft.NET.Sdk.DefaultItems",
        "DefiningProjectExtension": ".props"
      },
      {
        "Identity": "Automation/ExpandCollapseState.cs",
        "FullPath": "/workspace/team-c/c3-admin-symbol-errors-validation/framework/CUI/vendor/Avalonia/src/Avalonia.Controls/Automation/ExpandCollapseState.cs",
        "RootDir": "/",
        "Filename": "ExpandCollapseState",
        "Extension": ".cs",
        "RelativeDir": "Automation/",
        "Directory": "workspace/team-c/c3-admin-symbol-errors-validation/framework/CUI/vendor/Avalonia/src/Avalonia.Controls/Automation/",
        "RecursiveDir": "Automation/",
        "ModifiedTime": "",
        "CreatedTime": "",
        "AccessedTime": "",
        "DefiningProjectFullPath": "/workspace/.tools/dotnet/sdk/10.0.401/Sdks/Microsoft.NET.Sdk/targets/Microsoft.NET.Sdk.DefaultItems.props",
        "DefiningProjectDirectory": "/workspace/.tools/dotnet/sdk/10.0.401/Sdks/Microsoft.NET.Sdk/targets/",
        "DefiningProjectName": "Microsoft.NET.Sdk.DefaultItems",
        "DefiningProjectExtension": ".props"
      },
      {
        "Identity": "Automation/IsOffscreenBehavior.cs",
        "FullPath": "/workspace/team-c/c3-admin-symbol-errors-validation/framework/CUI/vendor/Avalonia/src/Avalonia.Controls/Automation/IsOffscreenBehavior.cs",
        "RootDir": "/",
        "Filename": "IsOffscreenBehavior",
        "Extension": ".cs",
        "RelativeDir": "Automation/",
        "Directory": "workspace/team-c/c3-admin-symbol-errors-validation/framework/CUI/vendor/Avalonia/src/Avalonia.Controls/Automation/",
        "RecursiveDir": "Automation/",
        "ModifiedTime": "",
        "CreatedTime": "",
        "AccessedTime": "",
        "DefiningProjectFullPath": "/workspace/.tools/dotnet/sdk/10.0.401/Sdks/Microsoft.NET.Sdk/targets/Microsoft.NET.Sdk.DefaultItems.props",
        "DefiningProjectDirectory": "/workspace/.tools/dotnet/sdk/10.0.401/Sdks/Microsoft.NET.Sdk/targets/",
        "DefiningProjectName": "Microsoft.NET.Sdk.DefaultItems",
        "DefiningProjectExtension": ".props"
      },
      {
        "Identity": "Automation/Peers/AutomationPeer.cs",
        "FullPath": "/workspace/team-c/c3-admin-symbol-errors-validation/framework/CUI/vendor/Avalonia/src/Avalonia.Controls/Automation/Peers/AutomationPeer.cs",
        "RootDir": "/",
        "Filename": "AutomationPeer",
        "Extension": ".cs",
        "RelativeDir": "Automation/Peers/",
        "Directory": "workspace/team-c/c3-admin-symbol-errors-validation/framework/CUI/vendor/Avalonia/src/Avalonia.Controls/Automation/Peers/",
        "RecursiveDir": "Automation/Peers/",
        "ModifiedTime": "",
        "CreatedTime": "",
        "AccessedTime": "",
        "DefiningProjectFullPath": "/workspace/.tools/dotnet/sdk/10.0.401/Sdks/Microsoft.NET.Sdk/targets/Microsoft.NET.Sdk.DefaultItems.props",
        "DefiningProjectDirectory": "/workspace/.tools/dotnet/sdk/10.0.401/Sdks/Microsoft.NET.Sdk/targets/",
        "DefiningProjectName": "Microsoft.NET.Sdk.DefaultItems",
        "DefiningProjectExtension": ".props"
      },
      {
        "Identity": "Automation/Peers/ButtonAutomationPeer.cs",
        "FullPath": "/workspace/team-c/c3-admin-symbol-errors-validation/framework/CUI/vendor/Avalonia/src/Avalonia.Controls/Automation/Peers/ButtonAutomationPeer.cs",
        "RootDir": "/",
        "Filename": "ButtonAutomationPeer",
        "Extension": ".cs",
        "RelativeDir": "Automation/Peers/",
        "Directory": "workspace/team-c/c3-admin-symbol-errors-validation/framework/CUI/vendor/Avalonia/src/Avalonia.Controls/Automation/Peers/",
        "RecursiveDir": "Automation/Peers/",
        "ModifiedTime": "",
        "CreatedTime": "",
        "AccessedTime": "",
        "DefiningProjectFullPath": "/workspace/.tools/dotnet/sdk/10.0.401/Sdks/Microsoft.NET.Sdk/targets/Microsoft.NET.Sdk.DefaultItems.props",
        "DefiningProjectDirectory": "/workspace/.tools/dotnet/sdk/10.0.401/Sdks/Microsoft.NET.Sdk/targets/",
        "DefiningProjectName": "Microsoft.NET.Sdk.DefaultItems",
        "DefiningProjectExtension": ".props"
      },
      {
        "Identity": "Automation/Peers/CarouselPageAutomationPeer.cs",
        "FullPath": "/workspace/team-c/c3-admin-symbol-errors-validation/framework/CUI/vendor/Avalonia/src/Avalonia.Controls/Automation/Peers/CarouselPageAutomationPeer.cs",
        "RootDir": "/",
        "Filename": "CarouselPageAutomationPeer",
        "Extension": ".cs",
        "RelativeDir": "Automation/Peers/",
        "Directory": "workspace/team-c/c3-admin-symbol-errors-validation/framework/CUI/vendor/Avalonia/src/Avalonia.Controls/Automation/Peers/",
        "RecursiveDir": "Automation/Peers/",
        "ModifiedTime": "",
        "CreatedTime": "",
        "AccessedTime": "",
        "DefiningProjectFullPath": "/workspace/.tools/dotnet/sdk/10.0.401/Sdks/Microsoft.NET.Sdk/targets/Microsoft.NET.Sdk.DefaultItems.props",
        "DefiningProjectDirectory": "/workspace/.tools/dotnet/sdk/10.0.401/Sdks/Microsoft.NET.Sdk/targets/",
        "DefiningProjectName": "Microsoft.NET.Sdk.DefaultItems",
        "DefiningProjectExtension": ".props"
      },
      {
        "Identity": "Automation/Peers/ComboBoxAutomationPeer.cs",
        "FullPath": "/workspace/team-c/c3-admin-symbol-errors-validation/framework/CUI/vendor/Avalonia/src/Avalonia.Controls/Automation/Peers/ComboBoxAutomationPeer.cs",
        "RootDir": "/",
        "Filename": "ComboBoxAutomationPeer",
        "Extension": ".cs",
        "RelativeDir": "Automation/Peers/",
        "Directory": "workspace/team-c/c3-admin-symbol-errors-validation/framework/CUI/vendor/Avalonia/src/Avalonia.Controls/Automation/Peers/",
        "RecursiveDir": "Automation/Peers/",
        "ModifiedTime": "",
        "CreatedTime": "",
        "AccessedTime": "",
        "DefiningProjectFullPath": "/workspace/.tools/dotnet/sdk/10.0.401/Sdks/Microsoft.NET.Sdk/targets/Microsoft.NET.Sdk.DefaultItems.props",
        "DefiningProjectDirectory": "/workspace/.tools/dotnet/sdk/10.0.401/Sdks/Microsoft.NET.Sdk/targets/",
        "DefiningProjectName": "Microsoft.NET.Sdk.DefaultItems",
        "DefiningProjectExtension": ".props"
      },
      {
        "Identity": "Automation/Peers/ContentControlAutomationPeer.cs",
        "FullPath": "/workspace/team-c/c3-admin-symbol-errors-validation/framework/CUI/vendor/Avalonia/src/Avalonia.Controls/Automation/Peers/ContentControlAutomationPeer.cs",
        "RootDir": "/",
        "Filename": "ContentControlAutomationPeer",
        "Extension": ".cs",
        "RelativeDir": "Automation/Peers/",
        "Directory": "workspace/team-c/c3-admin-symbol-errors-validation/framework/CUI/vendor/Avalonia/src/Avalonia.Controls/Automation/Peers/",
        "RecursiveDir": "Automation/Peers/",
        "ModifiedTime": "",
        "CreatedTime": "",
        "AccessedTime": "",
        "DefiningProjectFullPath": "/workspace/.tools/dotnet/sdk/10.0.401/Sdks/Microsoft.NET.Sdk/targets/Microsoft.NET.Sdk.DefaultItems.props",
        "DefiningProjectDirectory": "/workspace/.tools/dotnet/sdk/10.0.401/Sdks/Microsoft.NET.Sdk/targets/",
        "DefiningProjectName": "Microsoft.NET.Sdk.DefaultItems",
        "DefiningProjectExtension": ".props"
      },
      {
        "Identity": "Automation/Peers/ContentPageAutomationPeer.cs",
        "FullPath": "/workspace/team-c/c3-admin-symbol-errors-validation/framework/CUI/vendor/Avalonia/src/Avalonia.Controls/Automation/Peers/ContentPageAutomationPeer.cs",
        "RootDir": "/",
        "Filename": "ContentPageAutomationPeer",
        "Extension": ".cs",
        "RelativeDir": "Automation/Peers/",
        "Directory": "workspace/team-c/c3-admin-symbol-errors-validation/framework/CUI/vendor/Avalonia/src/Avalonia.Controls/Automation/Peers/",
        "RecursiveDir": "Automation/Peers/",
        "ModifiedTime": "",
        "CreatedTime": "",
        "AccessedTime": "",
        "DefiningProjectFullPath": "/workspace/.tools/dotnet/sdk/10.0.401/Sdks/Microsoft.NET.Sdk/targets/Microsoft.NET.Sdk.DefaultItems.props",
        "DefiningProjectDirectory": "/workspace/.tools/dotnet/sdk/10.0.401/Sdks/Microsoft.NET.Sdk/targets/",
        "DefiningProjectName": "Microsoft.NET.Sdk.DefaultItems",
        "DefiningProjectExtension": ".props"
      },
      {
        "Identity": "Automation/Peers/ControlAutomationPeer.cs",
        "FullPath": "/workspace/team-c/c3-admin-symbol-errors-validation/framework/CUI/vendor/Avalonia/src/Avalonia.Controls/Automation/Peers/ControlAutomationPeer.cs",
        "RootDir": "/",
        "Filename": "ControlAutomationPeer",
        "Extension": ".cs",
        "RelativeDir": "Automation/Peers/",
        "Directory": "workspace/team-c/c3-admin-symbol-errors-validation/framework/CUI/vendor/Avalonia/src/Avalonia.Controls/Automation/Peers/",
        "RecursiveDir": "Automation/Peers/",
        "ModifiedTime": "",
        "CreatedTime": "",
        "AccessedTime": "",
        "DefiningProjectFullPath": "/workspace/.tools/dotnet/sdk/10.0.401/Sdks/Microsoft.NET.Sdk/targets/Microsoft.NET.Sdk.DefaultItems.props",
        "DefiningProjectDirectory": "/workspace/.tools/dotnet/sdk/10.0.401/Sdks/Microsoft.NET.Sdk/targets/",
        "DefiningProjectName": "Microsoft.NET.Sdk.DefaultItems",
        "DefiningProjectExtension": ".props"
      },
      {
        "Identity": "Automation/Peers/DatePickerAutomationPeer.cs",
        "FullPath": "/workspace/team-c/c3-admin-symbol-errors-validation/framework/CUI/vendor/Avalonia/src/Avalonia.Controls/Automation/Peers/DatePickerAutomationPeer.cs",
        "RootDir": "/",
        "Filename": "DatePickerAutomationPeer",
        "Extension": ".cs",
        "RelativeDir": "Automation/Peers/",
        "Directory": "workspace/team-c/c3-admin-symbol-errors-validation/framework/CUI/vendor/Avalonia/src/Avalonia.Controls/Automation/Peers/",
        "RecursiveDir": "Automation/Peers/",
        "ModifiedTime": "",
        "CreatedTime": "",
        "AccessedTime": "",
        "DefiningProjectFullPath": "/workspace/.tools/dotnet/sdk/10.0.401/Sdks/Microsoft.NET.Sdk/targets/Microsoft.NET.Sdk.DefaultItems.props",
        "DefiningProjectDirectory": "/workspace/.tools/dotnet/sdk/10.0.401/Sdks/Microsoft.NET.Sdk/targets/",
        "DefiningProjectName": "Microsoft.NET.Sdk.DefaultItems",
        "DefiningProjectExtension": ".props"
      },
      {
        "Identity": "Automation/Peers/DrawerPageAutomationPeer.cs",
        "FullPath": "/workspace/team-c/c3-admin-symbol-errors-validation/framework/CUI/vendor/Avalonia/src/Avalonia.Controls/Automation/Peers/DrawerPageAutomationPeer.cs",
        "RootDir": "/",
        "Filename": "DrawerPageAutomationPeer",
        "Extension": ".cs",
        "RelativeDir": "Automation/Peers/",
        "Directory": "workspace/team-c/c3-admin-symbol-errors-validation/framework/CUI/vendor/Avalonia/src/Avalonia.Controls/Automation/Peers/",
        "RecursiveDir": "Automation/Peers/",
        "ModifiedTime": "",
        "CreatedTime": "",
        "AccessedTime": "",
        "DefiningProjectFullPath": "/workspace/.tools/dotnet/sdk/10.0.401/Sdks/Microsoft.NET.Sdk/targets/Microsoft.NET.Sdk.DefaultItems.props",
        "DefiningProjectDirectory": "/workspace/.tools/dotnet/sdk/10.0.401/Sdks/Microsoft.NET.Sdk/targets/",
        "DefiningProjectName": "Microsoft.NET.Sdk.DefaultItems",
        "DefiningProjectExtension": ".props"
      },
      {
        "Identity": "Automation/Peers/EmbeddableControlRootAutomationPeer.cs",
        "FullPath": "/workspace/team-c/c3-admin-symbol-errors-validation/framework/CUI/vendor/Avalonia/src/Avalonia.Controls/Automation/Peers/EmbeddableControlRootAutomationPeer.cs",
        "RootDir": "/",
        "Filename": "EmbeddableControlRootAutomationPeer",
        "Extension": ".cs",
        "RelativeDir": "Automation/Peers/",
        "Directory": "workspace/team-c/c3-admin-symbol-errors-validation/framework/CUI/vendor/Avalonia/src/Avalonia.Controls/Automation/Peers/",
        "RecursiveDir": "Automation/Peers/",
        "ModifiedTime": "",
        "CreatedTime": "",
        "AccessedTime": "",
        "DefiningProjectFullPath": "/workspace/.tools/dotnet/sdk/10.0.401/Sdks/Microsoft.NET.Sdk/targets/Microsoft.NET.Sdk.DefaultItems.props",
        "DefiningProjectDirectory": "/workspace/.tools/dotnet/sdk/10.0.401/Sdks/Microsoft.NET.Sdk/targets/",
        "DefiningProjectName": "Microsoft.NET.Sdk.DefaultItems",
        "DefiningProjectExtension": ".props"
      },
      {
        "Identity": "Automation/Peers/ExpanderAutomationPeer.cs",
        "FullPath": "/workspace/team-c/c3-admin-symbol-errors-validation/framework/CUI/vendor/Avalonia/src/Avalonia.Controls/Automation/Peers/ExpanderAutomationPeer.cs",
        "RootDir": "/",
        "Filename": "ExpanderAutomationPeer",
        "Extension": ".cs",
        "RelativeDir": "Automation/Peers/",
        "Directory": "workspace/team-c/c3-admin-symbol-errors-validation/framework/CUI/vendor/Avalonia/src/Avalonia.Controls/Automation/Peers/",
        "RecursiveDir": "Automation/Peers/",
        "ModifiedTime": "",
        "CreatedTime": "",
        "AccessedTime": "",
        "DefiningProjectFullPath": "/workspace/.tools/dotnet/sdk/10.0.401/Sdks/Microsoft.NET.Sdk/targets/Microsoft.NET.Sdk.DefaultItems.props",
        "DefiningProjectDirectory": "/workspace/.tools/dotnet/sdk/10.0.401/Sdks/Microsoft.NET.Sdk/targets/",
        "DefiningProjectName": "Microsoft.NET.Sdk.DefaultItems",
        "DefiningProjectExtension": ".props"
      },
      {
        "Identity": "Automation/Peers/ImageAutomationPeer.cs",
        "FullPath": "/workspace/team-c/c3-admin-symbol-errors-validation/framework/CUI/vendor/Avalonia/src/Avalonia.Controls/Automation/Peers/ImageAutomationPeer.cs",
        "RootDir": "/",
        "Filename": "ImageAutomationPeer",
        "Extension": ".cs",
        "RelativeDir": "Automation/Peers/",
        "Directory": "workspace/team-c/c3-admin-symbol-errors-validation/framework/CUI/vendor/Avalonia/src/Avalonia.Controls/Automation/Peers/",
        "RecursiveDir": "Automation/Peers/",
        "ModifiedTime": "",
        "CreatedTime": "",
        "AccessedTime": "",
        "DefiningProjectFullPath": "/workspace/.tools/dotnet/sdk/10.0.401/Sdks/Microsoft.NET.Sdk/targets/Microsoft.NET.Sdk.DefaultItems.props",
        "DefiningProjectDirectory": "/workspace/.tools/dotnet/sdk/10.0.401/Sdks/Microsoft.NET.Sdk/targets/",
        "DefiningProjectName": "Microsoft.NET.Sdk.DefaultItems",
        "DefiningProjectExtension": ".props"
      },
      {
        "Identity": "Automation/Peers/InteropAutomationPeer.cs",
        "FullPath": "/workspace/team-c/c3-admin-symbol-errors-validation/framework/CUI/vendor/Avalonia/src/Avalonia.Controls/Automation/Peers/InteropAutomationPeer.cs",
        "RootDir": "/",
        "Filename": "InteropAutomationPeer",
        "Extension": ".cs",
        "RelativeDir": "Automation/Peers/",
        "Directory": "workspace/team-c/c3-admin-symbol-errors-validation/framework/CUI/vendor/Avalonia/src/Avalonia.Controls/Automation/Peers/",
        "RecursiveDir": "Automation/Peers/",
        "ModifiedTime": "",
        "CreatedTime": "",
        "AccessedTime": "",
        "DefiningProjectFullPath": "/workspace/.tools/dotnet/sdk/10.0.401/Sdks/Microsoft.NET.Sdk/targets/Microsoft.NET.Sdk.DefaultItems.props",
        "DefiningProjectDirectory": "/workspace/.tools/dotnet/sdk/10.0.401/Sdks/Microsoft.NET.Sdk/targets/",
        "DefiningProjectName": "Microsoft.NET.Sdk.DefaultItems",
        "DefiningProjectExtension": ".props"
      },
      {
        "Identity": "Automation/Peers/ItemsControlAutomationPeer.cs",
        "FullPath": "/workspace/team-c/c3-admin-symbol-errors-validation/framework/CUI/vendor/Avalonia/src/Avalonia.Controls/Automation/Peers/ItemsControlAutomationPeer.cs",
        "RootDir": "/",
        "Filename": "ItemsControlAutomationPeer",
        "Extension": ".cs",
        "RelativeDir": "Automation/Peers/",
        "Directory": "workspace/team-c/c3-admin-symbol-errors-validation/framework/CUI/vendor/Avalonia/src/Avalonia.Controls/Automation/Peers/",
        "RecursiveDir": "Automation/Peers/",
        "ModifiedTime": "",
        "CreatedTime": "",
        "AccessedTime": "",
        "DefiningProjectFullPath": "/workspace/.tools/dotnet/sdk/10.0.401/Sdks/Microsoft.NET.Sdk/targets/Microsoft.NET.Sdk.DefaultItems.props",
        "DefiningProjectDirectory": "/workspace/.tools/dotnet/sdk/10.0.401/Sdks/Microsoft.NET.Sdk/targets/",
        "DefiningProjectName": "Microsoft.NET.Sdk.DefaultItems",
        "DefiningProjectExtension": ".props"
      },
      {
        "Identity": "Automation/Peers/LabelAutomationPeer.cs",
        "FullPath": "/workspace/team-c/c3-admin-symbol-errors-validation/framework/CUI/vendor/Avalonia/src/Avalonia.Controls/Automation/Peers/LabelAutomationPeer.cs",
        "RootDir": "/",
        "Filename": "LabelAutomationPeer",
        "Extension": ".cs",
        "RelativeDir": "Automation/Peers/",
        "Directory": "workspace/team-c/c3-admin-symbol-errors-validation/framework/CUI/vendor/Avalonia/src/Avalonia.Controls/Automation/Peers/",
        "RecursiveDir": "Automation/Peers/",
        "ModifiedTime": "",
        "CreatedTime": "",
        "AccessedTime": "",
        "DefiningProjectFullPath": "/workspace/.tools/dotnet/sdk/10.0.401/Sdks/Microsoft.NET.Sdk/targets/Microsoft.NET.Sdk.DefaultItems.props",
        "DefiningProjectDirectory": "/workspace/.tools/dotnet/sdk/10.0.401/Sdks/Microsoft.NET.Sdk/targets/",
        "DefiningProjectName": "Microsoft.NET.Sdk.DefaultItems",
        "DefiningProjectExtension": ".props"
      },
      {
        "Identity": "Automation/Peers/ListItemAutomationPeer.cs",
        "FullPath": "/workspace/team-c/c3-admin-symbol-errors-validation/framework/CUI/vendor/Avalonia/src/Avalonia.Controls/Automation/Peers/ListItemAutomationPeer.cs",
        "RootDir": "/",
        "Filename": "ListItemAutomationPeer",
        "Extension": ".cs",
        "RelativeDir": "Automation/Peers/",
        "Directory": "workspace/team-c/c3-admin-symbol-errors-validation/framework/CUI/vendor/Avalonia/src/Avalonia.Controls/Automation/Peers/",
        "RecursiveDir": "Automation/Peers/",
        "ModifiedTime": "",
        "CreatedTime": "",
        "AccessedTime": "",
        "DefiningProjectFullPath": "/workspace/.tools/dotnet/sdk/10.0.401/Sdks/Microsoft.NET.Sdk/targets/Microsoft.NET.Sdk.DefaultItems.props",
        "DefiningProjectDirectory": "/workspace/.tools/dotnet/sdk/10.0.401/Sdks/Microsoft.NET.Sdk/targets/",
        "DefiningProjectName": "Microsoft.NET.Sdk.DefaultItems",
        "DefiningProjectExtension": ".props"
      },
      {
        "Identity": "Automation/Peers/MenuItemAutomationPeer.cs",
        "FullPath": "/workspace/team-c/c3-admin-symbol-errors-validation/framework/CUI/vendor/Avalonia/src/Avalonia.Controls/Automation/Peers/MenuItemAutomationPeer.cs",
        "RootDir": "/",
        "Filename": "MenuItemAutomationPeer",
        "Extension": ".cs",
        "RelativeDir": "Automation/Peers/",
        "Directory": "workspace/team-c/c3-admin-symbol-errors-validation/framework/CUI/vendor/Avalonia/src/Avalonia.Controls/Automation/Peers/",
        "RecursiveDir": "Automation/Peers/",
        "ModifiedTime": "",
        "CreatedTime": "",
        "AccessedTime": "",
        "DefiningProjectFullPath": "/workspace/.tools/dotnet/sdk/10.0.401/Sdks/Microsoft.NET.Sdk/targets/Microsoft.NET.Sdk.DefaultItems.props",
        "DefiningProjectDirectory": "/workspace/.tools/dotnet/sdk/10.0.401/Sdks/Microsoft.NET.Sdk/targets/",
        "DefiningProjectName": "Microsoft.NET.Sdk.DefaultItems",
        "DefiningProjectExtension": ".props"
      },
      {
        "Identity": "Automation/Peers/NativeControlHostPeer.cs",
        "FullPath": "/workspace/team-c/c3-admin-symbol-errors-validation/framework/CUI/vendor/Avalonia/src/Avalonia.Controls/Automation/Peers/NativeControlHostPeer.cs",
        "RootDir": "/",
        "Filename": "NativeControlHostPeer",
        "Extension": ".cs",
        "RelativeDir": "Automation/Peers/",
        "Directory": "workspace/team-c/c3-admin-symbol-errors-validation/framework/CUI/vendor/Avalonia/src/Avalonia.Controls/Automation/Peers/",
        "RecursiveDir": "Automation/Peers/",
        "ModifiedTime": "",
        "CreatedTime": "",
        "AccessedTime": "",
        "DefiningProjectFullPath": "/workspace/.tools/dotnet/sdk/10.0.401/Sdks/Microsoft.NET.Sdk/targets/Microsoft.NET.Sdk.DefaultItems.props",
        "DefiningProjectDirectory": "/workspace/.tools/dotnet/sdk/10.0.401/Sdks/Microsoft.NET.Sdk/targets/",
        "DefiningProjectName": "Microsoft.NET.Sdk.DefaultItems",
        "DefiningProjectExtension": ".props"
      },
      {
        "Identity": "Automation/Peers/NavigationPageAutomationPeer.cs",
        "FullPath": "/workspace/team-c/c3-admin-symbol-errors-validation/framework/CUI/vendor/Avalonia/src/Avalonia.Controls/Automation/Peers/NavigationPageAutomationPeer.cs",
        "RootDir": "/",
        "Filename": "NavigationPageAutomationPeer",
        "Extension": ".cs",
        "RelativeDir": "Automation/Peers/",
        "Directory": "workspace/team-c/c3-admin-symbol-errors-validation/framework/CUI/vendor/Avalonia/src/Avalonia.Controls/Automation/Peers/",
        "RecursiveDir": "Automation/Peers/",
        "ModifiedTime": "",
        "CreatedTime": "",
        "AccessedTime": "",
        "DefiningProjectFullPath": "/workspace/.tools/dotnet/sdk/10.0.401/Sdks/Microsoft.NET.Sdk/targets/Microsoft.NET.Sdk.DefaultItems.props",
        "DefiningProjectDirectory": "/workspace/.tools/dotnet/sdk/10.0.401/Sdks/Microsoft.NET.Sdk/targets/",
        "DefiningProjectName": "Microsoft.NET.Sdk.DefaultItems",
        "DefiningProjectExtension": ".props"
      },
      {
        "Identity": "Automation/Peers/NoneAutomationPeer.cs",
        "FullPath": "/workspace/team-c/c3-admin-symbol-errors-validation/framework/CUI/vendor/Avalonia/src/Avalonia.Controls/Automation/Peers/NoneAutomationPeer.cs",
        "RootDir": "/",
        "Filename": "NoneAutomationPeer",
        "Extension": ".cs",
        "RelativeDir": "Automation/Peers/",
        "Directory": "workspace/team-c/c3-admin-symbol-errors-validation/framework/CUI/vendor/Avalonia/src/Avalonia.Controls/Automation/Peers/",
        "RecursiveDir": "Automation/Peers/",
        "ModifiedTime": "",
        "CreatedTime": "",
        "AccessedTime": "",
        "DefiningProjectFullPath": "/workspace/.tools/dotnet/sdk/10.0.401/Sdks/Microsoft.NET.Sdk/targets/Microsoft.NET.Sdk.DefaultItems.props",
        "DefiningProjectDirectory": "/workspace/.tools/dotnet/sdk/10.0.401/Sdks/Microsoft.NET.Sdk/targets/",
        "DefiningProjectName": "Microsoft.NET.Sdk.DefaultItems",
        "DefiningProjectExtension": ".props"
      },
      {
        "Identity": "Automation/Peers/PipsPagerAutomationPeer.cs",
        "FullPath": "/workspace/team-c/c3-admin-symbol-errors-validation/framework/CUI/vendor/Avalonia/src/Avalonia.Controls/Automation/Peers/PipsPagerAutomationPeer.cs",
        "RootDir": "/",
        "Filename": "PipsPagerAutomationPeer",
        "Extension": ".cs",
        "RelativeDir": "Automation/Peers/",
        "Directory": "workspace/team-c/c3-admin-symbol-errors-validation/framework/CUI/vendor/Avalonia/src/Avalonia.Controls/Automation/Peers/",
        "RecursiveDir": "Automation/Peers/",
        "ModifiedTime": "",
        "CreatedTime": "",
        "AccessedTime": "",
        "DefiningProjectFullPath": "/workspace/.tools/dotnet/sdk/10.0.401/Sdks/Microsoft.NET.Sdk/targets/Microsoft.NET.Sdk.DefaultItems.props",
        "DefiningProjectDirectory": "/workspace/.tools/dotnet/sdk/10.0.401/Sdks/Microsoft.NET.Sdk/targets/",
        "DefiningProjectName": "Microsoft.NET.Sdk.DefaultItems",
        "DefiningProjectExtension": ".props"
      },
      {
        "Identity": "Automation/Peers/PopupAutomationPeer.cs",
        "FullPath": "/workspace/team-c/c3-admin-symbol-errors-validation/framework/CUI/vendor/Avalonia/src/Avalonia.Controls/Automation/Peers/PopupAutomationPeer.cs",
        "RootDir": "/",
        "Filename": "PopupAutomationPeer",
        "Extension": ".cs",
        "RelativeDir": "Automation/Peers/",
        "Directory": "workspace/team-c/c3-admin-symbol-errors-validation/framework/CUI/vendor/Avalonia/src/Avalonia.Controls/Automation/Peers/",
        "RecursiveDir": "Automation/Peers/",
        "ModifiedTime": "",
        "CreatedTime": "",
        "AccessedTime": "",
        "DefiningProjectFullPath": "/workspace/.tools/dotnet/sdk/10.0.401/Sdks/Microsoft.NET.Sdk/targets/Microsoft.NET.Sdk.DefaultItems.props",
        "DefiningProjectDirectory": "/workspace/.tools/dotnet/sdk/10.0.401/Sdks/Microsoft.NET.Sdk/targets/",
        "DefiningProjectName": "Microsoft.NET.Sdk.DefaultItems",
        "DefiningProjectExtension": ".props"
      },
      {
        "Identity": "Automation/Peers/PopupRootAutomationPeer.cs",
        "FullPath": "/workspace/team-c/c3-admin-symbol-errors-validation/framework/CUI/vendor/Avalonia/src/Avalonia.Controls/Automation/Peers/PopupRootAutomationPeer.cs",
        "RootDir": "/",
        "Filename": "PopupRootAutomationPeer",
        "Extension": ".cs",
        "RelativeDir": "Automation/Peers/",
        "Directory": "workspace/team-c/c3-admin-symbol-errors-validation/framework/CUI/vendor/Avalonia/src/Avalonia.Controls/Automation/Peers/",
        "RecursiveDir": "Automation/Peers/",
        "ModifiedTime": "",
        "CreatedTime": "",
        "AccessedTime": "",
        "DefiningProjectFullPath": "/workspace/.tools/dotnet/sdk/10.0.401/Sdks/Microsoft.NET.Sdk/targets/Microsoft.NET.Sdk.DefaultItems.props",
        "DefiningProjectDirectory": "/workspace/.tools/dotnet/sdk/10.0.401/Sdks/Microsoft.NET.Sdk/targets/",
        "DefiningProjectName": "Microsoft.NET.Sdk.DefaultItems",
        "DefiningProjectExtension": ".props"
      },
      {
        "Identity": "Automation/Peers/ProgressBarAutomationPeer.cs",
        "FullPath": "/workspace/team-c/c3-admin-symbol-errors-validation/framework/CUI/vendor/Avalonia/src/Avalonia.Controls/Automation/Peers/ProgressBarAutomationPeer.cs",
        "RootDir": "/",
        "Filename": "ProgressBarAutomationPeer",
        "Extension": ".cs",
        "RelativeDir": "Automation/Peers/",
        "Directory": "workspace/team-c/c3-admin-symbol-errors-validation/framework/CUI/vendor/Avalonia/src/Avalonia.Controls/Automation/Peers/",
        "RecursiveDir": "Automation/Peers/",
        "ModifiedTime": "",
        "CreatedTime": "",
        "AccessedTime": "",
        "DefiningProjectFullPath": "/workspace/.tools/dotnet/sdk/10.0.401/Sdks/Microsoft.NET.Sdk/targets/Microsoft.NET.Sdk.DefaultItems.props",
        "DefiningProjectDirectory": "/workspace/.tools/dotnet/sdk/10.0.401/Sdks/Microsoft.NET.Sdk/targets/",
        "DefiningProjectName": "Microsoft.NET.Sdk.DefaultItems",
        "DefiningProjectExtension": ".props"
      },
      {
        "Identity": "Automation/Peers/RadioButtonAutomationPeer.cs",
        "FullPath": "/workspace/team-c/c3-admin-symbol-errors-validation/framework/CUI/vendor/Avalonia/src/Avalonia.Controls/Automation/Peers/RadioButtonAutomationPeer.cs",
        "RootDir": "/",
        "Filename": "RadioButtonAutomationPeer",
        "Extension": ".cs",
        "RelativeDir": "Automation/Peers/",
        "Directory": "workspace/team-c/c3-admin-symbol-errors-validation/framework/CUI/vendor/Avalonia/src/Avalonia.Controls/Automation/Peers/",
        "RecursiveDir": "Automation/Peers/",
        "ModifiedTime": "",
        "CreatedTime": "",
        "AccessedTime": "",
        "DefiningProjectFullPath": "/workspace/.tools/dotnet/sdk/10.0.401/Sdks/Microsoft.NET.Sdk/targets/Microsoft.NET.Sdk.DefaultItems.props",
        "DefiningProjectDirectory": "/workspace/.tools/dotnet/sdk/10.0.401/Sdks/Microsoft.NET.Sdk/targets/",
        "DefiningProjectName": "Microsoft.NET.Sdk.DefaultItems",
        "DefiningProjectExtension": ".props"
      },
      {
        "Identity": "Automation/Peers/RangeBaseAutomationPeer.cs",
        "FullPath": "/workspace/team-c/c3-admin-symbol-errors-validation/framework/CUI/vendor/Avalonia/src/Avalonia.Controls/Automation/Peers/RangeBaseAutomationPeer.cs",
        "RootDir": "/",
        "Filename": "RangeBaseAutomationPeer",
        "Extension": ".cs",
        "RelativeDir": "Automation/Peers/",
        "Directory": "workspace/team-c/c3-admin-symbol-errors-validation/framework/CUI/vendor/Avalonia/src/Avalonia.Controls/Automation/Peers/",
        "RecursiveDir": "Automation/Peers/",
        "ModifiedTime": "",
        "CreatedTime": "",
        "AccessedTime": "",
        "DefiningProjectFullPath": "/workspace/.tools/dotnet/sdk/10.0.401/Sdks/Microsoft.NET.Sdk/targets/Microsoft.NET.Sdk.DefaultItems.props",
        "DefiningProjectDirectory": "/workspace/.tools/dotnet/sdk/10.0.401/Sdks/Microsoft.NET.Sdk/targets/",
        "DefiningProjectName": "Microsoft.NET.Sdk.DefaultItems",
        "DefiningProjectExtension": ".props"
      },
      {
        "Identity": "Automation/Peers/ScrollBarAutomationPeer.cs",
        "FullPath": "/workspace/team-c/c3-admin-symbol-errors-validation/framework/CUI/vendor/Avalonia/src/Avalonia.Controls/Automation/Peers/ScrollBarAutomationPeer.cs",
        "RootDir": "/",
        "Filename": "ScrollBarAutomationPeer",
        "Extension": ".cs",
        "RelativeDir": "Automation/Peers/",
        "Directory": "workspace/team-c/c3-admin-symbol-errors-validation/framework/CUI/vendor/Avalonia/src/Avalonia.Controls/Automation/Peers/",
        "RecursiveDir": "Automation/Peers/",
        "ModifiedTime": "",
        "CreatedTime": "",
        "AccessedTime": "",
        "DefiningProjectFullPath": "/workspace/.tools/dotnet/sdk/10.0.401/Sdks/Microsoft.NET.Sdk/targets/Microsoft.NET.Sdk.DefaultItems.props",
        "DefiningProjectDirectory": "/workspace/.tools/dotnet/sdk/10.0.401/Sdks/Microsoft.NET.Sdk/targets/",
        "DefiningProjectName": "Microsoft.NET.Sdk.DefaultItems",
        "DefiningProjectExtension": ".props"
      },
      {
        "Identity": "Automation/Peers/ScrollViewerAutomationPeer.cs",
        "FullPath": "/workspace/team-c/c3-admin-symbol-errors-validation/framework/CUI/vendor/Avalonia/src/Avalonia.Controls/Automation/Peers/ScrollViewerAutomationPeer.cs",
        "RootDir": "/",
        "Filename": "ScrollViewerAutomationPeer",
        "Extension": ".cs",
        "RelativeDir": "Automation/Peers/",
        "Directory": "workspace/team-c/c3-admin-symbol-errors-validation/framework/CUI/vendor/Avalonia/src/Avalonia.Controls/Automation/Peers/",
        "RecursiveDir": "Automation/Peers/",
        "ModifiedTime": "",
        "CreatedTime": "",
        "AccessedTime": "",
        "DefiningProjectFullPath": "/workspace/.tools/dotnet/sdk/10.0.401/Sdks/Microsoft.NET.Sdk/targets/Microsoft.NET.Sdk.DefaultItems.props",
        "DefiningProjectDirectory": "/workspace/.tools/dotnet/sdk/10.0.401/Sdks/Microsoft.NET.Sdk/targets/",
        "DefiningProjectName": "Microsoft.NET.Sdk.DefaultItems",
        "DefiningProjectExtension": ".props"
      },
      {
        "Identity": "Automation/Peers/SelectingItemsControlAutomationPeer.cs",
        "FullPath": "/workspace/team-c/c3-admin-symbol-errors-validation/framework/CUI/vendor/Avalonia/src/Avalonia.Controls/Automation/Peers/SelectingItemsControlAutomationPeer.cs",
        "RootDir": "/",
        "Filename": "SelectingItemsControlAutomationPeer",
        "Extension": ".cs",
        "RelativeDir": "Automation/Peers/",
        "Directory": "workspace/team-c/c3-admin-symbol-errors-validation/framework/CUI/vendor/Avalonia/src/Avalonia.Controls/Automation/Peers/",
        "RecursiveDir": "Automation/Peers/",
        "ModifiedTime": "",
        "CreatedTime": "",
        "AccessedTime": "",
        "DefiningProjectFullPath": "/workspace/.tools/dotnet/sdk/10.0.401/Sdks/Microsoft.NET.Sdk/targets/Microsoft.NET.Sdk.DefaultItems.props",
        "DefiningProjectDirectory": "/workspace/.tools/dotnet/sdk/10.0.401/Sdks/Microsoft.NET.Sdk/targets/",
        "DefiningProjectName": "Microsoft.NET.Sdk.DefaultItems",
        "DefiningProjectExtension": ".props"
      },
      {
        "Identity": "Automation/Peers/SliderAutomationPeer.cs",
        "FullPath": "/workspace/team-c/c3-admin-symbol-errors-validation/framework/CUI/vendor/Avalonia/src/Avalonia.Controls/Automation/Peers/SliderAutomationPeer.cs",
        "RootDir": "/",
        "Filename": "SliderAutomationPeer",
        "Extension": ".cs",
        "RelativeDir": "Automation/Peers/",
        "Directory": "workspace/team-c/c3-admin-symbol-errors-validation/framework/CUI/vendor/Avalonia/src/Avalonia.Controls/Automation/Peers/",
        "RecursiveDir": "Automation/Peers/",
        "ModifiedTime": "",
        "CreatedTime": "",
        "AccessedTime": "",
        "DefiningProjectFullPath": "/workspace/.tools/dotnet/sdk/10.0.401/Sdks/Microsoft.NET.Sdk/targets/Microsoft.NET.Sdk.DefaultItems.props",
        "DefiningProjectDirectory": "/workspace/.tools/dotnet/sdk/10.0.401/Sdks/Microsoft.NET.Sdk/targets/",
        "DefiningProjectName": "Microsoft.NET.Sdk.DefaultItems",
        "DefiningProjectExtension": ".props"
      },
      {
        "Identity": "Automation/Peers/TabbedPageAutomationPeer.cs",
        "FullPath": "/workspace/team-c/c3-admin-symbol-errors-validation/framework/CUI/vendor/Avalonia/src/Avalonia.Controls/Automation/Peers/TabbedPageAutomationPeer.cs",
        "RootDir": "/",
        "Filename": "TabbedPageAutomationPeer",
        "Extension": ".cs",
        "RelativeDir": "Automation/Peers/",
        "Directory": "workspace/team-c/c3-admin-symbol-errors-validation/framework/CUI/vendor/Avalonia/src/Avalonia.Controls/Automation/Peers/",
        "RecursiveDir": "Automation/Peers/",
        "ModifiedTime": "",
        "CreatedTime": "",
        "AccessedTime": "",
        "DefiningProjectFullPath": "/workspace/.tools/dotnet/sdk/10.0.401/Sdks/Microsoft.NET.Sdk/targets/Microsoft.NET.Sdk.DefaultItems.props",
        "DefiningProjectDirectory": "/workspace/.tools/dotnet/sdk/10.0.401/Sdks/Microsoft.NET.Sdk/targets/",
        "DefiningProjectName": "Microsoft.NET.Sdk.DefaultItems",
        "DefiningProjectExtension": ".props"
      },
      {
        "Identity": "Automation/Peers/TextBlockAutomationPeer.cs",
        "FullPath": "/workspace/team-c/c3-admin-symbol-errors-validation/framework/CUI/vendor/Avalonia/src/Avalonia.Controls/Automation/Peers/TextBlockAutomationPeer.cs",
        "RootDir": "/",
        "Filename": "TextBlockAutomationPeer",
        "Extension": ".cs",
        "RelativeDir": "Automation/Peers/",
        "Directory": "workspace/team-c/c3-admin-symbol-errors-validation/framework/CUI/vendor/Avalonia/src/Avalonia.Controls/Automation/Peers/",
        "RecursiveDir": "Automation/Peers/",
        "ModifiedTime": "",
        "CreatedTime": "",
        "AccessedTime": "",
        "DefiningProjectFullPath": "/workspace/.tools/dotnet/sdk/10.0.401/Sdks/Microsoft.NET.Sdk/targets/Microsoft.NET.Sdk.DefaultItems.props",
        "DefiningProjectDirectory": "/workspace/.tools/dotnet/sdk/10.0.401/Sdks/Microsoft.NET.Sdk/targets/",
        "DefiningProjectName": "Microsoft.NET.Sdk.DefaultItems",
        "DefiningProjectExtension": ".props"
      },
      {
        "Identity": "Automation/Peers/TextBoxAutomationPeer.cs",
        "FullPath": "/workspace/team-c/c3-admin-symbol-errors-validation/framework/CUI/vendor/Avalonia/src/Avalonia.Controls/Automation/Peers/TextBoxAutomationPeer.cs",
        "RootDir": "/",
        "Filename": "TextBoxAutomationPeer",
        "Extension": ".cs",
        "RelativeDir": "Automation/Peers/",
        "Directory": "workspace/team-c/c3-admin-symbol-errors-validation/framework/CUI/vendor/Avalonia/src/Avalonia.Controls/Automation/Peers/",
        "RecursiveDir": "Automation/Peers/",
        "ModifiedTime": "",
        "CreatedTime": "",
        "AccessedTime": "",
        "DefiningProjectFullPath": "/workspace/.tools/dotnet/sdk/10.0.401/Sdks/Microsoft.NET.Sdk/targets/Microsoft.NET.Sdk.DefaultItems.props",
        "DefiningProjectDirectory": "/workspace/.tools/dotnet/sdk/10.0.401/Sdks/Microsoft.NET.Sdk/targets/",
        "DefiningProjectName": "Microsoft.NET.Sdk.DefaultItems",
        "DefiningProjectExtension": ".props"
      },
      {
        "Identity": "Automation/Peers/ThumbAutomationPeer.cs",
        "FullPath": "/workspace/team-c/c3-admin-symbol-errors-validation/framework/CUI/vendor/Avalonia/src/Avalonia.Controls/Automation/Peers/ThumbAutomationPeer.cs",
        "RootDir": "/",
        "Filename": "ThumbAutomationPeer",
        "Extension": ".cs",
        "RelativeDir": "Automation/Peers/",
        "Directory": "workspace/team-c/c3-admin-symbol-errors-validation/framework/CUI/vendor/Avalonia/src/Avalonia.Controls/Automation/Peers/",
        "RecursiveDir": "Automation/Peers/",
        "ModifiedTime": "",
        "CreatedTime": "",
        "AccessedTime": "",
        "DefiningProjectFullPath": "/workspace/.tools/dotnet/sdk/10.0.401/Sdks/Microsoft.NET.Sdk/targets/Microsoft.NET.Sdk.DefaultItems.props",
        "DefiningProjectDirectory": "/workspace/.tools/dotnet/sdk/10.0.401/Sdks/Microsoft.NET.Sdk/targets/",
        "DefiningProjectName": "Microsoft.NET.Sdk.DefaultItems",
        "DefiningProjectExtension": ".props"
      },
      {
        "Identity": "Automation/Peers/TimePickerAutomationPeer.cs",
        "FullPath": "/workspace/team-c/c3-admin-symbol-errors-validation/framework/CUI/vendor/Avalonia/src/Avalonia.Controls/Automation/Peers/TimePickerAutomationPeer.cs",
        "RootDir": "/",
        "Filename": "TimePickerAutomationPeer",
        "Extension": ".cs",
        "RelativeDir": "Automation/Peers/",
        "Directory": "workspace/team-c/c3-admin-symbol-errors-validation/framework/CUI/vendor/Avalonia/src/Avalonia.Controls/Automation/Peers/",
        "RecursiveDir": "Automation/Peers/",
        "ModifiedTime": "",
        "CreatedTime": "",
        "AccessedTime": "",
        "DefiningProjectFullPath": "/workspace/.tools/dotnet/sdk/10.0.401/Sdks/Microsoft.NET.Sdk/targets/Microsoft.NET.Sdk.DefaultItems.props",
        "DefiningProjectDirectory": "/workspace/.tools/dotnet/sdk/10.0.401/Sdks/Microsoft.NET.Sdk/targets/",
        "DefiningProjectName": "Microsoft.NET.Sdk.DefaultItems",
        "DefiningProjectExtension": ".props"
      },
      {
        "Identity": "Automation/Peers/ToggleButtonAutomationPeer.cs",
        "FullPath": "/workspace/team-c/c3-admin-symbol-errors-validation/framework/CUI/vendor/Avalonia/src/Avalonia.Controls/Automation/Peers/ToggleButtonAutomationPeer.cs",
        "RootDir": "/",
        "Filename": "ToggleButtonAutomationPeer",
        "Extension": ".cs",
        "RelativeDir": "Automation/Peers/",
        "Directory": "workspace/team-c/c3-admin-symbol-errors-validation/framework/CUI/vendor/Avalonia/src/Avalonia.Controls/Automation/Peers/",
        "RecursiveDir": "Automation/Peers/",
        "ModifiedTime": "",
        "CreatedTime": "",
        "AccessedTime": "",
        "DefiningProjectFullPath": "/workspace/.tools/dotnet/sdk/10.0.401/Sdks/Microsoft.NET.Sdk/targets/Microsoft.NET.Sdk.DefaultItems.props",
        "DefiningProjectDirectory": "/workspace/.tools/dotnet/sdk/10.0.401/Sdks/Microsoft.NET.Sdk/targets/",
        "DefiningProjectName": "Microsoft.NET.Sdk.DefaultItems",
        "DefiningProjectExtension": ".props"
      },
      {
        "Identity": "Automation/Peers/TreeViewAutomationPeer.cs",
        "FullPath": "/workspace/team-c/c3-admin-symbol-errors-validation/framework/CUI/vendor/Avalonia/src/Avalonia.Controls/Automation/Peers/TreeViewAutomationPeer.cs",
        "RootDir": "/",
        "Filename": "TreeViewAutomationPeer",
        "Extension": ".cs",
        "RelativeDir": "Automation/Peers/",
        "Directory": "workspace/team-c/c3-admin-symbol-errors-validation/framework/CUI/vendor/Avalonia/src/Avalonia.Controls/Automation/Peers/",
        "RecursiveDir": "Automation/Peers/",
        "ModifiedTime": "",
        "CreatedTime": "",
        "AccessedTime": "",
        "DefiningProjectFullPath": "/workspace/.tools/dotnet/sdk/10.0.401/Sdks/Microsoft.NET.Sdk/targets/Microsoft.NET.Sdk.DefaultItems.props",
        "DefiningProjectDirectory": "/workspace/.tools/dotnet/sdk/10.0.401/Sdks/Microsoft.NET.Sdk/targets/",
        "DefiningProjectName": "Microsoft.NET.Sdk.DefaultItems",
        "DefiningProjectExtension": ".props"
      },
      {
        "Identity": "Automation/Peers/TreeViewItemAutomationPeer.cs",
        "FullPath": "/workspace/team-c/c3-admin-symbol-errors-validation/framework/CUI/vendor/Avalonia/src/Avalonia.Controls/Automation/Peers/TreeViewItemAutomationPeer.cs",
        "RootDir": "/",
        "Filename": "TreeViewItemAutomationPeer",
        "Extension": ".cs",
        "RelativeDir": "Automation/Peers/",
        "Directory": "workspace/team-c/c3-admin-symbol-errors-validation/framework/CUI/vendor/Avalonia/src/Avalonia.Controls/Automation/Peers/",
        "RecursiveDir": "Automation/Peers/",
        "ModifiedTime": "",
        "CreatedTime": "",
        "AccessedTime": "",
        "DefiningProjectFullPath": "/workspace/.tools/dotnet/sdk/10.0.401/Sdks/Microsoft.NET.Sdk/targets/Microsoft.NET.Sdk.DefaultItems.props",
        "DefiningProjectDirectory": "/workspace/.tools/dotnet/sdk/10.0.401/Sdks/Microsoft.NET.Sdk/targets/",
        "DefiningProjectName": "Microsoft.NET.Sdk.DefaultItems",
        "DefiningProjectExtension": ".props"
      },
      {
        "Identity": "Automation/Peers/UnrealizedElementAutomationPeer.cs",
        "FullPath": "/workspace/team-c/c3-admin-symbol-errors-validation/framework/CUI/vendor/Avalonia/src/Avalonia.Controls/Automation/Peers/UnrealizedElementAutomationPeer.cs",
        "RootDir": "/",
        "Filename": "UnrealizedElementAutomationPeer",
        "Extension": ".cs",
        "RelativeDir": "Automation/Peers/",
        "Directory": "workspace/team-c/c3-admin-symbol-errors-validation/framework/CUI/vendor/Avalonia/src/Avalonia.Controls/Automation/Peers/",
        "RecursiveDir": "Automation/Peers/",
        "ModifiedTime": "",
        "CreatedTime": "",
        "AccessedTime": "",
        "DefiningProjectFullPath": "/workspace/.tools/dotnet/sdk/10.0.401/Sdks/Microsoft.NET.Sdk/targets/Microsoft.NET.Sdk.DefaultItems.props",
        "DefiningProjectDirectory": "/workspace/.tools/dotnet/sdk/10.0.401/Sdks/Microsoft.NET.Sdk/targets/",
        "DefiningProjectName": "Microsoft.NET.Sdk.DefaultItems",
        "DefiningProjectExtension": ".props"
      },
      {
        "Identity": "Automation/Peers/UserControlAutomationPeer.cs",
        "FullPath": "/workspace/team-c/c3-admin-symbol-errors-validation/framework/CUI/vendor/Avalonia/src/Avalonia.Controls/Automation/Peers/UserControlAutomationPeer.cs",
        "RootDir": "/",
        "Filename": "UserControlAutomationPeer",
        "Extension": ".cs",
        "RelativeDir": "Automation/Peers/",
        "Directory": "workspace/team-c/c3-admin-symbol-errors-validation/framework/CUI/vendor/Avalonia/src/Avalonia.Controls/Automation/Peers/",
        "RecursiveDir": "Automation/Peers/",
        "ModifiedTime": "",
        "CreatedTime": "",
        "AccessedTime": "",
        "DefiningProjectFullPath": "/workspace/.tools/dotnet/sdk/10.0.401/Sdks/Microsoft.NET.Sdk/targets/Microsoft.NET.Sdk.DefaultItems.props",
        "DefiningProjectDirectory": "/workspace/.tools/dotnet/sdk/10.0.401/Sdks/Microsoft.NET.Sdk/targets/",
        "DefiningProjectName": "Microsoft.NET.Sdk.DefaultItems",
        "DefiningProjectExtension": ".props"
      },
      {
        "Identity": "Automation/Peers/WindowAutomationPeer.cs",
        "FullPath": "/workspace/team-c/c3-admin-symbol-errors-validation/framework/CUI/vendor/Avalonia/src/Avalonia.Controls/Automation/Peers/WindowAutomationPeer.cs",
        "RootDir": "/",
        "Filename": "WindowAutomationPeer",
        "Extension": ".cs",
        "RelativeDir": "Automation/Peers/",
        "Directory": "workspace/team-c/c3-admin-symbol-errors-validation/framework/CUI/vendor/Avalonia/src/Avalonia.Controls/Automation/Peers/",
        "RecursiveDir": "Automation/Peers/",
        "ModifiedTime": "",
        "CreatedTime": "",
        "AccessedTime": "",
        "DefiningProjectFullPath": "/workspace/.tools/dotnet/sdk/10.0.401/Sdks/Microsoft.NET.Sdk/targets/Microsoft.NET.Sdk.DefaultItems.props",
        "DefiningProjectDirectory": "/workspace/.tools/dotnet/sdk/10.0.401/Sdks/Microsoft.NET.Sdk/targets/",
        "DefiningProjectName": "Microsoft.NET.Sdk.DefaultItems",
        "DefiningProjectExtension": ".props"
      },
      {
        "Identity": "Automation/Peers/WindowBaseAutomationPeer.cs",
        "FullPath": "/workspace/team-c/c3-admin-symbol-errors-validation/framework/CUI/vendor/Avalonia/src/Avalonia.Controls/Automation/Peers/WindowBaseAutomationPeer.cs",
        "RootDir": "/",
        "Filename": "WindowBaseAutomationPeer",
        "Extension": ".cs",
        "RelativeDir": "Automation/Peers/",
        "Directory": "workspace/team-c/c3-admin-symbol-errors-validation/framework/CUI/vendor/Avalonia/src/Avalonia.Controls/Automation/Peers/",
        "RecursiveDir": "Automation/Peers/",
        "ModifiedTime": "",
        "CreatedTime": "",
        "AccessedTime": "",
        "DefiningProjectFullPath": "/workspace/.tools/dotnet/sdk/10.0.401/Sdks/Microsoft.NET.Sdk/targets/Microsoft.NET.Sdk.DefaultItems.props",
        "DefiningProjectDirectory": "/workspace/.tools/dotnet/sdk/10.0.401/Sdks/Microsoft.NET.Sdk/targets/",
        "DefiningProjectName": "Microsoft.NET.Sdk.DefaultItems",
        "DefiningProjectExtension": ".props"
      },
      {
        "Identity": "Automation/Provider/IEmbeddedRootProvider.cs",
        "FullPath": "/workspace/team-c/c3-admin-symbol-errors-validation/framework/CUI/vendor/Avalonia/src/Avalonia.Controls/Automation/Provider/IEmbeddedRootProvider.cs",
        "RootDir": "/",
        "Filename": "IEmbeddedRootProvider",
        "Extension": ".cs",
        "RelativeDir": "Automation/Provider/",
        "Directory": "workspace/team-c/c3-admin-symbol-errors-validation/framework/CUI/vendor/Avalonia/src/Avalonia.Controls/Automation/Provider/",
        "RecursiveDir": "Automation/Provider/",
        "ModifiedTime": "",
        "CreatedTime": "",
        "AccessedTime": "",
        "DefiningProjectFullPath": "/workspace/.tools/dotnet/sdk/10.0.401/Sdks/Microsoft.NET.Sdk/targets/Microsoft.NET.Sdk.DefaultItems.props",
        "DefiningProjectDirectory": "/workspace/.tools/dotnet/sdk/10.0.401/Sdks/Microsoft.NET.Sdk/targets/",
        "DefiningProjectName": "Microsoft.NET.Sdk.DefaultItems",
        "DefiningProjectExtension": ".props"
      },
      {
        "Identity": "Automation/Provider/IExpandCollapseProvider.cs",
        "FullPath": "/workspace/team-c/c3-admin-symbol-errors-validation/framework/CUI/vendor/Avalonia/src/Avalonia.Controls/Automation/Provider/IExpandCollapseProvider.cs",
        "RootDir": "/",
        "Filename": "IExpandCollapseProvider",
        "Extension": ".cs",
        "RelativeDir": "Automation/Provider/",
        "Directory": "workspace/team-c/c3-admin-symbol-errors-validation/framework/CUI/vendor/Avalonia/src/Avalonia.Controls/Automation/Provider/",
        "RecursiveDir": "Automation/Provider/",
        "ModifiedTime": "",
        "CreatedTime": "",
        "AccessedTime": "",
        "DefiningProjectFullPath": "/workspace/.tools/dotnet/sdk/10.0.401/Sdks/Microsoft.NET.Sdk/targets/Microsoft.NET.Sdk.DefaultItems.props",
        "DefiningProjectDirectory": "/workspace/.tools/dotnet/sdk/10.0.401/Sdks/Microsoft.NET.Sdk/targets/",
        "DefiningProjectName": "Microsoft.NET.Sdk.DefaultItems",
        "DefiningProjectExtension": ".props"
      },
      {
        "Identity": "Automation/Provider/IInvokeProvider.cs",
        "FullPath": "/workspace/team-c/c3-admin-symbol-errors-validation/framework/CUI/vendor/Avalonia/src/Avalonia.Controls/Automation/Provider/IInvokeProvider.cs",
        "RootDir": "/",
        "Filename": "IInvokeProvider",
        "Extension": ".cs",
        "RelativeDir": "Automation/Provider/",
        "Directory": "workspace/team-c/c3-admin-symbol-errors-validation/framework/CUI/vendor/Avalonia/src/Avalonia.Controls/Automation/Provider/",
        "RecursiveDir": "Automation/Provider/",
        "ModifiedTime": "",
        "CreatedTime": "",
        "AccessedTime": "",
        "DefiningProjectFullPath": "/workspace/.tools/dotnet/sdk/10.0.401/Sdks/Microsoft.NET.Sdk/targets/Microsoft.NET.Sdk.DefaultItems.props",
        "DefiningProjectDirectory": "/workspace/.tools/dotnet/sdk/10.0.401/Sdks/Microsoft.NET.Sdk/targets/",
        "DefiningProjectName": "Microsoft.NET.Sdk.DefaultItems",
        "DefiningProjectExtension": ".props"
      },
      {
        "Identity": "Automation/Provider/IRangeValueProvider.cs",
        "FullPath": "/workspace/team-c/c3-admin-symbol-errors-validation/framework/CUI/vendor/Avalonia/src/Avalonia.Controls/Automation/Provider/IRangeValueProvider.cs",
        "RootDir": "/",
        "Filename": "IRangeValueProvider",
        "Extension": ".cs",
        "RelativeDir": "Automation/Provider/",
        "Directory": "workspace/team-c/c3-admin-symbol-errors-validation/framework/CUI/vendor/Avalonia/src/Avalonia.Controls/Automation/Provider/",
        "RecursiveDir": "Automation/Provider/",
        "ModifiedTime": "",
        "CreatedTime": "",
        "AccessedTime": "",
        "DefiningProjectFullPath": "/workspace/.tools/dotnet/sdk/10.0.401/Sdks/Microsoft.NET.Sdk/targets/Microsoft.NET.Sdk.DefaultItems.props",
        "DefiningProjectDirectory": "/workspace/.tools/dotnet/sdk/10.0.401/Sdks/Microsoft.NET.Sdk/targets/",
        "DefiningProjectName": "Microsoft.NET.Sdk.DefaultItems",
        "DefiningProjectExtension": ".props"
      },
      {
        "Identity": "Automation/Provider/IRootProvider.cs",
        "FullPath": "/workspace/team-c/c3-admin-symbol-errors-validation/framework/CUI/vendor/Avalonia/src/Avalonia.Controls/Automation/Provider/IRootProvider.cs",
        "RootDir": "/",
        "Filename": "IRootProvider",
        "Extension": ".cs",
        "RelativeDir": "Automation/Provider/",
        "Directory": "workspace/team-c/c3-admin-symbol-errors-validation/framework/CUI/vendor/Avalonia/src/Avalonia.Controls/Automation/Provider/",
        "RecursiveDir": "Automation/Provider/",
        "ModifiedTime": "",
        "CreatedTime": "",
        "AccessedTime": "",
        "DefiningProjectFullPath": "/workspace/.tools/dotnet/sdk/10.0.401/Sdks/Microsoft.NET.Sdk/targets/Microsoft.NET.Sdk.DefaultItems.props",
        "DefiningProjectDirectory": "/workspace/.tools/dotnet/sdk/10.0.401/Sdks/Microsoft.NET.Sdk/targets/",
        "DefiningProjectName": "Microsoft.NET.Sdk.DefaultItems",
        "DefiningProjectExtension": ".props"
      },
      {
        "Identity": "Automation/Provider/IScrollProvider.cs",
        "FullPath": "/workspace/team-c/c3-admin-symbol-errors-validation/framework/CUI/vendor/Avalonia/src/Avalonia.Controls/Automation/Provider/IScrollProvider.cs",
        "RootDir": "/",
        "Filename": "IScrollProvider",
        "Extension": ".cs",
        "RelativeDir": "Automation/Provider/",
        "Directory": "workspace/team-c/c3-admin-symbol-errors-validation/framework/CUI/vendor/Avalonia/src/Avalonia.Controls/Automation/Provider/",
        "RecursiveDir": "Automation/Provider/",
        "ModifiedTime": "",
        "CreatedTime": "",
        "AccessedTime": "",
        "DefiningProjectFullPath": "/workspace/.tools/dotnet/sdk/10.0.401/Sdks/Microsoft.NET.Sdk/targets/Microsoft.NET.Sdk.DefaultItems.props",
        "DefiningProjectDirectory": "/workspace/.tools/dotnet/sdk/10.0.401/Sdks/Microsoft.NET.Sdk/targets/",
        "DefiningProjectName": "Microsoft.NET.Sdk.DefaultItems",
        "DefiningProjectExtension": ".props"
      },
      {
        "Identity": "Automation/Provider/ISelectionItemProvider .cs",
        "FullPath": "/workspace/team-c/c3-admin-symbol-errors-validation/framework/CUI/vendor/Avalonia/src/Avalonia.Controls/Automation/Provider/ISelectionItemProvider .cs",
        "RootDir": "/",
        "Filename": "ISelectionItemProvider ",
        "Extension": ".cs",
        "RelativeDir": "Automation/Provider/",
        "Directory": "workspace/team-c/c3-admin-symbol-errors-validation/framework/CUI/vendor/Avalonia/src/Avalonia.Controls/Automation/Provider/",
        "RecursiveDir": "Automation/Provider/",
        "ModifiedTime": "",
        "CreatedTime": "",
        "AccessedTime": "",
        "DefiningProjectFullPath": "/workspace/.tools/dotnet/sdk/10.0.401/Sdks/Microsoft.NET.Sdk/targets/Microsoft.NET.Sdk.DefaultItems.props",
        "DefiningProjectDirectory": "/workspace/.tools/dotnet/sdk/10.0.401/Sdks/Microsoft.NET.Sdk/targets/",
        "DefiningProjectName": "Microsoft.NET.Sdk.DefaultItems",
        "DefiningProjectExtension": ".props"
      },
      {
        "Identity": "Automation/Provider/ISelectionProvider.cs",
        "FullPath": "/workspace/team-c/c3-admin-symbol-errors-validation/framework/CUI/vendor/Avalonia/src/Avalonia.Controls/Automation/Provider/ISelectionProvider.cs",
        "RootDir": "/",
        "Filename": "ISelectionProvider",
        "Extension": ".cs",
        "RelativeDir": "Automation/Provider/",
        "Directory": "workspace/team-c/c3-admin-symbol-errors-validation/framework/CUI/vendor/Avalonia/src/Avalonia.Controls/Automation/Provider/",
        "RecursiveDir": "Automation/Provider/",
        "ModifiedTime": "",
        "CreatedTime": "",
        "AccessedTime": "",
        "DefiningProjectFullPath": "/workspace/.tools/dotnet/sdk/10.0.401/Sdks/Microsoft.NET.Sdk/targets/Microsoft.NET.Sdk.DefaultItems.props",
        "DefiningProjectDirectory": "/workspace/.tools/dotnet/sdk/10.0.401/Sdks/Microsoft.NET.Sdk/targets/",
        "DefiningProjectName": "Microsoft.NET.Sdk.DefaultItems",
        "DefiningProjectExtension": ".props"
      },
      {
        "Identity": "Automation/Provider/IToggleProvider.cs",
        "FullPath": "/workspace/team-c/c3-admin-symbol-errors-validation/framework/CUI/vendor/Avalonia/src/Avalonia.Controls/Automation/Provider/IToggleProvider.cs",
        "RootDir": "/",
        "Filename": "IToggleProvider",
        "Extension": ".cs",
        "RelativeDir": "Automation/Provider/",
        "Directory": "workspace/team-c/c3-admin-symbol-errors-validation/framework/CUI/vendor/Avalonia/src/Avalonia.Controls/Automation/Provider/",
        "RecursiveDir": "Automation/Provider/",
        "ModifiedTime": "",
        "CreatedTime": "",
        "AccessedTime": "",
        "DefiningProjectFullPath": "/workspace/.tools/dotnet/sdk/10.0.401/Sdks/Microsoft.NET.Sdk/targets/Microsoft.NET.Sdk.DefaultItems.props",
        "DefiningProjectDirectory": "/workspace/.tools/dotnet/sdk/10.0.401/Sdks/Microsoft.NET.Sdk/targets/",
        "DefiningProjectName": "Microsoft.NET.Sdk.DefaultItems",
        "DefiningProjectExtension": ".props"
      },
      {
        "Identity": "Automation/Provider/IValueProvider.cs",
        "FullPath": "/workspace/team-c/c3-admin-symbol-errors-validation/framework/CUI/vendor/Avalonia/src/Avalonia.Controls/Automation/Provider/IValueProvider.cs",
        "RootDir": "/",
        "Filename": "IValueProvider",
        "Extension": ".cs",
        "RelativeDir": "Automation/Provider/",
        "Directory": "workspace/team-c/c3-admin-symbol-errors-validation/framework/CUI/vendor/Avalonia/src/Avalonia.Controls/Automation/Provider/",
        "RecursiveDir": "Automation/Provider/",
        "ModifiedTime": "",
        "CreatedTime": "",
        "AccessedTime": "",
        "DefiningProjectFullPath": "/workspace/.tools/dotnet/sdk/10.0.401/Sdks/Microsoft.NET.Sdk/targets/Microsoft.NET.Sdk.DefaultItems.props",
        "DefiningProjectDirectory": "/workspace/.tools/dotnet/sdk/10.0.401/Sdks/Microsoft.NET.Sdk/targets/",
        "DefiningProjectName": "Microsoft.NET.Sdk.DefaultItems",
        "DefiningProjectExtension": ".props"
      },
      {
        "Identity": "Automation/RangeValuePatternIdentifiers.cs",
        "FullPath": "/workspace/team-c/c3-admin-symbol-errors-validation/framework/CUI/vendor/Avalonia/src/Avalonia.Controls/Automation/RangeValuePatternIdentifiers.cs",
        "RootDir": "/",
        "Filename": "RangeValuePatternIdentifiers",
        "Extension": ".cs",
        "RelativeDir": "Automation/",
        "Directory": "workspace/team-c/c3-admin-symbol-errors-validation/framework/CUI/vendor/Avalonia/src/Avalonia.Controls/Automation/",
        "RecursiveDir": "Automation/",
        "ModifiedTime": "",
        "CreatedTime": "",
        "AccessedTime": "",
        "DefiningProjectFullPath": "/workspace/.tools/dotnet/sdk/10.0.401/Sdks/Microsoft.NET.Sdk/targets/Microsoft.NET.Sdk.DefaultItems.props",
        "DefiningProjectDirectory": "/workspace/.tools/dotnet/sdk/10.0.401/Sdks/Microsoft.NET.Sdk/targets/",
        "DefiningProjectName": "Microsoft.NET.Sdk.DefaultItems",
        "DefiningProjectExtension": ".props"
      },
      {
        "Identity": "Automation/ScrollPatternIdentifiers.cs",
        "FullPath": "/workspace/team-c/c3-admin-symbol-errors-validation/framework/CUI/vendor/Avalonia/src/Avalonia.Controls/Automation/ScrollPatternIdentifiers.cs",
        "RootDir": "/",
        "Filename": "ScrollPatternIdentifiers",
        "Extension": ".cs",
        "RelativeDir": "Automation/",
        "Directory": "workspace/team-c/c3-admin-symbol-errors-validation/framework/CUI/vendor/Avalonia/src/Avalonia.Controls/Automation/",
        "RecursiveDir": "Automation/",
        "ModifiedTime": "",
        "CreatedTime": "",
        "AccessedTime": "",
        "DefiningProjectFullPath": "/workspace/.tools/dotnet/sdk/10.0.401/Sdks/Microsoft.NET.Sdk/targets/Microsoft.NET.Sdk.DefaultItems.props",
        "DefiningProjectDirectory": "/workspace/.tools/dotnet/sdk/10.0.401/Sdks/Microsoft.NET.Sdk/targets/",
        "DefiningProjectName": "Microsoft.NET.Sdk.DefaultItems",
        "DefiningProjectExtension": ".props"
      },
      {
        "Identity": "Automation/SelectionItemPatternIdentifiers.cs",
        "FullPath": "/workspace/team-c/c3-admin-symbol-errors-validation/framework/CUI/vendor/Avalonia/src/Avalonia.Controls/Automation/SelectionItemPatternIdentifiers.cs",
        "RootDir": "/",
        "Filename": "SelectionItemPatternIdentifiers",
        "Extension": ".cs",
        "RelativeDir": "Automation/",
        "Directory": "workspace/team-c/c3-admin-symbol-errors-validation/framework/CUI/vendor/Avalonia/src/Avalonia.Controls/Automation/",
        "RecursiveDir": "Automation/",
        "ModifiedTime": "",
        "CreatedTime": "",
        "AccessedTime": "",
        "DefiningProjectFullPath": "/workspace/.tools/dotnet/sdk/10.0.401/Sdks/Microsoft.NET.Sdk/targets/Microsoft.NET.Sdk.DefaultItems.props",
        "DefiningProjectDirectory": "/workspace/.tools/dotnet/sdk/10.0.401/Sdks/Microsoft.NET.Sdk/targets/",
        "DefiningProjectName": "Microsoft.NET.Sdk.DefaultItems",
        "DefiningProjectExtension": ".props"
      },
      {
        "Identity": "Automation/SelectionPatternIdentifiers.cs",
        "FullPath": "/workspace/team-c/c3-admin-symbol-errors-validation/framework/CUI/vendor/Avalonia/src/Avalonia.Controls/Automation/SelectionPatternIdentifiers.cs",
        "RootDir": "/",
        "Filename": "SelectionPatternIdentifiers",
        "Extension": ".cs",
        "RelativeDir": "Automation/",
        "Directory": "workspace/team-c/c3-admin-symbol-errors-validation/framework/CUI/vendor/Avalonia/src/Avalonia.Controls/Automation/",
        "RecursiveDir": "Automation/",
        "ModifiedTime": "",
        "CreatedTime": "",
        "AccessedTime": "",
        "DefiningProjectFullPath": "/workspace/.tools/dotnet/sdk/10.0.401/Sdks/Microsoft.NET.Sdk/targets/Microsoft.NET.Sdk.DefaultItems.props",
        "DefiningProjectDirectory": "/workspace/.tools/dotnet/sdk/10.0.401/Sdks/Microsoft.NET.Sdk/targets/",
        "DefiningProjectName": "Microsoft.NET.Sdk.DefaultItems",
        "DefiningProjectExtension": ".props"
      },
      {
        "Identity": "Automation/TogglePatternIdentifiers.cs",
        "FullPath": "/workspace/team-c/c3-admin-symbol-errors-validation/framework/CUI/vendor/Avalonia/src/Avalonia.Controls/Automation/TogglePatternIdentifiers.cs",
        "RootDir": "/",
        "Filename": "TogglePatternIdentifiers",
        "Extension": ".cs",
        "RelativeDir": "Automation/",
        "Directory": "workspace/team-c/c3-admin-symbol-errors-validation/framework/CUI/vendor/Avalonia/src/Avalonia.Controls/Automation/",
        "RecursiveDir": "Automation/",
        "ModifiedTime": "",
        "CreatedTime": "",
        "AccessedTime": "",
        "DefiningProjectFullPath": "/workspace/.tools/dotnet/sdk/10.0.401/Sdks/Microsoft.NET.Sdk/targets/Microsoft.NET.Sdk.DefaultItems.props",
        "DefiningProjectDirectory": "/workspace/.tools/dotnet/sdk/10.0.401/Sdks/Microsoft.NET.Sdk/targets/",
        "DefiningProjectName": "Microsoft.NET.Sdk.DefaultItems",
        "DefiningProjectExtension": ".props"
      },
      {
        "Identity": "Automation/ValuePatternIdentifiers.cs",
        "FullPath": "/workspace/team-c/c3-admin-symbol-errors-validation/framework/CUI/vendor/Avalonia/src/Avalonia.Controls/Automation/ValuePatternIdentifiers.cs",
        "RootDir": "/",
        "Filename": "ValuePatternIdentifiers",
        "Extension": ".cs",
        "RelativeDir": "Automation/",
        "Directory": "workspace/team-c/c3-admin-symbol-errors-validation/framework/CUI/vendor/Avalonia/src/Avalonia.Controls/Automation/",
        "RecursiveDir": "Automation/",
        "ModifiedTime": "",
        "CreatedTime": "",
        "AccessedTime": "",
        "DefiningProjectFullPath": "/workspace/.tools/dotnet/sdk/10.0.401/Sdks/Microsoft.NET.Sdk/targets/Microsoft.NET.Sdk.DefaultItems.props",
        "DefiningProjectDirectory": "/workspace/.tools/dotnet/sdk/10.0.401/Sdks/Microsoft.NET.Sdk/targets/",
        "DefiningProjectName": "Microsoft.NET.Sdk.DefaultItems",
        "DefiningProjectExtension": ".props"
      },
      {
        "Identity": "Border.cs",
        "FullPath": "/workspace/team-c/c3-admin-symbol-errors-validation/framework/CUI/vendor/Avalonia/src/Avalonia.Controls/Border.cs",
        "RootDir": "/",
        "Filename": "Border",
        "Extension": ".cs",
        "RelativeDir": "",
        "Directory": "workspace/team-c/c3-admin-symbol-errors-validation/framework/CUI/vendor/Avalonia/src/Avalonia.Controls/",
        "RecursiveDir": "",
        "ModifiedTime": "",
        "CreatedTime": "",
        "AccessedTime": "",
        "DefiningProjectFullPath": "/workspace/.tools/dotnet/sdk/10.0.401/Sdks/Microsoft.NET.Sdk/targets/Microsoft.NET.Sdk.DefaultItems.props",
        "DefiningProjectDirectory": "/workspace/.tools/dotnet/sdk/10.0.401/Sdks/Microsoft.NET.Sdk/targets/",
        "DefiningProjectName": "Microsoft.NET.Sdk.DefaultItems",
        "DefiningProjectExtension": ".props"
      },
      {
        "Identity": "BorderVisual.cs",
        "FullPath": "/workspace/team-c/c3-admin-symbol-errors-validation/framework/CUI/vendor/Avalonia/src/Avalonia.Controls/BorderVisual.cs",
        "RootDir": "/",
        "Filename": "BorderVisual",
        "Extension": ".cs",
        "RelativeDir": "",
        "Directory": "workspace/team-c/c3-admin-symbol-errors-validation/framework/CUI/vendor/Avalonia/src/Avalonia.Controls/",
        "RecursiveDir": "",
        "ModifiedTime": "",
        "CreatedTime": "",
        "AccessedTime": "",
        "DefiningProjectFullPath": "/workspace/.tools/dotnet/sdk/10.0.401/Sdks/Microsoft.NET.Sdk/targets/Microsoft.NET.Sdk.DefaultItems.props",
        "DefiningProjectDirectory": "/workspace/.tools/dotnet/sdk/10.0.401/Sdks/Microsoft.NET.Sdk/targets/",
        "DefiningProjectName": "Microsoft.NET.Sdk.DefaultItems",
        "DefiningProjectExtension": ".props"
      },
      {
        "Identity": "Button.cs",
        "FullPath": "/workspace/team-c/c3-admin-symbol-errors-validation/framework/CUI/vendor/Avalonia/src/Avalonia.Controls/Button.cs",
        "RootDir": "/",
        "Filename": "Button",
        "Extension": ".cs",
        "RelativeDir": "",
        "Directory": "workspace/team-c/c3-admin-symbol-errors-validation/framework/CUI/vendor/Avalonia/src/Avalonia.Controls/",
        "RecursiveDir": "",
        "ModifiedTime": "",
        "CreatedTime": "",
        "AccessedTime": "",
        "DefiningProjectFullPath": "/workspace/.tools/dotnet/sdk/10.0.401/Sdks/Microsoft.NET.Sdk/targets/Microsoft.NET.Sdk.DefaultItems.props",
        "DefiningProjectDirectory": "/workspace/.tools/dotnet/sdk/10.0.401/Sdks/Microsoft.NET.Sdk/targets/",
        "DefiningProjectName": "Microsoft.NET.Sdk.DefaultItems",
        "DefiningProjectExtension": ".props"
      },
      {
        "Identity": "ButtonSpinner.cs",
        "FullPath": "/workspace/team-c/c3-admin-symbol-errors-validation/framework/CUI/vendor/Avalonia/src/Avalonia.Controls/ButtonSpinner.cs",
        "RootDir": "/",
        "Filename": "ButtonSpinner",
        "Extension": ".cs",
        "RelativeDir": "",
        "Directory": "workspace/team-c/c3-admin-symbol-errors-validation/framework/CUI/vendor/Avalonia/src/Avalonia.Controls/",
        "RecursiveDir": "",
        "ModifiedTime": "",
        "CreatedTime": "",
        "AccessedTime": "",
        "DefiningProjectFullPath": "/workspace/.tools/dotnet/sdk/10.0.401/Sdks/Microsoft.NET.Sdk/targets/Microsoft.NET.Sdk.DefaultItems.props",
        "DefiningProjectDirectory": "/workspace/.tools/dotnet/sdk/10.0.401/Sdks/Microsoft.NET.Sdk/targets/",
        "DefiningProjectName": "Microsoft.NET.Sdk.DefaultItems",
        "DefiningProjectExtension": ".props"
      },
      {
        "Identity": "Calendar/Calendar.cs",
        "FullPath": "/workspace/team-c/c3-admin-symbol-errors-validation/framework/CUI/vendor/Avalonia/src/Avalonia.Controls/Calendar/Calendar.cs",
        "RootDir": "/",
        "Filename": "Calendar",
        "Extension": ".cs",
        "RelativeDir": "Calendar/",
        "Directory": "workspace/team-c/c3-admin-symbol-errors-validation/framework/CUI/vendor/Avalonia/src/Avalonia.Controls/Calendar/",
        "RecursiveDir": "Calendar/",
        "ModifiedTime": "",
        "CreatedTime": "",
        "AccessedTime": "",
        "DefiningProjectFullPath": "/workspace/.tools/dotnet/sdk/10.0.401/Sdks/Microsoft.NET.Sdk/targets/Microsoft.NET.Sdk.DefaultItems.props",
        "DefiningProjectDirectory": "/workspace/.tools/dotnet/sdk/10.0.401/Sdks/Microsoft.NET.Sdk/targets/",
        "DefiningProjectName": "Microsoft.NET.Sdk.DefaultItems",
        "DefiningProjectExtension": ".props"
      },
      {
        "Identity": "Calendar/CalendarBlackoutDatesCollection.cs",
        "FullPath": "/workspace/team-c/c3-admin-symbol-errors-validation/framework/CUI/vendor/Avalonia/src/Avalonia.Controls/Calendar/CalendarBlackoutDatesCollection.cs",
        "RootDir": "/",
        "Filename": "CalendarBlackoutDatesCollection",
        "Extension": ".cs",
        "RelativeDir": "Calendar/",
        "Directory": "workspace/team-c/c3-admin-symbol-errors-validation/framework/CUI/vendor/Avalonia/src/Avalonia.Controls/Calendar/",
        "RecursiveDir": "Calendar/",
        "ModifiedTime": "",
        "CreatedTime": "",
        "AccessedTime": "",
        "DefiningProjectFullPath": "/workspace/.tools/dotnet/sdk/10.0.401/Sdks/Microsoft.NET.Sdk/targets/Microsoft.NET.Sdk.DefaultItems.props",
        "DefiningProjectDirectory": "/workspace/.tools/dotnet/sdk/10.0.401/Sdks/Microsoft.NET.Sdk/targets/",
        "DefiningProjectName": "Microsoft.NET.Sdk.DefaultItems",
        "DefiningProjectExtension": ".props"
      },
      {
        "Identity": "Calendar/CalendarButton.cs",
        "FullPath": "/workspace/team-c/c3-admin-symbol-errors-validation/framework/CUI/vendor/Avalonia/src/Avalonia.Controls/Calendar/CalendarButton.cs",
        "RootDir": "/",
        "Filename": "CalendarButton",
        "Extension": ".cs",
        "RelativeDir": "Calendar/",
        "Directory": "workspace/team-c/c3-admin-symbol-errors-validation/framework/CUI/vendor/Avalonia/src/Avalonia.Controls/Calendar/",
        "RecursiveDir": "Calendar/",
        "ModifiedTime": "",
        "CreatedTime": "",
        "AccessedTime": "",
        "DefiningProjectFullPath": "/workspace/.tools/dotnet/sdk/10.0.401/Sdks/Microsoft.NET.Sdk/targets/Microsoft.NET.Sdk.DefaultItems.props",
        "DefiningProjectDirectory": "/workspace/.tools/dotnet/sdk/10.0.401/Sdks/Microsoft.NET.Sdk/targets/",
        "DefiningProjectName": "Microsoft.NET.Sdk.DefaultItems",
        "DefiningProjectExtension": ".props"
      },
      {
        "Identity": "Calendar/CalendarDateRange.cs",
        "FullPath": "/workspace/team-c/c3-admin-symbol-errors-validation/framework/CUI/vendor/Avalonia/src/Avalonia.Controls/Calendar/CalendarDateRange.cs",
        "RootDir": "/",
        "Filename": "CalendarDateRange",
        "Extension": ".cs",
        "RelativeDir": "Calendar/",
        "Directory": "workspace/team-c/c3-admin-symbol-errors-validation/framework/CUI/vendor/Avalonia/src/Avalonia.Controls/Calendar/",
        "RecursiveDir": "Calendar/",
        "ModifiedTime": "",
        "CreatedTime": "",
        "AccessedTime": "",
        "DefiningProjectFullPath": "/workspace/.tools/dotnet/sdk/10.0.401/Sdks/Microsoft.NET.Sdk/targets/Microsoft.NET.Sdk.DefaultItems.props",
        "DefiningProjectDirectory": "/workspace/.tools/dotnet/sdk/10.0.401/Sdks/Microsoft.NET.Sdk/targets/",
        "DefiningProjectName": "Microsoft.NET.Sdk.DefaultItems",
        "DefiningProjectExtension": ".props"
      },
      {
        "Identity": "Calendar/CalendarDayButton.cs",
        "FullPath": "/workspace/team-c/c3-admin-symbol-errors-validation/framework/CUI/vendor/Avalonia/src/Avalonia.Controls/Calendar/CalendarDayButton.cs",
        "RootDir": "/",
        "Filename": "CalendarDayButton",
        "Extension": ".cs",
        "RelativeDir": "Calendar/",
        "Directory": "workspace/team-c/c3-admin-symbol-errors-validation/framework/CUI/vendor/Avalonia/src/Avalonia.Controls/Calendar/",
        "RecursiveDir": "Calendar/",
        "ModifiedTime": "",
        "CreatedTime": "",
        "AccessedTime": "",
        "DefiningProjectFullPath": "/workspace/.tools/dotnet/sdk/10.0.401/Sdks/Microsoft.NET.Sdk/targets/Microsoft.NET.Sdk.DefaultItems.props",
        "DefiningProjectDirectory": "/workspace/.tools/dotnet/sdk/10.0.401/Sdks/Microsoft.NET.Sdk/targets/",
        "DefiningProjectName": "Microsoft.NET.Sdk.DefaultItems",
        "DefiningProjectExtension": ".props"
      },
      {
        "Identity": "Calendar/CalendarExtensions.cs",
        "FullPath": "/workspace/team-c/c3-admin-symbol-errors-validation/framework/CUI/vendor/Avalonia/src/Avalonia.Controls/Calendar/CalendarExtensions.cs",
        "RootDir": "/",
        "Filename": "CalendarExtensions",
        "Extension": ".cs",
        "RelativeDir": "Calendar/",
        "Directory": "workspace/team-c/c3-admin-symbol-errors-validation/framework/CUI/vendor/Avalonia/src/Avalonia.Controls/Calendar/",
        "RecursiveDir": "Calendar/",
        "ModifiedTime": "",
        "CreatedTime": "",
        "AccessedTime": "",
        "DefiningProjectFullPath": "/workspace/.tools/dotnet/sdk/10.0.401/Sdks/Microsoft.NET.Sdk/targets/Microsoft.NET.Sdk.DefaultItems.props",
        "DefiningProjectDirectory": "/workspace/.tools/dotnet/sdk/10.0.401/Sdks/Microsoft.NET.Sdk/targets/",
        "DefiningProjectName": "Microsoft.NET.Sdk.DefaultItems",
        "DefiningProjectExtension": ".props"
      },
      {
        "Identity": "Calendar/CalendarItem.cs",
        "FullPath": "/workspace/team-c/c3-admin-symbol-errors-validation/framework/CUI/vendor/Avalonia/src/Avalonia.Controls/Calendar/CalendarItem.cs",
        "RootDir": "/",
        "Filename": "CalendarItem",
        "Extension": ".cs",
        "RelativeDir": "Calendar/",
        "Directory": "workspace/team-c/c3-admin-symbol-errors-validation/framework/CUI/vendor/Avalonia/src/Avalonia.Controls/Calendar/",
        "RecursiveDir": "Calendar/",
        "ModifiedTime": "",
        "CreatedTime": "",
        "AccessedTime": "",
        "DefiningProjectFullPath": "/workspace/.tools/dotnet/sdk/10.0.401/Sdks/Microsoft.NET.Sdk/targets/Microsoft.NET.Sdk.DefaultItems.props",
        "DefiningProjectDirectory": "/workspace/.tools/dotnet/sdk/10.0.401/Sdks/Microsoft.NET.Sdk/targets/",
        "DefiningProjectName": "Microsoft.NET.Sdk.DefaultItems",
        "DefiningProjectExtension": ".props"
      },
      {
        "Identity": "Calendar/DateTimeHelper.cs",
        "FullPath": "/workspace/team-c/c3-admin-symbol-errors-validation/framework/CUI/vendor/Avalonia/src/Avalonia.Controls/Calendar/DateTimeHelper.cs",
        "RootDir": "/",
        "Filename": "DateTimeHelper",
        "Extension": ".cs",
        "RelativeDir": "Calendar/",
        "Directory": "workspace/team-c/c3-admin-symbol-errors-validation/framework/CUI/vendor/Avalonia/src/Avalonia.Controls/Calendar/",
        "RecursiveDir": "Calendar/",
        "ModifiedTime": "",
        "CreatedTime": "",
        "AccessedTime": "",
        "DefiningProjectFullPath": "/workspace/.tools/dotnet/sdk/10.0.401/Sdks/Microsoft.NET.Sdk/targets/Microsoft.NET.Sdk.DefaultItems.props",
        "DefiningProjectDirectory": "/workspace/.tools/dotnet/sdk/10.0.401/Sdks/Microsoft.NET.Sdk/targets/",
        "DefiningProjectName": "Microsoft.NET.Sdk.DefaultItems",
        "DefiningProjectExtension": ".props"
      },
      {
        "Identity": "Calendar/SelectedDatesCollection.cs",
        "FullPath": "/workspace/team-c/c3-admin-symbol-errors-validation/framework/CUI/vendor/Avalonia/src/Avalonia.Controls/Calendar/SelectedDatesCollection.cs",
        "RootDir": "/",
        "Filename": "SelectedDatesCollection",
        "Extension": ".cs",
        "RelativeDir": "Calendar/",
        "Directory": "workspace/team-c/c3-admin-symbol-errors-validation/framework/CUI/vendor/Avalonia/src/Avalonia.Controls/Calendar/",
        "RecursiveDir": "Calendar/",
        "ModifiedTime": "",
        "CreatedTime": "",
        "AccessedTime": "",
        "DefiningProjectFullPath": "/workspace/.tools/dotnet/sdk/10.0.401/Sdks/Microsoft.NET.Sdk/targets/Microsoft.NET.Sdk.DefaultItems.props",
        "DefiningProjectDirectory": "/workspace/.tools/dotnet/sdk/10.0.401/Sdks/Microsoft.NET.Sdk/targets/",
        "DefiningProjectName": "Microsoft.NET.Sdk.DefaultItems",
        "DefiningProjectExtension": ".props"
      },
      {
        "Identity": "CalendarDatePicker/CalendarDatePicker.cs",
        "FullPath": "/workspace/team-c/c3-admin-symbol-errors-validation/framework/CUI/vendor/Avalonia/src/Avalonia.Controls/CalendarDatePicker/CalendarDatePicker.cs",
        "RootDir": "/",
        "Filename": "CalendarDatePicker",
        "Extension": ".cs",
        "RelativeDir": "CalendarDatePicker/",
        "Directory": "workspace/team-c/c3-admin-symbol-errors-validation/framework/CUI/vendor/Avalonia/src/Avalonia.Controls/CalendarDatePicker/",
        "RecursiveDir": "CalendarDatePicker/",
        "ModifiedTime": "",
        "CreatedTime": "",
        "AccessedTime": "",
        "DefiningProjectFullPath": "/workspace/.tools/dotnet/sdk/10.0.401/Sdks/Microsoft.NET.Sdk/targets/Microsoft.NET.Sdk.DefaultItems.props",
        "DefiningProjectDirectory": "/workspace/.tools/dotnet/sdk/10.0.401/Sdks/Microsoft.NET.Sdk/targets/",
        "DefiningProjectName": "Microsoft.NET.Sdk.DefaultItems",
        "DefiningProjectExtension": ".props"
      },
      {
        "Identity": "CalendarDatePicker/CalendarDatePicker.Properties.cs",
        "FullPath": "/workspace/team-c/c3-admin-symbol-errors-validation/framework/CUI/vendor/Avalonia/src/Avalonia.Controls/CalendarDatePicker/CalendarDatePicker.Properties.cs",
        "RootDir": "/",
        "Filename": "CalendarDatePicker.Properties",
        "Extension": ".cs",
        "RelativeDir": "CalendarDatePicker/",
        "Directory": "workspace/team-c/c3-admin-symbol-errors-validation/framework/CUI/vendor/Avalonia/src/Avalonia.Controls/CalendarDatePicker/",
        "RecursiveDir": "CalendarDatePicker/",
        "ModifiedTime": "",
        "CreatedTime": "",
        "AccessedTime": "",
        "DefiningProjectFullPath": "/workspace/.tools/dotnet/sdk/10.0.401/Sdks/Microsoft.NET.Sdk/targets/Microsoft.NET.Sdk.DefaultItems.props",
        "DefiningProjectDirectory": "/workspace/.tools/dotnet/sdk/10.0.401/Sdks/Microsoft.NET.Sdk/targets/",
        "DefiningProjectName": "Microsoft.NET.Sdk.DefaultItems",
        "DefiningProjectExtension": ".props"
      },
      {
        "Identity": "CalendarDatePicker/CalendarDatePickerDateValidationErrorEventArgs.cs",
        "FullPath": "/workspace/team-c/c3-admin-symbol-errors-validation/framework/CUI/vendor/Avalonia/src/Avalonia.Controls/CalendarDatePicker/CalendarDatePickerDateValidationErrorEventArgs.cs",
        "RootDir": "/",
        "Filename": "CalendarDatePickerDateValidationErrorEventArgs",
        "Extension": ".cs",
        "RelativeDir": "CalendarDatePicker/",
        "Directory": "workspace/team-c/c3-admin-symbol-errors-validation/framework/CUI/vendor/Avalonia/src/Avalonia.Controls/CalendarDatePicker/",
        "RecursiveDir": "CalendarDatePicker/",
        "ModifiedTime": "",
        "CreatedTime": "",
        "AccessedTime": "",
        "DefiningProjectFullPath": "/workspace/.tools/dotnet/sdk/10.0.401/Sdks/Microsoft.NET.Sdk/targets/Microsoft.NET.Sdk.DefaultItems.props",
        "DefiningProjectDirectory": "/workspace/.tools/dotnet/sdk/10.0.401/Sdks/Microsoft.NET.Sdk/targets/",
        "DefiningProjectName": "Microsoft.NET.Sdk.DefaultItems",
        "DefiningProjectExtension": ".props"
      },
      {
        "Identity": "CalendarDatePicker/CalendarDatePickerFormat.cs",
        "FullPath": "/workspace/team-c/c3-admin-symbol-errors-validation/framework/CUI/vendor/Avalonia/src/Avalonia.Controls/CalendarDatePicker/CalendarDatePickerFormat.cs",
        "RootDir": "/",
        "Filename": "CalendarDatePickerFormat",
        "Extension": ".cs",
        "RelativeDir": "CalendarDatePicker/",
        "Directory": "workspace/team-c/c3-admin-symbol-errors-validation/framework/CUI/vendor/Avalonia/src/Avalonia.Controls/CalendarDatePicker/",
        "RecursiveDir": "CalendarDatePicker/",
        "ModifiedTime": "",
        "CreatedTime": "",
        "AccessedTime": "",
        "DefiningProjectFullPath": "/workspace/.tools/dotnet/sdk/10.0.401/Sdks/Microsoft.NET.Sdk/targets/Microsoft.NET.Sdk.DefaultItems.props",
        "DefiningProjectDirectory": "/workspace/.tools/dotnet/sdk/10.0.401/Sdks/Microsoft.NET.Sdk/targets/",
        "DefiningProjectName": "Microsoft.NET.Sdk.DefaultItems",
        "DefiningProjectExtension": ".props"
      },
      {
        "Identity": "Canvas.cs",
        "FullPath": "/workspace/team-c/c3-admin-symbol-errors-validation/framework/CUI/vendor/Avalonia/src/Avalonia.Controls/Canvas.cs",
        "RootDir": "/",
        "Filename": "Canvas",
        "Extension": ".cs",
        "RelativeDir": "",
        "Directory": "workspace/team-c/c3-admin-symbol-errors-validation/framework/CUI/vendor/Avalonia/src/Avalonia.Controls/",
        "RecursiveDir": "",
        "ModifiedTime": "",
        "CreatedTime": "",
        "AccessedTime": "",
        "DefiningProjectFullPath": "/workspace/.tools/dotnet/sdk/10.0.401/Sdks/Microsoft.NET.Sdk/targets/Microsoft.NET.Sdk.DefaultItems.props",
        "DefiningProjectDirectory": "/workspace/.tools/dotnet/sdk/10.0.401/Sdks/Microsoft.NET.Sdk/targets/",
        "DefiningProjectName": "Microsoft.NET.Sdk.DefaultItems",
        "DefiningProjectExtension": ".props"
      },
      {
        "Identity": "Carousel.cs",
        "FullPath": "/workspace/team-c/c3-admin-symbol-errors-validation/framework/CUI/vendor/Avalonia/src/Avalonia.Controls/Carousel.cs",
        "RootDir": "/",
        "Filename": "Carousel",
        "Extension": ".cs",
        "RelativeDir": "",
        "Directory": "workspace/team-c/c3-admin-symbol-errors-validation/framework/CUI/vendor/Avalonia/src/Avalonia.Controls/",
        "RecursiveDir": "",
        "ModifiedTime": "",
        "CreatedTime": "",
        "AccessedTime": "",
        "DefiningProjectFullPath": "/workspace/.tools/dotnet/sdk/10.0.401/Sdks/Microsoft.NET.Sdk/targets/Microsoft.NET.Sdk.DefaultItems.props",
        "DefiningProjectDirectory": "/workspace/.tools/dotnet/sdk/10.0.401/Sdks/Microsoft.NET.Sdk/targets/",
        "DefiningProjectName": "Microsoft.NET.Sdk.DefaultItems",
        "DefiningProjectExtension": ".props"
      },
      {
        "Identity": "CheckBox.cs",
        "FullPath": "/workspace/team-c/c3-admin-symbol-errors-validation/framework/CUI/vendor/Avalonia/src/Avalonia.Controls/CheckBox.cs",
        "RootDir": "/",
        "Filename": "CheckBox",
        "Extension": ".cs",
        "RelativeDir": "",
        "Directory": "workspace/team-c/c3-admin-symbol-errors-validation/framework/CUI/vendor/Avalonia/src/Avalonia.Controls/",
        "RecursiveDir": "",
        "ModifiedTime": "",
        "CreatedTime": "",
        "AccessedTime": "",
        "DefiningProjectFullPath": "/workspace/.tools/dotnet/sdk/10.0.401/Sdks/Microsoft.NET.Sdk/targets/Microsoft.NET.Sdk.DefaultItems.props",
        "DefiningProjectDirectory": "/workspace/.tools/dotnet/sdk/10.0.401/Sdks/Microsoft.NET.Sdk/targets/",
        "DefiningProjectName": "Microsoft.NET.Sdk.DefaultItems",
        "DefiningProjectExtension": ".props"
      },
      {
        "Identity": "Chrome/DrawnWindowDecorationParts.cs",
        "FullPath": "/workspace/team-c/c3-admin-symbol-errors-validation/framework/CUI/vendor/Avalonia/src/Avalonia.Controls/Chrome/DrawnWindowDecorationParts.cs",
        "RootDir": "/",
        "Filename": "DrawnWindowDecorationParts",
        "Extension": ".cs",
        "RelativeDir": "Chrome/",
        "Directory": "workspace/team-c/c3-admin-symbol-errors-validation/framework/CUI/vendor/Avalonia/src/Avalonia.Controls/Chrome/",
        "RecursiveDir": "Chrome/",
        "ModifiedTime": "",
        "CreatedTime": "",
        "AccessedTime": "",
        "DefiningProjectFullPath": "/workspace/.tools/dotnet/sdk/10.0.401/Sdks/Microsoft.NET.Sdk/targets/Microsoft.NET.Sdk.DefaultItems.props",
        "DefiningProjectDirectory": "/workspace/.tools/dotnet/sdk/10.0.401/Sdks/Microsoft.NET.Sdk/targets/",
        "DefiningProjectName": "Microsoft.NET.Sdk.DefaultItems",
        "DefiningProjectExtension": ".props"
      },
      {
        "Identity": "Chrome/IWindowDrawnDecorationsTemplate.cs",
        "FullPath": "/workspace/team-c/c3-admin-symbol-errors-validation/framework/CUI/vendor/Avalonia/src/Avalonia.Controls/Chrome/IWindowDrawnDecorationsTemplate.cs",
        "RootDir": "/",
        "Filename": "IWindowDrawnDecorationsTemplate",
        "Extension": ".cs",
        "RelativeDir": "Chrome/",
        "Directory": "workspace/team-c/c3-admin-symbol-errors-validation/framework/CUI/vendor/Avalonia/src/Avalonia.Controls/Chrome/",
        "RecursiveDir": "Chrome/",
        "ModifiedTime": "",
        "CreatedTime": "",
        "AccessedTime": "",
        "DefiningProjectFullPath": "/workspace/.tools/dotnet/sdk/10.0.401/Sdks/Microsoft.NET.Sdk/targets/Microsoft.NET.Sdk.DefaultItems.props",
        "DefiningProjectDirectory": "/workspace/.tools/dotnet/sdk/10.0.401/Sdks/Microsoft.NET.Sdk/targets/",
        "DefiningProjectName": "Microsoft.NET.Sdk.DefaultItems",
        "DefiningProjectExtension": ".props"
      },
      {
        "Identity": "Chrome/ResizeGripLayer.cs",
        "FullPath": "/workspace/team-c/c3-admin-symbol-errors-validation/framework/CUI/vendor/Avalonia/src/Avalonia.Controls/Chrome/ResizeGripLayer.cs",
        "RootDir": "/",
        "Filename": "ResizeGripLayer",
        "Extension": ".cs",
        "RelativeDir": "Chrome/",
        "Directory": "workspace/team-c/c3-admin-symbol-errors-validation/framework/CUI/vendor/Avalonia/src/Avalonia.Controls/Chrome/",
        "RecursiveDir": "Chrome/",
        "ModifiedTime": "",
        "CreatedTime": "",
        "AccessedTime": "",
        "DefiningProjectFullPath": "/workspace/.tools/dotnet/sdk/10.0.401/Sdks/Microsoft.NET.Sdk/targets/Microsoft.NET.Sdk.DefaultItems.props",
        "DefiningProjectDirectory": "/workspace/.tools/dotnet/sdk/10.0.401/Sdks/Microsoft.NET.Sdk/targets/",
        "DefiningProjectName": "Microsoft.NET.Sdk.DefaultItems",
        "DefiningProjectExtension": ".props"
      },
      {
        "Identity": "Chrome/WindowDecorationProperties.cs",
        "FullPath": "/workspace/team-c/c3-admin-symbol-errors-validation/framework/CUI/vendor/Avalonia/src/Avalonia.Controls/Chrome/WindowDecorationProperties.cs",
        "RootDir": "/",
        "Filename": "WindowDecorationProperties",
        "Extension": ".cs",
        "RelativeDir": "Chrome/",
        "Directory": "workspace/team-c/c3-admin-symbol-errors-validation/framework/CUI/vendor/Avalonia/src/Avalonia.Controls/Chrome/",
        "RecursiveDir": "Chrome/",
        "ModifiedTime": "",
        "CreatedTime": "",
        "AccessedTime": "",
        "DefiningProjectFullPath": "/workspace/.tools/dotnet/sdk/10.0.401/Sdks/Microsoft.NET.Sdk/targets/Microsoft.NET.Sdk.DefaultItems.props",
        "DefiningProjectDirectory": "/workspace/.tools/dotnet/sdk/10.0.401/Sdks/Microsoft.NET.Sdk/targets/",
        "DefiningProjectName": "Microsoft.NET.Sdk.DefaultItems",
        "DefiningProjectExtension": ".props"
      },
      {
        "Identity": "Chrome/WindowDrawnDecorations.cs",
        "FullPath": "/workspace/team-c/c3-admin-symbol-errors-validation/framework/CUI/vendor/Avalonia/src/Avalonia.Controls/Chrome/WindowDrawnDecorations.cs",
        "RootDir": "/",
        "Filename": "WindowDrawnDecorations",
        "Extension": ".cs",
        "RelativeDir": "Chrome/",
        "Directory": "workspace/team-c/c3-admin-symbol-errors-validation/framework/CUI/vendor/Avalonia/src/Avalonia.Controls/Chrome/",
        "RecursiveDir": "Chrome/",
        "ModifiedTime": "",
        "CreatedTime": "",
        "AccessedTime": "",
        "DefiningProjectFullPath": "/workspace/.tools/dotnet/sdk/10.0.401/Sdks/Microsoft.NET.Sdk/targets/Microsoft.NET.Sdk.DefaultItems.props",
        "DefiningProjectDirectory": "/workspace/.tools/dotnet/sdk/10.0.401/Sdks/Microsoft.NET.Sdk/targets/",
        "DefiningProjectName": "Microsoft.NET.Sdk.DefaultItems",
        "DefiningProjectExtension": ".props"
      },
      {
        "Identity": "Chrome/WindowDrawnDecorationsContent.cs",
        "FullPath": "/workspace/team-c/c3-admin-symbol-errors-validation/framework/CUI/vendor/Avalonia/src/Avalonia.Controls/Chrome/WindowDrawnDecorationsContent.cs",
        "RootDir": "/",
        "Filename": "WindowDrawnDecorationsContent",
        "Extension": ".cs",
        "RelativeDir": "Chrome/",
        "Directory": "workspace/team-c/c3-admin-symbol-errors-validation/framework/CUI/vendor/Avalonia/src/Avalonia.Controls/Chrome/",
        "RecursiveDir": "Chrome/",
        "ModifiedTime": "",
        "CreatedTime": "",
        "AccessedTime": "",
        "DefiningProjectFullPath": "/workspace/.tools/dotnet/sdk/10.0.401/Sdks/Microsoft.NET.Sdk/targets/Microsoft.NET.Sdk.DefaultItems.props",
        "DefiningProjectDirectory": "/workspace/.tools/dotnet/sdk/10.0.401/Sdks/Microsoft.NET.Sdk/targets/",
        "DefiningProjectName": "Microsoft.NET.Sdk.DefaultItems",
        "DefiningProjectExtension": ".props"
      },
      {
        "Identity": "ColumnDefinition.cs",
        "FullPath": "/workspace/team-c/c3-admin-symbol-errors-validation/framework/CUI/vendor/Avalonia/src/Avalonia.Controls/ColumnDefinition.cs",
        "RootDir": "/",
        "Filename": "ColumnDefinition",
        "Extension": ".cs",
        "RelativeDir": "",
        "Directory": "workspace/team-c/c3-admin-symbol-errors-validation/framework/CUI/vendor/Avalonia/src/Avalonia.Controls/",
        "RecursiveDir": "",
        "ModifiedTime": "",
        "CreatedTime": "",
        "AccessedTime": "",
        "DefiningProjectFullPath": "/workspace/.tools/dotnet/sdk/10.0.401/Sdks/Microsoft.NET.Sdk/targets/Microsoft.NET.Sdk.DefaultItems.props",
        "DefiningProjectDirectory": "/workspace/.tools/dotnet/sdk/10.0.401/Sdks/Microsoft.NET.Sdk/targets/",
        "DefiningProjectName": "Microsoft.NET.Sdk.DefaultItems",
        "DefiningProjectExtension": ".props"
      },
      {
        "Identity": "ColumnDefinitions.cs",
        "FullPath": "/workspace/team-c/c3-admin-symbol-errors-validation/framework/CUI/vendor/Avalonia/src/Avalonia.Controls/ColumnDefinitions.cs",
        "RootDir": "/",
        "Filename": "ColumnDefinitions",
        "Extension": ".cs",
        "RelativeDir": "",
        "Directory": "workspace/team-c/c3-admin-symbol-errors-validation/framework/CUI/vendor/Avalonia/src/Avalonia.Controls/",
        "RecursiveDir": "",
        "ModifiedTime": "",
        "CreatedTime": "",
        "AccessedTime": "",
        "DefiningProjectFullPath": "/workspace/.tools/dotnet/sdk/10.0.401/Sdks/Microsoft.NET.Sdk/targets/Microsoft.NET.Sdk.DefaultItems.props",
        "DefiningProjectDirectory": "/workspace/.tools/dotnet/sdk/10.0.401/Sdks/Microsoft.NET.Sdk/targets/",
        "DefiningProjectName": "Microsoft.NET.Sdk.DefaultItems",
        "DefiningProjectExtension": ".props"
      },
      {
        "Identity": "ComboBox.cs",
        "FullPath": "/workspace/team-c/c3-admin-symbol-errors-validation/framework/CUI/vendor/Avalonia/src/Avalonia.Controls/ComboBox.cs",
        "RootDir": "/",
        "Filename": "ComboBox",
        "Extension": ".cs",
        "RelativeDir": "",
        "Directory": "workspace/team-c/c3-admin-symbol-errors-validation/framework/CUI/vendor/Avalonia/src/Avalonia.Controls/",
        "RecursiveDir": "",
        "ModifiedTime": "",
        "CreatedTime": "",
        "AccessedTime": "",
        "DefiningProjectFullPath": "/workspace/.tools/dotnet/sdk/10.0.401/Sdks/Microsoft.NET.Sdk/targets/Microsoft.NET.Sdk.DefaultItems.props",
        "DefiningProjectDirectory": "/workspace/.tools/dotnet/sdk/10.0.401/Sdks/Microsoft.NET.Sdk/targets/",
        "DefiningProjectName": "Microsoft.NET.Sdk.DefaultItems",
        "DefiningProjectExtension": ".props"
      },
      {
        "Identity": "ComboBoxItem.cs",
        "FullPath": "/workspace/team-c/c3-admin-symbol-errors-validation/framework/CUI/vendor/Avalonia/src/Avalonia.Controls/ComboBoxItem.cs",
        "RootDir": "/",
        "Filename": "ComboBoxItem",
        "Extension": ".cs",
        "RelativeDir": "",
        "Directory": "workspace/team-c/c3-admin-symbol-errors-validation/framework/CUI/vendor/Avalonia/src/Avalonia.Controls/",
        "RecursiveDir": "",
        "ModifiedTime": "",
        "CreatedTime": "",
        "AccessedTime": "",
        "DefiningProjectFullPath": "/workspace/.tools/dotnet/sdk/10.0.401/Sdks/Microsoft.NET.Sdk/targets/Microsoft.NET.Sdk.DefaultItems.props",
        "DefiningProjectDirectory": "/workspace/.tools/dotnet/sdk/10.0.401/Sdks/Microsoft.NET.Sdk/targets/",
        "DefiningProjectName": "Microsoft.NET.Sdk.DefaultItems",
        "DefiningProjectExtension": ".props"
      },
      {
        "Identity": "CommandBar/CommandBar.cs",
        "FullPath": "/workspace/team-c/c3-admin-symbol-errors-validation/framework/CUI/vendor/Avalonia/src/Avalonia.Controls/CommandBar/CommandBar.cs",
        "RootDir": "/",
        "Filename": "CommandBar",
        "Extension": ".cs",
        "RelativeDir": "CommandBar/",
        "Directory": "workspace/team-c/c3-admin-symbol-errors-validation/framework/CUI/vendor/Avalonia/src/Avalonia.Controls/CommandBar/",
        "RecursiveDir": "CommandBar/",
        "ModifiedTime": "",
        "CreatedTime": "",
        "AccessedTime": "",
        "DefiningProjectFullPath": "/workspace/.tools/dotnet/sdk/10.0.401/Sdks/Microsoft.NET.Sdk/targets/Microsoft.NET.Sdk.DefaultItems.props",
        "DefiningProjectDirectory": "/workspace/.tools/dotnet/sdk/10.0.401/Sdks/Microsoft.NET.Sdk/targets/",
        "DefiningProjectName": "Microsoft.NET.Sdk.DefaultItems",
        "DefiningProjectExtension": ".props"
      },
      {
        "Identity": "CommandBar/CommandBarButton.cs",
        "FullPath": "/workspace/team-c/c3-admin-symbol-errors-validation/framework/CUI/vendor/Avalonia/src/Avalonia.Controls/CommandBar/CommandBarButton.cs",
        "RootDir": "/",
        "Filename": "CommandBarButton",
        "Extension": ".cs",
        "RelativeDir": "CommandBar/",
        "Directory": "workspace/team-c/c3-admin-symbol-errors-validation/framework/CUI/vendor/Avalonia/src/Avalonia.Controls/CommandBar/",
        "RecursiveDir": "CommandBar/",
        "ModifiedTime": "",
        "CreatedTime": "",
        "AccessedTime": "",
        "DefiningProjectFullPath": "/workspace/.tools/dotnet/sdk/10.0.401/Sdks/Microsoft.NET.Sdk/targets/Microsoft.NET.Sdk.DefaultItems.props",
        "DefiningProjectDirectory": "/workspace/.tools/dotnet/sdk/10.0.401/Sdks/Microsoft.NET.Sdk/targets/",
        "DefiningProjectName": "Microsoft.NET.Sdk.DefaultItems",
        "DefiningProjectExtension": ".props"
      },
      {
        "Identity": "CommandBar/CommandBarDefaultLabelPosition.cs",
        "FullPath": "/workspace/team-c/c3-admin-symbol-errors-validation/framework/CUI/vendor/Avalonia/src/Avalonia.Controls/CommandBar/CommandBarDefaultLabelPosition.cs",
        "RootDir": "/",
        "Filename": "CommandBarDefaultLabelPosition",
        "Extension": ".cs",
        "RelativeDir": "CommandBar/",
        "Directory": "workspace/team-c/c3-admin-symbol-errors-validation/framework/CUI/vendor/Avalonia/src/Avalonia.Controls/CommandBar/",
        "RecursiveDir": "CommandBar/",
        "ModifiedTime": "",
        "CreatedTime": "",
        "AccessedTime": "",
        "DefiningProjectFullPath": "/workspace/.tools/dotnet/sdk/10.0.401/Sdks/Microsoft.NET.Sdk/targets/Microsoft.NET.Sdk.DefaultItems.props",
        "DefiningProjectDirectory": "/workspace/.tools/dotnet/sdk/10.0.401/Sdks/Microsoft.NET.Sdk/targets/",
        "DefiningProjectName": "Microsoft.NET.Sdk.DefaultItems",
        "DefiningProjectExtension": ".props"
      },
      {
        "Identity": "CommandBar/CommandBarOverflowButtonVisibility.cs",
        "FullPath": "/workspace/team-c/c3-admin-symbol-errors-validation/framework/CUI/vendor/Avalonia/src/Avalonia.Controls/CommandBar/CommandBarOverflowButtonVisibility.cs",
        "RootDir": "/",
        "Filename": "CommandBarOverflowButtonVisibility",
        "Extension": ".cs",
        "RelativeDir": "CommandBar/",
        "Directory": "workspace/team-c/c3-admin-symbol-errors-validation/framework/CUI/vendor/Avalonia/src/Avalonia.Controls/CommandBar/",
        "RecursiveDir": "CommandBar/",
        "ModifiedTime": "",
        "CreatedTime": "",
        "AccessedTime": "",
        "DefiningProjectFullPath": "/workspace/.tools/dotnet/sdk/10.0.401/Sdks/Microsoft.NET.Sdk/targets/Microsoft.NET.Sdk.DefaultItems.props",
        "DefiningProjectDirectory": "/workspace/.tools/dotnet/sdk/10.0.401/Sdks/Microsoft.NET.Sdk/targets/",
        "DefiningProjectName": "Microsoft.NET.Sdk.DefaultItems",
        "DefiningProjectExtension": ".props"
      },
      {
        "Identity": "CommandBar/CommandBarSeparator.cs",
        "FullPath": "/workspace/team-c/c3-admin-symbol-errors-validation/framework/CUI/vendor/Avalonia/src/Avalonia.Controls/CommandBar/CommandBarSeparator.cs",
        "RootDir": "/",
        "Filename": "CommandBarSeparator",
        "Extension": ".cs",
        "RelativeDir": "CommandBar/",
        "Directory": "workspace/team-c/c3-admin-symbol-errors-validation/framework/CUI/vendor/Avalonia/src/Avalonia.Controls/CommandBar/",
        "RecursiveDir": "CommandBar/",
        "ModifiedTime": "",
        "CreatedTime": "",
        "AccessedTime": "",
        "DefiningProjectFullPath": "/workspace/.tools/dotnet/sdk/10.0.401/Sdks/Microsoft.NET.Sdk/targets/Microsoft.NET.Sdk.DefaultItems.props",
        "DefiningProjectDirectory": "/workspace/.tools/dotnet/sdk/10.0.401/Sdks/Microsoft.NET.Sdk/targets/",
        "DefiningProjectName": "Microsoft.NET.Sdk.DefaultItems",
        "DefiningProjectExtension": ".props"
      },
      {
        "Identity": "CommandBar/CommandBarToggleButton.cs",
        "FullPath": "/workspace/team-c/c3-admin-symbol-errors-validation/framework/CUI/vendor/Avalonia/src/Avalonia.Controls/CommandBar/CommandBarToggleButton.cs",
        "RootDir": "/",
        "Filename": "CommandBarToggleButton",
        "Extension": ".cs",
        "RelativeDir": "CommandBar/",
        "Directory": "workspace/team-c/c3-admin-symbol-errors-validation/framework/CUI/vendor/Avalonia/src/Avalonia.Controls/CommandBar/",
        "RecursiveDir": "CommandBar/",
        "ModifiedTime": "",
        "CreatedTime": "",
        "AccessedTime": "",
        "DefiningProjectFullPath": "/workspace/.tools/dotnet/sdk/10.0.401/Sdks/Microsoft.NET.Sdk/targets/Microsoft.NET.Sdk.DefaultItems.props",
        "DefiningProjectDirectory": "/workspace/.tools/dotnet/sdk/10.0.401/Sdks/Microsoft.NET.Sdk/targets/",
        "DefiningProjectName": "Microsoft.NET.Sdk.DefaultItems",
        "DefiningProjectExtension": ".props"
      },
      {
        "Identity": "CommandBar/ICommandBarElement.cs",
        "FullPath": "/workspace/team-c/c3-admin-symbol-errors-validation/framework/CUI/vendor/Avalonia/src/Avalonia.Controls/CommandBar/ICommandBarElement.cs",
        "RootDir": "/",
        "Filename": "ICommandBarElement",
        "Extension": ".cs",
        "RelativeDir": "CommandBar/",
        "Directory": "workspace/team-c/c3-admin-symbol-errors-validation/framework/CUI/vendor/Avalonia/src/Avalonia.Controls/CommandBar/",
        "RecursiveDir": "CommandBar/",
        "ModifiedTime": "",
        "CreatedTime": "",
        "AccessedTime": "",
        "DefiningProjectFullPath": "/workspace/.tools/dotnet/sdk/10.0.401/Sdks/Microsoft.NET.Sdk/targets/Microsoft.NET.Sdk.DefaultItems.props",
        "DefiningProjectDirectory": "/workspace/.tools/dotnet/sdk/10.0.401/Sdks/Microsoft.NET.Sdk/targets/",
        "DefiningProjectName": "Microsoft.NET.Sdk.DefaultItems",
        "DefiningProjectExtension": ".props"
      },
      {
        "Identity": "ContainerClearingEventArgs.cs",
        "FullPath": "/workspace/team-c/c3-admin-symbol-errors-validation/framework/CUI/vendor/Avalonia/src/Avalonia.Controls/ContainerClearingEventArgs.cs",
        "RootDir": "/",
        "Filename": "ContainerClearingEventArgs",
        "Extension": ".cs",
        "RelativeDir": "",
        "Directory": "workspace/team-c/c3-admin-symbol-errors-validation/framework/CUI/vendor/Avalonia/src/Avalonia.Controls/",
        "RecursiveDir": "",
        "ModifiedTime": "",
        "CreatedTime": "",
        "AccessedTime": "",
        "DefiningProjectFullPath": "/workspace/.tools/dotnet/sdk/10.0.401/Sdks/Microsoft.NET.Sdk/targets/Microsoft.NET.Sdk.DefaultItems.props",
        "DefiningProjectDirectory": "/workspace/.tools/dotnet/sdk/10.0.401/Sdks/Microsoft.NET.Sdk/targets/",
        "DefiningProjectName": "Microsoft.NET.Sdk.DefaultItems",
        "DefiningProjectExtension": ".props"
      },
      {
        "Identity": "ContainerIndexChangedEventArgs.cs",
        "FullPath": "/workspace/team-c/c3-admin-symbol-errors-validation/framework/CUI/vendor/Avalonia/src/Avalonia.Controls/ContainerIndexChangedEventArgs.cs",
        "RootDir": "/",
        "Filename": "ContainerIndexChangedEventArgs",
        "Extension": ".cs",
        "RelativeDir": "",
        "Directory": "workspace/team-c/c3-admin-symbol-errors-validation/framework/CUI/vendor/Avalonia/src/Avalonia.Controls/",
        "RecursiveDir": "",
        "ModifiedTime": "",
        "CreatedTime": "",
        "AccessedTime": "",
        "DefiningProjectFullPath": "/workspace/.tools/dotnet/sdk/10.0.401/Sdks/Microsoft.NET.Sdk/targets/Microsoft.NET.Sdk.DefaultItems.props",
        "DefiningProjectDirectory": "/workspace/.tools/dotnet/sdk/10.0.401/Sdks/Microsoft.NET.Sdk/targets/",
        "DefiningProjectName": "Microsoft.NET.Sdk.DefaultItems",
        "DefiningProjectExtension": ".props"
      },
      {
        "Identity": "ContainerPreparedEventArgs.cs",
        "FullPath": "/workspace/team-c/c3-admin-symbol-errors-validation/framework/CUI/vendor/Avalonia/src/Avalonia.Controls/ContainerPreparedEventArgs.cs",
        "RootDir": "/",
        "Filename": "ContainerPreparedEventArgs",
        "Extension": ".cs",
        "RelativeDir": "",
        "Directory": "workspace/team-c/c3-admin-symbol-errors-validation/framework/CUI/vendor/Avalonia/src/Avalonia.Controls/",
        "RecursiveDir": "",
        "ModifiedTime": "",
        "CreatedTime": "",
        "AccessedTime": "",
        "DefiningProjectFullPath": "/workspace/.tools/dotnet/sdk/10.0.401/Sdks/Microsoft.NET.Sdk/targets/Microsoft.NET.Sdk.DefaultItems.props",
        "DefiningProjectDirectory": "/workspace/.tools/dotnet/sdk/10.0.401/Sdks/Microsoft.NET.Sdk/targets/",
        "DefiningProjectName": "Microsoft.NET.Sdk.DefaultItems",
        "DefiningProjectExtension": ".props"
      },
      {
        "Identity": "ContentControl.cs",
        "FullPath": "/workspace/team-c/c3-admin-symbol-errors-validation/framework/CUI/vendor/Avalonia/src/Avalonia.Controls/ContentControl.cs",
        "RootDir": "/",
        "Filename": "ContentControl",
        "Extension": ".cs",
        "RelativeDir": "",
        "Directory": "workspace/team-c/c3-admin-symbol-errors-validation/framework/CUI/vendor/Avalonia/src/Avalonia.Controls/",
        "RecursiveDir": "",
        "ModifiedTime": "",
        "CreatedTime": "",
        "AccessedTime": "",
        "DefiningProjectFullPath": "/workspace/.tools/dotnet/sdk/10.0.401/Sdks/Microsoft.NET.Sdk/targets/Microsoft.NET.Sdk.DefaultItems.props",
        "DefiningProjectDirectory": "/workspace/.tools/dotnet/sdk/10.0.401/Sdks/Microsoft.NET.Sdk/targets/",
        "DefiningProjectName": "Microsoft.NET.Sdk.DefaultItems",
        "DefiningProjectExtension": ".props"
      },
      {
        "Identity": "ContextMenu.cs",
        "FullPath": "/workspace/team-c/c3-admin-symbol-errors-validation/framework/CUI/vendor/Avalonia/src/Avalonia.Controls/ContextMenu.cs",
        "RootDir": "/",
        "Filename": "ContextMenu",
        "Extension": ".cs",
        "RelativeDir": "",
        "Directory": "workspace/team-c/c3-admin-symbol-errors-validation/framework/CUI/vendor/Avalonia/src/Avalonia.Controls/",
        "RecursiveDir": "",
        "ModifiedTime": "",
        "CreatedTime": "",
        "AccessedTime": "",
        "DefiningProjectFullPath": "/workspace/.tools/dotnet/sdk/10.0.401/Sdks/Microsoft.NET.Sdk/targets/Microsoft.NET.Sdk.DefaultItems.props",
        "DefiningProjectDirectory": "/workspace/.tools/dotnet/sdk/10.0.401/Sdks/Microsoft.NET.Sdk/targets/",
        "DefiningProjectName": "Microsoft.NET.Sdk.DefaultItems",
        "DefiningProjectExtension": ".props"
      },
      {
        "Identity": "Control.cs",
        "FullPath": "/workspace/team-c/c3-admin-symbol-errors-validation/framework/CUI/vendor/Avalonia/src/Avalonia.Controls/Control.cs",
        "RootDir": "/",
        "Filename": "Control",
        "Extension": ".cs",
        "RelativeDir": "",
        "Directory": "workspace/team-c/c3-admin-symbol-errors-validation/framework/CUI/vendor/Avalonia/src/Avalonia.Controls/",
        "RecursiveDir": "",
        "ModifiedTime": "",
        "CreatedTime": "",
        "AccessedTime": "",
        "DefiningProjectFullPath": "/workspace/.tools/dotnet/sdk/10.0.401/Sdks/Microsoft.NET.Sdk/targets/Microsoft.NET.Sdk.DefaultItems.props",
        "DefiningProjectDirectory": "/workspace/.tools/dotnet/sdk/10.0.401/Sdks/Microsoft.NET.Sdk/targets/",
        "DefiningProjectName": "Microsoft.NET.Sdk.DefaultItems",
        "DefiningProjectExtension": ".props"
      },
      {
        "Identity": "ControlExtensions.cs",
        "FullPath": "/workspace/team-c/c3-admin-symbol-errors-validation/framework/CUI/vendor/Avalonia/src/Avalonia.Controls/ControlExtensions.cs",
        "RootDir": "/",
        "Filename": "ControlExtensions",
        "Extension": ".cs",
        "RelativeDir": "",
        "Directory": "workspace/team-c/c3-admin-symbol-errors-validation/framework/CUI/vendor/Avalonia/src/Avalonia.Controls/",
        "RecursiveDir": "",
        "ModifiedTime": "",
        "CreatedTime": "",
        "AccessedTime": "",
        "DefiningProjectFullPath": "/workspace/.tools/dotnet/sdk/10.0.401/Sdks/Microsoft.NET.Sdk/targets/Microsoft.NET.Sdk.DefaultItems.props",
        "DefiningProjectDirectory": "/workspace/.tools/dotnet/sdk/10.0.401/Sdks/Microsoft.NET.Sdk/targets/",
        "DefiningProjectName": "Microsoft.NET.Sdk.DefaultItems",
        "DefiningProjectExtension": ".props"
      },
      {
        "Identity": "Controls.cs",
        "FullPath": "/workspace/team-c/c3-admin-symbol-errors-validation/framework/CUI/vendor/Avalonia/src/Avalonia.Controls/Controls.cs",
        "RootDir": "/",
        "Filename": "Controls",
        "Extension": ".cs",
        "RelativeDir": "",
        "Directory": "workspace/team-c/c3-admin-symbol-errors-validation/framework/CUI/vendor/Avalonia/src/Avalonia.Controls/",
        "RecursiveDir": "",
        "ModifiedTime": "",
        "CreatedTime": "",
        "AccessedTime": "",
        "DefiningProjectFullPath": "/workspace/.tools/dotnet/sdk/10.0.401/Sdks/Microsoft.NET.Sdk/targets/Microsoft.NET.Sdk.DefaultItems.props",
        "DefiningProjectDirectory": "/workspace/.tools/dotnet/sdk/10.0.401/Sdks/Microsoft.NET.Sdk/targets/",
        "DefiningProjectName": "Microsoft.NET.Sdk.DefaultItems",
        "DefiningProjectExtension": ".props"
      },
      {
        "Identity": "Converters/BorderGapMaskConverter.cs",
        "FullPath": "/workspace/team-c/c3-admin-symbol-errors-validation/framework/CUI/vendor/Avalonia/src/Avalonia.Controls/Converters/BorderGapMaskConverter.cs",
        "RootDir": "/",
        "Filename": "BorderGapMaskConverter",
        "Extension": ".cs",
        "RelativeDir": "Converters/",
        "Directory": "workspace/team-c/c3-admin-symbol-errors-validation/framework/CUI/vendor/Avalonia/src/Avalonia.Controls/Converters/",
        "RecursiveDir": "Converters/",
        "ModifiedTime": "",
        "CreatedTime": "",
        "AccessedTime": "",
        "DefiningProjectFullPath": "/workspace/.tools/dotnet/sdk/10.0.401/Sdks/Microsoft.NET.Sdk/targets/Microsoft.NET.Sdk.DefaultItems.props",
        "DefiningProjectDirectory": "/workspace/.tools/dotnet/sdk/10.0.401/Sdks/Microsoft.NET.Sdk/targets/",
        "DefiningProjectName": "Microsoft.NET.Sdk.DefaultItems",
        "DefiningProjectExtension": ".props"
      },
      {
        "Identity": "Converters/CornerRadiusFilterConverter.cs",
        "FullPath": "/workspace/team-c/c3-admin-symbol-errors-validation/framework/CUI/vendor/Avalonia/src/Avalonia.Controls/Converters/CornerRadiusFilterConverter.cs",
        "RootDir": "/",
        "Filename": "CornerRadiusFilterConverter",
        "Extension": ".cs",
        "RelativeDir": "Converters/",
        "Directory": "workspace/team-c/c3-admin-symbol-errors-validation/framework/CUI/vendor/Avalonia/src/Avalonia.Controls/Converters/",
        "RecursiveDir": "Converters/",
        "ModifiedTime": "",
        "CreatedTime": "",
        "AccessedTime": "",
        "DefiningProjectFullPath": "/workspace/.tools/dotnet/sdk/10.0.401/Sdks/Microsoft.NET.Sdk/targets/Microsoft.NET.Sdk.DefaultItems.props",
        "DefiningProjectDirectory": "/workspace/.tools/dotnet/sdk/10.0.401/Sdks/Microsoft.NET.Sdk/targets/",
        "DefiningProjectName": "Microsoft.NET.Sdk.DefaultItems",
        "DefiningProjectExtension": ".props"
      },
      {
        "Identity": "Converters/CornerRadiusToDoubleConverter.cs",
        "FullPath": "/workspace/team-c/c3-admin-symbol-errors-validation/framework/CUI/vendor/Avalonia/src/Avalonia.Controls/Converters/CornerRadiusToDoubleConverter.cs",
        "RootDir": "/",
        "Filename": "CornerRadiusToDoubleConverter",
        "Extension": ".cs",
        "RelativeDir": "Converters/",
        "Directory": "workspace/team-c/c3-admin-symbol-errors-validation/framework/CUI/vendor/Avalonia/src/Avalonia.Controls/Converters/",
        "RecursiveDir": "Converters/",
        "ModifiedTime": "",
        "CreatedTime": "",
        "AccessedTime": "",
        "DefiningProjectFullPath": "/workspace/.tools/dotnet/sdk/10.0.401/Sdks/Microsoft.NET.Sdk/targets/Microsoft.NET.Sdk.DefaultItems.props",
        "DefiningProjectDirectory": "/workspace/.tools/dotnet/sdk/10.0.401/Sdks/Microsoft.NET.Sdk/targets/",
        "DefiningProjectName": "Microsoft.NET.Sdk.DefaultItems",
        "DefiningProjectExtension": ".props"
      },
      {
        "Identity": "Converters/Corners.cs",
        "FullPath": "/workspace/team-c/c3-admin-symbol-errors-validation/framework/CUI/vendor/Avalonia/src/Avalonia.Controls/Converters/Corners.cs",
        "RootDir": "/",
        "Filename": "Corners",
        "Extension": ".cs",
        "RelativeDir": "Converters/",
        "Directory": "workspace/team-c/c3-admin-symbol-errors-validation/framework/CUI/vendor/Avalonia/src/Avalonia.Controls/Converters/",
        "RecursiveDir": "Converters/",
        "ModifiedTime": "",
        "CreatedTime": "",
        "AccessedTime": "",
        "DefiningProjectFullPath": "/workspace/.tools/dotnet/sdk/10.0.401/Sdks/Microsoft.NET.Sdk/targets/Microsoft.NET.Sdk.DefaultItems.props",
        "DefiningProjectDirectory": "/workspace/.tools/dotnet/sdk/10.0.401/Sdks/Microsoft.NET.Sdk/targets/",
        "DefiningProjectName": "Microsoft.NET.Sdk.DefaultItems",
        "DefiningProjectExtension": ".props"
      },
      {
        "Identity": "Converters/EnumToBoolConverter.cs",
        "FullPath": "/workspace/team-c/c3-admin-symbol-errors-validation/framework/CUI/vendor/Avalonia/src/Avalonia.Controls/Converters/EnumToBoolConverter.cs",
        "RootDir": "/",
        "Filename": "EnumToBoolConverter",
        "Extension": ".cs",
        "RelativeDir": "Converters/",
        "Directory": "workspace/team-c/c3-admin-symbol-errors-validation/framework/CUI/vendor/Avalonia/src/Avalonia.Controls/Converters/",
        "RecursiveDir": "Converters/",
        "ModifiedTime": "",
        "CreatedTime": "",
        "AccessedTime": "",
        "DefiningProjectFullPath": "/workspace/.tools/dotnet/sdk/10.0.401/Sdks/Microsoft.NET.Sdk/targets/Microsoft.NET.Sdk.DefaultItems.props",
        "DefiningProjectDirectory": "/workspace/.tools/dotnet/sdk/10.0.401/Sdks/Microsoft.NET.Sdk/targets/",
        "DefiningProjectName": "Microsoft.NET.Sdk.DefaultItems",
        "DefiningProjectExtension": ".props"
      },
      {
        "Identity": "Converters/MarginMultiplierConverter.cs",
        "FullPath": "/workspace/team-c/c3-admin-symbol-errors-validation/framework/CUI/vendor/Avalonia/src/Avalonia.Controls/Converters/MarginMultiplierConverter.cs",
        "RootDir": "/",
        "Filename": "MarginMultiplierConverter",
        "Extension": ".cs",
        "RelativeDir": "Converters/",
        "Directory": "workspace/team-c/c3-admin-symbol-errors-validation/framework/CUI/vendor/Avalonia/src/Avalonia.Controls/Converters/",
        "RecursiveDir": "Converters/",
        "ModifiedTime": "",
        "CreatedTime": "",
        "AccessedTime": "",
        "DefiningProjectFullPath": "/workspace/.tools/dotnet/sdk/10.0.401/Sdks/Microsoft.NET.Sdk/targets/Microsoft.NET.Sdk.DefaultItems.props",
        "DefiningProjectDirectory": "/workspace/.tools/dotnet/sdk/10.0.401/Sdks/Microsoft.NET.Sdk/targets/",
        "DefiningProjectName": "Microsoft.NET.Sdk.DefaultItems",
        "DefiningProjectExtension": ".props"
      },
      {
        "Identity": "Converters/MenuScrollingVisibilityConverter.cs",
        "FullPath": "/workspace/team-c/c3-admin-symbol-errors-validation/framework/CUI/vendor/Avalonia/src/Avalonia.Controls/Converters/MenuScrollingVisibilityConverter.cs",
        "RootDir": "/",
        "Filename": "MenuScrollingVisibilityConverter",
        "Extension": ".cs",
        "RelativeDir": "Converters/",
        "Directory": "workspace/team-c/c3-admin-symbol-errors-validation/framework/CUI/vendor/Avalonia/src/Avalonia.Controls/Converters/",
        "RecursiveDir": "Converters/",
        "ModifiedTime": "",
        "CreatedTime": "",
        "AccessedTime": "",
        "DefiningProjectFullPath": "/workspace/.tools/dotnet/sdk/10.0.401/Sdks/Microsoft.NET.Sdk/targets/Microsoft.NET.Sdk.DefaultItems.props",
        "DefiningProjectDirectory": "/workspace/.tools/dotnet/sdk/10.0.401/Sdks/Microsoft.NET.Sdk/targets/",
        "DefiningProjectName": "Microsoft.NET.Sdk.DefaultItems",
        "DefiningProjectExtension": ".props"
      },
      {
        "Identity": "Converters/PlatformKeyGestureConverter.cs",
        "FullPath": "/workspace/team-c/c3-admin-symbol-errors-validation/framework/CUI/vendor/Avalonia/src/Avalonia.Controls/Converters/PlatformKeyGestureConverter.cs",
        "RootDir": "/",
        "Filename": "PlatformKeyGestureConverter",
        "Extension": ".cs",
        "RelativeDir": "Converters/",
        "Directory": "workspace/team-c/c3-admin-symbol-errors-validation/framework/CUI/vendor/Avalonia/src/Avalonia.Controls/Converters/",
        "RecursiveDir": "Converters/",
        "ModifiedTime": "",
        "CreatedTime": "",
        "AccessedTime": "",
        "DefiningProjectFullPath": "/workspace/.tools/dotnet/sdk/10.0.401/Sdks/Microsoft.NET.Sdk/targets/Microsoft.NET.Sdk.DefaultItems.props",
        "DefiningProjectDirectory": "/workspace/.tools/dotnet/sdk/10.0.401/Sdks/Microsoft.NET.Sdk/targets/",
        "DefiningProjectName": "Microsoft.NET.Sdk.DefaultItems",
        "DefiningProjectExtension": ".props"
      },
      {
        "Identity": "Converters/StringFormatConverter.cs",
        "FullPath": "/workspace/team-c/c3-admin-symbol-errors-validation/framework/CUI/vendor/Avalonia/src/Avalonia.Controls/Converters/StringFormatConverter.cs",
        "RootDir": "/",
        "Filename": "StringFormatConverter",
        "Extension": ".cs",
        "RelativeDir": "Converters/",
        "Directory": "workspace/team-c/c3-admin-symbol-errors-validation/framework/CUI/vendor/Avalonia/src/Avalonia.Controls/Converters/",
        "RecursiveDir": "Converters/",
        "ModifiedTime": "",
        "CreatedTime": "",
        "AccessedTime": "",
        "DefiningProjectFullPath": "/workspace/.tools/dotnet/sdk/10.0.401/Sdks/Microsoft.NET.Sdk/targets/Microsoft.NET.Sdk.DefaultItems.props",
        "DefiningProjectDirectory": "/workspace/.tools/dotnet/sdk/10.0.401/Sdks/Microsoft.NET.Sdk/targets/",
        "DefiningProjectName": "Microsoft.NET.Sdk.DefaultItems",
        "DefiningProjectExtension": ".props"
      },
      {
        "Identity": "Converters/TreeViewItemIndentConverter.cs",
        "FullPath": "/workspace/team-c/c3-admin-symbol-errors-validation/framework/CUI/vendor/Avalonia/src/Avalonia.Controls/Converters/TreeViewItemIndentConverter.cs",
        "RootDir": "/",
        "Filename": "TreeViewItemIndentConverter",
        "Extension": ".cs",
        "RelativeDir": "Converters/",
        "Directory": "workspace/team-c/c3-admin-symbol-errors-validation/framework/CUI/vendor/Avalonia/src/Avalonia.Controls/Converters/",
        "RecursiveDir": "Converters/",
        "ModifiedTime": "",
        "CreatedTime": "",
        "AccessedTime": "",
        "DefiningProjectFullPath": "/workspace/.tools/dotnet/sdk/10.0.401/Sdks/Microsoft.NET.Sdk/targets/Microsoft.NET.Sdk.DefaultItems.props",
        "DefiningProjectDirectory": "/workspace/.tools/dotnet/sdk/10.0.401/Sdks/Microsoft.NET.Sdk/targets/",
        "DefiningProjectName": "Microsoft.NET.Sdk.DefaultItems",
        "DefiningProjectExtension": ".props"
      },
      {
        "Identity": "DataValidationErrors.cs",
        "FullPath": "/workspace/team-c/c3-admin-symbol-errors-validation/framework/CUI/vendor/Avalonia/src/Avalonia.Controls/DataValidationErrors.cs",
        "RootDir": "/",
        "Filename": "DataValidationErrors",
        "Extension": ".cs",
        "RelativeDir": "",
        "Directory": "workspace/team-c/c3-admin-symbol-errors-validation/framework/CUI/vendor/Avalonia/src/Avalonia.Controls/",
        "RecursiveDir": "",
        "ModifiedTime": "",
        "CreatedTime": "",
        "AccessedTime": "",
        "DefiningProjectFullPath": "/workspace/.tools/dotnet/sdk/10.0.401/Sdks/Microsoft.NET.Sdk/targets/Microsoft.NET.Sdk.DefaultItems.props",
        "DefiningProjectDirectory": "/workspace/.tools/dotnet/sdk/10.0.401/Sdks/Microsoft.NET.Sdk/targets/",
        "DefiningProjectName": "Microsoft.NET.Sdk.DefaultItems",
        "DefiningProjectExtension": ".props"
      },
      {
        "Identity": "DateTimePickers/DatePicker.cs",
        "FullPath": "/workspace/team-c/c3-admin-symbol-errors-validation/framework/CUI/vendor/Avalonia/src/Avalonia.Controls/DateTimePickers/DatePicker.cs",
        "RootDir": "/",
        "Filename": "DatePicker",
        "Extension": ".cs",
        "RelativeDir": "DateTimePickers/",
        "Directory": "workspace/team-c/c3-admin-symbol-errors-validation/framework/CUI/vendor/Avalonia/src/Avalonia.Controls/DateTimePickers/",
        "RecursiveDir": "DateTimePickers/",
        "ModifiedTime": "",
        "CreatedTime": "",
        "AccessedTime": "",
        "DefiningProjectFullPath": "/workspace/.tools/dotnet/sdk/10.0.401/Sdks/Microsoft.NET.Sdk/targets/Microsoft.NET.Sdk.DefaultItems.props",
        "DefiningProjectDirectory": "/workspace/.tools/dotnet/sdk/10.0.401/Sdks/Microsoft.NET.Sdk/targets/",
        "DefiningProjectName": "Microsoft.NET.Sdk.DefaultItems",
        "DefiningProjectExtension": ".props"
      },
      {
        "Identity": "DateTimePickers/DatePickerPresenter.cs",
        "FullPath": "/workspace/team-c/c3-admin-symbol-errors-validation/framework/CUI/vendor/Avalonia/src/Avalonia.Controls/DateTimePickers/DatePickerPresenter.cs",
        "RootDir": "/",
        "Filename": "DatePickerPresenter",
        "Extension": ".cs",
        "RelativeDir": "DateTimePickers/",
        "Directory": "workspace/team-c/c3-admin-symbol-errors-validation/framework/CUI/vendor/Avalonia/src/Avalonia.Controls/DateTimePickers/",
        "RecursiveDir": "DateTimePickers/",
        "ModifiedTime": "",
        "CreatedTime": "",
        "AccessedTime": "",
        "DefiningProjectFullPath": "/workspace/.tools/dotnet/sdk/10.0.401/Sdks/Microsoft.NET.Sdk/targets/Microsoft.NET.Sdk.DefaultItems.props",
        "DefiningProjectDirectory": "/workspace/.tools/dotnet/sdk/10.0.401/Sdks/Microsoft.NET.Sdk/targets/",
        "DefiningProjectName": "Microsoft.NET.Sdk.DefaultItems",
        "DefiningProjectExtension": ".props"
      },
      {
        "Identity": "DateTimePickers/DatePickerSelectedValueChangedEventArgs.cs",
        "FullPath": "/workspace/team-c/c3-admin-symbol-errors-validation/framework/CUI/vendor/Avalonia/src/Avalonia.Controls/DateTimePickers/DatePickerSelectedValueChangedEventArgs.cs",
        "RootDir": "/",
        "Filename": "DatePickerSelectedValueChangedEventArgs",
        "Extension": ".cs",
        "RelativeDir": "DateTimePickers/",
        "Directory": "workspace/team-c/c3-admin-symbol-errors-validation/framework/CUI/vendor/Avalonia/src/Avalonia.Controls/DateTimePickers/",
        "RecursiveDir": "DateTimePickers/",
        "ModifiedTime": "",
        "CreatedTime": "",
        "AccessedTime": "",
        "DefiningProjectFullPath": "/workspace/.tools/dotnet/sdk/10.0.401/Sdks/Microsoft.NET.Sdk/targets/Microsoft.NET.Sdk.DefaultItems.props",
        "DefiningProjectDirectory": "/workspace/.tools/dotnet/sdk/10.0.401/Sdks/Microsoft.NET.Sdk/targets/",
        "DefiningProjectName": "Microsoft.NET.Sdk.DefaultItems",
        "DefiningProjectExtension": ".props"
      },
      {
        "Identity": "DateTimePickers/DateTimePickerPanel.cs",
        "FullPath": "/workspace/team-c/c3-admin-symbol-errors-validation/framework/CUI/vendor/Avalonia/src/Avalonia.Controls/DateTimePickers/DateTimePickerPanel.cs",
        "RootDir": "/",
        "Filename": "DateTimePickerPanel",
        "Extension": ".cs",
        "RelativeDir": "DateTimePickers/",
        "Directory": "workspace/team-c/c3-admin-symbol-errors-validation/framework/CUI/vendor/Avalonia/src/Avalonia.Controls/DateTimePickers/",
        "RecursiveDir": "DateTimePickers/",
        "ModifiedTime": "",
        "CreatedTime": "",
        "AccessedTime": "",
        "DefiningProjectFullPath": "/workspace/.tools/dotnet/sdk/10.0.401/Sdks/Microsoft.NET.Sdk/targets/Microsoft.NET.Sdk.DefaultItems.props",
        "DefiningProjectDirectory": "/workspace/.tools/dotnet/sdk/10.0.401/Sdks/Microsoft.NET.Sdk/targets/",
        "DefiningProjectName": "Microsoft.NET.Sdk.DefaultItems",
        "DefiningProjectExtension": ".props"
      },
      {
        "Identity": "DateTimePickers/PickerPresenterBase.cs",
        "FullPath": "/workspace/team-c/c3-admin-symbol-errors-validation/framework/CUI/vendor/Avalonia/src/Avalonia.Controls/DateTimePickers/PickerPresenterBase.cs",
        "RootDir": "/",
        "Filename": "PickerPresenterBase",
        "Extension": ".cs",
        "RelativeDir": "DateTimePickers/",
        "Directory": "workspace/team-c/c3-admin-symbol-errors-validation/framework/CUI/vendor/Avalonia/src/Avalonia.Controls/DateTimePickers/",
        "RecursiveDir": "DateTimePickers/",
        "ModifiedTime": "",
        "CreatedTime": "",
        "AccessedTime": "",
        "DefiningProjectFullPath": "/workspace/.tools/dotnet/sdk/10.0.401/Sdks/Microsoft.NET.Sdk/targets/Microsoft.NET.Sdk.DefaultItems.props",
        "DefiningProjectDirectory": "/workspace/.tools/dotnet/sdk/10.0.401/Sdks/Microsoft.NET.Sdk/targets/",
        "DefiningProjectName": "Microsoft.NET.Sdk.DefaultItems",
        "DefiningProjectExtension": ".props"
      },
      {
        "Identity": "DateTimePickers/TimePicker.cs",
        "FullPath": "/workspace/team-c/c3-admin-symbol-errors-validation/framework/CUI/vendor/Avalonia/src/Avalonia.Controls/DateTimePickers/TimePicker.cs",
        "RootDir": "/",
        "Filename": "TimePicker",
        "Extension": ".cs",
        "RelativeDir": "DateTimePickers/",
        "Directory": "workspace/team-c/c3-admin-symbol-errors-validation/framework/CUI/vendor/Avalonia/src/Avalonia.Controls/DateTimePickers/",
        "RecursiveDir": "DateTimePickers/",
        "ModifiedTime": "",
        "CreatedTime": "",
        "AccessedTime": "",
        "DefiningProjectFullPath": "/workspace/.tools/dotnet/sdk/10.0.401/Sdks/Microsoft.NET.Sdk/targets/Microsoft.NET.Sdk.DefaultItems.props",
        "DefiningProjectDirectory": "/workspace/.tools/dotnet/sdk/10.0.401/Sdks/Microsoft.NET.Sdk/targets/",
        "DefiningProjectName": "Microsoft.NET.Sdk.DefaultItems",
        "DefiningProjectExtension": ".props"
      },
      {
        "Identity": "DateTimePickers/TimePickerPresenter.cs",
        "FullPath": "/workspace/team-c/c3-admin-symbol-errors-validation/framework/CUI/vendor/Avalonia/src/Avalonia.Controls/DateTimePickers/TimePickerPresenter.cs",
        "RootDir": "/",
        "Filename": "TimePickerPresenter",
        "Extension": ".cs",
        "RelativeDir": "DateTimePickers/",
        "Directory": "workspace/team-c/c3-admin-symbol-errors-validation/framework/CUI/vendor/Avalonia/src/Avalonia.Controls/DateTimePickers/",
        "RecursiveDir": "DateTimePickers/",
        "ModifiedTime": "",
        "CreatedTime": "",
        "AccessedTime": "",
        "DefiningProjectFullPath": "/workspace/.tools/dotnet/sdk/10.0.401/Sdks/Microsoft.NET.Sdk/targets/Microsoft.NET.Sdk.DefaultItems.props",
        "DefiningProjectDirectory": "/workspace/.tools/dotnet/sdk/10.0.401/Sdks/Microsoft.NET.Sdk/targets/",
        "DefiningProjectName": "Microsoft.NET.Sdk.DefaultItems",
        "DefiningProjectExtension": ".props"
      },
      {
        "Identity": "DateTimePickers/TimePickerSelectedValueChangedEventArgs.cs",
        "FullPath": "/workspace/team-c/c3-admin-symbol-errors-validation/framework/CUI/vendor/Avalonia/src/Avalonia.Controls/DateTimePickers/TimePickerSelectedValueChangedEventArgs.cs",
        "RootDir": "/",
        "Filename": "TimePickerSelectedValueChangedEventArgs",
        "Extension": ".cs",
        "RelativeDir": "DateTimePickers/",
        "Directory": "workspace/team-c/c3-admin-symbol-errors-validation/framework/CUI/vendor/Avalonia/src/Avalonia.Controls/DateTimePickers/",
        "RecursiveDir": "DateTimePickers/",
        "ModifiedTime": "",
        "CreatedTime": "",
        "AccessedTime": "",
        "DefiningProjectFullPath": "/workspace/.tools/dotnet/sdk/10.0.401/Sdks/Microsoft.NET.Sdk/targets/Microsoft.NET.Sdk.DefaultItems.props",
        "DefiningProjectDirectory": "/workspace/.tools/dotnet/sdk/10.0.401/Sdks/Microsoft.NET.Sdk/targets/",
        "DefiningProjectName": "Microsoft.NET.Sdk.DefaultItems",
        "DefiningProjectExtension": ".props"
      },
      {
        "Identity": "Decorator.cs",
        "FullPath": "/workspace/team-c/c3-admin-symbol-errors-validation/framework/CUI/vendor/Avalonia/src/Avalonia.Controls/Decorator.cs",
        "RootDir": "/",
        "Filename": "Decorator",
        "Extension": ".cs",
        "RelativeDir": "",
        "Directory": "workspace/team-c/c3-admin-symbol-errors-validation/framework/CUI/vendor/Avalonia/src/Avalonia.Controls/",
        "RecursiveDir": "",
        "ModifiedTime": "",
        "CreatedTime": "",
        "AccessedTime": "",
        "DefiningProjectFullPath": "/workspace/.tools/dotnet/sdk/10.0.401/Sdks/Microsoft.NET.Sdk/targets/Microsoft.NET.Sdk.DefaultItems.props",
        "DefiningProjectDirectory": "/workspace/.tools/dotnet/sdk/10.0.401/Sdks/Microsoft.NET.Sdk/targets/",
        "DefiningProjectName": "Microsoft.NET.Sdk.DefaultItems",
        "DefiningProjectExtension": ".props"
      },
      {
        "Identity": "DefinitionBase.cs",
        "FullPath": "/workspace/team-c/c3-admin-symbol-errors-validation/framework/CUI/vendor/Avalonia/src/Avalonia.Controls/DefinitionBase.cs",
        "RootDir": "/",
        "Filename": "DefinitionBase",
        "Extension": ".cs",
        "RelativeDir": "",
        "Directory": "workspace/team-c/c3-admin-symbol-errors-validation/framework/CUI/vendor/Avalonia/src/Avalonia.Controls/",
        "RecursiveDir": "",
        "ModifiedTime": "",
        "CreatedTime": "",
        "AccessedTime": "",
        "DefiningProjectFullPath": "/workspace/.tools/dotnet/sdk/10.0.401/Sdks/Microsoft.NET.Sdk/targets/Microsoft.NET.Sdk.DefaultItems.props",
        "DefiningProjectDirectory": "/workspace/.tools/dotnet/sdk/10.0.401/Sdks/Microsoft.NET.Sdk/targets/",
        "DefiningProjectName": "Microsoft.NET.Sdk.DefaultItems",
        "DefiningProjectExtension": ".props"
      },
      {
        "Identity": "DefinitionList.cs",
        "FullPath": "/workspace/team-c/c3-admin-symbol-errors-validation/framework/CUI/vendor/Avalonia/src/Avalonia.Controls/DefinitionList.cs",
        "RootDir": "/",
        "Filename": "DefinitionList",
        "Extension": ".cs",
        "RelativeDir": "",
        "Directory": "workspace/team-c/c3-admin-symbol-errors-validation/framework/CUI/vendor/Avalonia/src/Avalonia.Controls/",
        "RecursiveDir": "",
        "ModifiedTime": "",
        "CreatedTime": "",
        "AccessedTime": "",
        "DefiningProjectFullPath": "/workspace/.tools/dotnet/sdk/10.0.401/Sdks/Microsoft.NET.Sdk/targets/Microsoft.NET.Sdk.DefaultItems.props",
        "DefiningProjectDirectory": "/workspace/.tools/dotnet/sdk/10.0.401/Sdks/Microsoft.NET.Sdk/targets/",
        "DefiningProjectName": "Microsoft.NET.Sdk.DefaultItems",
        "DefiningProjectExtension": ".props"
      },
      {
        "Identity": "Design.cs",
        "FullPath": "/workspace/team-c/c3-admin-symbol-errors-validation/framework/CUI/vendor/Avalonia/src/Avalonia.Controls/Design.cs",
        "RootDir": "/",
        "Filename": "Design",
        "Extension": ".cs",
        "RelativeDir": "",
        "Directory": "workspace/team-c/c3-admin-symbol-errors-validation/framework/CUI/vendor/Avalonia/src/Avalonia.Controls/",
        "RecursiveDir": "",
        "ModifiedTime": "",
        "CreatedTime": "",
        "AccessedTime": "",
        "DefiningProjectFullPath": "/workspace/.tools/dotnet/sdk/10.0.401/Sdks/Microsoft.NET.Sdk/targets/Microsoft.NET.Sdk.DefaultItems.props",
        "DefiningProjectDirectory": "/workspace/.tools/dotnet/sdk/10.0.401/Sdks/Microsoft.NET.Sdk/targets/",
        "DefiningProjectName": "Microsoft.NET.Sdk.DefaultItems",
        "DefiningProjectExtension": ".props"
      },
      {
        "Identity": "DesktopApplicationExtensions.cs",
        "FullPath": "/workspace/team-c/c3-admin-symbol-errors-validation/framework/CUI/vendor/Avalonia/src/Avalonia.Controls/DesktopApplicationExtensions.cs",
        "RootDir": "/",
        "Filename": "DesktopApplicationExtensions",
        "Extension": ".cs",
        "RelativeDir": "",
        "Directory": "workspace/team-c/c3-admin-symbol-errors-validation/framework/CUI/vendor/Avalonia/src/Avalonia.Controls/",
        "RecursiveDir": "",
        "ModifiedTime": "",
        "CreatedTime": "",
        "AccessedTime": "",
        "DefiningProjectFullPath": "/workspace/.tools/dotnet/sdk/10.0.401/Sdks/Microsoft.NET.Sdk/targets/Microsoft.NET.Sdk.DefaultItems.props",
        "DefiningProjectDirectory": "/workspace/.tools/dotnet/sdk/10.0.401/Sdks/Microsoft.NET.Sdk/targets/",
        "DefiningProjectName": "Microsoft.NET.Sdk.DefaultItems",
        "DefiningProjectExtension": ".props"
      },
      {
        "Identity": "Diagnostics/IPopupHostProvider.cs",
        "FullPath": "/workspace/team-c/c3-admin-symbol-errors-validation/framework/CUI/vendor/Avalonia/src/Avalonia.Controls/Diagnostics/IPopupHostProvider.cs",
        "RootDir": "/",
        "Filename": "IPopupHostProvider",
        "Extension": ".cs",
        "RelativeDir": "Diagnostics/",
        "Directory": "workspace/team-c/c3-admin-symbol-errors-validation/framework/CUI/vendor/Avalonia/src/Avalonia.Controls/Diagnostics/",
        "RecursiveDir": "Diagnostics/",
        "ModifiedTime": "",
        "CreatedTime": "",
        "AccessedTime": "",
        "DefiningProjectFullPath": "/workspace/.tools/dotnet/sdk/10.0.401/Sdks/Microsoft.NET.Sdk/targets/Microsoft.NET.Sdk.DefaultItems.props",
        "DefiningProjectDirectory": "/workspace/.tools/dotnet/sdk/10.0.401/Sdks/Microsoft.NET.Sdk/targets/",
        "DefiningProjectName": "Microsoft.NET.Sdk.DefaultItems",
        "DefiningProjectExtension": ".props"
      },
      {
        "Identity": "Diagnostics/ToolTipDiagnostics.cs",
        "FullPath": "/workspace/team-c/c3-admin-symbol-errors-validation/framework/CUI/vendor/Avalonia/src/Avalonia.Controls/Diagnostics/ToolTipDiagnostics.cs",
        "RootDir": "/",
        "Filename": "ToolTipDiagnostics",
        "Extension": ".cs",
        "RelativeDir": "Diagnostics/",
        "Directory": "workspace/team-c/c3-admin-symbol-errors-validation/framework/CUI/vendor/Avalonia/src/Avalonia.Controls/Diagnostics/",
        "RecursiveDir": "Diagnostics/",
        "ModifiedTime": "",
        "CreatedTime": "",
        "AccessedTime": "",
        "DefiningProjectFullPath": "/workspace/.tools/dotnet/sdk/10.0.401/Sdks/Microsoft.NET.Sdk/targets/Microsoft.NET.Sdk.DefaultItems.props",
        "DefiningProjectDirectory": "/workspace/.tools/dotnet/sdk/10.0.401/Sdks/Microsoft.NET.Sdk/targets/",
        "DefiningProjectName": "Microsoft.NET.Sdk.DefaultItems",
        "DefiningProjectExtension": ".props"
      },
      {
        "Identity": "DockPanel.cs",
        "FullPath": "/workspace/team-c/c3-admin-symbol-errors-validation/framework/CUI/vendor/Avalonia/src/Avalonia.Controls/DockPanel.cs",
        "RootDir": "/",
        "Filename": "DockPanel",
        "Extension": ".cs",
        "RelativeDir": "",
        "Directory": "workspace/team-c/c3-admin-symbol-errors-validation/framework/CUI/vendor/Avalonia/src/Avalonia.Controls/",
        "RecursiveDir": "",
        "ModifiedTime": "",
        "CreatedTime": "",
        "AccessedTime": "",
        "DefiningProjectFullPath": "/workspace/.tools/dotnet/sdk/10.0.401/Sdks/Microsoft.NET.Sdk/targets/Microsoft.NET.Sdk.DefaultItems.props",
        "DefiningProjectDirectory": "/workspace/.tools/dotnet/sdk/10.0.401/Sdks/Microsoft.NET.Sdk/targets/",
        "DefiningProjectName": "Microsoft.NET.Sdk.DefaultItems",
        "DefiningProjectExtension": ".props"
      },
      {
        "Identity": "Documents/Bold.cs",
        "FullPath": "/workspace/team-c/c3-admin-symbol-errors-validation/framework/CUI/vendor/Avalonia/src/Avalonia.Controls/Documents/Bold.cs",
        "RootDir": "/",
        "Filename": "Bold",
        "Extension": ".cs",
        "RelativeDir": "Documents/",
        "Directory": "workspace/team-c/c3-admin-symbol-errors-validation/framework/CUI/vendor/Avalonia/src/Avalonia.Controls/Documents/",
        "RecursiveDir": "Documents/",
        "ModifiedTime": "",
        "CreatedTime": "",
        "AccessedTime": "",
        "DefiningProjectFullPath": "/workspace/.tools/dotnet/sdk/10.0.401/Sdks/Microsoft.NET.Sdk/targets/Microsoft.NET.Sdk.DefaultItems.props",
        "DefiningProjectDirectory": "/workspace/.tools/dotnet/sdk/10.0.401/Sdks/Microsoft.NET.Sdk/targets/",
        "DefiningProjectName": "Microsoft.NET.Sdk.DefaultItems",
        "DefiningProjectExtension": ".props"
      },
      {
        "Identity": "Documents/IInlineHost.cs",
        "FullPath": "/workspace/team-c/c3-admin-symbol-errors-validation/framework/CUI/vendor/Avalonia/src/Avalonia.Controls/Documents/IInlineHost.cs",
        "RootDir": "/",
        "Filename": "IInlineHost",
        "Extension": ".cs",
        "RelativeDir": "Documents/",
        "Directory": "workspace/team-c/c3-admin-symbol-errors-validation/framework/CUI/vendor/Avalonia/src/Avalonia.Controls/Documents/",
        "RecursiveDir": "Documents/",
        "ModifiedTime": "",
        "CreatedTime": "",
        "AccessedTime": "",
        "DefiningProjectFullPath": "/workspace/.tools/dotnet/sdk/10.0.401/Sdks/Microsoft.NET.Sdk/targets/Microsoft.NET.Sdk.DefaultItems.props",
        "DefiningProjectDirectory": "/workspace/.tools/dotnet/sdk/10.0.401/Sdks/Microsoft.NET.Sdk/targets/",
        "DefiningProjectName": "Microsoft.NET.Sdk.DefaultItems",
        "DefiningProjectExtension": ".props"
      },
      {
        "Identity": "Documents/Inline.cs",
        "FullPath": "/workspace/team-c/c3-admin-symbol-errors-validation/framework/CUI/vendor/Avalonia/src/Avalonia.Controls/Documents/Inline.cs",
        "RootDir": "/",
        "Filename": "Inline",
        "Extension": ".cs",
        "RelativeDir": "Documents/",
        "Directory": "workspace/team-c/c3-admin-symbol-errors-validation/framework/CUI/vendor/Avalonia/src/Avalonia.Controls/Documents/",
        "RecursiveDir": "Documents/",
        "ModifiedTime": "",
        "CreatedTime": "",
        "AccessedTime": "",
        "DefiningProjectFullPath": "/workspace/.tools/dotnet/sdk/10.0.401/Sdks/Microsoft.NET.Sdk/targets/Microsoft.NET.Sdk.DefaultItems.props",
        "DefiningProjectDirectory": "/workspace/.tools/dotnet/sdk/10.0.401/Sdks/Microsoft.NET.Sdk/targets/",
        "DefiningProjectName": "Microsoft.NET.Sdk.DefaultItems",
        "DefiningProjectExtension": ".props"
      },
      {
        "Identity": "Documents/InlineCollection.cs",
        "FullPath": "/workspace/team-c/c3-admin-symbol-errors-validation/framework/CUI/vendor/Avalonia/src/Avalonia.Controls/Documents/InlineCollection.cs",
        "RootDir": "/",
        "Filename": "InlineCollection",
        "Extension": ".cs",
        "RelativeDir": "Documents/",
        "Directory": "workspace/team-c/c3-admin-symbol-errors-validation/framework/CUI/vendor/Avalonia/src/Avalonia.Controls/Documents/",
        "RecursiveDir": "Documents/",
        "ModifiedTime": "",
        "CreatedTime": "",
        "AccessedTime": "",
        "DefiningProjectFullPath": "/workspace/.tools/dotnet/sdk/10.0.401/Sdks/Microsoft.NET.Sdk/targets/Microsoft.NET.Sdk.DefaultItems.props",
        "DefiningProjectDirectory": "/workspace/.tools/dotnet/sdk/10.0.401/Sdks/Microsoft.NET.Sdk/targets/",
        "DefiningProjectName": "Microsoft.NET.Sdk.DefaultItems",
        "DefiningProjectExtension": ".props"
      },
      {
        "Identity": "Documents/InlineRun.cs",
        "FullPath": "/workspace/team-c/c3-admin-symbol-errors-validation/framework/CUI/vendor/Avalonia/src/Avalonia.Controls/Documents/InlineRun.cs",
        "RootDir": "/",
        "Filename": "InlineRun",
        "Extension": ".cs",
        "RelativeDir": "Documents/",
        "Directory": "workspace/team-c/c3-admin-symbol-errors-validation/framework/CUI/vendor/Avalonia/src/Avalonia.Controls/Documents/",
        "RecursiveDir": "Documents/",
        "ModifiedTime": "",
        "CreatedTime": "",
        "AccessedTime": "",
        "DefiningProjectFullPath": "/workspace/.tools/dotnet/sdk/10.0.401/Sdks/Microsoft.NET.Sdk/targets/Microsoft.NET.Sdk.DefaultItems.props",
        "DefiningProjectDirectory": "/workspace/.tools/dotnet/sdk/10.0.401/Sdks/Microsoft.NET.Sdk/targets/",
        "DefiningProjectName": "Microsoft.NET.Sdk.DefaultItems",
        "DefiningProjectExtension": ".props"
      },
      {
        "Identity": "Documents/InlineUIContainer.cs",
        "FullPath": "/workspace/team-c/c3-admin-symbol-errors-validation/framework/CUI/vendor/Avalonia/src/Avalonia.Controls/Documents/InlineUIContainer.cs",
        "RootDir": "/",
        "Filename": "InlineUIContainer",
        "Extension": ".cs",
        "RelativeDir": "Documents/",
        "Directory": "workspace/team-c/c3-admin-symbol-errors-validation/framework/CUI/vendor/Avalonia/src/Avalonia.Controls/Documents/",
        "RecursiveDir": "Documents/",
        "ModifiedTime": "",
        "CreatedTime": "",
        "AccessedTime": "",
        "DefiningProjectFullPath": "/workspace/.tools/dotnet/sdk/10.0.401/Sdks/Microsoft.NET.Sdk/targets/Microsoft.NET.Sdk.DefaultItems.props",
        "DefiningProjectDirectory": "/workspace/.tools/dotnet/sdk/10.0.401/Sdks/Microsoft.NET.Sdk/targets/",
        "DefiningProjectName": "Microsoft.NET.Sdk.DefaultItems",
        "DefiningProjectExtension": ".props"
      },
      {
        "Identity": "Documents/Italic.cs",
        "FullPath": "/workspace/team-c/c3-admin-symbol-errors-validation/framework/CUI/vendor/Avalonia/src/Avalonia.Controls/Documents/Italic.cs",
        "RootDir": "/",
        "Filename": "Italic",
        "Extension": ".cs",
        "RelativeDir": "Documents/",
        "Directory": "workspace/team-c/c3-admin-symbol-errors-validation/framework/CUI/vendor/Avalonia/src/Avalonia.Controls/Documents/",
        "RecursiveDir": "Documents/",
        "ModifiedTime": "",
        "CreatedTime": "",
        "AccessedTime": "",
        "DefiningProjectFullPath": "/workspace/.tools/dotnet/sdk/10.0.401/Sdks/Microsoft.NET.Sdk/targets/Microsoft.NET.Sdk.DefaultItems.props",
        "DefiningProjectDirectory": "/workspace/.tools/dotnet/sdk/10.0.401/Sdks/Microsoft.NET.Sdk/targets/",
        "DefiningProjectName": "Microsoft.NET.Sdk.DefaultItems",
        "DefiningProjectExtension": ".props"
      },
      {
        "Identity": "Documents/LineBreak.cs",
        "FullPath": "/workspace/team-c/c3-admin-symbol-errors-validation/framework/CUI/vendor/Avalonia/src/Avalonia.Controls/Documents/LineBreak.cs",
        "RootDir": "/",
        "Filename": "LineBreak",
        "Extension": ".cs",
        "RelativeDir": "Documents/",
        "Directory": "workspace/team-c/c3-admin-symbol-errors-validation/framework/CUI/vendor/Avalonia/src/Avalonia.Controls/Documents/",
        "RecursiveDir": "Documents/",
        "ModifiedTime": "",
        "CreatedTime": "",
        "AccessedTime": "",
        "DefiningProjectFullPath": "/workspace/.tools/dotnet/sdk/10.0.401/Sdks/Microsoft.NET.Sdk/targets/Microsoft.NET.Sdk.DefaultItems.props",
        "DefiningProjectDirectory": "/workspace/.tools/dotnet/sdk/10.0.401/Sdks/Microsoft.NET.Sdk/targets/",
        "DefiningProjectName": "Microsoft.NET.Sdk.DefaultItems",
        "DefiningProjectExtension": ".props"
      },
      {
        "Identity": "Documents/Run.cs",
        "FullPath": "/workspace/team-c/c3-admin-symbol-errors-validation/framework/CUI/vendor/Avalonia/src/Avalonia.Controls/Documents/Run.cs",
        "RootDir": "/",
        "Filename": "Run",
        "Extension": ".cs",
        "RelativeDir": "Documents/",
        "Directory": "workspace/team-c/c3-admin-symbol-errors-validation/framework/CUI/vendor/Avalonia/src/Avalonia.Controls/Documents/",
        "RecursiveDir": "Documents/",
        "ModifiedTime": "",
        "CreatedTime": "",
        "AccessedTime": "",
        "DefiningProjectFullPath": "/workspace/.tools/dotnet/sdk/10.0.401/Sdks/Microsoft.NET.Sdk/targets/Microsoft.NET.Sdk.DefaultItems.props",
        "DefiningProjectDirectory": "/workspace/.tools/dotnet/sdk/10.0.401/Sdks/Microsoft.NET.Sdk/targets/",
        "DefiningProjectName": "Microsoft.NET.Sdk.DefaultItems",
        "DefiningProjectExtension": ".props"
      },
      {
        "Identity": "Documents/Span.cs",
        "FullPath": "/workspace/team-c/c3-admin-symbol-errors-validation/framework/CUI/vendor/Avalonia/src/Avalonia.Controls/Documents/Span.cs",
        "RootDir": "/",
        "Filename": "Span",
        "Extension": ".cs",
        "RelativeDir": "Documents/",
        "Directory": "workspace/team-c/c3-admin-symbol-errors-validation/framework/CUI/vendor/Avalonia/src/Avalonia.Controls/Documents/",
        "RecursiveDir": "Documents/",
        "ModifiedTime": "",
        "CreatedTime": "",
        "AccessedTime": "",
        "DefiningProjectFullPath": "/workspace/.tools/dotnet/sdk/10.0.401/Sdks/Microsoft.NET.Sdk/targets/Microsoft.NET.Sdk.DefaultItems.props",
        "DefiningProjectDirectory": "/workspace/.tools/dotnet/sdk/10.0.401/Sdks/Microsoft.NET.Sdk/targets/",
        "DefiningProjectName": "Microsoft.NET.Sdk.DefaultItems",
        "DefiningProjectExtension": ".props"
      },
      {
        "Identity": "Documents/TextElement.cs",
        "FullPath": "/workspace/team-c/c3-admin-symbol-errors-validation/framework/CUI/vendor/Avalonia/src/Avalonia.Controls/Documents/TextElement.cs",
        "RootDir": "/",
        "Filename": "TextElement",
        "Extension": ".cs",
        "RelativeDir": "Documents/",
        "Directory": "workspace/team-c/c3-admin-symbol-errors-validation/framework/CUI/vendor/Avalonia/src/Avalonia.Controls/Documents/",
        "RecursiveDir": "Documents/",
        "ModifiedTime": "",
        "CreatedTime": "",
        "AccessedTime": "",
        "DefiningProjectFullPath": "/workspace/.tools/dotnet/sdk/10.0.401/Sdks/Microsoft.NET.Sdk/targets/Microsoft.NET.Sdk.DefaultItems.props",
        "DefiningProjectDirectory": "/workspace/.tools/dotnet/sdk/10.0.401/Sdks/Microsoft.NET.Sdk/targets/",
        "DefiningProjectName": "Microsoft.NET.Sdk.DefaultItems",
        "DefiningProjectExtension": ".props"
      },
      {
        "Identity": "Documents/Underline.cs",
        "FullPath": "/workspace/team-c/c3-admin-symbol-errors-validation/framework/CUI/vendor/Avalonia/src/Avalonia.Controls/Documents/Underline.cs",
        "RootDir": "/",
        "Filename": "Underline",
        "Extension": ".cs",
        "RelativeDir": "Documents/",
        "Directory": "workspace/team-c/c3-admin-symbol-errors-validation/framework/CUI/vendor/Avalonia/src/Avalonia.Controls/Documents/",
        "RecursiveDir": "Documents/",
        "ModifiedTime": "",
        "CreatedTime": "",
        "AccessedTime": "",
        "DefiningProjectFullPath": "/workspace/.tools/dotnet/sdk/10.0.401/Sdks/Microsoft.NET.Sdk/targets/Microsoft.NET.Sdk.DefaultItems.props",
        "DefiningProjectDirectory": "/workspace/.tools/dotnet/sdk/10.0.401/Sdks/Microsoft.NET.Sdk/targets/",
        "DefiningProjectName": "Microsoft.NET.Sdk.DefaultItems",
        "DefiningProjectExtension": ".props"
      },
      {
        "Identity": "DropDownButton.cs",
        "FullPath": "/workspace/team-c/c3-admin-symbol-errors-validation/framework/CUI/vendor/Avalonia/src/Avalonia.Controls/DropDownButton.cs",
        "RootDir": "/",
        "Filename": "DropDownButton",
        "Extension": ".cs",
        "RelativeDir": "",
        "Directory": "workspace/team-c/c3-admin-symbol-errors-validation/framework/CUI/vendor/Avalonia/src/Avalonia.Controls/",
        "RecursiveDir": "",
        "ModifiedTime": "",
        "CreatedTime": "",
        "AccessedTime": "",
        "DefiningProjectFullPath": "/workspace/.tools/dotnet/sdk/10.0.401/Sdks/Microsoft.NET.Sdk/targets/Microsoft.NET.Sdk.DefaultItems.props",
        "DefiningProjectDirectory": "/workspace/.tools/dotnet/sdk/10.0.401/Sdks/Microsoft.NET.Sdk/targets/",
        "DefiningProjectName": "Microsoft.NET.Sdk.DefaultItems",
        "DefiningProjectExtension": ".props"
      },
      {
        "Identity": "Embedding/EmbeddableControlRoot.cs",
        "FullPath": "/workspace/team-c/c3-admin-symbol-errors-validation/framework/CUI/vendor/Avalonia/src/Avalonia.Controls/Embedding/EmbeddableControlRoot.cs",
        "RootDir": "/",
        "Filename": "EmbeddableControlRoot",
        "Extension": ".cs",
        "RelativeDir": "Embedding/",
        "Directory": "workspace/team-c/c3-admin-symbol-errors-validation/framework/CUI/vendor/Avalonia/src/Avalonia.Controls/Embedding/",
        "RecursiveDir": "Embedding/",
        "ModifiedTime": "",
        "CreatedTime": "",
        "AccessedTime": "",
        "DefiningProjectFullPath": "/workspace/.tools/dotnet/sdk/10.0.401/Sdks/Microsoft.NET.Sdk/targets/Microsoft.NET.Sdk.DefaultItems.props",
        "DefiningProjectDirectory": "/workspace/.tools/dotnet/sdk/10.0.401/Sdks/Microsoft.NET.Sdk/targets/",
        "DefiningProjectName": "Microsoft.NET.Sdk.DefaultItems",
        "DefiningProjectExtension": ".props"
      },
      {
        "Identity": "Embedding/Offscreen/OffscreenTopLevel.cs",
        "FullPath": "/workspace/team-c/c3-admin-symbol-errors-validation/framework/CUI/vendor/Avalonia/src/Avalonia.Controls/Embedding/Offscreen/OffscreenTopLevel.cs",
        "RootDir": "/",
        "Filename": "OffscreenTopLevel",
        "Extension": ".cs",
        "RelativeDir": "Embedding/Offscreen/",
        "Directory": "workspace/team-c/c3-admin-symbol-errors-validation/framework/CUI/vendor/Avalonia/src/Avalonia.Controls/Embedding/Offscreen/",
        "RecursiveDir": "Embedding/Offscreen/",
        "ModifiedTime": "",
        "CreatedTime": "",
        "AccessedTime": "",
        "DefiningProjectFullPath": "/workspace/.tools/dotnet/sdk/10.0.401/Sdks/Microsoft.NET.Sdk/targets/Microsoft.NET.Sdk.DefaultItems.props",
        "DefiningProjectDirectory": "/workspace/.tools/dotnet/sdk/10.0.401/Sdks/Microsoft.NET.Sdk/targets/",
        "DefiningProjectName": "Microsoft.NET.Sdk.DefaultItems",
        "DefiningProjectExtension": ".props"
      },
      {
        "Identity": "Embedding/Offscreen/OffscreenTopLevelImpl.cs",
        "FullPath": "/workspace/team-c/c3-admin-symbol-errors-validation/framework/CUI/vendor/Avalonia/src/Avalonia.Controls/Embedding/Offscreen/OffscreenTopLevelImpl.cs",
        "RootDir": "/",
        "Filename": "OffscreenTopLevelImpl",
        "Extension": ".cs",
        "RelativeDir": "Embedding/Offscreen/",
        "Directory": "workspace/team-c/c3-admin-symbol-errors-validation/framework/CUI/vendor/Avalonia/src/Avalonia.Controls/Embedding/Offscreen/",
        "RecursiveDir": "Embedding/Offscreen/",
        "ModifiedTime": "",
        "CreatedTime": "",
        "AccessedTime": "",
        "DefiningProjectFullPath": "/workspace/.tools/dotnet/sdk/10.0.401/Sdks/Microsoft.NET.Sdk/targets/Microsoft.NET.Sdk.DefaultItems.props",
        "DefiningProjectDirectory": "/workspace/.tools/dotnet/sdk/10.0.401/Sdks/Microsoft.NET.Sdk/targets/",
        "DefiningProjectName": "Microsoft.NET.Sdk.DefaultItems",
        "DefiningProjectExtension": ".props"
      },
      {
        "Identity": "Expander.cs",
        "FullPath": "/workspace/team-c/c3-admin-symbol-errors-validation/framework/CUI/vendor/Avalonia/src/Avalonia.Controls/Expander.cs",
        "RootDir": "/",
        "Filename": "Expander",
        "Extension": ".cs",
        "RelativeDir": "",
        "Directory": "workspace/team-c/c3-admin-symbol-errors-validation/framework/CUI/vendor/Avalonia/src/Avalonia.Controls/",
        "RecursiveDir": "",
        "ModifiedTime": "",
        "CreatedTime": "",
        "AccessedTime": "",
        "DefiningProjectFullPath": "/workspace/.tools/dotnet/sdk/10.0.401/Sdks/Microsoft.NET.Sdk/targets/Microsoft.NET.Sdk.DefaultItems.props",
        "DefiningProjectDirectory": "/workspace/.tools/dotnet/sdk/10.0.401/Sdks/Microsoft.NET.Sdk/targets/",
        "DefiningProjectName": "Microsoft.NET.Sdk.DefaultItems",
        "DefiningProjectExtension": ".props"
      },
      {
        "Identity": "ExperimentalAcrylicBorder.cs",
        "FullPath": "/workspace/team-c/c3-admin-symbol-errors-validation/framework/CUI/vendor/Avalonia/src/Avalonia.Controls/ExperimentalAcrylicBorder.cs",
        "RootDir": "/",
        "Filename": "ExperimentalAcrylicBorder",
        "Extension": ".cs",
        "RelativeDir": "",
        "Directory": "workspace/team-c/c3-admin-symbol-errors-validation/framework/CUI/vendor/Avalonia/src/Avalonia.Controls/",
        "RecursiveDir": "",
        "ModifiedTime": "",
        "CreatedTime": "",
        "AccessedTime": "",
        "DefiningProjectFullPath": "/workspace/.tools/dotnet/sdk/10.0.401/Sdks/Microsoft.NET.Sdk/targets/Microsoft.NET.Sdk.DefaultItems.props",
        "DefiningProjectDirectory": "/workspace/.tools/dotnet/sdk/10.0.401/Sdks/Microsoft.NET.Sdk/targets/",
        "DefiningProjectName": "Microsoft.NET.Sdk.DefaultItems",
        "DefiningProjectExtension": ".props"
      },
      {
        "Identity": "Flyouts/Flyout.cs",
        "FullPath": "/workspace/team-c/c3-admin-symbol-errors-validation/framework/CUI/vendor/Avalonia/src/Avalonia.Controls/Flyouts/Flyout.cs",
        "RootDir": "/",
        "Filename": "Flyout",
        "Extension": ".cs",
        "RelativeDir": "Flyouts/",
        "Directory": "workspace/team-c/c3-admin-symbol-errors-validation/framework/CUI/vendor/Avalonia/src/Avalonia.Controls/Flyouts/",
        "RecursiveDir": "Flyouts/",
        "ModifiedTime": "",
        "CreatedTime": "",
        "AccessedTime": "",
        "DefiningProjectFullPath": "/workspace/.tools/dotnet/sdk/10.0.401/Sdks/Microsoft.NET.Sdk/targets/Microsoft.NET.Sdk.DefaultItems.props",
        "DefiningProjectDirectory": "/workspace/.tools/dotnet/sdk/10.0.401/Sdks/Microsoft.NET.Sdk/targets/",
        "DefiningProjectName": "Microsoft.NET.Sdk.DefaultItems",
        "DefiningProjectExtension": ".props"
      },
      {
        "Identity": "Flyouts/FlyoutBase.cs",
        "FullPath": "/workspace/team-c/c3-admin-symbol-errors-validation/framework/CUI/vendor/Avalonia/src/Avalonia.Controls/Flyouts/FlyoutBase.cs",
        "RootDir": "/",
        "Filename": "FlyoutBase",
        "Extension": ".cs",
        "RelativeDir": "Flyouts/",
        "Directory": "workspace/team-c/c3-admin-symbol-errors-validation/framework/CUI/vendor/Avalonia/src/Avalonia.Controls/Flyouts/",
        "RecursiveDir": "Flyouts/",
        "ModifiedTime": "",
        "CreatedTime": "",
        "AccessedTime": "",
        "DefiningProjectFullPath": "/workspace/.tools/dotnet/sdk/10.0.401/Sdks/Microsoft.NET.Sdk/targets/Microsoft.NET.Sdk.DefaultItems.props",
        "DefiningProjectDirectory": "/workspace/.tools/dotnet/sdk/10.0.401/Sdks/Microsoft.NET.Sdk/targets/",
        "DefiningProjectName": "Microsoft.NET.Sdk.DefaultItems",
        "DefiningProjectExtension": ".props"
      },
      {
        "Identity": "Flyouts/FlyoutPresenter.cs",
        "FullPath": "/workspace/team-c/c3-admin-symbol-errors-validation/framework/CUI/vendor/Avalonia/src/Avalonia.Controls/Flyouts/FlyoutPresenter.cs",
        "RootDir": "/",
        "Filename": "FlyoutPresenter",
        "Extension": ".cs",
        "RelativeDir": "Flyouts/",
        "Directory": "workspace/team-c/c3-admin-symbol-errors-validation/framework/CUI/vendor/Avalonia/src/Avalonia.Controls/Flyouts/",
        "RecursiveDir": "Flyouts/",
        "ModifiedTime": "",
        "CreatedTime": "",
        "AccessedTime": "",
        "DefiningProjectFullPath": "/workspace/.tools/dotnet/sdk/10.0.401/Sdks/Microsoft.NET.Sdk/targets/Microsoft.NET.Sdk.DefaultItems.props",
        "DefiningProjectDirectory": "/workspace/.tools/dotnet/sdk/10.0.401/Sdks/Microsoft.NET.Sdk/targets/",
        "DefiningProjectName": "Microsoft.NET.Sdk.DefaultItems",
        "DefiningProjectExtension": ".props"
      },
      {
        "Identity": "Flyouts/FlyoutShowMode.cs",
        "FullPath": "/workspace/team-c/c3-admin-symbol-errors-validation/framework/CUI/vendor/Avalonia/src/Avalonia.Controls/Flyouts/FlyoutShowMode.cs",
        "RootDir": "/",
        "Filename": "FlyoutShowMode",
        "Extension": ".cs",
        "RelativeDir": "Flyouts/",
        "Directory": "workspace/team-c/c3-admin-symbol-errors-validation/framework/CUI/vendor/Avalonia/src/Avalonia.Controls/Flyouts/",
        "RecursiveDir": "Flyouts/",
        "ModifiedTime": "",
        "CreatedTime": "",
        "AccessedTime": "",
        "DefiningProjectFullPath": "/workspace/.tools/dotnet/sdk/10.0.401/Sdks/Microsoft.NET.Sdk/targets/Microsoft.NET.Sdk.DefaultItems.props",
        "DefiningProjectDirectory": "/workspace/.tools/dotnet/sdk/10.0.401/Sdks/Microsoft.NET.Sdk/targets/",
        "DefiningProjectName": "Microsoft.NET.Sdk.DefaultItems",
        "DefiningProjectExtension": ".props"
      },
      {
        "Identity": "Flyouts/MenuFlyout.cs",
        "FullPath": "/workspace/team-c/c3-admin-symbol-errors-validation/framework/CUI/vendor/Avalonia/src/Avalonia.Controls/Flyouts/MenuFlyout.cs",
        "RootDir": "/",
        "Filename": "MenuFlyout",
        "Extension": ".cs",
        "RelativeDir": "Flyouts/",
        "Directory": "workspace/team-c/c3-admin-symbol-errors-validation/framework/CUI/vendor/Avalonia/src/Avalonia.Controls/Flyouts/",
        "RecursiveDir": "Flyouts/",
        "ModifiedTime": "",
        "CreatedTime": "",
        "AccessedTime": "",
        "DefiningProjectFullPath": "/workspace/.tools/dotnet/sdk/10.0.401/Sdks/Microsoft.NET.Sdk/targets/Microsoft.NET.Sdk.DefaultItems.props",
        "DefiningProjectDirectory": "/workspace/.tools/dotnet/sdk/10.0.401/Sdks/Microsoft.NET.Sdk/targets/",
        "DefiningProjectName": "Microsoft.NET.Sdk.DefaultItems",
        "DefiningProjectExtension": ".props"
      },
      {
        "Identity": "Flyouts/MenuFlyoutPresenter.cs",
        "FullPath": "/workspace/team-c/c3-admin-symbol-errors-validation/framework/CUI/vendor/Avalonia/src/Avalonia.Controls/Flyouts/MenuFlyoutPresenter.cs",
        "RootDir": "/",
        "Filename": "MenuFlyoutPresenter",
        "Extension": ".cs",
        "RelativeDir": "Flyouts/",
        "Directory": "workspace/team-c/c3-admin-symbol-errors-validation/framework/CUI/vendor/Avalonia/src/Avalonia.Controls/Flyouts/",
        "RecursiveDir": "Flyouts/",
        "ModifiedTime": "",
        "CreatedTime": "",
        "AccessedTime": "",
        "DefiningProjectFullPath": "/workspace/.tools/dotnet/sdk/10.0.401/Sdks/Microsoft.NET.Sdk/targets/Microsoft.NET.Sdk.DefaultItems.props",
        "DefiningProjectDirectory": "/workspace/.tools/dotnet/sdk/10.0.401/Sdks/Microsoft.NET.Sdk/targets/",
        "DefiningProjectName": "Microsoft.NET.Sdk.DefaultItems",
        "DefiningProjectExtension": ".props"
      },
      {
        "Identity": "Flyouts/PopupFlyoutBase.cs",
        "FullPath": "/workspace/team-c/c3-admin-symbol-errors-validation/framework/CUI/vendor/Avalonia/src/Avalonia.Controls/Flyouts/PopupFlyoutBase.cs",
        "RootDir": "/",
        "Filename": "PopupFlyoutBase",
        "Extension": ".cs",
        "RelativeDir": "Flyouts/",
        "Directory": "workspace/team-c/c3-admin-symbol-errors-validation/framework/CUI/vendor/Avalonia/src/Avalonia.Controls/Flyouts/",
        "RecursiveDir": "Flyouts/",
        "ModifiedTime": "",
        "CreatedTime": "",
        "AccessedTime": "",
        "DefiningProjectFullPath": "/workspace/.tools/dotnet/sdk/10.0.401/Sdks/Microsoft.NET.Sdk/targets/Microsoft.NET.Sdk.DefaultItems.props",
        "DefiningProjectDirectory": "/workspace/.tools/dotnet/sdk/10.0.401/Sdks/Microsoft.NET.Sdk/targets/",
        "DefiningProjectName": "Microsoft.NET.Sdk.DefaultItems",
        "DefiningProjectExtension": ".props"
      },
      {
        "Identity": "Generators/ItemContainerGenerator.cs",
        "FullPath": "/workspace/team-c/c3-admin-symbol-errors-validation/framework/CUI/vendor/Avalonia/src/Avalonia.Controls/Generators/ItemContainerGenerator.cs",
        "RootDir": "/",
        "Filename": "ItemContainerGenerator",
        "Extension": ".cs",
        "RelativeDir": "Generators/",
        "Directory": "workspace/team-c/c3-admin-symbol-errors-validation/framework/CUI/vendor/Avalonia/src/Avalonia.Controls/Generators/",
        "RecursiveDir": "Generators/",
        "ModifiedTime": "",
        "CreatedTime": "",
        "AccessedTime": "",
        "DefiningProjectFullPath": "/workspace/.tools/dotnet/sdk/10.0.401/Sdks/Microsoft.NET.Sdk/targets/Microsoft.NET.Sdk.DefaultItems.props",
        "DefiningProjectDirectory": "/workspace/.tools/dotnet/sdk/10.0.401/Sdks/Microsoft.NET.Sdk/targets/",
        "DefiningProjectName": "Microsoft.NET.Sdk.DefaultItems",
        "DefiningProjectExtension": ".props"
      },
      {
        "Identity": "Grid.cs",
        "FullPath": "/workspace/team-c/c3-admin-symbol-errors-validation/framework/CUI/vendor/Avalonia/src/Avalonia.Controls/Grid.cs",
        "RootDir": "/",
        "Filename": "Grid",
        "Extension": ".cs",
        "RelativeDir": "",
        "Directory": "workspace/team-c/c3-admin-symbol-errors-validation/framework/CUI/vendor/Avalonia/src/Avalonia.Controls/",
        "RecursiveDir": "",
        "ModifiedTime": "",
        "CreatedTime": "",
        "AccessedTime": "",
        "DefiningProjectFullPath": "/workspace/.tools/dotnet/sdk/10.0.401/Sdks/Microsoft.NET.Sdk/targets/Microsoft.NET.Sdk.DefaultItems.props",
        "DefiningProjectDirectory": "/workspace/.tools/dotnet/sdk/10.0.401/Sdks/Microsoft.NET.Sdk/targets/",
        "DefiningProjectName": "Microsoft.NET.Sdk.DefaultItems",
        "DefiningProjectExtension": ".props"
      },
      {
        "Identity": "GridLength.cs",
        "FullPath": "/workspace/team-c/c3-admin-symbol-errors-validation/framework/CUI/vendor/Avalonia/src/Avalonia.Controls/GridLength.cs",
        "RootDir": "/",
        "Filename": "GridLength",
        "Extension": ".cs",
        "RelativeDir": "",
        "Directory": "workspace/team-c/c3-admin-symbol-errors-validation/framework/CUI/vendor/Avalonia/src/Avalonia.Controls/",
        "RecursiveDir": "",
        "ModifiedTime": "",
        "CreatedTime": "",
        "AccessedTime": "",
        "DefiningProjectFullPath": "/workspace/.tools/dotnet/sdk/10.0.401/Sdks/Microsoft.NET.Sdk/targets/Microsoft.NET.Sdk.DefaultItems.props",
        "DefiningProjectDirectory": "/workspace/.tools/dotnet/sdk/10.0.401/Sdks/Microsoft.NET.Sdk/targets/",
        "DefiningProjectName": "Microsoft.NET.Sdk.DefaultItems",
        "DefiningProjectExtension": ".props"
      },
      {
        "Identity": "GridSplitter.cs",
        "FullPath": "/workspace/team-c/c3-admin-symbol-errors-validation/framework/CUI/vendor/Avalonia/src/Avalonia.Controls/GridSplitter.cs",
        "RootDir": "/",
        "Filename": "GridSplitter",
        "Extension": ".cs",
        "RelativeDir": "",
        "Directory": "workspace/team-c/c3-admin-symbol-errors-validation/framework/CUI/vendor/Avalonia/src/Avalonia.Controls/",
        "RecursiveDir": "",
        "ModifiedTime": "",
        "CreatedTime": "",
        "AccessedTime": "",
        "DefiningProjectFullPath": "/workspace/.tools/dotnet/sdk/10.0.401/Sdks/Microsoft.NET.Sdk/targets/Microsoft.NET.Sdk.DefaultItems.props",
        "DefiningProjectDirectory": "/workspace/.tools/dotnet/sdk/10.0.401/Sdks/Microsoft.NET.Sdk/targets/",
        "DefiningProjectName": "Microsoft.NET.Sdk.DefaultItems",
        "DefiningProjectExtension": ".props"
      },
      {
        "Identity": "GroupBox.cs",
        "FullPath": "/workspace/team-c/c3-admin-symbol-errors-validation/framework/CUI/vendor/Avalonia/src/Avalonia.Controls/GroupBox.cs",
        "RootDir": "/",
        "Filename": "GroupBox",
        "Extension": ".cs",
        "RelativeDir": "",
        "Directory": "workspace/team-c/c3-admin-symbol-errors-validation/framework/CUI/vendor/Avalonia/src/Avalonia.Controls/",
        "RecursiveDir": "",
        "ModifiedTime": "",
        "CreatedTime": "",
        "AccessedTime": "",
        "DefiningProjectFullPath": "/workspace/.tools/dotnet/sdk/10.0.401/Sdks/Microsoft.NET.Sdk/targets/Microsoft.NET.Sdk.DefaultItems.props",
        "DefiningProjectDirectory": "/workspace/.tools/dotnet/sdk/10.0.401/Sdks/Microsoft.NET.Sdk/targets/",
        "DefiningProjectName": "Microsoft.NET.Sdk.DefaultItems",
        "DefiningProjectExtension": ".props"
      },
      {
        "Identity": "HotkeyManager.cs",
        "FullPath": "/workspace/team-c/c3-admin-symbol-errors-validation/framework/CUI/vendor/Avalonia/src/Avalonia.Controls/HotkeyManager.cs",
        "RootDir": "/",
        "Filename": "HotkeyManager",
        "Extension": ".cs",
        "RelativeDir": "",
        "Directory": "workspace/team-c/c3-admin-symbol-errors-validation/framework/CUI/vendor/Avalonia/src/Avalonia.Controls/",
        "RecursiveDir": "",
        "ModifiedTime": "",
        "CreatedTime": "",
        "AccessedTime": "",
        "DefiningProjectFullPath": "/workspace/.tools/dotnet/sdk/10.0.401/Sdks/Microsoft.NET.Sdk/targets/Microsoft.NET.Sdk.DefaultItems.props",
        "DefiningProjectDirectory": "/workspace/.tools/dotnet/sdk/10.0.401/Sdks/Microsoft.NET.Sdk/targets/",
        "DefiningProjectName": "Microsoft.NET.Sdk.DefaultItems",
        "DefiningProjectExtension": ".props"
      },
      {
        "Identity": "HyperlinkButton.cs",
        "FullPath": "/workspace/team-c/c3-admin-symbol-errors-validation/framework/CUI/vendor/Avalonia/src/Avalonia.Controls/HyperlinkButton.cs",
        "RootDir": "/",
        "Filename": "HyperlinkButton",
        "Extension": ".cs",
        "RelativeDir": "",
        "Directory": "workspace/team-c/c3-admin-symbol-errors-validation/framework/CUI/vendor/Avalonia/src/Avalonia.Controls/",
        "RecursiveDir": "",
        "ModifiedTime": "",
        "CreatedTime": "",
        "AccessedTime": "",
        "DefiningProjectFullPath": "/workspace/.tools/dotnet/sdk/10.0.401/Sdks/Microsoft.NET.Sdk/targets/Microsoft.NET.Sdk.DefaultItems.props",
        "DefiningProjectDirectory": "/workspace/.tools/dotnet/sdk/10.0.401/Sdks/Microsoft.NET.Sdk/targets/",
        "DefiningProjectName": "Microsoft.NET.Sdk.DefaultItems",
        "DefiningProjectExtension": ".props"
      },
      {
        "Identity": "IconElement.cs",
        "FullPath": "/workspace/team-c/c3-admin-symbol-errors-validation/framework/CUI/vendor/Avalonia/src/Avalonia.Controls/IconElement.cs",
        "RootDir": "/",
        "Filename": "IconElement",
        "Extension": ".cs",
        "RelativeDir": "",
        "Directory": "workspace/team-c/c3-admin-symbol-errors-validation/framework/CUI/vendor/Avalonia/src/Avalonia.Controls/",
        "RecursiveDir": "",
        "ModifiedTime": "",
        "CreatedTime": "",
        "AccessedTime": "",
        "DefiningProjectFullPath": "/workspace/.tools/dotnet/sdk/10.0.401/Sdks/Microsoft.NET.Sdk/targets/Microsoft.NET.Sdk.DefaultItems.props",
        "DefiningProjectDirectory": "/workspace/.tools/dotnet/sdk/10.0.401/Sdks/Microsoft.NET.Sdk/targets/",
        "DefiningProjectName": "Microsoft.NET.Sdk.DefaultItems",
        "DefiningProjectExtension": ".props"
      },
      {
        "Identity": "IContentControl.cs",
        "FullPath": "/workspace/team-c/c3-admin-symbol-errors-validation/framework/CUI/vendor/Avalonia/src/Avalonia.Controls/IContentControl.cs",
        "RootDir": "/",
        "Filename": "IContentControl",
        "Extension": ".cs",
        "RelativeDir": "",
        "Directory": "workspace/team-c/c3-admin-symbol-errors-validation/framework/CUI/vendor/Avalonia/src/Avalonia.Controls/",
        "RecursiveDir": "",
        "ModifiedTime": "",
        "CreatedTime": "",
        "AccessedTime": "",
        "DefiningProjectFullPath": "/workspace/.tools/dotnet/sdk/10.0.401/Sdks/Microsoft.NET.Sdk/targets/Microsoft.NET.Sdk.DefaultItems.props",
        "DefiningProjectDirectory": "/workspace/.tools/dotnet/sdk/10.0.401/Sdks/Microsoft.NET.Sdk/targets/",
        "DefiningProjectName": "Microsoft.NET.Sdk.DefaultItems",
        "DefiningProjectExtension": ".props"
      },
      {
        "Identity": "IGlobalDataTemplates.cs",
        "FullPath": "/workspace/team-c/c3-admin-symbol-errors-validation/framework/CUI/vendor/Avalonia/src/Avalonia.Controls/IGlobalDataTemplates.cs",
        "RootDir": "/",
        "Filename": "IGlobalDataTemplates",
        "Extension": ".cs",
        "RelativeDir": "",
        "Directory": "workspace/team-c/c3-admin-symbol-errors-validation/framework/CUI/vendor/Avalonia/src/Avalonia.Controls/",
        "RecursiveDir": "",
        "ModifiedTime": "",
        "CreatedTime": "",
        "AccessedTime": "",
        "DefiningProjectFullPath": "/workspace/.tools/dotnet/sdk/10.0.401/Sdks/Microsoft.NET.Sdk/targets/Microsoft.NET.Sdk.DefaultItems.props",
        "DefiningProjectDirectory": "/workspace/.tools/dotnet/sdk/10.0.401/Sdks/Microsoft.NET.Sdk/targets/",
        "DefiningProjectName": "Microsoft.NET.Sdk.DefaultItems",
        "DefiningProjectExtension": ".props"
      },
      {
        "Identity": "IHeadered.cs",
        "FullPath": "/workspace/team-c/c3-admin-symbol-errors-validation/framework/CUI/vendor/Avalonia/src/Avalonia.Controls/IHeadered.cs",
        "RootDir": "/",
        "Filename": "IHeadered",
        "Extension": ".cs",
        "RelativeDir": "",
        "Directory": "workspace/team-c/c3-admin-symbol-errors-validation/framework/CUI/vendor/Avalonia/src/Avalonia.Controls/",
        "RecursiveDir": "",
        "ModifiedTime": "",
        "CreatedTime": "",
        "AccessedTime": "",
        "DefiningProjectFullPath": "/workspace/.tools/dotnet/sdk/10.0.401/Sdks/Microsoft.NET.Sdk/targets/Microsoft.NET.Sdk.DefaultItems.props",
        "DefiningProjectDirectory": "/workspace/.tools/dotnet/sdk/10.0.401/Sdks/Microsoft.NET.Sdk/targets/",
        "DefiningProjectName": "Microsoft.NET.Sdk.DefaultItems",
        "DefiningProjectExtension": ".props"
      },
      {
        "Identity": "Image.cs",
        "FullPath": "/workspace/team-c/c3-admin-symbol-errors-validation/framework/CUI/vendor/Avalonia/src/Avalonia.Controls/Image.cs",
        "RootDir": "/",
        "Filename": "Image",
        "Extension": ".cs",
        "RelativeDir": "",
        "Directory": "workspace/team-c/c3-admin-symbol-errors-validation/framework/CUI/vendor/Avalonia/src/Avalonia.Controls/",
        "RecursiveDir": "",
        "ModifiedTime": "",
        "CreatedTime": "",
        "AccessedTime": "",
        "DefiningProjectFullPath": "/workspace/.tools/dotnet/sdk/10.0.401/Sdks/Microsoft.NET.Sdk/targets/Microsoft.NET.Sdk.DefaultItems.props",
        "DefiningProjectDirectory": "/workspace/.tools/dotnet/sdk/10.0.401/Sdks/Microsoft.NET.Sdk/targets/",
        "DefiningProjectName": "Microsoft.NET.Sdk.DefaultItems",
        "DefiningProjectExtension": ".props"
      },
      {
        "Identity": "IMenu.cs",
        "FullPath": "/workspace/team-c/c3-admin-symbol-errors-validation/framework/CUI/vendor/Avalonia/src/Avalonia.Controls/IMenu.cs",
        "RootDir": "/",
        "Filename": "IMenu",
        "Extension": ".cs",
        "RelativeDir": "",
        "Directory": "workspace/team-c/c3-admin-symbol-errors-validation/framework/CUI/vendor/Avalonia/src/Avalonia.Controls/",
        "RecursiveDir": "",
        "ModifiedTime": "",
        "CreatedTime": "",
        "AccessedTime": "",
        "DefiningProjectFullPath": "/workspace/.tools/dotnet/sdk/10.0.401/Sdks/Microsoft.NET.Sdk/targets/Microsoft.NET.Sdk.DefaultItems.props",
        "DefiningProjectDirectory": "/workspace/.tools/dotnet/sdk/10.0.401/Sdks/Microsoft.NET.Sdk/targets/",
        "DefiningProjectName": "Microsoft.NET.Sdk.DefaultItems",
        "DefiningProjectExtension": ".props"
      },
      {
        "Identity": "IMenuElement.cs",
        "FullPath": "/workspace/team-c/c3-admin-symbol-errors-validation/framework/CUI/vendor/Avalonia/src/Avalonia.Controls/IMenuElement.cs",
        "RootDir": "/",
        "Filename": "IMenuElement",
        "Extension": ".cs",
        "RelativeDir": "",
        "Directory": "workspace/team-c/c3-admin-symbol-errors-validation/framework/CUI/vendor/Avalonia/src/Avalonia.Controls/",
        "RecursiveDir": "",
        "ModifiedTime": "",
        "CreatedTime": "",
        "AccessedTime": "",
        "DefiningProjectFullPath": "/workspace/.tools/dotnet/sdk/10.0.401/Sdks/Microsoft.NET.Sdk/targets/Microsoft.NET.Sdk.DefaultItems.props",
        "DefiningProjectDirectory": "/workspace/.tools/dotnet/sdk/10.0.401/Sdks/Microsoft.NET.Sdk/targets/",
        "DefiningProjectName": "Microsoft.NET.Sdk.DefaultItems",
        "DefiningProjectExtension": ".props"
      },
      {
        "Identity": "IMenuItem.cs",
        "FullPath": "/workspace/team-c/c3-admin-symbol-errors-validation/framework/CUI/vendor/Avalonia/src/Avalonia.Controls/IMenuItem.cs",
        "RootDir": "/",
        "Filename": "IMenuItem",
        "Extension": ".cs",
        "RelativeDir": "",
        "Directory": "workspace/team-c/c3-admin-symbol-errors-validation/framework/CUI/vendor/Avalonia/src/Avalonia.Controls/",
        "RecursiveDir": "",
        "ModifiedTime": "",
        "CreatedTime": "",
        "AccessedTime": "",
        "DefiningProjectFullPath": "/workspace/.tools/dotnet/sdk/10.0.401/Sdks/Microsoft.NET.Sdk/targets/Microsoft.NET.Sdk.DefaultItems.props",
        "DefiningProjectDirectory": "/workspace/.tools/dotnet/sdk/10.0.401/Sdks/Microsoft.NET.Sdk/targets/",
        "DefiningProjectName": "Microsoft.NET.Sdk.DefaultItems",
        "DefiningProjectExtension": ".props"
      },
      {
        "Identity": "INativeMenuExporterEventsImplBridge.cs",
        "FullPath": "/workspace/team-c/c3-admin-symbol-errors-validation/framework/CUI/vendor/Avalonia/src/Avalonia.Controls/INativeMenuExporterEventsImplBridge.cs",
        "RootDir": "/",
        "Filename": "INativeMenuExporterEventsImplBridge",
        "Extension": ".cs",
        "RelativeDir": "",
        "Directory": "workspace/team-c/c3-admin-symbol-errors-validation/framework/CUI/vendor/Avalonia/src/Avalonia.Controls/",
        "RecursiveDir": "",
        "ModifiedTime": "",
        "CreatedTime": "",
        "AccessedTime": "",
        "DefiningProjectFullPath": "/workspace/.tools/dotnet/sdk/10.0.401/Sdks/Microsoft.NET.Sdk/targets/Microsoft.NET.Sdk.DefaultItems.props",
        "DefiningProjectDirectory": "/workspace/.tools/dotnet/sdk/10.0.401/Sdks/Microsoft.NET.Sdk/targets/",
        "DefiningProjectName": "Microsoft.NET.Sdk.DefaultItems",
        "DefiningProjectExtension": ".props"
      },
      {
        "Identity": "INativeMenuItemExporterEventsImplBridge.cs",
        "FullPath": "/workspace/team-c/c3-admin-symbol-errors-validation/framework/CUI/vendor/Avalonia/src/Avalonia.Controls/INativeMenuItemExporterEventsImplBridge.cs",
        "RootDir": "/",
        "Filename": "INativeMenuItemExporterEventsImplBridge",
        "Extension": ".cs",
        "RelativeDir": "",
        "Directory": "workspace/team-c/c3-admin-symbol-errors-validation/framework/CUI/vendor/Avalonia/src/Avalonia.Controls/",
        "RecursiveDir": "",
        "ModifiedTime": "",
        "CreatedTime": "",
        "AccessedTime": "",
        "DefiningProjectFullPath": "/workspace/.tools/dotnet/sdk/10.0.401/Sdks/Microsoft.NET.Sdk/targets/Microsoft.NET.Sdk.DefaultItems.props",
        "DefiningProjectDirectory": "/workspace/.tools/dotnet/sdk/10.0.401/Sdks/Microsoft.NET.Sdk/targets/",
        "DefiningProjectName": "Microsoft.NET.Sdk.DefaultItems",
        "DefiningProjectExtension": ".props"
      },
      {
        "Identity": "IScrollAnchorProvider.cs",
        "FullPath": "/workspace/team-c/c3-admin-symbol-errors-validation/framework/CUI/vendor/Avalonia/src/Avalonia.Controls/IScrollAnchorProvider.cs",
        "RootDir": "/",
        "Filename": "IScrollAnchorProvider",
        "Extension": ".cs",
        "RelativeDir": "",
        "Directory": "workspace/team-c/c3-admin-symbol-errors-validation/framework/CUI/vendor/Avalonia/src/Avalonia.Controls/",
        "RecursiveDir": "",
        "ModifiedTime": "",
        "CreatedTime": "",
        "AccessedTime": "",
        "DefiningProjectFullPath": "/workspace/.tools/dotnet/sdk/10.0.401/Sdks/Microsoft.NET.Sdk/targets/Microsoft.NET.Sdk.DefaultItems.props",
        "DefiningProjectDirectory": "/workspace/.tools/dotnet/sdk/10.0.401/Sdks/Microsoft.NET.Sdk/targets/",
        "DefiningProjectName": "Microsoft.NET.Sdk.DefaultItems",
        "DefiningProjectExtension": ".props"
      },
      {
        "Identity": "ISelectable.cs",
        "FullPath": "/workspace/team-c/c3-admin-symbol-errors-validation/framework/CUI/vendor/Avalonia/src/Avalonia.Controls/ISelectable.cs",
        "RootDir": "/",
        "Filename": "ISelectable",
        "Extension": ".cs",
        "RelativeDir": "",
        "Directory": "workspace/team-c/c3-admin-symbol-errors-validation/framework/CUI/vendor/Avalonia/src/Avalonia.Controls/",
        "RecursiveDir": "",
        "ModifiedTime": "",
        "CreatedTime": "",
        "AccessedTime": "",
        "DefiningProjectFullPath": "/workspace/.tools/dotnet/sdk/10.0.401/Sdks/Microsoft.NET.Sdk/targets/Microsoft.NET.Sdk.DefaultItems.props",
        "DefiningProjectDirectory": "/workspace/.tools/dotnet/sdk/10.0.401/Sdks/Microsoft.NET.Sdk/targets/",
        "DefiningProjectName": "Microsoft.NET.Sdk.DefaultItems",
        "DefiningProjectExtension": ".props"
      },
      {
        "Identity": "ItemCollection.cs",
        "FullPath": "/workspace/team-c/c3-admin-symbol-errors-validation/framework/CUI/vendor/Avalonia/src/Avalonia.Controls/ItemCollection.cs",
        "RootDir": "/",
        "Filename": "ItemCollection",
        "Extension": ".cs",
        "RelativeDir": "",
        "Directory": "workspace/team-c/c3-admin-symbol-errors-validation/framework/CUI/vendor/Avalonia/src/Avalonia.Controls/",
        "RecursiveDir": "",
        "ModifiedTime": "",
        "CreatedTime": "",
        "AccessedTime": "",
        "DefiningProjectFullPath": "/workspace/.tools/dotnet/sdk/10.0.401/Sdks/Microsoft.NET.Sdk/targets/Microsoft.NET.Sdk.DefaultItems.props",
        "DefiningProjectDirectory": "/workspace/.tools/dotnet/sdk/10.0.401/Sdks/Microsoft.NET.Sdk/targets/",
        "DefiningProjectName": "Microsoft.NET.Sdk.DefaultItems",
        "DefiningProjectExtension": ".props"
      },
      {
        "Identity": "ItemsControl.cs",
        "FullPath": "/workspace/team-c/c3-admin-symbol-errors-validation/framework/CUI/vendor/Avalonia/src/Avalonia.Controls/ItemsControl.cs",
        "RootDir": "/",
        "Filename": "ItemsControl",
        "Extension": ".cs",
        "RelativeDir": "",
        "Directory": "workspace/team-c/c3-admin-symbol-errors-validation/framework/CUI/vendor/Avalonia/src/Avalonia.Controls/",
        "RecursiveDir": "",
        "ModifiedTime": "",
        "CreatedTime": "",
        "AccessedTime": "",
        "DefiningProjectFullPath": "/workspace/.tools/dotnet/sdk/10.0.401/Sdks/Microsoft.NET.Sdk/targets/Microsoft.NET.Sdk.DefaultItems.props",
        "DefiningProjectDirectory": "/workspace/.tools/dotnet/sdk/10.0.401/Sdks/Microsoft.NET.Sdk/targets/",
        "DefiningProjectName": "Microsoft.NET.Sdk.DefaultItems",
        "DefiningProjectExtension": ".props"
      },
      {
        "Identity": "ItemsSourceView.cs",
        "FullPath": "/workspace/team-c/c3-admin-symbol-errors-validation/framework/CUI/vendor/Avalonia/src/Avalonia.Controls/ItemsSourceView.cs",
        "RootDir": "/",
        "Filename": "ItemsSourceView",
        "Extension": ".cs",
        "RelativeDir": "",
        "Directory": "workspace/team-c/c3-admin-symbol-errors-validation/framework/CUI/vendor/Avalonia/src/Avalonia.Controls/",
        "RecursiveDir": "",
        "ModifiedTime": "",
        "CreatedTime": "",
        "AccessedTime": "",
        "DefiningProjectFullPath": "/workspace/.tools/dotnet/sdk/10.0.401/Sdks/Microsoft.NET.Sdk/targets/Microsoft.NET.Sdk.DefaultItems.props",
        "DefiningProjectDirectory": "/workspace/.tools/dotnet/sdk/10.0.401/Sdks/Microsoft.NET.Sdk/targets/",
        "DefiningProjectName": "Microsoft.NET.Sdk.DefaultItems",
        "DefiningProjectExtension": ".props"
      },
      {
        "Identity": "IToolTipService.cs",
        "FullPath": "/workspace/team-c/c3-admin-symbol-errors-validation/framework/CUI/vendor/Avalonia/src/Avalonia.Controls/IToolTipService.cs",
        "RootDir": "/",
        "Filename": "IToolTipService",
        "Extension": ".cs",
        "RelativeDir": "",
        "Directory": "workspace/team-c/c3-admin-symbol-errors-validation/framework/CUI/vendor/Avalonia/src/Avalonia.Controls/",
        "RecursiveDir": "",
        "ModifiedTime": "",
        "CreatedTime": "",
        "AccessedTime": "",
        "DefiningProjectFullPath": "/workspace/.tools/dotnet/sdk/10.0.401/Sdks/Microsoft.NET.Sdk/targets/Microsoft.NET.Sdk.DefaultItems.props",
        "DefiningProjectDirectory": "/workspace/.tools/dotnet/sdk/10.0.401/Sdks/Microsoft.NET.Sdk/targets/",
        "DefiningProjectName": "Microsoft.NET.Sdk.DefaultItems",
        "DefiningProjectExtension": ".props"
      },
      {
        "Identity": "Label.cs",
        "FullPath": "/workspace/team-c/c3-admin-symbol-errors-validation/framework/CUI/vendor/Avalonia/src/Avalonia.Controls/Label.cs",
        "RootDir": "/",
        "Filename": "Label",
        "Extension": ".cs",
        "RelativeDir": "",
        "Directory": "workspace/team-c/c3-admin-symbol-errors-validation/framework/CUI/vendor/Avalonia/src/Avalonia.Controls/",
        "RecursiveDir": "",
        "ModifiedTime": "",
        "CreatedTime": "",
        "AccessedTime": "",
        "DefiningProjectFullPath": "/workspace/.tools/dotnet/sdk/10.0.401/Sdks/Microsoft.NET.Sdk/targets/Microsoft.NET.Sdk.DefaultItems.props",
        "DefiningProjectDirectory": "/workspace/.tools/dotnet/sdk/10.0.401/Sdks/Microsoft.NET.Sdk/targets/",
        "DefiningProjectName": "Microsoft.NET.Sdk.DefaultItems",
        "DefiningProjectExtension": ".props"
      },
      {
        "Identity": "LayoutTransformControl.cs",
        "FullPath": "/workspace/team-c/c3-admin-symbol-errors-validation/framework/CUI/vendor/Avalonia/src/Avalonia.Controls/LayoutTransformControl.cs",
        "RootDir": "/",
        "Filename": "LayoutTransformControl",
        "Extension": ".cs",
        "RelativeDir": "",
        "Directory": "workspace/team-c/c3-admin-symbol-errors-validation/framework/CUI/vendor/Avalonia/src/Avalonia.Controls/",
        "RecursiveDir": "",
        "ModifiedTime": "",
        "CreatedTime": "",
        "AccessedTime": "",
        "DefiningProjectFullPath": "/workspace/.tools/dotnet/sdk/10.0.401/Sdks/Microsoft.NET.Sdk/targets/Microsoft.NET.Sdk.DefaultItems.props",
        "DefiningProjectDirectory": "/workspace/.tools/dotnet/sdk/10.0.401/Sdks/Microsoft.NET.Sdk/targets/",
        "DefiningProjectName": "Microsoft.NET.Sdk.DefaultItems",
        "DefiningProjectExtension": ".props"
      },
      {
        "Identity": "ListBox.cs",
        "FullPath": "/workspace/team-c/c3-admin-symbol-errors-validation/framework/CUI/vendor/Avalonia/src/Avalonia.Controls/ListBox.cs",
        "RootDir": "/",
        "Filename": "ListBox",
        "Extension": ".cs",
        "RelativeDir": "",
        "Directory": "workspace/team-c/c3-admin-symbol-errors-validation/framework/CUI/vendor/Avalonia/src/Avalonia.Controls/",
        "RecursiveDir": "",
        "ModifiedTime": "",
        "CreatedTime": "",
        "AccessedTime": "",
        "DefiningProjectFullPath": "/workspace/.tools/dotnet/sdk/10.0.401/Sdks/Microsoft.NET.Sdk/targets/Microsoft.NET.Sdk.DefaultItems.props",
        "DefiningProjectDirectory": "/workspace/.tools/dotnet/sdk/10.0.401/Sdks/Microsoft.NET.Sdk/targets/",
        "DefiningProjectName": "Microsoft.NET.Sdk.DefaultItems",
        "DefiningProjectExtension": ".props"
      },
      {
        "Identity": "ListBoxItem.cs",
        "FullPath": "/workspace/team-c/c3-admin-symbol-errors-validation/framework/CUI/vendor/Avalonia/src/Avalonia.Controls/ListBoxItem.cs",
        "RootDir": "/",
        "Filename": "ListBoxItem",
        "Extension": ".cs",
        "RelativeDir": "",
        "Directory": "workspace/team-c/c3-admin-symbol-errors-validation/framework/CUI/vendor/Avalonia/src/Avalonia.Controls/",
        "RecursiveDir": "",
        "ModifiedTime": "",
        "CreatedTime": "",
        "AccessedTime": "",
        "DefiningProjectFullPath": "/workspace/.tools/dotnet/sdk/10.0.401/Sdks/Microsoft.NET.Sdk/targets/Microsoft.NET.Sdk.DefaultItems.props",
        "DefiningProjectDirectory": "/workspace/.tools/dotnet/sdk/10.0.401/Sdks/Microsoft.NET.Sdk/targets/",
        "DefiningProjectName": "Microsoft.NET.Sdk.DefaultItems",
        "DefiningProjectExtension": ".props"
      },
      {
        "Identity": "LoggingExtensions.cs",
        "FullPath": "/workspace/team-c/c3-admin-symbol-errors-validation/framework/CUI/vendor/Avalonia/src/Avalonia.Controls/LoggingExtensions.cs",
        "RootDir": "/",
        "Filename": "LoggingExtensions",
        "Extension": ".cs",
        "RelativeDir": "",
        "Directory": "workspace/team-c/c3-admin-symbol-errors-validation/framework/CUI/vendor/Avalonia/src/Avalonia.Controls/",
        "RecursiveDir": "",
        "ModifiedTime": "",
        "CreatedTime": "",
        "AccessedTime": "",
        "DefiningProjectFullPath": "/workspace/.tools/dotnet/sdk/10.0.401/Sdks/Microsoft.NET.Sdk/targets/Microsoft.NET.Sdk.DefaultItems.props",
        "DefiningProjectDirectory": "/workspace/.tools/dotnet/sdk/10.0.401/Sdks/Microsoft.NET.Sdk/targets/",
        "DefiningProjectName": "Microsoft.NET.Sdk.DefaultItems",
        "DefiningProjectExtension": ".props"
      },
      {
        "Identity": "MaskedTextBox.cs",
        "FullPath": "/workspace/team-c/c3-admin-symbol-errors-validation/framework/CUI/vendor/Avalonia/src/Avalonia.Controls/MaskedTextBox.cs",
        "RootDir": "/",
        "Filename": "MaskedTextBox",
        "Extension": ".cs",
        "RelativeDir": "",
        "Directory": "workspace/team-c/c3-admin-symbol-errors-validation/framework/CUI/vendor/Avalonia/src/Avalonia.Controls/",
        "RecursiveDir": "",
        "ModifiedTime": "",
        "CreatedTime": "",
        "AccessedTime": "",
        "DefiningProjectFullPath": "/workspace/.tools/dotnet/sdk/10.0.401/Sdks/Microsoft.NET.Sdk/targets/Microsoft.NET.Sdk.DefaultItems.props",
        "DefiningProjectDirectory": "/workspace/.tools/dotnet/sdk/10.0.401/Sdks/Microsoft.NET.Sdk/targets/",
        "DefiningProjectName": "Microsoft.NET.Sdk.DefaultItems",
        "DefiningProjectExtension": ".props"
      },
      {
        "Identity": "Menu.cs",
        "FullPath": "/workspace/team-c/c3-admin-symbol-errors-validation/framework/CUI/vendor/Avalonia/src/Avalonia.Controls/Menu.cs",
        "RootDir": "/",
        "Filename": "Menu",
        "Extension": ".cs",
        "RelativeDir": "",
        "Directory": "workspace/team-c/c3-admin-symbol-errors-validation/framework/CUI/vendor/Avalonia/src/Avalonia.Controls/",
        "RecursiveDir": "",
        "ModifiedTime": "",
        "CreatedTime": "",
        "AccessedTime": "",
        "DefiningProjectFullPath": "/workspace/.tools/dotnet/sdk/10.0.401/Sdks/Microsoft.NET.Sdk/targets/Microsoft.NET.Sdk.DefaultItems.props",
        "DefiningProjectDirectory": "/workspace/.tools/dotnet/sdk/10.0.401/Sdks/Microsoft.NET.Sdk/targets/",
        "DefiningProjectName": "Microsoft.NET.Sdk.DefaultItems",
        "DefiningProjectExtension": ".props"
      },
      {
        "Identity": "MenuBase.cs",
        "FullPath": "/workspace/team-c/c3-admin-symbol-errors-validation/framework/CUI/vendor/Avalonia/src/Avalonia.Controls/MenuBase.cs",
        "RootDir": "/",
        "Filename": "MenuBase",
        "Extension": ".cs",
        "RelativeDir": "",
        "Directory": "workspace/team-c/c3-admin-symbol-errors-validation/framework/CUI/vendor/Avalonia/src/Avalonia.Controls/",
        "RecursiveDir": "",
        "ModifiedTime": "",
        "CreatedTime": "",
        "AccessedTime": "",
        "DefiningProjectFullPath": "/workspace/.tools/dotnet/sdk/10.0.401/Sdks/Microsoft.NET.Sdk/targets/Microsoft.NET.Sdk.DefaultItems.props",
        "DefiningProjectDirectory": "/workspace/.tools/dotnet/sdk/10.0.401/Sdks/Microsoft.NET.Sdk/targets/",
        "DefiningProjectName": "Microsoft.NET.Sdk.DefaultItems",
        "DefiningProjectExtension": ".props"
      },
      {
        "Identity": "MenuItem.cs",
        "FullPath": "/workspace/team-c/c3-admin-symbol-errors-validation/framework/CUI/vendor/Avalonia/src/Avalonia.Controls/MenuItem.cs",
        "RootDir": "/",
        "Filename": "MenuItem",
        "Extension": ".cs",
        "RelativeDir": "",
        "Directory": "workspace/team-c/c3-admin-symbol-errors-validation/framework/CUI/vendor/Avalonia/src/Avalonia.Controls/",
        "RecursiveDir": "",
        "ModifiedTime": "",
        "CreatedTime": "",
        "AccessedTime": "",
        "DefiningProjectFullPath": "/workspace/.tools/dotnet/sdk/10.0.401/Sdks/Microsoft.NET.Sdk/targets/Microsoft.NET.Sdk.DefaultItems.props",
        "DefiningProjectDirectory": "/workspace/.tools/dotnet/sdk/10.0.401/Sdks/Microsoft.NET.Sdk/targets/",
        "DefiningProjectName": "Microsoft.NET.Sdk.DefaultItems",
        "DefiningProjectExtension": ".props"
      },
      {
        "Identity": "MenuItemAccessKeyHandler.cs",
        "FullPath": "/workspace/team-c/c3-admin-symbol-errors-validation/framework/CUI/vendor/Avalonia/src/Avalonia.Controls/MenuItemAccessKeyHandler.cs",
        "RootDir": "/",
        "Filename": "MenuItemAccessKeyHandler",
        "Extension": ".cs",
        "RelativeDir": "",
        "Directory": "workspace/team-c/c3-admin-symbol-errors-validation/framework/CUI/vendor/Avalonia/src/Avalonia.Controls/",
        "RecursiveDir": "",
        "ModifiedTime": "",
        "CreatedTime": "",
        "AccessedTime": "",
        "DefiningProjectFullPath": "/workspace/.tools/dotnet/sdk/10.0.401/Sdks/Microsoft.NET.Sdk/targets/Microsoft.NET.Sdk.DefaultItems.props",
        "DefiningProjectDirectory": "/workspace/.tools/dotnet/sdk/10.0.401/Sdks/Microsoft.NET.Sdk/targets/",
        "DefiningProjectName": "Microsoft.NET.Sdk.DefaultItems",
        "DefiningProjectExtension": ".props"
      },
      {
        "Identity": "MenuItemToggleType.cs",
        "FullPath": "/workspace/team-c/c3-admin-symbol-errors-validation/framework/CUI/vendor/Avalonia/src/Avalonia.Controls/MenuItemToggleType.cs",
        "RootDir": "/",
        "Filename": "MenuItemToggleType",
        "Extension": ".cs",
        "RelativeDir": "",
        "Directory": "workspace/team-c/c3-admin-symbol-errors-validation/framework/CUI/vendor/Avalonia/src/Avalonia.Controls/",
        "RecursiveDir": "",
        "ModifiedTime": "",
        "CreatedTime": "",
        "AccessedTime": "",
        "DefiningProjectFullPath": "/workspace/.tools/dotnet/sdk/10.0.401/Sdks/Microsoft.NET.Sdk/targets/Microsoft.NET.Sdk.DefaultItems.props",
        "DefiningProjectDirectory": "/workspace/.tools/dotnet/sdk/10.0.401/Sdks/Microsoft.NET.Sdk/targets/",
        "DefiningProjectName": "Microsoft.NET.Sdk.DefaultItems",
        "DefiningProjectExtension": ".props"
      },
      {
        "Identity": "Mixins/PressedMixin.cs",
        "FullPath": "/workspace/team-c/c3-admin-symbol-errors-validation/framework/CUI/vendor/Avalonia/src/Avalonia.Controls/Mixins/PressedMixin.cs",
        "RootDir": "/",
        "Filename": "PressedMixin",
        "Extension": ".cs",
        "RelativeDir": "Mixins/",
        "Directory": "workspace/team-c/c3-admin-symbol-errors-validation/framework/CUI/vendor/Avalonia/src/Avalonia.Controls/Mixins/",
        "RecursiveDir": "Mixins/",
        "ModifiedTime": "",
        "CreatedTime": "",
        "AccessedTime": "",
        "DefiningProjectFullPath": "/workspace/.tools/dotnet/sdk/10.0.401/Sdks/Microsoft.NET.Sdk/targets/Microsoft.NET.Sdk.DefaultItems.props",
        "DefiningProjectDirectory": "/workspace/.tools/dotnet/sdk/10.0.401/Sdks/Microsoft.NET.Sdk/targets/",
        "DefiningProjectName": "Microsoft.NET.Sdk.DefaultItems",
        "DefiningProjectExtension": ".props"
      },
      {
        "Identity": "Mixins/SelectableMixin.cs",
        "FullPath": "/workspace/team-c/c3-admin-symbol-errors-validation/framework/CUI/vendor/Avalonia/src/Avalonia.Controls/Mixins/SelectableMixin.cs",
        "RootDir": "/",
        "Filename": "SelectableMixin",
        "Extension": ".cs",
        "RelativeDir": "Mixins/",
        "Directory": "workspace/team-c/c3-admin-symbol-errors-validation/framework/CUI/vendor/Avalonia/src/Avalonia.Controls/Mixins/",
        "RecursiveDir": "Mixins/",
        "ModifiedTime": "",
        "CreatedTime": "",
        "AccessedTime": "",
        "DefiningProjectFullPath": "/workspace/.tools/dotnet/sdk/10.0.401/Sdks/Microsoft.NET.Sdk/targets/Microsoft.NET.Sdk.DefaultItems.props",
        "DefiningProjectDirectory": "/workspace/.tools/dotnet/sdk/10.0.401/Sdks/Microsoft.NET.Sdk/targets/",
        "DefiningProjectName": "Microsoft.NET.Sdk.DefaultItems",
        "DefiningProjectExtension": ".props"
      },
      {
        "Identity": "NativeControlHost.cs",
        "FullPath": "/workspace/team-c/c3-admin-symbol-errors-validation/framework/CUI/vendor/Avalonia/src/Avalonia.Controls/NativeControlHost.cs",
        "RootDir": "/",
        "Filename": "NativeControlHost",
        "Extension": ".cs",
        "RelativeDir": "",
        "Directory": "workspace/team-c/c3-admin-symbol-errors-validation/framework/CUI/vendor/Avalonia/src/Avalonia.Controls/",
        "RecursiveDir": "",
        "ModifiedTime": "",
        "CreatedTime": "",
        "AccessedTime": "",
        "DefiningProjectFullPath": "/workspace/.tools/dotnet/sdk/10.0.401/Sdks/Microsoft.NET.Sdk/targets/Microsoft.NET.Sdk.DefaultItems.props",
        "DefiningProjectDirectory": "/workspace/.tools/dotnet/sdk/10.0.401/Sdks/Microsoft.NET.Sdk/targets/",
        "DefiningProjectName": "Microsoft.NET.Sdk.DefaultItems",
        "DefiningProjectExtension": ".props"
      },
      {
        "Identity": "NativeDock.cs",
        "FullPath": "/workspace/team-c/c3-admin-symbol-errors-validation/framework/CUI/vendor/Avalonia/src/Avalonia.Controls/NativeDock.cs",
        "RootDir": "/",
        "Filename": "NativeDock",
        "Extension": ".cs",
        "RelativeDir": "",
        "Directory": "workspace/team-c/c3-admin-symbol-errors-validation/framework/CUI/vendor/Avalonia/src/Avalonia.Controls/",
        "RecursiveDir": "",
        "ModifiedTime": "",
        "CreatedTime": "",
        "AccessedTime": "",
        "DefiningProjectFullPath": "/workspace/.tools/dotnet/sdk/10.0.401/Sdks/Microsoft.NET.Sdk/targets/Microsoft.NET.Sdk.DefaultItems.props",
        "DefiningProjectDirectory": "/workspace/.tools/dotnet/sdk/10.0.401/Sdks/Microsoft.NET.Sdk/targets/",
        "DefiningProjectName": "Microsoft.NET.Sdk.DefaultItems",
        "DefiningProjectExtension": ".props"
      },
      {
        "Identity": "NativeMenu.cs",
        "FullPath": "/workspace/team-c/c3-admin-symbol-errors-validation/framework/CUI/vendor/Avalonia/src/Avalonia.Controls/NativeMenu.cs",
        "RootDir": "/",
        "Filename": "NativeMenu",
        "Extension": ".cs",
        "RelativeDir": "",
        "Directory": "workspace/team-c/c3-admin-symbol-errors-validation/framework/CUI/vendor/Avalonia/src/Avalonia.Controls/",
        "RecursiveDir": "",
        "ModifiedTime": "",
        "CreatedTime": "",
        "AccessedTime": "",
        "DefiningProjectFullPath": "/workspace/.tools/dotnet/sdk/10.0.401/Sdks/Microsoft.NET.Sdk/targets/Microsoft.NET.Sdk.DefaultItems.props",
        "DefiningProjectDirectory": "/workspace/.tools/dotnet/sdk/10.0.401/Sdks/Microsoft.NET.Sdk/targets/",
        "DefiningProjectName": "Microsoft.NET.Sdk.DefaultItems",
        "DefiningProjectExtension": ".props"
      },
      {
        "Identity": "NativeMenu.Export.cs",
        "FullPath": "/workspace/team-c/c3-admin-symbol-errors-validation/framework/CUI/vendor/Avalonia/src/Avalonia.Controls/NativeMenu.Export.cs",
        "RootDir": "/",
        "Filename": "NativeMenu.Export",
        "Extension": ".cs",
        "RelativeDir": "",
        "Directory": "workspace/team-c/c3-admin-symbol-errors-validation/framework/CUI/vendor/Avalonia/src/Avalonia.Controls/",
        "RecursiveDir": "",
        "ModifiedTime": "",
        "CreatedTime": "",
        "AccessedTime": "",
        "DefiningProjectFullPath": "/workspace/.tools/dotnet/sdk/10.0.401/Sdks/Microsoft.NET.Sdk/targets/Microsoft.NET.Sdk.DefaultItems.props",
        "DefiningProjectDirectory": "/workspace/.tools/dotnet/sdk/10.0.401/Sdks/Microsoft.NET.Sdk/targets/",
        "DefiningProjectName": "Microsoft.NET.Sdk.DefaultItems",
        "DefiningProjectExtension": ".props"
      },
      {
        "Identity": "NativeMenuBar.cs",
        "FullPath": "/workspace/team-c/c3-admin-symbol-errors-validation/framework/CUI/vendor/Avalonia/src/Avalonia.Controls/NativeMenuBar.cs",
        "RootDir": "/",
        "Filename": "NativeMenuBar",
        "Extension": ".cs",
        "RelativeDir": "",
        "Directory": "workspace/team-c/c3-admin-symbol-errors-validation/framework/CUI/vendor/Avalonia/src/Avalonia.Controls/",
        "RecursiveDir": "",
        "ModifiedTime": "",
        "CreatedTime": "",
        "AccessedTime": "",
        "DefiningProjectFullPath": "/workspace/.tools/dotnet/sdk/10.0.401/Sdks/Microsoft.NET.Sdk/targets/Microsoft.NET.Sdk.DefaultItems.props",
        "DefiningProjectDirectory": "/workspace/.tools/dotnet/sdk/10.0.401/Sdks/Microsoft.NET.Sdk/targets/",
        "DefiningProjectName": "Microsoft.NET.Sdk.DefaultItems",
        "DefiningProjectExtension": ".props"
      },
      {
        "Identity": "NativeMenuBarPresenter.cs",
        "FullPath": "/workspace/team-c/c3-admin-symbol-errors-validation/framework/CUI/vendor/Avalonia/src/Avalonia.Controls/NativeMenuBarPresenter.cs",
        "RootDir": "/",
        "Filename": "NativeMenuBarPresenter",
        "Extension": ".cs",
        "RelativeDir": "",
        "Directory": "workspace/team-c/c3-admin-symbol-errors-validation/framework/CUI/vendor/Avalonia/src/Avalonia.Controls/",
        "RecursiveDir": "",
        "ModifiedTime": "",
        "CreatedTime": "",
        "AccessedTime": "",
        "DefiningProjectFullPath": "/workspace/.tools/dotnet/sdk/10.0.401/Sdks/Microsoft.NET.Sdk/targets/Microsoft.NET.Sdk.DefaultItems.props",
        "DefiningProjectDirectory": "/workspace/.tools/dotnet/sdk/10.0.401/Sdks/Microsoft.NET.Sdk/targets/",
        "DefiningProjectName": "Microsoft.NET.Sdk.DefaultItems",
        "DefiningProjectExtension": ".props"
      },
      {
        "Identity": "NativeMenuItem.cs",
        "FullPath": "/workspace/team-c/c3-admin-symbol-errors-validation/framework/CUI/vendor/Avalonia/src/Avalonia.Controls/NativeMenuItem.cs",
        "RootDir": "/",
        "Filename": "NativeMenuItem",
        "Extension": ".cs",
        "RelativeDir": "",
        "Directory": "workspace/team-c/c3-admin-symbol-errors-validation/framework/CUI/vendor/Avalonia/src/Avalonia.Controls/",
        "RecursiveDir": "",
        "ModifiedTime": "",
        "CreatedTime": "",
        "AccessedTime": "",
        "DefiningProjectFullPath": "/workspace/.tools/dotnet/sdk/10.0.401/Sdks/Microsoft.NET.Sdk/targets/Microsoft.NET.Sdk.DefaultItems.props",
        "DefiningProjectDirectory": "/workspace/.tools/dotnet/sdk/10.0.401/Sdks/Microsoft.NET.Sdk/targets/",
        "DefiningProjectName": "Microsoft.NET.Sdk.DefaultItems",
        "DefiningProjectExtension": ".props"
      },
      {
        "Identity": "NativeMenuItemBase.cs",
        "FullPath": "/workspace/team-c/c3-admin-symbol-errors-validation/framework/CUI/vendor/Avalonia/src/Avalonia.Controls/NativeMenuItemBase.cs",
        "RootDir": "/",
        "Filename": "NativeMenuItemBase",
        "Extension": ".cs",
        "RelativeDir": "",
        "Directory": "workspace/team-c/c3-admin-symbol-errors-validation/framework/CUI/vendor/Avalonia/src/Avalonia.Controls/",
        "RecursiveDir": "",
        "ModifiedTime": "",
        "CreatedTime": "",
        "AccessedTime": "",
        "DefiningProjectFullPath": "/workspace/.tools/dotnet/sdk/10.0.401/Sdks/Microsoft.NET.Sdk/targets/Microsoft.NET.Sdk.DefaultItems.props",
        "DefiningProjectDirectory": "/workspace/.tools/dotnet/sdk/10.0.401/Sdks/Microsoft.NET.Sdk/targets/",
        "DefiningProjectName": "Microsoft.NET.Sdk.DefaultItems",
        "DefiningProjectExtension": ".props"
      },
      {
        "Identity": "NativeMenuItemSeparator.cs",
        "FullPath": "/workspace/team-c/c3-admin-symbol-errors-validation/framework/CUI/vendor/Avalonia/src/Avalonia.Controls/NativeMenuItemSeparator.cs",
        "RootDir": "/",
        "Filename": "NativeMenuItemSeparator",
        "Extension": ".cs",
        "RelativeDir": "",
        "Directory": "workspace/team-c/c3-admin-symbol-errors-validation/framework/CUI/vendor/Avalonia/src/Avalonia.Controls/",
        "RecursiveDir": "",
        "ModifiedTime": "",
        "CreatedTime": "",
        "AccessedTime": "",
        "DefiningProjectFullPath": "/workspace/.tools/dotnet/sdk/10.0.401/Sdks/Microsoft.NET.Sdk/targets/Microsoft.NET.Sdk.DefaultItems.props",
        "DefiningProjectDirectory": "/workspace/.tools/dotnet/sdk/10.0.401/Sdks/Microsoft.NET.Sdk/targets/",
        "DefiningProjectName": "Microsoft.NET.Sdk.DefaultItems",
        "DefiningProjectExtension": ".props"
      },
      {
        "Identity": "Notifications/IManagedNotificationManager.cs",
        "FullPath": "/workspace/team-c/c3-admin-symbol-errors-validation/framework/CUI/vendor/Avalonia/src/Avalonia.Controls/Notifications/IManagedNotificationManager.cs",
        "RootDir": "/",
        "Filename": "IManagedNotificationManager",
        "Extension": ".cs",
        "RelativeDir": "Notifications/",
        "Directory": "workspace/team-c/c3-admin-symbol-errors-validation/framework/CUI/vendor/Avalonia/src/Avalonia.Controls/Notifications/",
        "RecursiveDir": "Notifications/",
        "ModifiedTime": "",
        "CreatedTime": "",
        "AccessedTime": "",
        "DefiningProjectFullPath": "/workspace/.tools/dotnet/sdk/10.0.401/Sdks/Microsoft.NET.Sdk/targets/Microsoft.NET.Sdk.DefaultItems.props",
        "DefiningProjectDirectory": "/workspace/.tools/dotnet/sdk/10.0.401/Sdks/Microsoft.NET.Sdk/targets/",
        "DefiningProjectName": "Microsoft.NET.Sdk.DefaultItems",
        "DefiningProjectExtension": ".props"
      },
      {
        "Identity": "Notifications/INotification.cs",
        "FullPath": "/workspace/team-c/c3-admin-symbol-errors-validation/framework/CUI/vendor/Avalonia/src/Avalonia.Controls/Notifications/INotification.cs",
        "RootDir": "/",
        "Filename": "INotification",
        "Extension": ".cs",
        "RelativeDir": "Notifications/",
        "Directory": "workspace/team-c/c3-admin-symbol-errors-validation/framework/CUI/vendor/Avalonia/src/Avalonia.Controls/Notifications/",
        "RecursiveDir": "Notifications/",
        "ModifiedTime": "",
        "CreatedTime": "",
        "AccessedTime": "",
        "DefiningProjectFullPath": "/workspace/.tools/dotnet/sdk/10.0.401/Sdks/Microsoft.NET.Sdk/targets/Microsoft.NET.Sdk.DefaultItems.props",
        "DefiningProjectDirectory": "/workspace/.tools/dotnet/sdk/10.0.401/Sdks/Microsoft.NET.Sdk/targets/",
        "DefiningProjectName": "Microsoft.NET.Sdk.DefaultItems",
        "DefiningProjectExtension": ".props"
      },
      {
        "Identity": "Notifications/INotificationManager.cs",
        "FullPath": "/workspace/team-c/c3-admin-symbol-errors-validation/framework/CUI/vendor/Avalonia/src/Avalonia.Controls/Notifications/INotificationManager.cs",
        "RootDir": "/",
        "Filename": "INotificationManager",
        "Extension": ".cs",
        "RelativeDir": "Notifications/",
        "Directory": "workspace/team-c/c3-admin-symbol-errors-validation/framework/CUI/vendor/Avalonia/src/Avalonia.Controls/Notifications/",
        "RecursiveDir": "Notifications/",
        "ModifiedTime": "",
        "CreatedTime": "",
        "AccessedTime": "",
        "DefiningProjectFullPath": "/workspace/.tools/dotnet/sdk/10.0.401/Sdks/Microsoft.NET.Sdk/targets/Microsoft.NET.Sdk.DefaultItems.props",
        "DefiningProjectDirectory": "/workspace/.tools/dotnet/sdk/10.0.401/Sdks/Microsoft.NET.Sdk/targets/",
        "DefiningProjectName": "Microsoft.NET.Sdk.DefaultItems",
        "DefiningProjectExtension": ".props"
      },
      {
        "Identity": "Notifications/Notification.cs",
        "FullPath": "/workspace/team-c/c3-admin-symbol-errors-validation/framework/CUI/vendor/Avalonia/src/Avalonia.Controls/Notifications/Notification.cs",
        "RootDir": "/",
        "Filename": "Notification",
        "Extension": ".cs",
        "RelativeDir": "Notifications/",
        "Directory": "workspace/team-c/c3-admin-symbol-errors-validation/framework/CUI/vendor/Avalonia/src/Avalonia.Controls/Notifications/",
        "RecursiveDir": "Notifications/",
        "ModifiedTime": "",
        "CreatedTime": "",
        "AccessedTime": "",
        "DefiningProjectFullPath": "/workspace/.tools/dotnet/sdk/10.0.401/Sdks/Microsoft.NET.Sdk/targets/Microsoft.NET.Sdk.DefaultItems.props",
        "DefiningProjectDirectory": "/workspace/.tools/dotnet/sdk/10.0.401/Sdks/Microsoft.NET.Sdk/targets/",
        "DefiningProjectName": "Microsoft.NET.Sdk.DefaultItems",
        "DefiningProjectExtension": ".props"
      },
      {
        "Identity": "Notifications/NotificationCard.cs",
        "FullPath": "/workspace/team-c/c3-admin-symbol-errors-validation/framework/CUI/vendor/Avalonia/src/Avalonia.Controls/Notifications/NotificationCard.cs",
        "RootDir": "/",
        "Filename": "NotificationCard",
        "Extension": ".cs",
        "RelativeDir": "Notifications/",
        "Directory": "workspace/team-c/c3-admin-symbol-errors-validation/framework/CUI/vendor/Avalonia/src/Avalonia.Controls/Notifications/",
        "RecursiveDir": "Notifications/",
        "ModifiedTime": "",
        "CreatedTime": "",
        "AccessedTime": "",
        "DefiningProjectFullPath": "/workspace/.tools/dotnet/sdk/10.0.401/Sdks/Microsoft.NET.Sdk/targets/Microsoft.NET.Sdk.DefaultItems.props",
        "DefiningProjectDirectory": "/workspace/.tools/dotnet/sdk/10.0.401/Sdks/Microsoft.NET.Sdk/targets/",
        "DefiningProjectName": "Microsoft.NET.Sdk.DefaultItems",
        "DefiningProjectExtension": ".props"
      },
      {
        "Identity": "Notifications/NotificationPosition.cs",
        "FullPath": "/workspace/team-c/c3-admin-symbol-errors-validation/framework/CUI/vendor/Avalonia/src/Avalonia.Controls/Notifications/NotificationPosition.cs",
        "RootDir": "/",
        "Filename": "NotificationPosition",
        "Extension": ".cs",
        "RelativeDir": "Notifications/",
        "Directory": "workspace/team-c/c3-admin-symbol-errors-validation/framework/CUI/vendor/Avalonia/src/Avalonia.Controls/Notifications/",
        "RecursiveDir": "Notifications/",
        "ModifiedTime": "",
        "CreatedTime": "",
        "AccessedTime": "",
        "DefiningProjectFullPath": "/workspace/.tools/dotnet/sdk/10.0.401/Sdks/Microsoft.NET.Sdk/targets/Microsoft.NET.Sdk.DefaultItems.props",
        "DefiningProjectDirectory": "/workspace/.tools/dotnet/sdk/10.0.401/Sdks/Microsoft.NET.Sdk/targets/",
        "DefiningProjectName": "Microsoft.NET.Sdk.DefaultItems",
        "DefiningProjectExtension": ".props"
      },
      {
        "Identity": "Notifications/NotificationType.cs",
        "FullPath": "/workspace/team-c/c3-admin-symbol-errors-validation/framework/CUI/vendor/Avalonia/src/Avalonia.Controls/Notifications/NotificationType.cs",
        "RootDir": "/",
        "Filename": "NotificationType",
        "Extension": ".cs",
        "RelativeDir": "Notifications/",
        "Directory": "workspace/team-c/c3-admin-symbol-errors-validation/framework/CUI/vendor/Avalonia/src/Avalonia.Controls/Notifications/",
        "RecursiveDir": "Notifications/",
        "ModifiedTime": "",
        "CreatedTime": "",
        "AccessedTime": "",
        "DefiningProjectFullPath": "/workspace/.tools/dotnet/sdk/10.0.401/Sdks/Microsoft.NET.Sdk/targets/Microsoft.NET.Sdk.DefaultItems.props",
        "DefiningProjectDirectory": "/workspace/.tools/dotnet/sdk/10.0.401/Sdks/Microsoft.NET.Sdk/targets/",
        "DefiningProjectName": "Microsoft.NET.Sdk.DefaultItems",
        "DefiningProjectExtension": ".props"
      },
      {
        "Identity": "Notifications/ReversibleStackPanel.cs",
        "FullPath": "/workspace/team-c/c3-admin-symbol-errors-validation/framework/CUI/vendor/Avalonia/src/Avalonia.Controls/Notifications/ReversibleStackPanel.cs",
        "RootDir": "/",
        "Filename": "ReversibleStackPanel",
        "Extension": ".cs",
        "RelativeDir": "Notifications/",
        "Directory": "workspace/team-c/c3-admin-symbol-errors-validation/framework/CUI/vendor/Avalonia/src/Avalonia.Controls/Notifications/",
        "RecursiveDir": "Notifications/",
        "ModifiedTime": "",
        "CreatedTime": "",
        "AccessedTime": "",
        "DefiningProjectFullPath": "/workspace/.tools/dotnet/sdk/10.0.401/Sdks/Microsoft.NET.Sdk/targets/Microsoft.NET.Sdk.DefaultItems.props",
        "DefiningProjectDirectory": "/workspace/.tools/dotnet/sdk/10.0.401/Sdks/Microsoft.NET.Sdk/targets/",
        "DefiningProjectName": "Microsoft.NET.Sdk.DefaultItems",
        "DefiningProjectExtension": ".props"
      },
      {
        "Identity": "Notifications/WindowNotificationManager.cs",
        "FullPath": "/workspace/team-c/c3-admin-symbol-errors-validation/framework/CUI/vendor/Avalonia/src/Avalonia.Controls/Notifications/WindowNotificationManager.cs",
        "RootDir": "/",
        "Filename": "WindowNotificationManager",
        "Extension": ".cs",
        "RelativeDir": "Notifications/",
        "Directory": "workspace/team-c/c3-admin-symbol-errors-validation/framework/CUI/vendor/Avalonia/src/Avalonia.Controls/Notifications/",
        "RecursiveDir": "Notifications/",
        "ModifiedTime": "",
        "CreatedTime": "",
        "AccessedTime": "",
        "DefiningProjectFullPath": "/workspace/.tools/dotnet/sdk/10.0.401/Sdks/Microsoft.NET.Sdk/targets/Microsoft.NET.Sdk.DefaultItems.props",
        "DefiningProjectDirectory": "/workspace/.tools/dotnet/sdk/10.0.401/Sdks/Microsoft.NET.Sdk/targets/",
        "DefiningProjectName": "Microsoft.NET.Sdk.DefaultItems",
        "DefiningProjectExtension": ".props"
      },
      {
        "Identity": "NumericUpDown/NumericUpDown.cs",
        "FullPath": "/workspace/team-c/c3-admin-symbol-errors-validation/framework/CUI/vendor/Avalonia/src/Avalonia.Controls/NumericUpDown/NumericUpDown.cs",
        "RootDir": "/",
        "Filename": "NumericUpDown",
        "Extension": ".cs",
        "RelativeDir": "NumericUpDown/",
        "Directory": "workspace/team-c/c3-admin-symbol-errors-validation/framework/CUI/vendor/Avalonia/src/Avalonia.Controls/NumericUpDown/",
        "RecursiveDir": "NumericUpDown/",
        "ModifiedTime": "",
        "CreatedTime": "",
        "AccessedTime": "",
        "DefiningProjectFullPath": "/workspace/.tools/dotnet/sdk/10.0.401/Sdks/Microsoft.NET.Sdk/targets/Microsoft.NET.Sdk.DefaultItems.props",
        "DefiningProjectDirectory": "/workspace/.tools/dotnet/sdk/10.0.401/Sdks/Microsoft.NET.Sdk/targets/",
        "DefiningProjectName": "Microsoft.NET.Sdk.DefaultItems",
        "DefiningProjectExtension": ".props"
      },
      {
        "Identity": "NumericUpDown/NumericUpDownValueChangedEventArgs.cs",
        "FullPath": "/workspace/team-c/c3-admin-symbol-errors-validation/framework/CUI/vendor/Avalonia/src/Avalonia.Controls/NumericUpDown/NumericUpDownValueChangedEventArgs.cs",
        "RootDir": "/",
        "Filename": "NumericUpDownValueChangedEventArgs",
        "Extension": ".cs",
        "RelativeDir": "NumericUpDown/",
        "Directory": "workspace/team-c/c3-admin-symbol-errors-validation/framework/CUI/vendor/Avalonia/src/Avalonia.Controls/NumericUpDown/",
        "RecursiveDir": "NumericUpDown/",
        "ModifiedTime": "",
        "CreatedTime": "",
        "AccessedTime": "",
        "DefiningProjectFullPath": "/workspace/.tools/dotnet/sdk/10.0.401/Sdks/Microsoft.NET.Sdk/targets/Microsoft.NET.Sdk.DefaultItems.props",
        "DefiningProjectDirectory": "/workspace/.tools/dotnet/sdk/10.0.401/Sdks/Microsoft.NET.Sdk/targets/",
        "DefiningProjectName": "Microsoft.NET.Sdk.DefaultItems",
        "DefiningProjectExtension": ".props"
      },
      {
        "Identity": "Page/BarLayoutBehavior.cs",
        "FullPath": "/workspace/team-c/c3-admin-symbol-errors-validation/framework/CUI/vendor/Avalonia/src/Avalonia.Controls/Page/BarLayoutBehavior.cs",
        "RootDir": "/",
        "Filename": "BarLayoutBehavior",
        "Extension": ".cs",
        "RelativeDir": "Page/",
        "Directory": "workspace/team-c/c3-admin-symbol-errors-validation/framework/CUI/vendor/Avalonia/src/Avalonia.Controls/Page/",
        "RecursiveDir": "Page/",
        "ModifiedTime": "",
        "CreatedTime": "",
        "AccessedTime": "",
        "DefiningProjectFullPath": "/workspace/.tools/dotnet/sdk/10.0.401/Sdks/Microsoft.NET.Sdk/targets/Microsoft.NET.Sdk.DefaultItems.props",
        "DefiningProjectDirectory": "/workspace/.tools/dotnet/sdk/10.0.401/Sdks/Microsoft.NET.Sdk/targets/",
        "DefiningProjectName": "Microsoft.NET.Sdk.DefaultItems",
        "DefiningProjectExtension": ".props"
      },
      {
        "Identity": "Page/CarouselPage.cs",
        "FullPath": "/workspace/team-c/c3-admin-symbol-errors-validation/framework/CUI/vendor/Avalonia/src/Avalonia.Controls/Page/CarouselPage.cs",
        "RootDir": "/",
        "Filename": "CarouselPage",
        "Extension": ".cs",
        "RelativeDir": "Page/",
        "Directory": "workspace/team-c/c3-admin-symbol-errors-validation/framework/CUI/vendor/Avalonia/src/Avalonia.Controls/Page/",
        "RecursiveDir": "Page/",
        "ModifiedTime": "",
        "CreatedTime": "",
        "AccessedTime": "",
        "DefiningProjectFullPath": "/workspace/.tools/dotnet/sdk/10.0.401/Sdks/Microsoft.NET.Sdk/targets/Microsoft.NET.Sdk.DefaultItems.props",
        "DefiningProjectDirectory": "/workspace/.tools/dotnet/sdk/10.0.401/Sdks/Microsoft.NET.Sdk/targets/",
        "DefiningProjectName": "Microsoft.NET.Sdk.DefaultItems",
        "DefiningProjectExtension": ".props"
      },
      {
        "Identity": "Page/ContentPage.cs",
        "FullPath": "/workspace/team-c/c3-admin-symbol-errors-validation/framework/CUI/vendor/Avalonia/src/Avalonia.Controls/Page/ContentPage.cs",
        "RootDir": "/",
        "Filename": "ContentPage",
        "Extension": ".cs",
        "RelativeDir": "Page/",
        "Directory": "workspace/team-c/c3-admin-symbol-errors-validation/framework/CUI/vendor/Avalonia/src/Avalonia.Controls/Page/",
        "RecursiveDir": "Page/",
        "ModifiedTime": "",
        "CreatedTime": "",
        "AccessedTime": "",
        "DefiningProjectFullPath": "/workspace/.tools/dotnet/sdk/10.0.401/Sdks/Microsoft.NET.Sdk/targets/Microsoft.NET.Sdk.DefaultItems.props",
        "DefiningProjectDirectory": "/workspace/.tools/dotnet/sdk/10.0.401/Sdks/Microsoft.NET.Sdk/targets/",
        "DefiningProjectName": "Microsoft.NET.Sdk.DefaultItems",
        "DefiningProjectExtension": ".props"
      },
      {
        "Identity": "Page/DefaultPageDataTemplate.cs",
        "FullPath": "/workspace/team-c/c3-admin-symbol-errors-validation/framework/CUI/vendor/Avalonia/src/Avalonia.Controls/Page/DefaultPageDataTemplate.cs",
        "RootDir": "/",
        "Filename": "DefaultPageDataTemplate",
        "Extension": ".cs",
        "RelativeDir": "Page/",
        "Directory": "workspace/team-c/c3-admin-symbol-errors-validation/framework/CUI/vendor/Avalonia/src/Avalonia.Controls/Page/",
        "RecursiveDir": "Page/",
        "ModifiedTime": "",
        "CreatedTime": "",
        "AccessedTime": "",
        "DefiningProjectFullPath": "/workspace/.tools/dotnet/sdk/10.0.401/Sdks/Microsoft.NET.Sdk/targets/Microsoft.NET.Sdk.DefaultItems.props",
        "DefiningProjectDirectory": "/workspace/.tools/dotnet/sdk/10.0.401/Sdks/Microsoft.NET.Sdk/targets/",
        "DefiningProjectName": "Microsoft.NET.Sdk.DefaultItems",
        "DefiningProjectExtension": ".props"
      },
      {
        "Identity": "Page/DrawerBehavior.cs",
        "FullPath": "/workspace/team-c/c3-admin-symbol-errors-validation/framework/CUI/vendor/Avalonia/src/Avalonia.Controls/Page/DrawerBehavior.cs",
        "RootDir": "/",
        "Filename": "DrawerBehavior",
        "Extension": ".cs",
        "RelativeDir": "Page/",
        "Directory": "workspace/team-c/c3-admin-symbol-errors-validation/framework/CUI/vendor/Avalonia/src/Avalonia.Controls/Page/",
        "RecursiveDir": "Page/",
        "ModifiedTime": "",
        "CreatedTime": "",
        "AccessedTime": "",
        "DefiningProjectFullPath": "/workspace/.tools/dotnet/sdk/10.0.401/Sdks/Microsoft.NET.Sdk/targets/Microsoft.NET.Sdk.DefaultItems.props",
        "DefiningProjectDirectory": "/workspace/.tools/dotnet/sdk/10.0.401/Sdks/Microsoft.NET.Sdk/targets/",
        "DefiningProjectName": "Microsoft.NET.Sdk.DefaultItems",
        "DefiningProjectExtension": ".props"
      },
      {
        "Identity": "Page/DrawerClosingEventArgs.cs",
        "FullPath": "/workspace/team-c/c3-admin-symbol-errors-validation/framework/CUI/vendor/Avalonia/src/Avalonia.Controls/Page/DrawerClosingEventArgs.cs",
        "RootDir": "/",
        "Filename": "DrawerClosingEventArgs",
        "Extension": ".cs",
        "RelativeDir": "Page/",
        "Directory": "workspace/team-c/c3-admin-symbol-errors-validation/framework/CUI/vendor/Avalonia/src/Avalonia.Controls/Page/",
        "RecursiveDir": "Page/",
        "ModifiedTime": "",
        "CreatedTime": "",
        "AccessedTime": "",
        "DefiningProjectFullPath": "/workspace/.tools/dotnet/sdk/10.0.401/Sdks/Microsoft.NET.Sdk/targets/Microsoft.NET.Sdk.DefaultItems.props",
        "DefiningProjectDirectory": "/workspace/.tools/dotnet/sdk/10.0.401/Sdks/Microsoft.NET.Sdk/targets/",
        "DefiningProjectName": "Microsoft.NET.Sdk.DefaultItems",
        "DefiningProjectExtension": ".props"
      },
      {
        "Identity": "Page/DrawerLayoutBehavior.cs",
        "FullPath": "/workspace/team-c/c3-admin-symbol-errors-validation/framework/CUI/vendor/Avalonia/src/Avalonia.Controls/Page/DrawerLayoutBehavior.cs",
        "RootDir": "/",
        "Filename": "DrawerLayoutBehavior",
        "Extension": ".cs",
        "RelativeDir": "Page/",
        "Directory": "workspace/team-c/c3-admin-symbol-errors-validation/framework/CUI/vendor/Avalonia/src/Avalonia.Controls/Page/",
        "RecursiveDir": "Page/",
        "ModifiedTime": "",
        "CreatedTime": "",
        "AccessedTime": "",
        "DefiningProjectFullPath": "/workspace/.tools/dotnet/sdk/10.0.401/Sdks/Microsoft.NET.Sdk/targets/Microsoft.NET.Sdk.DefaultItems.props",
        "DefiningProjectDirectory": "/workspace/.tools/dotnet/sdk/10.0.401/Sdks/Microsoft.NET.Sdk/targets/",
        "DefiningProjectName": "Microsoft.NET.Sdk.DefaultItems",
        "DefiningProjectExtension": ".props"
      },
      {
        "Identity": "Page/DrawerPage.cs",
        "FullPath": "/workspace/team-c/c3-admin-symbol-errors-validation/framework/CUI/vendor/Avalonia/src/Avalonia.Controls/Page/DrawerPage.cs",
        "RootDir": "/",
        "Filename": "DrawerPage",
        "Extension": ".cs",
        "RelativeDir": "Page/",
        "Directory": "workspace/team-c/c3-admin-symbol-errors-validation/framework/CUI/vendor/Avalonia/src/Avalonia.Controls/Page/",
        "RecursiveDir": "Page/",
        "ModifiedTime": "",
        "CreatedTime": "",
        "AccessedTime": "",
        "DefiningProjectFullPath": "/workspace/.tools/dotnet/sdk/10.0.401/Sdks/Microsoft.NET.Sdk/targets/Microsoft.NET.Sdk.DefaultItems.props",
        "DefiningProjectDirectory": "/workspace/.tools/dotnet/sdk/10.0.401/Sdks/Microsoft.NET.Sdk/targets/",
        "DefiningProjectName": "Microsoft.NET.Sdk.DefaultItems",
        "DefiningProjectExtension": ".props"
      },
      {
        "Identity": "Page/DrawerPlacement.cs",
        "FullPath": "/workspace/team-c/c3-admin-symbol-errors-validation/framework/CUI/vendor/Avalonia/src/Avalonia.Controls/Page/DrawerPlacement.cs",
        "RootDir": "/",
        "Filename": "DrawerPlacement",
        "Extension": ".cs",
        "RelativeDir": "Page/",
        "Directory": "workspace/team-c/c3-admin-symbol-errors-validation/framework/CUI/vendor/Avalonia/src/Avalonia.Controls/Page/",
        "RecursiveDir": "Page/",
        "ModifiedTime": "",
        "CreatedTime": "",
        "AccessedTime": "",
        "DefiningProjectFullPath": "/workspace/.tools/dotnet/sdk/10.0.401/Sdks/Microsoft.NET.Sdk/targets/Microsoft.NET.Sdk.DefaultItems.props",
        "DefiningProjectDirectory": "/workspace/.tools/dotnet/sdk/10.0.401/Sdks/Microsoft.NET.Sdk/targets/",
        "DefiningProjectName": "Microsoft.NET.Sdk.DefaultItems",
        "DefiningProjectExtension": ".props"
      },
      {
        "Identity": "Page/INavigation.cs",
        "FullPath": "/workspace/team-c/c3-admin-symbol-errors-validation/framework/CUI/vendor/Avalonia/src/Avalonia.Controls/Page/INavigation.cs",
        "RootDir": "/",
        "Filename": "INavigation",
        "Extension": ".cs",
        "RelativeDir": "Page/",
        "Directory": "workspace/team-c/c3-admin-symbol-errors-validation/framework/CUI/vendor/Avalonia/src/Avalonia.Controls/Page/",
        "RecursiveDir": "Page/",
        "ModifiedTime": "",
        "CreatedTime": "",
        "AccessedTime": "",
        "DefiningProjectFullPath": "/workspace/.tools/dotnet/sdk/10.0.401/Sdks/Microsoft.NET.Sdk/targets/Microsoft.NET.Sdk.DefaultItems.props",
        "DefiningProjectDirectory": "/workspace/.tools/dotnet/sdk/10.0.401/Sdks/Microsoft.NET.Sdk/targets/",
        "DefiningProjectName": "Microsoft.NET.Sdk.DefaultItems",
        "DefiningProjectExtension": ".props"
      },
      {
        "Identity": "Page/ModalPoppedEventArgs.cs",
        "FullPath": "/workspace/team-c/c3-admin-symbol-errors-validation/framework/CUI/vendor/Avalonia/src/Avalonia.Controls/Page/ModalPoppedEventArgs.cs",
        "RootDir": "/",
        "Filename": "ModalPoppedEventArgs",
        "Extension": ".cs",
        "RelativeDir": "Page/",
        "Directory": "workspace/team-c/c3-admin-symbol-errors-validation/framework/CUI/vendor/Avalonia/src/Avalonia.Controls/Page/",
        "RecursiveDir": "Page/",
        "ModifiedTime": "",
        "CreatedTime": "",
        "AccessedTime": "",
        "DefiningProjectFullPath": "/workspace/.tools/dotnet/sdk/10.0.401/Sdks/Microsoft.NET.Sdk/targets/Microsoft.NET.Sdk.DefaultItems.props",
        "DefiningProjectDirectory": "/workspace/.tools/dotnet/sdk/10.0.401/Sdks/Microsoft.NET.Sdk/targets/",
        "DefiningProjectName": "Microsoft.NET.Sdk.DefaultItems",
        "DefiningProjectExtension": ".props"
      },
      {
        "Identity": "Page/ModalPushedEventArgs.cs",
        "FullPath": "/workspace/team-c/c3-admin-symbol-errors-validation/framework/CUI/vendor/Avalonia/src/Avalonia.Controls/Page/ModalPushedEventArgs.cs",
        "RootDir": "/",
        "Filename": "ModalPushedEventArgs",
        "Extension": ".cs",
        "RelativeDir": "Page/",
        "Directory": "workspace/team-c/c3-admin-symbol-errors-validation/framework/CUI/vendor/Avalonia/src/Avalonia.Controls/Page/",
        "RecursiveDir": "Page/",
        "ModifiedTime": "",
        "CreatedTime": "",
        "AccessedTime": "",
        "DefiningProjectFullPath": "/workspace/.tools/dotnet/sdk/10.0.401/Sdks/Microsoft.NET.Sdk/targets/Microsoft.NET.Sdk.DefaultItems.props",
        "DefiningProjectDirectory": "/workspace/.tools/dotnet/sdk/10.0.401/Sdks/Microsoft.NET.Sdk/targets/",
        "DefiningProjectName": "Microsoft.NET.Sdk.DefaultItems",
        "DefiningProjectExtension": ".props"
      },
      {
        "Identity": "Page/MultiPage.cs",
        "FullPath": "/workspace/team-c/c3-admin-symbol-errors-validation/framework/CUI/vendor/Avalonia/src/Avalonia.Controls/Page/MultiPage.cs",
        "RootDir": "/",
        "Filename": "MultiPage",
        "Extension": ".cs",
        "RelativeDir": "Page/",
        "Directory": "workspace/team-c/c3-admin-symbol-errors-validation/framework/CUI/vendor/Avalonia/src/Avalonia.Controls/Page/",
        "RecursiveDir": "Page/",
        "ModifiedTime": "",
        "CreatedTime": "",
        "AccessedTime": "",
        "DefiningProjectFullPath": "/workspace/.tools/dotnet/sdk/10.0.401/Sdks/Microsoft.NET.Sdk/targets/Microsoft.NET.Sdk.DefaultItems.props",
        "DefiningProjectDirectory": "/workspace/.tools/dotnet/sdk/10.0.401/Sdks/Microsoft.NET.Sdk/targets/",
        "DefiningProjectName": "Microsoft.NET.Sdk.DefaultItems",
        "DefiningProjectExtension": ".props"
      },
      {
        "Identity": "Page/NavigatedFromEventArgs.cs",
        "FullPath": "/workspace/team-c/c3-admin-symbol-errors-validation/framework/CUI/vendor/Avalonia/src/Avalonia.Controls/Page/NavigatedFromEventArgs.cs",
        "RootDir": "/",
        "Filename": "NavigatedFromEventArgs",
        "Extension": ".cs",
        "RelativeDir": "Page/",
        "Directory": "workspace/team-c/c3-admin-symbol-errors-validation/framework/CUI/vendor/Avalonia/src/Avalonia.Controls/Page/",
        "RecursiveDir": "Page/",
        "ModifiedTime": "",
        "CreatedTime": "",
        "AccessedTime": "",
        "DefiningProjectFullPath": "/workspace/.tools/dotnet/sdk/10.0.401/Sdks/Microsoft.NET.Sdk/targets/Microsoft.NET.Sdk.DefaultItems.props",
        "DefiningProjectDirectory": "/workspace/.tools/dotnet/sdk/10.0.401/Sdks/Microsoft.NET.Sdk/targets/",
        "DefiningProjectName": "Microsoft.NET.Sdk.DefaultItems",
        "DefiningProjectExtension": ".props"
      },
      {
        "Identity": "Page/NavigatedToEventArgs.cs",
        "FullPath": "/workspace/team-c/c3-admin-symbol-errors-validation/framework/CUI/vendor/Avalonia/src/Avalonia.Controls/Page/NavigatedToEventArgs.cs",
        "RootDir": "/",
        "Filename": "NavigatedToEventArgs",
        "Extension": ".cs",
        "RelativeDir": "Page/",
        "Directory": "workspace/team-c/c3-admin-symbol-errors-validation/framework/CUI/vendor/Avalonia/src/Avalonia.Controls/Page/",
        "RecursiveDir": "Page/",
        "ModifiedTime": "",
        "CreatedTime": "",
        "AccessedTime": "",
        "DefiningProjectFullPath": "/workspace/.tools/dotnet/sdk/10.0.401/Sdks/Microsoft.NET.Sdk/targets/Microsoft.NET.Sdk.DefaultItems.props",
        "DefiningProjectDirectory": "/workspace/.tools/dotnet/sdk/10.0.401/Sdks/Microsoft.NET.Sdk/targets/",
        "DefiningProjectName": "Microsoft.NET.Sdk.DefaultItems",
        "DefiningProjectExtension": ".props"
      },
      {
        "Identity": "Page/NavigatingFromEventArgs.cs",
        "FullPath": "/workspace/team-c/c3-admin-symbol-errors-validation/framework/CUI/vendor/Avalonia/src/Avalonia.Controls/Page/NavigatingFromEventArgs.cs",
        "RootDir": "/",
        "Filename": "NavigatingFromEventArgs",
        "Extension": ".cs",
        "RelativeDir": "Page/",
        "Directory": "workspace/team-c/c3-admin-symbol-errors-validation/framework/CUI/vendor/Avalonia/src/Avalonia.Controls/Page/",
        "RecursiveDir": "Page/",
        "ModifiedTime": "",
        "CreatedTime": "",
        "AccessedTime": "",
        "DefiningProjectFullPath": "/workspace/.tools/dotnet/sdk/10.0.401/Sdks/Microsoft.NET.Sdk/targets/Microsoft.NET.Sdk.DefaultItems.props",
        "DefiningProjectDirectory": "/workspace/.tools/dotnet/sdk/10.0.401/Sdks/Microsoft.NET.Sdk/targets/",
        "DefiningProjectName": "Microsoft.NET.Sdk.DefaultItems",
        "DefiningProjectExtension": ".props"
      },
      {
        "Identity": "Page/NavigationEventArgs.cs",
        "FullPath": "/workspace/team-c/c3-admin-symbol-errors-validation/framework/CUI/vendor/Avalonia/src/Avalonia.Controls/Page/NavigationEventArgs.cs",
        "RootDir": "/",
        "Filename": "NavigationEventArgs",
        "Extension": ".cs",
        "RelativeDir": "Page/",
        "Directory": "workspace/team-c/c3-admin-symbol-errors-validation/framework/CUI/vendor/Avalonia/src/Avalonia.Controls/Page/",
        "RecursiveDir": "Page/",
        "ModifiedTime": "",
        "CreatedTime": "",
        "AccessedTime": "",
        "DefiningProjectFullPath": "/workspace/.tools/dotnet/sdk/10.0.401/Sdks/Microsoft.NET.Sdk/targets/Microsoft.NET.Sdk.DefaultItems.props",
        "DefiningProjectDirectory": "/workspace/.tools/dotnet/sdk/10.0.401/Sdks/Microsoft.NET.Sdk/targets/",
        "DefiningProjectName": "Microsoft.NET.Sdk.DefaultItems",
        "DefiningProjectExtension": ".props"
      },
      {
        "Identity": "Page/NavigationPage.cs",
        "FullPath": "/workspace/team-c/c3-admin-symbol-errors-validation/framework/CUI/vendor/Avalonia/src/Avalonia.Controls/Page/NavigationPage.cs",
        "RootDir": "/",
        "Filename": "NavigationPage",
        "Extension": ".cs",
        "RelativeDir": "Page/",
        "Directory": "workspace/team-c/c3-admin-symbol-errors-validation/framework/CUI/vendor/Avalonia/src/Avalonia.Controls/Page/",
        "RecursiveDir": "Page/",
        "ModifiedTime": "",
        "CreatedTime": "",
        "AccessedTime": "",
        "DefiningProjectFullPath": "/workspace/.tools/dotnet/sdk/10.0.401/Sdks/Microsoft.NET.Sdk/targets/Microsoft.NET.Sdk.DefaultItems.props",
        "DefiningProjectDirectory": "/workspace/.tools/dotnet/sdk/10.0.401/Sdks/Microsoft.NET.Sdk/targets/",
        "DefiningProjectName": "Microsoft.NET.Sdk.DefaultItems",
        "DefiningProjectExtension": ".props"
      },
      {
        "Identity": "Page/NavigationType.cs",
        "FullPath": "/workspace/team-c/c3-admin-symbol-errors-validation/framework/CUI/vendor/Avalonia/src/Avalonia.Controls/Page/NavigationType.cs",
        "RootDir": "/",
        "Filename": "NavigationType",
        "Extension": ".cs",
        "RelativeDir": "Page/",
        "Directory": "workspace/team-c/c3-admin-symbol-errors-validation/framework/CUI/vendor/Avalonia/src/Avalonia.Controls/Page/",
        "RecursiveDir": "Page/",
        "ModifiedTime": "",
        "CreatedTime": "",
        "AccessedTime": "",
        "DefiningProjectFullPath": "/workspace/.tools/dotnet/sdk/10.0.401/Sdks/Microsoft.NET.Sdk/targets/Microsoft.NET.Sdk.DefaultItems.props",
        "DefiningProjectDirectory": "/workspace/.tools/dotnet/sdk/10.0.401/Sdks/Microsoft.NET.Sdk/targets/",
        "DefiningProjectName": "Microsoft.NET.Sdk.DefaultItems",
        "DefiningProjectExtension": ".props"
      },
      {
        "Identity": "Page/Page.cs",
        "FullPath": "/workspace/team-c/c3-admin-symbol-errors-validation/framework/CUI/vendor/Avalonia/src/Avalonia.Controls/Page/Page.cs",
        "RootDir": "/",
        "Filename": "Page",
        "Extension": ".cs",
        "RelativeDir": "Page/",
        "Directory": "workspace/team-c/c3-admin-symbol-errors-validation/framework/CUI/vendor/Avalonia/src/Avalonia.Controls/Page/",
        "RecursiveDir": "Page/",
        "ModifiedTime": "",
        "CreatedTime": "",
        "AccessedTime": "",
        "DefiningProjectFullPath": "/workspace/.tools/dotnet/sdk/10.0.401/Sdks/Microsoft.NET.Sdk/targets/Microsoft.NET.Sdk.DefaultItems.props",
        "DefiningProjectDirectory": "/workspace/.tools/dotnet/sdk/10.0.401/Sdks/Microsoft.NET.Sdk/targets/",
        "DefiningProjectName": "Microsoft.NET.Sdk.DefaultItems",
        "DefiningProjectExtension": ".props"
      },
      {
        "Identity": "Page/PageInsertedEventArgs.cs",
        "FullPath": "/workspace/team-c/c3-admin-symbol-errors-validation/framework/CUI/vendor/Avalonia/src/Avalonia.Controls/Page/PageInsertedEventArgs.cs",
        "RootDir": "/",
        "Filename": "PageInsertedEventArgs",
        "Extension": ".cs",
        "RelativeDir": "Page/",
        "Directory": "workspace/team-c/c3-admin-symbol-errors-validation/framework/CUI/vendor/Avalonia/src/Avalonia.Controls/Page/",
        "RecursiveDir": "Page/",
        "ModifiedTime": "",
        "CreatedTime": "",
        "AccessedTime": "",
        "DefiningProjectFullPath": "/workspace/.tools/dotnet/sdk/10.0.401/Sdks/Microsoft.NET.Sdk/targets/Microsoft.NET.Sdk.DefaultItems.props",
        "DefiningProjectDirectory": "/workspace/.tools/dotnet/sdk/10.0.401/Sdks/Microsoft.NET.Sdk/targets/",
        "DefiningProjectName": "Microsoft.NET.Sdk.DefaultItems",
        "DefiningProjectExtension": ".props"
      },
      {
        "Identity": "Page/PageNavigationHost.cs",
        "FullPath": "/workspace/team-c/c3-admin-symbol-errors-validation/framework/CUI/vendor/Avalonia/src/Avalonia.Controls/Page/PageNavigationHost.cs",
        "RootDir": "/",
        "Filename": "PageNavigationHost",
        "Extension": ".cs",
        "RelativeDir": "Page/",
        "Directory": "workspace/team-c/c3-admin-symbol-errors-validation/framework/CUI/vendor/Avalonia/src/Avalonia.Controls/Page/",
        "RecursiveDir": "Page/",
        "ModifiedTime": "",
        "CreatedTime": "",
        "AccessedTime": "",
        "DefiningProjectFullPath": "/workspace/.tools/dotnet/sdk/10.0.401/Sdks/Microsoft.NET.Sdk/targets/Microsoft.NET.Sdk.DefaultItems.props",
        "DefiningProjectDirectory": "/workspace/.tools/dotnet/sdk/10.0.401/Sdks/Microsoft.NET.Sdk/targets/",
        "DefiningProjectName": "Microsoft.NET.Sdk.DefaultItems",
        "DefiningProjectExtension": ".props"
      },
      {
        "Identity": "Page/PageRemovedEventArgs.cs",
        "FullPath": "/workspace/team-c/c3-admin-symbol-errors-validation/framework/CUI/vendor/Avalonia/src/Avalonia.Controls/Page/PageRemovedEventArgs.cs",
        "RootDir": "/",
        "Filename": "PageRemovedEventArgs",
        "Extension": ".cs",
        "RelativeDir": "Page/",
        "Directory": "workspace/team-c/c3-admin-symbol-errors-validation/framework/CUI/vendor/Avalonia/src/Avalonia.Controls/Page/",
        "RecursiveDir": "Page/",
        "ModifiedTime": "",
        "CreatedTime": "",
        "AccessedTime": "",
        "DefiningProjectFullPath": "/workspace/.tools/dotnet/sdk/10.0.401/Sdks/Microsoft.NET.Sdk/targets/Microsoft.NET.Sdk.DefaultItems.props",
        "DefiningProjectDirectory": "/workspace/.tools/dotnet/sdk/10.0.401/Sdks/Microsoft.NET.Sdk/targets/",
        "DefiningProjectName": "Microsoft.NET.Sdk.DefaultItems",
        "DefiningProjectExtension": ".props"
      },
      {
        "Identity": "Page/PageSelectionChangedEventArgs.cs",
        "FullPath": "/workspace/team-c/c3-admin-symbol-errors-validation/framework/CUI/vendor/Avalonia/src/Avalonia.Controls/Page/PageSelectionChangedEventArgs.cs",
        "RootDir": "/",
        "Filename": "PageSelectionChangedEventArgs",
        "Extension": ".cs",
        "RelativeDir": "Page/",
        "Directory": "workspace/team-c/c3-admin-symbol-errors-validation/framework/CUI/vendor/Avalonia/src/Avalonia.Controls/Page/",
        "RecursiveDir": "Page/",
        "ModifiedTime": "",
        "CreatedTime": "",
        "AccessedTime": "",
        "DefiningProjectFullPath": "/workspace/.tools/dotnet/sdk/10.0.401/Sdks/Microsoft.NET.Sdk/targets/Microsoft.NET.Sdk.DefaultItems.props",
        "DefiningProjectDirectory": "/workspace/.tools/dotnet/sdk/10.0.401/Sdks/Microsoft.NET.Sdk/targets/",
        "DefiningProjectName": "Microsoft.NET.Sdk.DefaultItems",
        "DefiningProjectExtension": ".props"
      },
      {
        "Identity": "Page/SafeAreaPaddingExtensions.cs",
        "FullPath": "/workspace/team-c/c3-admin-symbol-errors-validation/framework/CUI/vendor/Avalonia/src/Avalonia.Controls/Page/SafeAreaPaddingExtensions.cs",
        "RootDir": "/",
        "Filename": "SafeAreaPaddingExtensions",
        "Extension": ".cs",
        "RelativeDir": "Page/",
        "Directory": "workspace/team-c/c3-admin-symbol-errors-validation/framework/CUI/vendor/Avalonia/src/Avalonia.Controls/Page/",
        "RecursiveDir": "Page/",
        "ModifiedTime": "",
        "CreatedTime": "",
        "AccessedTime": "",
        "DefiningProjectFullPath": "/workspace/.tools/dotnet/sdk/10.0.401/Sdks/Microsoft.NET.Sdk/targets/Microsoft.NET.Sdk.DefaultItems.props",
        "DefiningProjectDirectory": "/workspace/.tools/dotnet/sdk/10.0.401/Sdks/Microsoft.NET.Sdk/targets/",
        "DefiningProjectName": "Microsoft.NET.Sdk.DefaultItems",
        "DefiningProjectExtension": ".props"
      },
      {
        "Identity": "Page/SelectingMultiPage.cs",
        "FullPath": "/workspace/team-c/c3-admin-symbol-errors-validation/framework/CUI/vendor/Avalonia/src/Avalonia.Controls/Page/SelectingMultiPage.cs",
        "RootDir": "/",
        "Filename": "SelectingMultiPage",
        "Extension": ".cs",
        "RelativeDir": "Page/",
        "Directory": "workspace/team-c/c3-admin-symbol-errors-validation/framework/CUI/vendor/Avalonia/src/Avalonia.Controls/Page/",
        "RecursiveDir": "Page/",
        "ModifiedTime": "",
        "CreatedTime": "",
        "AccessedTime": "",
        "DefiningProjectFullPath": "/workspace/.tools/dotnet/sdk/10.0.401/Sdks/Microsoft.NET.Sdk/targets/Microsoft.NET.Sdk.DefaultItems.props",
        "DefiningProjectDirectory": "/workspace/.tools/dotnet/sdk/10.0.401/Sdks/Microsoft.NET.Sdk/targets/",
        "DefiningProjectName": "Microsoft.NET.Sdk.DefaultItems",
        "DefiningProjectExtension": ".props"
      },
      {
        "Identity": "Page/TabbedPage.cs",
        "FullPath": "/workspace/team-c/c3-admin-symbol-errors-validation/framework/CUI/vendor/Avalonia/src/Avalonia.Controls/Page/TabbedPage.cs",
        "RootDir": "/",
        "Filename": "TabbedPage",
        "Extension": ".cs",
        "RelativeDir": "Page/",
        "Directory": "workspace/team-c/c3-admin-symbol-errors-validation/framework/CUI/vendor/Avalonia/src/Avalonia.Controls/Page/",
        "RecursiveDir": "Page/",
        "ModifiedTime": "",
        "CreatedTime": "",
        "AccessedTime": "",
        "DefiningProjectFullPath": "/workspace/.tools/dotnet/sdk/10.0.401/Sdks/Microsoft.NET.Sdk/targets/Microsoft.NET.Sdk.DefaultItems.props",
        "DefiningProjectDirectory": "/workspace/.tools/dotnet/sdk/10.0.401/Sdks/Microsoft.NET.Sdk/targets/",
        "DefiningProjectName": "Microsoft.NET.Sdk.DefaultItems",
        "DefiningProjectExtension": ".props"
      },
      {
        "Identity": "Page/TabPlacement.cs",
        "FullPath": "/workspace/team-c/c3-admin-symbol-errors-validation/framework/CUI/vendor/Avalonia/src/Avalonia.Controls/Page/TabPlacement.cs",
        "RootDir": "/",
        "Filename": "TabPlacement",
        "Extension": ".cs",
        "RelativeDir": "Page/",
        "Directory": "workspace/team-c/c3-admin-symbol-errors-validation/framework/CUI/vendor/Avalonia/src/Avalonia.Controls/Page/",
        "RecursiveDir": "Page/",
        "ModifiedTime": "",
        "CreatedTime": "",
        "AccessedTime": "",
        "DefiningProjectFullPath": "/workspace/.tools/dotnet/sdk/10.0.401/Sdks/Microsoft.NET.Sdk/targets/Microsoft.NET.Sdk.DefaultItems.props",
        "DefiningProjectDirectory": "/workspace/.tools/dotnet/sdk/10.0.401/Sdks/Microsoft.NET.Sdk/targets/",
        "DefiningProjectName": "Microsoft.NET.Sdk.DefaultItems",
        "DefiningProjectExtension": ".props"
      },
      {
        "Identity": "Panel.cs",
        "FullPath": "/workspace/team-c/c3-admin-symbol-errors-validation/framework/CUI/vendor/Avalonia/src/Avalonia.Controls/Panel.cs",
        "RootDir": "/",
        "Filename": "Panel",
        "Extension": ".cs",
        "RelativeDir": "",
        "Directory": "workspace/team-c/c3-admin-symbol-errors-validation/framework/CUI/vendor/Avalonia/src/Avalonia.Controls/",
        "RecursiveDir": "",
        "ModifiedTime": "",
        "CreatedTime": "",
        "AccessedTime": "",
        "DefiningProjectFullPath": "/workspace/.tools/dotnet/sdk/10.0.401/Sdks/Microsoft.NET.Sdk/targets/Microsoft.NET.Sdk.DefaultItems.props",
        "DefiningProjectDirectory": "/workspace/.tools/dotnet/sdk/10.0.401/Sdks/Microsoft.NET.Sdk/targets/",
        "DefiningProjectName": "Microsoft.NET.Sdk.DefaultItems",
        "DefiningProjectExtension": ".props"
      },
      {
        "Identity": "PathIcon.cs",
        "FullPath": "/workspace/team-c/c3-admin-symbol-errors-validation/framework/CUI/vendor/Avalonia/src/Avalonia.Controls/PathIcon.cs",
        "RootDir": "/",
        "Filename": "PathIcon",
        "Extension": ".cs",
        "RelativeDir": "",
        "Directory": "workspace/team-c/c3-admin-symbol-errors-validation/framework/CUI/vendor/Avalonia/src/Avalonia.Controls/",
        "RecursiveDir": "",
        "ModifiedTime": "",
        "CreatedTime": "",
        "AccessedTime": "",
        "DefiningProjectFullPath": "/workspace/.tools/dotnet/sdk/10.0.401/Sdks/Microsoft.NET.Sdk/targets/Microsoft.NET.Sdk.DefaultItems.props",
        "DefiningProjectDirectory": "/workspace/.tools/dotnet/sdk/10.0.401/Sdks/Microsoft.NET.Sdk/targets/",
        "DefiningProjectName": "Microsoft.NET.Sdk.DefaultItems",
        "DefiningProjectExtension": ".props"
      },
      {
        "Identity": "PipsPager/PipsPager.cs",
        "FullPath": "/workspace/team-c/c3-admin-symbol-errors-validation/framework/CUI/vendor/Avalonia/src/Avalonia.Controls/PipsPager/PipsPager.cs",
        "RootDir": "/",
        "Filename": "PipsPager",
        "Extension": ".cs",
        "RelativeDir": "PipsPager/",
        "Directory": "workspace/team-c/c3-admin-symbol-errors-validation/framework/CUI/vendor/Avalonia/src/Avalonia.Controls/PipsPager/",
        "RecursiveDir": "PipsPager/",
        "ModifiedTime": "",
        "CreatedTime": "",
        "AccessedTime": "",
        "DefiningProjectFullPath": "/workspace/.tools/dotnet/sdk/10.0.401/Sdks/Microsoft.NET.Sdk/targets/Microsoft.NET.Sdk.DefaultItems.props",
        "DefiningProjectDirectory": "/workspace/.tools/dotnet/sdk/10.0.401/Sdks/Microsoft.NET.Sdk/targets/",
        "DefiningProjectName": "Microsoft.NET.Sdk.DefaultItems",
        "DefiningProjectExtension": ".props"
      },
      {
        "Identity": "PipsPager/PipsPagerSelectedIndexChangedEventArgs.cs",
        "FullPath": "/workspace/team-c/c3-admin-symbol-errors-validation/framework/CUI/vendor/Avalonia/src/Avalonia.Controls/PipsPager/PipsPagerSelectedIndexChangedEventArgs.cs",
        "RootDir": "/",
        "Filename": "PipsPagerSelectedIndexChangedEventArgs",
        "Extension": ".cs",
        "RelativeDir": "PipsPager/",
        "Directory": "workspace/team-c/c3-admin-symbol-errors-validation/framework/CUI/vendor/Avalonia/src/Avalonia.Controls/PipsPager/",
        "RecursiveDir": "PipsPager/",
        "ModifiedTime": "",
        "CreatedTime": "",
        "AccessedTime": "",
        "DefiningProjectFullPath": "/workspace/.tools/dotnet/sdk/10.0.401/Sdks/Microsoft.NET.Sdk/targets/Microsoft.NET.Sdk.DefaultItems.props",
        "DefiningProjectDirectory": "/workspace/.tools/dotnet/sdk/10.0.401/Sdks/Microsoft.NET.Sdk/targets/",
        "DefiningProjectName": "Microsoft.NET.Sdk.DefaultItems",
        "DefiningProjectExtension": ".props"
      },
      {
        "Identity": "PipsPager/PipsPagerTemplateSettings.cs",
        "FullPath": "/workspace/team-c/c3-admin-symbol-errors-validation/framework/CUI/vendor/Avalonia/src/Avalonia.Controls/PipsPager/PipsPagerTemplateSettings.cs",
        "RootDir": "/",
        "Filename": "PipsPagerTemplateSettings",
        "Extension": ".cs",
        "RelativeDir": "PipsPager/",
        "Directory": "workspace/team-c/c3-admin-symbol-errors-validation/framework/CUI/vendor/Avalonia/src/Avalonia.Controls/PipsPager/",
        "RecursiveDir": "PipsPager/",
        "ModifiedTime": "",
        "CreatedTime": "",
        "AccessedTime": "",
        "DefiningProjectFullPath": "/workspace/.tools/dotnet/sdk/10.0.401/Sdks/Microsoft.NET.Sdk/targets/Microsoft.NET.Sdk.DefaultItems.props",
        "DefiningProjectDirectory": "/workspace/.tools/dotnet/sdk/10.0.401/Sdks/Microsoft.NET.Sdk/targets/",
        "DefiningProjectName": "Microsoft.NET.Sdk.DefaultItems",
        "DefiningProjectExtension": ".props"
      },
      {
        "Identity": "PixelPointEventArgs.cs",
        "FullPath": "/workspace/team-c/c3-admin-symbol-errors-validation/framework/CUI/vendor/Avalonia/src/Avalonia.Controls/PixelPointEventArgs.cs",
        "RootDir": "/",
        "Filename": "PixelPointEventArgs",
        "Extension": ".cs",
        "RelativeDir": "",
        "Directory": "workspace/team-c/c3-admin-symbol-errors-validation/framework/CUI/vendor/Avalonia/src/Avalonia.Controls/",
        "RecursiveDir": "",
        "ModifiedTime": "",
        "CreatedTime": "",
        "AccessedTime": "",
        "DefiningProjectFullPath": "/workspace/.tools/dotnet/sdk/10.0.401/Sdks/Microsoft.NET.Sdk/targets/Microsoft.NET.Sdk.DefaultItems.props",
        "DefiningProjectDirectory": "/workspace/.tools/dotnet/sdk/10.0.401/Sdks/Microsoft.NET.Sdk/targets/",
        "DefiningProjectName": "Microsoft.NET.Sdk.DefaultItems",
        "DefiningProjectExtension": ".props"
      },
      {
        "Identity": "PlacementMode.cs",
        "FullPath": "/workspace/team-c/c3-admin-symbol-errors-validation/framework/CUI/vendor/Avalonia/src/Avalonia.Controls/PlacementMode.cs",
        "RootDir": "/",
        "Filename": "PlacementMode",
        "Extension": ".cs",
        "RelativeDir": "",
        "Directory": "workspace/team-c/c3-admin-symbol-errors-validation/framework/CUI/vendor/Avalonia/src/Avalonia.Controls/",
        "RecursiveDir": "",
        "ModifiedTime": "",
        "CreatedTime": "",
        "AccessedTime": "",
        "DefiningProjectFullPath": "/workspace/.tools/dotnet/sdk/10.0.401/Sdks/Microsoft.NET.Sdk/targets/Microsoft.NET.Sdk.DefaultItems.props",
        "DefiningProjectDirectory": "/workspace/.tools/dotnet/sdk/10.0.401/Sdks/Microsoft.NET.Sdk/targets/",
        "DefiningProjectName": "Microsoft.NET.Sdk.DefaultItems",
        "DefiningProjectExtension": ".props"
      },
      {
        "Identity": "Platform/DefaultMenuInteractionHandler.cs",
        "FullPath": "/workspace/team-c/c3-admin-symbol-errors-validation/framework/CUI/vendor/Avalonia/src/Avalonia.Controls/Platform/DefaultMenuInteractionHandler.cs",
        "RootDir": "/",
        "Filename": "DefaultMenuInteractionHandler",
        "Extension": ".cs",
        "RelativeDir": "Platform/",
        "Directory": "workspace/team-c/c3-admin-symbol-errors-validation/framework/CUI/vendor/Avalonia/src/Avalonia.Controls/Platform/",
        "RecursiveDir": "Platform/",
        "ModifiedTime": "",
        "CreatedTime": "",
        "AccessedTime": "",
        "DefiningProjectFullPath": "/workspace/.tools/dotnet/sdk/10.0.401/Sdks/Microsoft.NET.Sdk/targets/Microsoft.NET.Sdk.DefaultItems.props",
        "DefiningProjectDirectory": "/workspace/.tools/dotnet/sdk/10.0.401/Sdks/Microsoft.NET.Sdk/targets/",
        "DefiningProjectName": "Microsoft.NET.Sdk.DefaultItems",
        "DefiningProjectExtension": ".props"
      },
      {
        "Identity": "Platform/Dialogs/IMountedVolumeInfoProvider.cs",
        "FullPath": "/workspace/team-c/c3-admin-symbol-errors-validation/framework/CUI/vendor/Avalonia/src/Avalonia.Controls/Platform/Dialogs/IMountedVolumeInfoProvider.cs",
        "RootDir": "/",
        "Filename": "IMountedVolumeInfoProvider",
        "Extension": ".cs",
        "RelativeDir": "Platform/Dialogs/",
        "Directory": "workspace/team-c/c3-admin-symbol-errors-validation/framework/CUI/vendor/Avalonia/src/Avalonia.Controls/Platform/Dialogs/",
        "RecursiveDir": "Platform/Dialogs/",
        "ModifiedTime": "",
        "CreatedTime": "",
        "AccessedTime": "",
        "DefiningProjectFullPath": "/workspace/.tools/dotnet/sdk/10.0.401/Sdks/Microsoft.NET.Sdk/targets/Microsoft.NET.Sdk.DefaultItems.props",
        "DefiningProjectDirectory": "/workspace/.tools/dotnet/sdk/10.0.401/Sdks/Microsoft.NET.Sdk/targets/",
        "DefiningProjectName": "Microsoft.NET.Sdk.DefaultItems",
        "DefiningProjectExtension": ".props"
      },
      {
        "Identity": "Platform/Dialogs/IStorageProviderFactory.cs",
        "FullPath": "/workspace/team-c/c3-admin-symbol-errors-validation/framework/CUI/vendor/Avalonia/src/Avalonia.Controls/Platform/Dialogs/IStorageProviderFactory.cs",
        "RootDir": "/",
        "Filename": "IStorageProviderFactory",
        "Extension": ".cs",
        "RelativeDir": "Platform/Dialogs/",
        "Directory": "workspace/team-c/c3-admin-symbol-errors-validation/framework/CUI/vendor/Avalonia/src/Avalonia.Controls/Platform/Dialogs/",
        "RecursiveDir": "Platform/Dialogs/",
        "ModifiedTime": "",
        "CreatedTime": "",
        "AccessedTime": "",
        "DefiningProjectFullPath": "/workspace/.tools/dotnet/sdk/10.0.401/Sdks/Microsoft.NET.Sdk/targets/Microsoft.NET.Sdk.DefaultItems.props",
        "DefiningProjectDirectory": "/workspace/.tools/dotnet/sdk/10.0.401/Sdks/Microsoft.NET.Sdk/targets/",
        "DefiningProjectName": "Microsoft.NET.Sdk.DefaultItems",
        "DefiningProjectExtension": ".props"
      },
      {
        "Identity": "Platform/Dialogs/MountedDriveInfo.cs",
        "FullPath": "/workspace/team-c/c3-admin-symbol-errors-validation/framework/CUI/vendor/Avalonia/src/Avalonia.Controls/Platform/Dialogs/MountedDriveInfo.cs",
        "RootDir": "/",
        "Filename": "MountedDriveInfo",
        "Extension": ".cs",
        "RelativeDir": "Platform/Dialogs/",
        "Directory": "workspace/team-c/c3-admin-symbol-errors-validation/framework/CUI/vendor/Avalonia/src/Avalonia.Controls/Platform/Dialogs/",
        "RecursiveDir": "Platform/Dialogs/",
        "ModifiedTime": "",
        "CreatedTime": "",
        "AccessedTime": "",
        "DefiningProjectFullPath": "/workspace/.tools/dotnet/sdk/10.0.401/Sdks/Microsoft.NET.Sdk/targets/Microsoft.NET.Sdk.DefaultItems.props",
        "DefiningProjectDirectory": "/workspace/.tools/dotnet/sdk/10.0.401/Sdks/Microsoft.NET.Sdk/targets/",
        "DefiningProjectName": "Microsoft.NET.Sdk.DefaultItems",
        "DefiningProjectExtension": ".props"
      },
      {
        "Identity": "Platform/IInputPane.cs",
        "FullPath": "/workspace/team-c/c3-admin-symbol-errors-validation/framework/CUI/vendor/Avalonia/src/Avalonia.Controls/Platform/IInputPane.cs",
        "RootDir": "/",
        "Filename": "IInputPane",
        "Extension": ".cs",
        "RelativeDir": "Platform/",
        "Directory": "workspace/team-c/c3-admin-symbol-errors-validation/framework/CUI/vendor/Avalonia/src/Avalonia.Controls/Platform/",
        "RecursiveDir": "Platform/",
        "ModifiedTime": "",
        "CreatedTime": "",
        "AccessedTime": "",
        "DefiningProjectFullPath": "/workspace/.tools/dotnet/sdk/10.0.401/Sdks/Microsoft.NET.Sdk/targets/Microsoft.NET.Sdk.DefaultItems.props",
        "DefiningProjectDirectory": "/workspace/.tools/dotnet/sdk/10.0.401/Sdks/Microsoft.NET.Sdk/targets/",
        "DefiningProjectName": "Microsoft.NET.Sdk.DefaultItems",
        "DefiningProjectExtension": ".props"
      },
      {
        "Identity": "Platform/IInsetsManager.cs",
        "FullPath": "/workspace/team-c/c3-admin-symbol-errors-validation/framework/CUI/vendor/Avalonia/src/Avalonia.Controls/Platform/IInsetsManager.cs",
        "RootDir": "/",
        "Filename": "IInsetsManager",
        "Extension": ".cs",
        "RelativeDir": "Platform/",
        "Directory": "workspace/team-c/c3-admin-symbol-errors-validation/framework/CUI/vendor/Avalonia/src/Avalonia.Controls/Platform/",
        "RecursiveDir": "Platform/",
        "ModifiedTime": "",
        "CreatedTime": "",
        "AccessedTime": "",
        "DefiningProjectFullPath": "/workspace/.tools/dotnet/sdk/10.0.401/Sdks/Microsoft.NET.Sdk/targets/Microsoft.NET.Sdk.DefaultItems.props",
        "DefiningProjectDirectory": "/workspace/.tools/dotnet/sdk/10.0.401/Sdks/Microsoft.NET.Sdk/targets/",
        "DefiningProjectName": "Microsoft.NET.Sdk.DefaultItems",
        "DefiningProjectExtension": ".props"
      },
      {
        "Identity": "Platform/IMenuInteractionHandler.cs",
        "FullPath": "/workspace/team-c/c3-admin-symbol-errors-validation/framework/CUI/vendor/Avalonia/src/Avalonia.Controls/Platform/IMenuInteractionHandler.cs",
        "RootDir": "/",
        "Filename": "IMenuInteractionHandler",
        "Extension": ".cs",
        "RelativeDir": "Platform/",
        "Directory": "workspace/team-c/c3-admin-symbol-errors-validation/framework/CUI/vendor/Avalonia/src/Avalonia.Controls/Platform/",
        "RecursiveDir": "Platform/",
        "ModifiedTime": "",
        "CreatedTime": "",
        "AccessedTime": "",
        "DefiningProjectFullPath": "/workspace/.tools/dotnet/sdk/10.0.401/Sdks/Microsoft.NET.Sdk/targets/Microsoft.NET.Sdk.DefaultItems.props",
        "DefiningProjectDirectory": "/workspace/.tools/dotnet/sdk/10.0.401/Sdks/Microsoft.NET.Sdk/targets/",
        "DefiningProjectName": "Microsoft.NET.Sdk.DefaultItems",
        "DefiningProjectExtension": ".props"
      },
      {
        "Identity": "Platform/INativeApplicationCommands.cs",
        "FullPath": "/workspace/team-c/c3-admin-symbol-errors-validation/framework/CUI/vendor/Avalonia/src/Avalonia.Controls/Platform/INativeApplicationCommands.cs",
        "RootDir": "/",
        "Filename": "INativeApplicationCommands",
        "Extension": ".cs",
        "RelativeDir": "Platform/",
        "Directory": "workspace/team-c/c3-admin-symbol-errors-validation/framework/CUI/vendor/Avalonia/src/Avalonia.Controls/Platform/",
        "RecursiveDir": "Platform/",
        "ModifiedTime": "",
        "CreatedTime": "",
        "AccessedTime": "",
        "DefiningProjectFullPath": "/workspace/.tools/dotnet/sdk/10.0.401/Sdks/Microsoft.NET.Sdk/targets/Microsoft.NET.Sdk.DefaultItems.props",
        "DefiningProjectDirectory": "/workspace/.tools/dotnet/sdk/10.0.401/Sdks/Microsoft.NET.Sdk/targets/",
        "DefiningProjectName": "Microsoft.NET.Sdk.DefaultItems",
        "DefiningProjectExtension": ".props"
      },
      {
        "Identity": "Platform/INativeControlHostImpl.cs",
        "FullPath": "/workspace/team-c/c3-admin-symbol-errors-validation/framework/CUI/vendor/Avalonia/src/Avalonia.Controls/Platform/INativeControlHostImpl.cs",
        "RootDir": "/",
        "Filename": "INativeControlHostImpl",
        "Extension": ".cs",
        "RelativeDir": "Platform/",
        "Directory": "workspace/team-c/c3-admin-symbol-errors-validation/framework/CUI/vendor/Avalonia/src/Avalonia.Controls/Platform/",
        "RecursiveDir": "Platform/",
        "ModifiedTime": "",
        "CreatedTime": "",
        "AccessedTime": "",
        "DefiningProjectFullPath": "/workspace/.tools/dotnet/sdk/10.0.401/Sdks/Microsoft.NET.Sdk/targets/Microsoft.NET.Sdk.DefaultItems.props",
        "DefiningProjectDirectory": "/workspace/.tools/dotnet/sdk/10.0.401/Sdks/Microsoft.NET.Sdk/targets/",
        "DefiningProjectName": "Microsoft.NET.Sdk.DefaultItems",
        "DefiningProjectExtension": ".props"
      },
      {
        "Identity": "Platform/InProcessDragSource.cs",
        "FullPath": "/workspace/team-c/c3-admin-symbol-errors-validation/framework/CUI/vendor/Avalonia/src/Avalonia.Controls/Platform/InProcessDragSource.cs",
        "RootDir": "/",
        "Filename": "InProcessDragSource",
        "Extension": ".cs",
        "RelativeDir": "Platform/",
        "Directory": "workspace/team-c/c3-admin-symbol-errors-validation/framework/CUI/vendor/Avalonia/src/Avalonia.Controls/Platform/",
        "RecursiveDir": "Platform/",
        "ModifiedTime": "",
        "CreatedTime": "",
        "AccessedTime": "",
        "DefiningProjectFullPath": "/workspace/.tools/dotnet/sdk/10.0.401/Sdks/Microsoft.NET.Sdk/targets/Microsoft.NET.Sdk.DefaultItems.props",
        "DefiningProjectDirectory": "/workspace/.tools/dotnet/sdk/10.0.401/Sdks/Microsoft.NET.Sdk/targets/",
        "DefiningProjectName": "Microsoft.NET.Sdk.DefaultItems",
        "DefiningProjectExtension": ".props"
      },
      {
        "Identity": "Platform/IPlatformIconLoader.cs",
        "FullPath": "/workspace/team-c/c3-admin-symbol-errors-validation/framework/CUI/vendor/Avalonia/src/Avalonia.Controls/Platform/IPlatformIconLoader.cs",
        "RootDir": "/",
        "Filename": "IPlatformIconLoader",
        "Extension": ".cs",
        "RelativeDir": "Platform/",
        "Directory": "workspace/team-c/c3-admin-symbol-errors-validation/framework/CUI/vendor/Avalonia/src/Avalonia.Controls/Platform/",
        "RecursiveDir": "Platform/",
        "ModifiedTime": "",
        "CreatedTime": "",
        "AccessedTime": "",
        "DefiningProjectFullPath": "/workspace/.tools/dotnet/sdk/10.0.401/Sdks/Microsoft.NET.Sdk/targets/Microsoft.NET.Sdk.DefaultItems.props",
        "DefiningProjectDirectory": "/workspace/.tools/dotnet/sdk/10.0.401/Sdks/Microsoft.NET.Sdk/targets/",
        "DefiningProjectName": "Microsoft.NET.Sdk.DefaultItems",
        "DefiningProjectExtension": ".props"
      },
      {
        "Identity": "Platform/IPlatformLifetimeEventsImpl.cs",
        "FullPath": "/workspace/team-c/c3-admin-symbol-errors-validation/framework/CUI/vendor/Avalonia/src/Avalonia.Controls/Platform/IPlatformLifetimeEventsImpl.cs",
        "RootDir": "/",
        "Filename": "IPlatformLifetimeEventsImpl",
        "Extension": ".cs",
        "RelativeDir": "Platform/",
        "Directory": "workspace/team-c/c3-admin-symbol-errors-validation/framework/CUI/vendor/Avalonia/src/Avalonia.Controls/Platform/",
        "RecursiveDir": "Platform/",
        "ModifiedTime": "",
        "CreatedTime": "",
        "AccessedTime": "",
        "DefiningProjectFullPath": "/workspace/.tools/dotnet/sdk/10.0.401/Sdks/Microsoft.NET.Sdk/targets/Microsoft.NET.Sdk.DefaultItems.props",
        "DefiningProjectDirectory": "/workspace/.tools/dotnet/sdk/10.0.401/Sdks/Microsoft.NET.Sdk/targets/",
        "DefiningProjectName": "Microsoft.NET.Sdk.DefaultItems",
        "DefiningProjectExtension": ".props"
      },
      {
        "Identity": "Platform/IPlatformNativeSurfaceHandle.cs",
        "FullPath": "/workspace/team-c/c3-admin-symbol-errors-validation/framework/CUI/vendor/Avalonia/src/Avalonia.Controls/Platform/IPlatformNativeSurfaceHandle.cs",
        "RootDir": "/",
        "Filename": "IPlatformNativeSurfaceHandle",
        "Extension": ".cs",
        "RelativeDir": "Platform/",
        "Directory": "workspace/team-c/c3-admin-symbol-errors-validation/framework/CUI/vendor/Avalonia/src/Avalonia.Controls/Platform/",
        "RecursiveDir": "Platform/",
        "ModifiedTime": "",
        "CreatedTime": "",
        "AccessedTime": "",
        "DefiningProjectFullPath": "/workspace/.tools/dotnet/sdk/10.0.401/Sdks/Microsoft.NET.Sdk/targets/Microsoft.NET.Sdk.DefaultItems.props",
        "DefiningProjectDirectory": "/workspace/.tools/dotnet/sdk/10.0.401/Sdks/Microsoft.NET.Sdk/targets/",
        "DefiningProjectName": "Microsoft.NET.Sdk.DefaultItems",
        "DefiningProjectExtension": ".props"
      },
      {
        "Identity": "Platform/IPopupImpl.cs",
        "FullPath": "/workspace/team-c/c3-admin-symbol-errors-validation/framework/CUI/vendor/Avalonia/src/Avalonia.Controls/Platform/IPopupImpl.cs",
        "RootDir": "/",
        "Filename": "IPopupImpl",
        "Extension": ".cs",
        "RelativeDir": "Platform/",
        "Directory": "workspace/team-c/c3-admin-symbol-errors-validation/framework/CUI/vendor/Avalonia/src/Avalonia.Controls/Platform/",
        "RecursiveDir": "Platform/",
        "ModifiedTime": "",
        "CreatedTime": "",
        "AccessedTime": "",
        "DefiningProjectFullPath": "/workspace/.tools/dotnet/sdk/10.0.401/Sdks/Microsoft.NET.Sdk/targets/Microsoft.NET.Sdk.DefaultItems.props",
        "DefiningProjectDirectory": "/workspace/.tools/dotnet/sdk/10.0.401/Sdks/Microsoft.NET.Sdk/targets/",
        "DefiningProjectName": "Microsoft.NET.Sdk.DefaultItems",
        "DefiningProjectExtension": ".props"
      },
      {
        "Identity": "Platform/IScreenImpl.cs",
        "FullPath": "/workspace/team-c/c3-admin-symbol-errors-validation/framework/CUI/vendor/Avalonia/src/Avalonia.Controls/Platform/IScreenImpl.cs",
        "RootDir": "/",
        "Filename": "IScreenImpl",
        "Extension": ".cs",
        "RelativeDir": "Platform/",
        "Directory": "workspace/team-c/c3-admin-symbol-errors-validation/framework/CUI/vendor/Avalonia/src/Avalonia.Controls/Platform/",
        "RecursiveDir": "Platform/",
        "ModifiedTime": "",
        "CreatedTime": "",
        "AccessedTime": "",
        "DefiningProjectFullPath": "/workspace/.tools/dotnet/sdk/10.0.401/Sdks/Microsoft.NET.Sdk/targets/Microsoft.NET.Sdk.DefaultItems.props",
        "DefiningProjectDirectory": "/workspace/.tools/dotnet/sdk/10.0.401/Sdks/Microsoft.NET.Sdk/targets/",
        "DefiningProjectName": "Microsoft.NET.Sdk.DefaultItems",
        "DefiningProjectExtension": ".props"
      },
      {
        "Identity": "Platform/ITopLevelImpl.cs",
        "FullPath": "/workspace/team-c/c3-admin-symbol-errors-validation/framework/CUI/vendor/Avalonia/src/Avalonia.Controls/Platform/ITopLevelImpl.cs",
        "RootDir": "/",
        "Filename": "ITopLevelImpl",
        "Extension": ".cs",
        "RelativeDir": "Platform/",
        "Directory": "workspace/team-c/c3-admin-symbol-errors-validation/framework/CUI/vendor/Avalonia/src/Avalonia.Controls/Platform/",
        "RecursiveDir": "Platform/",
        "ModifiedTime": "",
        "CreatedTime": "",
        "AccessedTime": "",
        "DefiningProjectFullPath": "/workspace/.tools/dotnet/sdk/10.0.401/Sdks/Microsoft.NET.Sdk/targets/Microsoft.NET.Sdk.DefaultItems.props",
        "DefiningProjectDirectory": "/workspace/.tools/dotnet/sdk/10.0.401/Sdks/Microsoft.NET.Sdk/targets/",
        "DefiningProjectName": "Microsoft.NET.Sdk.DefaultItems",
        "DefiningProjectExtension": ".props"
      },
      {
        "Identity": "Platform/ITopLevelNativeMenuExporter.cs",
        "FullPath": "/workspace/team-c/c3-admin-symbol-errors-validation/framework/CUI/vendor/Avalonia/src/Avalonia.Controls/Platform/ITopLevelNativeMenuExporter.cs",
        "RootDir": "/",
        "Filename": "ITopLevelNativeMenuExporter",
        "Extension": ".cs",
        "RelativeDir": "Platform/",
        "Directory": "workspace/team-c/c3-admin-symbol-errors-validation/framework/CUI/vendor/Avalonia/src/Avalonia.Controls/Platform/",
        "RecursiveDir": "Platform/",
        "ModifiedTime": "",
        "CreatedTime": "",
        "AccessedTime": "",
        "DefiningProjectFullPath": "/workspace/.tools/dotnet/sdk/10.0.401/Sdks/Microsoft.NET.Sdk/targets/Microsoft.NET.Sdk.DefaultItems.props",
        "DefiningProjectDirectory": "/workspace/.tools/dotnet/sdk/10.0.401/Sdks/Microsoft.NET.Sdk/targets/",
        "DefiningProjectName": "Microsoft.NET.Sdk.DefaultItems",
        "DefiningProjectExtension": ".props"
      },
      {
        "Identity": "Platform/ITrayIconImpl.cs",
        "FullPath": "/workspace/team-c/c3-admin-symbol-errors-validation/framework/CUI/vendor/Avalonia/src/Avalonia.Controls/Platform/ITrayIconImpl.cs",
        "RootDir": "/",
        "Filename": "ITrayIconImpl",
        "Extension": ".cs",
        "RelativeDir": "Platform/",
        "Directory": "workspace/team-c/c3-admin-symbol-errors-validation/framework/CUI/vendor/Avalonia/src/Avalonia.Controls/Platform/",
        "RecursiveDir": "Platform/",
        "ModifiedTime": "",
        "CreatedTime": "",
        "AccessedTime": "",
        "DefiningProjectFullPath": "/workspace/.tools/dotnet/sdk/10.0.401/Sdks/Microsoft.NET.Sdk/targets/Microsoft.NET.Sdk.DefaultItems.props",
        "DefiningProjectDirectory": "/workspace/.tools/dotnet/sdk/10.0.401/Sdks/Microsoft.NET.Sdk/targets/",
        "DefiningProjectName": "Microsoft.NET.Sdk.DefaultItems",
        "DefiningProjectExtension": ".props"
      },
      {
        "Identity": "Platform/IWin32OptionsTopLevelImpl.cs",
        "FullPath": "/workspace/team-c/c3-admin-symbol-errors-validation/framework/CUI/vendor/Avalonia/src/Avalonia.Controls/Platform/IWin32OptionsTopLevelImpl.cs",
        "RootDir": "/",
        "Filename": "IWin32OptionsTopLevelImpl",
        "Extension": ".cs",
        "RelativeDir": "Platform/",
        "Directory": "workspace/team-c/c3-admin-symbol-errors-validation/framework/CUI/vendor/Avalonia/src/Avalonia.Controls/Platform/",
        "RecursiveDir": "Platform/",
        "ModifiedTime": "",
        "CreatedTime": "",
        "AccessedTime": "",
        "DefiningProjectFullPath": "/workspace/.tools/dotnet/sdk/10.0.401/Sdks/Microsoft.NET.Sdk/targets/Microsoft.NET.Sdk.DefaultItems.props",
        "DefiningProjectDirectory": "/workspace/.tools/dotnet/sdk/10.0.401/Sdks/Microsoft.NET.Sdk/targets/",
        "DefiningProjectName": "Microsoft.NET.Sdk.DefaultItems",
        "DefiningProjectExtension": ".props"
      },
      {
        "Identity": "Platform/IWindowBaseImpl.cs",
        "FullPath": "/workspace/team-c/c3-admin-symbol-errors-validation/framework/CUI/vendor/Avalonia/src/Avalonia.Controls/Platform/IWindowBaseImpl.cs",
        "RootDir": "/",
        "Filename": "IWindowBaseImpl",
        "Extension": ".cs",
        "RelativeDir": "Platform/",
        "Directory": "workspace/team-c/c3-admin-symbol-errors-validation/framework/CUI/vendor/Avalonia/src/Avalonia.Controls/Platform/",
        "RecursiveDir": "Platform/",
        "ModifiedTime": "",
        "CreatedTime": "",
        "AccessedTime": "",
        "DefiningProjectFullPath": "/workspace/.tools/dotnet/sdk/10.0.401/Sdks/Microsoft.NET.Sdk/targets/Microsoft.NET.Sdk.DefaultItems.props",
        "DefiningProjectDirectory": "/workspace/.tools/dotnet/sdk/10.0.401/Sdks/Microsoft.NET.Sdk/targets/",
        "DefiningProjectName": "Microsoft.NET.Sdk.DefaultItems",
        "DefiningProjectExtension": ".props"
      },
      {
        "Identity": "Platform/IWindowIconImpl.cs",
        "FullPath": "/workspace/team-c/c3-admin-symbol-errors-validation/framework/CUI/vendor/Avalonia/src/Avalonia.Controls/Platform/IWindowIconImpl.cs",
        "RootDir": "/",
        "Filename": "IWindowIconImpl",
        "Extension": ".cs",
        "RelativeDir": "Platform/",
        "Directory": "workspace/team-c/c3-admin-symbol-errors-validation/framework/CUI/vendor/Avalonia/src/Avalonia.Controls/Platform/",
        "RecursiveDir": "Platform/",
        "ModifiedTime": "",
        "CreatedTime": "",
        "AccessedTime": "",
        "DefiningProjectFullPath": "/workspace/.tools/dotnet/sdk/10.0.401/Sdks/Microsoft.NET.Sdk/targets/Microsoft.NET.Sdk.DefaultItems.props",
        "DefiningProjectDirectory": "/workspace/.tools/dotnet/sdk/10.0.401/Sdks/Microsoft.NET.Sdk/targets/",
        "DefiningProjectName": "Microsoft.NET.Sdk.DefaultItems",
        "DefiningProjectExtension": ".props"
      },
      {
        "Identity": "Platform/IWindowImpl.cs",
        "FullPath": "/workspace/team-c/c3-admin-symbol-errors-validation/framework/CUI/vendor/Avalonia/src/Avalonia.Controls/Platform/IWindowImpl.cs",
        "RootDir": "/",
        "Filename": "IWindowImpl",
        "Extension": ".cs",
        "RelativeDir": "Platform/",
        "Directory": "workspace/team-c/c3-admin-symbol-errors-validation/framework/CUI/vendor/Avalonia/src/Avalonia.Controls/Platform/",
        "RecursiveDir": "Platform/",
        "ModifiedTime": "",
        "CreatedTime": "",
        "AccessedTime": "",
        "DefiningProjectFullPath": "/workspace/.tools/dotnet/sdk/10.0.401/Sdks/Microsoft.NET.Sdk/targets/Microsoft.NET.Sdk.DefaultItems.props",
        "DefiningProjectDirectory": "/workspace/.tools/dotnet/sdk/10.0.401/Sdks/Microsoft.NET.Sdk/targets/",
        "DefiningProjectName": "Microsoft.NET.Sdk.DefaultItems",
        "DefiningProjectExtension": ".props"
      },
      {
        "Identity": "Platform/IWindowingPlatform.cs",
        "FullPath": "/workspace/team-c/c3-admin-symbol-errors-validation/framework/CUI/vendor/Avalonia/src/Avalonia.Controls/Platform/IWindowingPlatform.cs",
        "RootDir": "/",
        "Filename": "IWindowingPlatform",
        "Extension": ".cs",
        "RelativeDir": "Platform/",
        "Directory": "workspace/team-c/c3-admin-symbol-errors-validation/framework/CUI/vendor/Avalonia/src/Avalonia.Controls/Platform/",
        "RecursiveDir": "Platform/",
        "ModifiedTime": "",
        "CreatedTime": "",
        "AccessedTime": "",
        "DefiningProjectFullPath": "/workspace/.tools/dotnet/sdk/10.0.401/Sdks/Microsoft.NET.Sdk/targets/Microsoft.NET.Sdk.DefaultItems.props",
        "DefiningProjectDirectory": "/workspace/.tools/dotnet/sdk/10.0.401/Sdks/Microsoft.NET.Sdk/targets/",
        "DefiningProjectName": "Microsoft.NET.Sdk.DefaultItems",
        "DefiningProjectExtension": ".props"
      },
      {
        "Identity": "Platform/IX11OptionsToplevelImplFeature.cs",
        "FullPath": "/workspace/team-c/c3-admin-symbol-errors-validation/framework/CUI/vendor/Avalonia/src/Avalonia.Controls/Platform/IX11OptionsToplevelImplFeature.cs",
        "RootDir": "/",
        "Filename": "IX11OptionsToplevelImplFeature",
        "Extension": ".cs",
        "RelativeDir": "Platform/",
        "Directory": "workspace/team-c/c3-admin-symbol-errors-validation/framework/CUI/vendor/Avalonia/src/Avalonia.Controls/Platform/",
        "RecursiveDir": "Platform/",
        "ModifiedTime": "",
        "CreatedTime": "",
        "AccessedTime": "",
        "DefiningProjectFullPath": "/workspace/.tools/dotnet/sdk/10.0.401/Sdks/Microsoft.NET.Sdk/targets/Microsoft.NET.Sdk.DefaultItems.props",
        "DefiningProjectDirectory": "/workspace/.tools/dotnet/sdk/10.0.401/Sdks/Microsoft.NET.Sdk/targets/",
        "DefiningProjectName": "Microsoft.NET.Sdk.DefaultItems",
        "DefiningProjectExtension": ".props"
      },
      {
        "Identity": "Platform/MacOSProperties.cs",
        "FullPath": "/workspace/team-c/c3-admin-symbol-errors-validation/framework/CUI/vendor/Avalonia/src/Avalonia.Controls/Platform/MacOSProperties.cs",
        "RootDir": "/",
        "Filename": "MacOSProperties",
        "Extension": ".cs",
        "RelativeDir": "Platform/",
        "Directory": "workspace/team-c/c3-admin-symbol-errors-validation/framework/CUI/vendor/Avalonia/src/Avalonia.Controls/Platform/",
        "RecursiveDir": "Platform/",
        "ModifiedTime": "",
        "CreatedTime": "",
        "AccessedTime": "",
        "DefiningProjectFullPath": "/workspace/.tools/dotnet/sdk/10.0.401/Sdks/Microsoft.NET.Sdk/targets/Microsoft.NET.Sdk.DefaultItems.props",
        "DefiningProjectDirectory": "/workspace/.tools/dotnet/sdk/10.0.401/Sdks/Microsoft.NET.Sdk/targets/",
        "DefiningProjectName": "Microsoft.NET.Sdk.DefaultItems",
        "DefiningProjectExtension": ".props"
      },
      {
        "Identity": "Platform/PlatformAllowedWindowActions.cs",
        "FullPath": "/workspace/team-c/c3-admin-symbol-errors-validation/framework/CUI/vendor/Avalonia/src/Avalonia.Controls/Platform/PlatformAllowedWindowActions.cs",
        "RootDir": "/",
        "Filename": "PlatformAllowedWindowActions",
        "Extension": ".cs",
        "RelativeDir": "Platform/",
        "Directory": "workspace/team-c/c3-admin-symbol-errors-validation/framework/CUI/vendor/Avalonia/src/Avalonia.Controls/Platform/",
        "RecursiveDir": "Platform/",
        "ModifiedTime": "",
        "CreatedTime": "",
        "AccessedTime": "",
        "DefiningProjectFullPath": "/workspace/.tools/dotnet/sdk/10.0.401/Sdks/Microsoft.NET.Sdk/targets/Microsoft.NET.Sdk.DefaultItems.props",
        "DefiningProjectDirectory": "/workspace/.tools/dotnet/sdk/10.0.401/Sdks/Microsoft.NET.Sdk/targets/",
        "DefiningProjectName": "Microsoft.NET.Sdk.DefaultItems",
        "DefiningProjectExtension": ".props"
      },
      {
        "Identity": "Platform/PlatformManager.cs",
        "FullPath": "/workspace/team-c/c3-admin-symbol-errors-validation/framework/CUI/vendor/Avalonia/src/Avalonia.Controls/Platform/PlatformManager.cs",
        "RootDir": "/",
        "Filename": "PlatformManager",
        "Extension": ".cs",
        "RelativeDir": "Platform/",
        "Directory": "workspace/team-c/c3-admin-symbol-errors-validation/framework/CUI/vendor/Avalonia/src/Avalonia.Controls/Platform/",
        "RecursiveDir": "Platform/",
        "ModifiedTime": "",
        "CreatedTime": "",
        "AccessedTime": "",
        "DefiningProjectFullPath": "/workspace/.tools/dotnet/sdk/10.0.401/Sdks/Microsoft.NET.Sdk/targets/Microsoft.NET.Sdk.DefaultItems.props",
        "DefiningProjectDirectory": "/workspace/.tools/dotnet/sdk/10.0.401/Sdks/Microsoft.NET.Sdk/targets/",
        "DefiningProjectName": "Microsoft.NET.Sdk.DefaultItems",
        "DefiningProjectExtension": ".props"
      },
      {
        "Identity": "Platform/PlatformRequestedDrawnDecoration.cs",
        "FullPath": "/workspace/team-c/c3-admin-symbol-errors-validation/framework/CUI/vendor/Avalonia/src/Avalonia.Controls/Platform/PlatformRequestedDrawnDecoration.cs",
        "RootDir": "/",
        "Filename": "PlatformRequestedDrawnDecoration",
        "Extension": ".cs",
        "RelativeDir": "Platform/",
        "Directory": "workspace/team-c/c3-admin-symbol-errors-validation/framework/CUI/vendor/Avalonia/src/Avalonia.Controls/Platform/",
        "RecursiveDir": "Platform/",
        "ModifiedTime": "",
        "CreatedTime": "",
        "AccessedTime": "",
        "DefiningProjectFullPath": "/workspace/.tools/dotnet/sdk/10.0.401/Sdks/Microsoft.NET.Sdk/targets/Microsoft.NET.Sdk.DefaultItems.props",
        "DefiningProjectDirectory": "/workspace/.tools/dotnet/sdk/10.0.401/Sdks/Microsoft.NET.Sdk/targets/",
        "DefiningProjectName": "Microsoft.NET.Sdk.DefaultItems",
        "DefiningProjectExtension": ".props"
      },
      {
        "Identity": "Platform/Screen.cs",
        "FullPath": "/workspace/team-c/c3-admin-symbol-errors-validation/framework/CUI/vendor/Avalonia/src/Avalonia.Controls/Platform/Screen.cs",
        "RootDir": "/",
        "Filename": "Screen",
        "Extension": ".cs",
        "RelativeDir": "Platform/",
        "Directory": "workspace/team-c/c3-admin-symbol-errors-validation/framework/CUI/vendor/Avalonia/src/Avalonia.Controls/Platform/",
        "RecursiveDir": "Platform/",
        "ModifiedTime": "",
        "CreatedTime": "",
        "AccessedTime": "",
        "DefiningProjectFullPath": "/workspace/.tools/dotnet/sdk/10.0.401/Sdks/Microsoft.NET.Sdk/targets/Microsoft.NET.Sdk.DefaultItems.props",
        "DefiningProjectDirectory": "/workspace/.tools/dotnet/sdk/10.0.401/Sdks/Microsoft.NET.Sdk/targets/",
        "DefiningProjectName": "Microsoft.NET.Sdk.DefaultItems",
        "DefiningProjectExtension": ".props"
      },
      {
        "Identity": "Platform/ScreenHelper.cs",
        "FullPath": "/workspace/team-c/c3-admin-symbol-errors-validation/framework/CUI/vendor/Avalonia/src/Avalonia.Controls/Platform/ScreenHelper.cs",
        "RootDir": "/",
        "Filename": "ScreenHelper",
        "Extension": ".cs",
        "RelativeDir": "Platform/",
        "Directory": "workspace/team-c/c3-admin-symbol-errors-validation/framework/CUI/vendor/Avalonia/src/Avalonia.Controls/Platform/",
        "RecursiveDir": "Platform/",
        "ModifiedTime": "",
        "CreatedTime": "",
        "AccessedTime": "",
        "DefiningProjectFullPath": "/workspace/.tools/dotnet/sdk/10.0.401/Sdks/Microsoft.NET.Sdk/targets/Microsoft.NET.Sdk.DefaultItems.props",
        "DefiningProjectDirectory": "/workspace/.tools/dotnet/sdk/10.0.401/Sdks/Microsoft.NET.Sdk/targets/",
        "DefiningProjectName": "Microsoft.NET.Sdk.DefaultItems",
        "DefiningProjectExtension": ".props"
      },
      {
        "Identity": "Platform/Win32Properties.cs",
        "FullPath": "/workspace/team-c/c3-admin-symbol-errors-validation/framework/CUI/vendor/Avalonia/src/Avalonia.Controls/Platform/Win32Properties.cs",
        "RootDir": "/",
        "Filename": "Win32Properties",
        "Extension": ".cs",
        "RelativeDir": "Platform/",
        "Directory": "workspace/team-c/c3-admin-symbol-errors-validation/framework/CUI/vendor/Avalonia/src/Avalonia.Controls/Platform/",
        "RecursiveDir": "Platform/",
        "ModifiedTime": "",
        "CreatedTime": "",
        "AccessedTime": "",
        "DefiningProjectFullPath": "/workspace/.tools/dotnet/sdk/10.0.401/Sdks/Microsoft.NET.Sdk/targets/Microsoft.NET.Sdk.DefaultItems.props",
        "DefiningProjectDirectory": "/workspace/.tools/dotnet/sdk/10.0.401/Sdks/Microsoft.NET.Sdk/targets/",
        "DefiningProjectName": "Microsoft.NET.Sdk.DefaultItems",
        "DefiningProjectExtension": ".props"
      },
      {
        "Identity": "Platform/X11Properties.cs",
        "FullPath": "/workspace/team-c/c3-admin-symbol-errors-validation/framework/CUI/vendor/Avalonia/src/Avalonia.Controls/Platform/X11Properties.cs",
        "RootDir": "/",
        "Filename": "X11Properties",
        "Extension": ".cs",
        "RelativeDir": "Platform/",
        "Directory": "workspace/team-c/c3-admin-symbol-errors-validation/framework/CUI/vendor/Avalonia/src/Avalonia.Controls/Platform/",
        "RecursiveDir": "Platform/",
        "ModifiedTime": "",
        "CreatedTime": "",
        "AccessedTime": "",
        "DefiningProjectFullPath": "/workspace/.tools/dotnet/sdk/10.0.401/Sdks/Microsoft.NET.Sdk/targets/Microsoft.NET.Sdk.DefaultItems.props",
        "DefiningProjectDirectory": "/workspace/.tools/dotnet/sdk/10.0.401/Sdks/Microsoft.NET.Sdk/targets/",
        "DefiningProjectName": "Microsoft.NET.Sdk.DefaultItems",
        "DefiningProjectExtension": ".props"
      },
      {
        "Identity": "PlatformInhibitionType.cs",
        "FullPath": "/workspace/team-c/c3-admin-symbol-errors-validation/framework/CUI/vendor/Avalonia/src/Avalonia.Controls/PlatformInhibitionType.cs",
        "RootDir": "/",
        "Filename": "PlatformInhibitionType",
        "Extension": ".cs",
        "RelativeDir": "",
        "Directory": "workspace/team-c/c3-admin-symbol-errors-validation/framework/CUI/vendor/Avalonia/src/Avalonia.Controls/",
        "RecursiveDir": "",
        "ModifiedTime": "",
        "CreatedTime": "",
        "AccessedTime": "",
        "DefiningProjectFullPath": "/workspace/.tools/dotnet/sdk/10.0.401/Sdks/Microsoft.NET.Sdk/targets/Microsoft.NET.Sdk.DefaultItems.props",
        "DefiningProjectDirectory": "/workspace/.tools/dotnet/sdk/10.0.401/Sdks/Microsoft.NET.Sdk/targets/",
        "DefiningProjectName": "Microsoft.NET.Sdk.DefaultItems",
        "DefiningProjectExtension": ".props"
      },
      {
        "Identity": "PresentationSource/PresentationSource.cs",
        "FullPath": "/workspace/team-c/c3-admin-symbol-errors-validation/framework/CUI/vendor/Avalonia/src/Avalonia.Controls/PresentationSource/PresentationSource.cs",
        "RootDir": "/",
        "Filename": "PresentationSource",
        "Extension": ".cs",
        "RelativeDir": "PresentationSource/",
        "Directory": "workspace/team-c/c3-admin-symbol-errors-validation/framework/CUI/vendor/Avalonia/src/Avalonia.Controls/PresentationSource/",
        "RecursiveDir": "PresentationSource/",
        "ModifiedTime": "",
        "CreatedTime": "",
        "AccessedTime": "",
        "DefiningProjectFullPath": "/workspace/.tools/dotnet/sdk/10.0.401/Sdks/Microsoft.NET.Sdk/targets/Microsoft.NET.Sdk.DefaultItems.props",
        "DefiningProjectDirectory": "/workspace/.tools/dotnet/sdk/10.0.401/Sdks/Microsoft.NET.Sdk/targets/",
        "DefiningProjectName": "Microsoft.NET.Sdk.DefaultItems",
        "DefiningProjectExtension": ".props"
      },
      {
        "Identity": "PresentationSource/PresentationSource.Cursor.cs",
        "FullPath": "/workspace/team-c/c3-admin-symbol-errors-validation/framework/CUI/vendor/Avalonia/src/Avalonia.Controls/PresentationSource/PresentationSource.Cursor.cs",
        "RootDir": "/",
        "Filename": "PresentationSource.Cursor",
        "Extension": ".cs",
        "RelativeDir": "PresentationSource/",
        "Directory": "workspace/team-c/c3-admin-symbol-errors-validation/framework/CUI/vendor/Avalonia/src/Avalonia.Controls/PresentationSource/",
        "RecursiveDir": "PresentationSource/",
        "ModifiedTime": "",
        "CreatedTime": "",
        "AccessedTime": "",
        "DefiningProjectFullPath": "/workspace/.tools/dotnet/sdk/10.0.401/Sdks/Microsoft.NET.Sdk/targets/Microsoft.NET.Sdk.DefaultItems.props",
        "DefiningProjectDirectory": "/workspace/.tools/dotnet/sdk/10.0.401/Sdks/Microsoft.NET.Sdk/targets/",
        "DefiningProjectName": "Microsoft.NET.Sdk.DefaultItems",
        "DefiningProjectExtension": ".props"
      },
      {
        "Identity": "PresentationSource/PresentationSource.Input.cs",
        "FullPath": "/workspace/team-c/c3-admin-symbol-errors-validation/framework/CUI/vendor/Avalonia/src/Avalonia.Controls/PresentationSource/PresentationSource.Input.cs",
        "RootDir": "/",
        "Filename": "PresentationSource.Input",
        "Extension": ".cs",
        "RelativeDir": "PresentationSource/",
        "Directory": "workspace/team-c/c3-admin-symbol-errors-validation/framework/CUI/vendor/Avalonia/src/Avalonia.Controls/PresentationSource/",
        "RecursiveDir": "PresentationSource/",
        "ModifiedTime": "",
        "CreatedTime": "",
        "AccessedTime": "",
        "DefiningProjectFullPath": "/workspace/.tools/dotnet/sdk/10.0.401/Sdks/Microsoft.NET.Sdk/targets/Microsoft.NET.Sdk.DefaultItems.props",
        "DefiningProjectDirectory": "/workspace/.tools/dotnet/sdk/10.0.401/Sdks/Microsoft.NET.Sdk/targets/",
        "DefiningProjectName": "Microsoft.NET.Sdk.DefaultItems",
        "DefiningProjectExtension": ".props"
      },
      {
        "Identity": "PresentationSource/PresentationSource.Layout.cs",
        "FullPath": "/workspace/team-c/c3-admin-symbol-errors-validation/framework/CUI/vendor/Avalonia/src/Avalonia.Controls/PresentationSource/PresentationSource.Layout.cs",
        "RootDir": "/",
        "Filename": "PresentationSource.Layout",
        "Extension": ".cs",
        "RelativeDir": "PresentationSource/",
        "Directory": "workspace/team-c/c3-admin-symbol-errors-validation/framework/CUI/vendor/Avalonia/src/Avalonia.Controls/PresentationSource/",
        "RecursiveDir": "PresentationSource/",
        "ModifiedTime": "",
        "CreatedTime": "",
        "AccessedTime": "",
        "DefiningProjectFullPath": "/workspace/.tools/dotnet/sdk/10.0.401/Sdks/Microsoft.NET.Sdk/targets/Microsoft.NET.Sdk.DefaultItems.props",
        "DefiningProjectDirectory": "/workspace/.tools/dotnet/sdk/10.0.401/Sdks/Microsoft.NET.Sdk/targets/",
        "DefiningProjectName": "Microsoft.NET.Sdk.DefaultItems",
        "DefiningProjectExtension": ".props"
      },
      {
        "Identity": "PresentationSource/PresentationSource.RenderRoot.cs",
        "FullPath": "/workspace/team-c/c3-admin-symbol-errors-validation/framework/CUI/vendor/Avalonia/src/Avalonia.Controls/PresentationSource/PresentationSource.RenderRoot.cs",
        "RootDir": "/",
        "Filename": "PresentationSource.RenderRoot",
        "Extension": ".cs",
        "RelativeDir": "PresentationSource/",
        "Directory": "workspace/team-c/c3-admin-symbol-errors-validation/framework/CUI/vendor/Avalonia/src/Avalonia.Controls/PresentationSource/",
        "RecursiveDir": "PresentationSource/",
        "ModifiedTime": "",
        "CreatedTime": "",
        "AccessedTime": "",
        "DefiningProjectFullPath": "/workspace/.tools/dotnet/sdk/10.0.401/Sdks/Microsoft.NET.Sdk/targets/Microsoft.NET.Sdk.DefaultItems.props",
        "DefiningProjectDirectory": "/workspace/.tools/dotnet/sdk/10.0.401/Sdks/Microsoft.NET.Sdk/targets/",
        "DefiningProjectName": "Microsoft.NET.Sdk.DefaultItems",
        "DefiningProjectExtension": ".props"
      },
      {
        "Identity": "Presenters/ContentPresenter.cs",
        "FullPath": "/workspace/team-c/c3-admin-symbol-errors-validation/framework/CUI/vendor/Avalonia/src/Avalonia.Controls/Presenters/ContentPresenter.cs",
        "RootDir": "/",
        "Filename": "ContentPresenter",
        "Extension": ".cs",
        "RelativeDir": "Presenters/",
        "Directory": "workspace/team-c/c3-admin-symbol-errors-validation/framework/CUI/vendor/Avalonia/src/Avalonia.Controls/Presenters/",
        "RecursiveDir": "Presenters/",
        "ModifiedTime": "",
        "CreatedTime": "",
        "AccessedTime": "",
        "DefiningProjectFullPath": "/workspace/.tools/dotnet/sdk/10.0.401/Sdks/Microsoft.NET.Sdk/targets/Microsoft.NET.Sdk.DefaultItems.props",
        "DefiningProjectDirectory": "/workspace/.tools/dotnet/sdk/10.0.401/Sdks/Microsoft.NET.Sdk/targets/",
        "DefiningProjectName": "Microsoft.NET.Sdk.DefaultItems",
        "DefiningProjectExtension": ".props"
      },
      {
        "Identity": "Presenters/IContentPresenterHost.cs",
        "FullPath": "/workspace/team-c/c3-admin-symbol-errors-validation/framework/CUI/vendor/Avalonia/src/Avalonia.Controls/Presenters/IContentPresenterHost.cs",
        "RootDir": "/",
        "Filename": "IContentPresenterHost",
        "Extension": ".cs",
        "RelativeDir": "Presenters/",
        "Directory": "workspace/team-c/c3-admin-symbol-errors-validation/framework/CUI/vendor/Avalonia/src/Avalonia.Controls/Presenters/",
        "RecursiveDir": "Presenters/",
        "ModifiedTime": "",
        "CreatedTime": "",
        "AccessedTime": "",
        "DefiningProjectFullPath": "/workspace/.tools/dotnet/sdk/10.0.401/Sdks/Microsoft.NET.Sdk/targets/Microsoft.NET.Sdk.DefaultItems.props",
        "DefiningProjectDirectory": "/workspace/.tools/dotnet/sdk/10.0.401/Sdks/Microsoft.NET.Sdk/targets/",
        "DefiningProjectName": "Microsoft.NET.Sdk.DefaultItems",
        "DefiningProjectExtension": ".props"
      },
      {
        "Identity": "Presenters/ItemsPresenter.cs",
        "FullPath": "/workspace/team-c/c3-admin-symbol-errors-validation/framework/CUI/vendor/Avalonia/src/Avalonia.Controls/Presenters/ItemsPresenter.cs",
        "RootDir": "/",
        "Filename": "ItemsPresenter",
        "Extension": ".cs",
        "RelativeDir": "Presenters/",
        "Directory": "workspace/team-c/c3-admin-symbol-errors-validation/framework/CUI/vendor/Avalonia/src/Avalonia.Controls/Presenters/",
        "RecursiveDir": "Presenters/",
        "ModifiedTime": "",
        "CreatedTime": "",
        "AccessedTime": "",
        "DefiningProjectFullPath": "/workspace/.tools/dotnet/sdk/10.0.401/Sdks/Microsoft.NET.Sdk/targets/Microsoft.NET.Sdk.DefaultItems.props",
        "DefiningProjectDirectory": "/workspace/.tools/dotnet/sdk/10.0.401/Sdks/Microsoft.NET.Sdk/targets/",
        "DefiningProjectName": "Microsoft.NET.Sdk.DefaultItems",
        "DefiningProjectExtension": ".props"
      },
      {
        "Identity": "Presenters/PanelContainerGenerator.cs",
        "FullPath": "/workspace/team-c/c3-admin-symbol-errors-validation/framework/CUI/vendor/Avalonia/src/Avalonia.Controls/Presenters/PanelContainerGenerator.cs",
        "RootDir": "/",
        "Filename": "PanelContainerGenerator",
        "Extension": ".cs",
        "RelativeDir": "Presenters/",
        "Directory": "workspace/team-c/c3-admin-symbol-errors-validation/framework/CUI/vendor/Avalonia/src/Avalonia.Controls/Presenters/",
        "RecursiveDir": "Presenters/",
        "ModifiedTime": "",
        "CreatedTime": "",
        "AccessedTime": "",
        "DefiningProjectFullPath": "/workspace/.tools/dotnet/sdk/10.0.401/Sdks/Microsoft.NET.Sdk/targets/Microsoft.NET.Sdk.DefaultItems.props",
        "DefiningProjectDirectory": "/workspace/.tools/dotnet/sdk/10.0.401/Sdks/Microsoft.NET.Sdk/targets/",
        "DefiningProjectName": "Microsoft.NET.Sdk.DefaultItems",
        "DefiningProjectExtension": ".props"
      },
      {
        "Identity": "Presenters/ScrollContentPresenter.cs",
        "FullPath": "/workspace/team-c/c3-admin-symbol-errors-validation/framework/CUI/vendor/Avalonia/src/Avalonia.Controls/Presenters/ScrollContentPresenter.cs",
        "RootDir": "/",
        "Filename": "ScrollContentPresenter",
        "Extension": ".cs",
        "RelativeDir": "Presenters/",
        "Directory": "workspace/team-c/c3-admin-symbol-errors-validation/framework/CUI/vendor/Avalonia/src/Avalonia.Controls/Presenters/",
        "RecursiveDir": "Presenters/",
        "ModifiedTime": "",
        "CreatedTime": "",
        "AccessedTime": "",
        "DefiningProjectFullPath": "/workspace/.tools/dotnet/sdk/10.0.401/Sdks/Microsoft.NET.Sdk/targets/Microsoft.NET.Sdk.DefaultItems.props",
        "DefiningProjectDirectory": "/workspace/.tools/dotnet/sdk/10.0.401/Sdks/Microsoft.NET.Sdk/targets/",
        "DefiningProjectName": "Microsoft.NET.Sdk.DefaultItems",
        "DefiningProjectExtension": ".props"
      },
      {
        "Identity": "Presenters/TextPresenter.cs",
        "FullPath": "/workspace/team-c/c3-admin-symbol-errors-validation/framework/CUI/vendor/Avalonia/src/Avalonia.Controls/Presenters/TextPresenter.cs",
        "RootDir": "/",
        "Filename": "TextPresenter",
        "Extension": ".cs",
        "RelativeDir": "Presenters/",
        "Directory": "workspace/team-c/c3-admin-symbol-errors-validation/framework/CUI/vendor/Avalonia/src/Avalonia.Controls/Presenters/",
        "RecursiveDir": "Presenters/",
        "ModifiedTime": "",
        "CreatedTime": "",
        "AccessedTime": "",
        "DefiningProjectFullPath": "/workspace/.tools/dotnet/sdk/10.0.401/Sdks/Microsoft.NET.Sdk/targets/Microsoft.NET.Sdk.DefaultItems.props",
        "DefiningProjectDirectory": "/workspace/.tools/dotnet/sdk/10.0.401/Sdks/Microsoft.NET.Sdk/targets/",
        "DefiningProjectName": "Microsoft.NET.Sdk.DefaultItems",
        "DefiningProjectExtension": ".props"
      },
      {
        "Identity": "Primitives/AccessText.cs",
        "FullPath": "/workspace/team-c/c3-admin-symbol-errors-validation/framework/CUI/vendor/Avalonia/src/Avalonia.Controls/Primitives/AccessText.cs",
        "RootDir": "/",
        "Filename": "AccessText",
        "Extension": ".cs",
        "RelativeDir": "Primitives/",
        "Directory": "workspace/team-c/c3-admin-symbol-errors-validation/framework/CUI/vendor/Avalonia/src/Avalonia.Controls/Primitives/",
        "RecursiveDir": "Primitives/",
        "ModifiedTime": "",
        "CreatedTime": "",
        "AccessedTime": "",
        "DefiningProjectFullPath": "/workspace/.tools/dotnet/sdk/10.0.401/Sdks/Microsoft.NET.Sdk/targets/Microsoft.NET.Sdk.DefaultItems.props",
        "DefiningProjectDirectory": "/workspace/.tools/dotnet/sdk/10.0.401/Sdks/Microsoft.NET.Sdk/targets/",
        "DefiningProjectName": "Microsoft.NET.Sdk.DefaultItems",
        "DefiningProjectExtension": ".props"
      },
      {
        "Identity": "Primitives/AdornerHelper.cs",
        "FullPath": "/workspace/team-c/c3-admin-symbol-errors-validation/framework/CUI/vendor/Avalonia/src/Avalonia.Controls/Primitives/AdornerHelper.cs",
        "RootDir": "/",
        "Filename": "AdornerHelper",
        "Extension": ".cs",
        "RelativeDir": "Primitives/",
        "Directory": "workspace/team-c/c3-admin-symbol-errors-validation/framework/CUI/vendor/Avalonia/src/Avalonia.Controls/Primitives/",
        "RecursiveDir": "Primitives/",
        "ModifiedTime": "",
        "CreatedTime": "",
        "AccessedTime": "",
        "DefiningProjectFullPath": "/workspace/.tools/dotnet/sdk/10.0.401/Sdks/Microsoft.NET.Sdk/targets/Microsoft.NET.Sdk.DefaultItems.props",
        "DefiningProjectDirectory": "/workspace/.tools/dotnet/sdk/10.0.401/Sdks/Microsoft.NET.Sdk/targets/",
        "DefiningProjectName": "Microsoft.NET.Sdk.DefaultItems",
        "DefiningProjectExtension": ".props"
      },
      {
        "Identity": "Primitives/AdornerLayer.cs",
        "FullPath": "/workspace/team-c/c3-admin-symbol-errors-validation/framework/CUI/vendor/Avalonia/src/Avalonia.Controls/Primitives/AdornerLayer.cs",
        "RootDir": "/",
        "Filename": "AdornerLayer",
        "Extension": ".cs",
        "RelativeDir": "Primitives/",
        "Directory": "workspace/team-c/c3-admin-symbol-errors-validation/framework/CUI/vendor/Avalonia/src/Avalonia.Controls/Primitives/",
        "RecursiveDir": "Primitives/",
        "ModifiedTime": "",
        "CreatedTime": "",
        "AccessedTime": "",
        "DefiningProjectFullPath": "/workspace/.tools/dotnet/sdk/10.0.401/Sdks/Microsoft.NET.Sdk/targets/Microsoft.NET.Sdk.DefaultItems.props",
        "DefiningProjectDirectory": "/workspace/.tools/dotnet/sdk/10.0.401/Sdks/Microsoft.NET.Sdk/targets/",
        "DefiningProjectName": "Microsoft.NET.Sdk.DefaultItems",
        "DefiningProjectExtension": ".props"
      },
      {
        "Identity": "Primitives/HeaderedContentControl.cs",
        "FullPath": "/workspace/team-c/c3-admin-symbol-errors-validation/framework/CUI/vendor/Avalonia/src/Avalonia.Controls/Primitives/HeaderedContentControl.cs",
        "RootDir": "/",
        "Filename": "HeaderedContentControl",
        "Extension": ".cs",
        "RelativeDir": "Primitives/",
        "Directory": "workspace/team-c/c3-admin-symbol-errors-validation/framework/CUI/vendor/Avalonia/src/Avalonia.Controls/Primitives/",
        "RecursiveDir": "Primitives/",
        "ModifiedTime": "",
        "CreatedTime": "",
        "AccessedTime": "",
        "DefiningProjectFullPath": "/workspace/.tools/dotnet/sdk/10.0.401/Sdks/Microsoft.NET.Sdk/targets/Microsoft.NET.Sdk.DefaultItems.props",
        "DefiningProjectDirectory": "/workspace/.tools/dotnet/sdk/10.0.401/Sdks/Microsoft.NET.Sdk/targets/",
        "DefiningProjectName": "Microsoft.NET.Sdk.DefaultItems",
        "DefiningProjectExtension": ".props"
      },
      {
        "Identity": "Primitives/HeaderedItemsControl.cs",
        "FullPath": "/workspace/team-c/c3-admin-symbol-errors-validation/framework/CUI/vendor/Avalonia/src/Avalonia.Controls/Primitives/HeaderedItemsControl.cs",
        "RootDir": "/",
        "Filename": "HeaderedItemsControl",
        "Extension": ".cs",
        "RelativeDir": "Primitives/",
        "Directory": "workspace/team-c/c3-admin-symbol-errors-validation/framework/CUI/vendor/Avalonia/src/Avalonia.Controls/Primitives/",
        "RecursiveDir": "Primitives/",
        "ModifiedTime": "",
        "CreatedTime": "",
        "AccessedTime": "",
        "DefiningProjectFullPath": "/workspace/.tools/dotnet/sdk/10.0.401/Sdks/Microsoft.NET.Sdk/targets/Microsoft.NET.Sdk.DefaultItems.props",
        "DefiningProjectDirectory": "/workspace/.tools/dotnet/sdk/10.0.401/Sdks/Microsoft.NET.Sdk/targets/",
        "DefiningProjectName": "Microsoft.NET.Sdk.DefaultItems",
        "DefiningProjectExtension": ".props"
      },
      {
        "Identity": "Primitives/HeaderedSelectingItemsControl.cs",
        "FullPath": "/workspace/team-c/c3-admin-symbol-errors-validation/framework/CUI/vendor/Avalonia/src/Avalonia.Controls/Primitives/HeaderedSelectingItemsControl.cs",
        "RootDir": "/",
        "Filename": "HeaderedSelectingItemsControl",
        "Extension": ".cs",
        "RelativeDir": "Primitives/",
        "Directory": "workspace/team-c/c3-admin-symbol-errors-validation/framework/CUI/vendor/Avalonia/src/Avalonia.Controls/Primitives/",
        "RecursiveDir": "Primitives/",
        "ModifiedTime": "",
        "CreatedTime": "",
        "AccessedTime": "",
        "DefiningProjectFullPath": "/workspace/.tools/dotnet/sdk/10.0.401/Sdks/Microsoft.NET.Sdk/targets/Microsoft.NET.Sdk.DefaultItems.props",
        "DefiningProjectDirectory": "/workspace/.tools/dotnet/sdk/10.0.401/Sdks/Microsoft.NET.Sdk/targets/",
        "DefiningProjectName": "Microsoft.NET.Sdk.DefaultItems",
        "DefiningProjectExtension": ".props"
      },
      {
        "Identity": "Primitives/ILogicalScrollable.cs",
        "FullPath": "/workspace/team-c/c3-admin-symbol-errors-validation/framework/CUI/vendor/Avalonia/src/Avalonia.Controls/Primitives/ILogicalScrollable.cs",
        "RootDir": "/",
        "Filename": "ILogicalScrollable",
        "Extension": ".cs",
        "RelativeDir": "Primitives/",
        "Directory": "workspace/team-c/c3-admin-symbol-errors-validation/framework/CUI/vendor/Avalonia/src/Avalonia.Controls/Primitives/",
        "RecursiveDir": "Primitives/",
        "ModifiedTime": "",
        "CreatedTime": "",
        "AccessedTime": "",
        "DefiningProjectFullPath": "/workspace/.tools/dotnet/sdk/10.0.401/Sdks/Microsoft.NET.Sdk/targets/Microsoft.NET.Sdk.DefaultItems.props",
        "DefiningProjectDirectory": "/workspace/.tools/dotnet/sdk/10.0.401/Sdks/Microsoft.NET.Sdk/targets/",
        "DefiningProjectName": "Microsoft.NET.Sdk.DefaultItems",
        "DefiningProjectExtension": ".props"
      },
      {
        "Identity": "Primitives/IPopupHost.cs",
        "FullPath": "/workspace/team-c/c3-admin-symbol-errors-validation/framework/CUI/vendor/Avalonia/src/Avalonia.Controls/Primitives/IPopupHost.cs",
        "RootDir": "/",
        "Filename": "IPopupHost",
        "Extension": ".cs",
        "RelativeDir": "Primitives/",
        "Directory": "workspace/team-c/c3-admin-symbol-errors-validation/framework/CUI/vendor/Avalonia/src/Avalonia.Controls/Primitives/",
        "RecursiveDir": "Primitives/",
        "ModifiedTime": "",
        "CreatedTime": "",
        "AccessedTime": "",
        "DefiningProjectFullPath": "/workspace/.tools/dotnet/sdk/10.0.401/Sdks/Microsoft.NET.Sdk/targets/Microsoft.NET.Sdk.DefaultItems.props",
        "DefiningProjectDirectory": "/workspace/.tools/dotnet/sdk/10.0.401/Sdks/Microsoft.NET.Sdk/targets/",
        "DefiningProjectName": "Microsoft.NET.Sdk.DefaultItems",
        "DefiningProjectExtension": ".props"
      },
      {
        "Identity": "Primitives/IScrollSnapPointsInfo.cs",
        "FullPath": "/workspace/team-c/c3-admin-symbol-errors-validation/framework/CUI/vendor/Avalonia/src/Avalonia.Controls/Primitives/IScrollSnapPointsInfo.cs",
        "RootDir": "/",
        "Filename": "IScrollSnapPointsInfo",
        "Extension": ".cs",
        "RelativeDir": "Primitives/",
        "Directory": "workspace/team-c/c3-admin-symbol-errors-validation/framework/CUI/vendor/Avalonia/src/Avalonia.Controls/Primitives/",
        "RecursiveDir": "Primitives/",
        "ModifiedTime": "",
        "CreatedTime": "",
        "AccessedTime": "",
        "DefiningProjectFullPath": "/workspace/.tools/dotnet/sdk/10.0.401/Sdks/Microsoft.NET.Sdk/targets/Microsoft.NET.Sdk.DefaultItems.props",
        "DefiningProjectDirectory": "/workspace/.tools/dotnet/sdk/10.0.401/Sdks/Microsoft.NET.Sdk/targets/",
        "DefiningProjectName": "Microsoft.NET.Sdk.DefaultItems",
        "DefiningProjectExtension": ".props"
      },
      {
        "Identity": "Primitives/ItemSelectionEventTriggers.cs",
        "FullPath": "/workspace/team-c/c3-admin-symbol-errors-validation/framework/CUI/vendor/Avalonia/src/Avalonia.Controls/Primitives/ItemSelectionEventTriggers.cs",
        "RootDir": "/",
        "Filename": "ItemSelectionEventTriggers",
        "Extension": ".cs",
        "RelativeDir": "Primitives/",
        "Directory": "workspace/team-c/c3-admin-symbol-errors-validation/framework/CUI/vendor/Avalonia/src/Avalonia.Controls/Primitives/",
        "RecursiveDir": "Primitives/",
        "ModifiedTime": "",
        "CreatedTime": "",
        "AccessedTime": "",
        "DefiningProjectFullPath": "/workspace/.tools/dotnet/sdk/10.0.401/Sdks/Microsoft.NET.Sdk/targets/Microsoft.NET.Sdk.DefaultItems.props",
        "DefiningProjectDirectory": "/workspace/.tools/dotnet/sdk/10.0.401/Sdks/Microsoft.NET.Sdk/targets/",
        "DefiningProjectName": "Microsoft.NET.Sdk.DefaultItems",
        "DefiningProjectExtension": ".props"
      },
      {
        "Identity": "Primitives/LightDismissOverlayLayer.cs",
        "FullPath": "/workspace/team-c/c3-admin-symbol-errors-validation/framework/CUI/vendor/Avalonia/src/Avalonia.Controls/Primitives/LightDismissOverlayLayer.cs",
        "RootDir": "/",
        "Filename": "LightDismissOverlayLayer",
        "Extension": ".cs",
        "RelativeDir": "Primitives/",
        "Directory": "workspace/team-c/c3-admin-symbol-errors-validation/framework/CUI/vendor/Avalonia/src/Avalonia.Controls/Primitives/",
        "RecursiveDir": "Primitives/",
        "ModifiedTime": "",
        "CreatedTime": "",
        "AccessedTime": "",
        "DefiningProjectFullPath": "/workspace/.tools/dotnet/sdk/10.0.401/Sdks/Microsoft.NET.Sdk/targets/Microsoft.NET.Sdk.DefaultItems.props",
        "DefiningProjectDirectory": "/workspace/.tools/dotnet/sdk/10.0.401/Sdks/Microsoft.NET.Sdk/targets/",
        "DefiningProjectName": "Microsoft.NET.Sdk.DefaultItems",
        "DefiningProjectExtension": ".props"
      },
      {
        "Identity": "Primitives/OverlayLayer.cs",
        "FullPath": "/workspace/team-c/c3-admin-symbol-errors-validation/framework/CUI/vendor/Avalonia/src/Avalonia.Controls/Primitives/OverlayLayer.cs",
        "RootDir": "/",
        "Filename": "OverlayLayer",
        "Extension": ".cs",
        "RelativeDir": "Primitives/",
        "Directory": "workspace/team-c/c3-admin-symbol-errors-validation/framework/CUI/vendor/Avalonia/src/Avalonia.Controls/Primitives/",
        "RecursiveDir": "Primitives/",
        "ModifiedTime": "",
        "CreatedTime": "",
        "AccessedTime": "",
        "DefiningProjectFullPath": "/workspace/.tools/dotnet/sdk/10.0.401/Sdks/Microsoft.NET.Sdk/targets/Microsoft.NET.Sdk.DefaultItems.props",
        "DefiningProjectDirectory": "/workspace/.tools/dotnet/sdk/10.0.401/Sdks/Microsoft.NET.Sdk/targets/",
        "DefiningProjectName": "Microsoft.NET.Sdk.DefaultItems",
        "DefiningProjectExtension": ".props"
      },
      {
        "Identity": "Primitives/OverlayPopupHost.cs",
        "FullPath": "/workspace/team-c/c3-admin-symbol-errors-validation/framework/CUI/vendor/Avalonia/src/Avalonia.Controls/Primitives/OverlayPopupHost.cs",
        "RootDir": "/",
        "Filename": "OverlayPopupHost",
        "Extension": ".cs",
        "RelativeDir": "Primitives/",
        "Directory": "workspace/team-c/c3-admin-symbol-errors-validation/framework/CUI/vendor/Avalonia/src/Avalonia.Controls/Primitives/",
        "RecursiveDir": "Primitives/",
        "ModifiedTime": "",
        "CreatedTime": "",
        "AccessedTime": "",
        "DefiningProjectFullPath": "/workspace/.tools/dotnet/sdk/10.0.401/Sdks/Microsoft.NET.Sdk/targets/Microsoft.NET.Sdk.DefaultItems.props",
        "DefiningProjectDirectory": "/workspace/.tools/dotnet/sdk/10.0.401/Sdks/Microsoft.NET.Sdk/targets/",
        "DefiningProjectName": "Microsoft.NET.Sdk.DefaultItems",
        "DefiningProjectExtension": ".props"
      },
      {
        "Identity": "Primitives/Popup.cs",
        "FullPath": "/workspace/team-c/c3-admin-symbol-errors-validation/framework/CUI/vendor/Avalonia/src/Avalonia.Controls/Primitives/Popup.cs",
        "RootDir": "/",
        "Filename": "Popup",
        "Extension": ".cs",
        "RelativeDir": "Primitives/",
        "Directory": "workspace/team-c/c3-admin-symbol-errors-validation/framework/CUI/vendor/Avalonia/src/Avalonia.Controls/Primitives/",
        "RecursiveDir": "Primitives/",
        "ModifiedTime": "",
        "CreatedTime": "",
        "AccessedTime": "",
        "DefiningProjectFullPath": "/workspace/.tools/dotnet/sdk/10.0.401/Sdks/Microsoft.NET.Sdk/targets/Microsoft.NET.Sdk.DefaultItems.props",
        "DefiningProjectDirectory": "/workspace/.tools/dotnet/sdk/10.0.401/Sdks/Microsoft.NET.Sdk/targets/",
        "DefiningProjectName": "Microsoft.NET.Sdk.DefaultItems",
        "DefiningProjectExtension": ".props"
      },
      {
        "Identity": "Primitives/PopupOverlayLayer.cs",
        "FullPath": "/workspace/team-c/c3-admin-symbol-errors-validation/framework/CUI/vendor/Avalonia/src/Avalonia.Controls/Primitives/PopupOverlayLayer.cs",
        "RootDir": "/",
        "Filename": "PopupOverlayLayer",
        "Extension": ".cs",
        "RelativeDir": "Primitives/",
        "Directory": "workspace/team-c/c3-admin-symbol-errors-validation/framework/CUI/vendor/Avalonia/src/Avalonia.Controls/Primitives/",
        "RecursiveDir": "Primitives/",
        "ModifiedTime": "",
        "CreatedTime": "",
        "AccessedTime": "",
        "DefiningProjectFullPath": "/workspace/.tools/dotnet/sdk/10.0.401/Sdks/Microsoft.NET.Sdk/targets/Microsoft.NET.Sdk.DefaultItems.props",
        "DefiningProjectDirectory": "/workspace/.tools/dotnet/sdk/10.0.401/Sdks/Microsoft.NET.Sdk/targets/",
        "DefiningProjectName": "Microsoft.NET.Sdk.DefaultItems",
        "DefiningProjectExtension": ".props"
      },
      {
        "Identity": "Primitives/PopupPositioning/CustomPopupPlacement.cs",
        "FullPath": "/workspace/team-c/c3-admin-symbol-errors-validation/framework/CUI/vendor/Avalonia/src/Avalonia.Controls/Primitives/PopupPositioning/CustomPopupPlacement.cs",
        "RootDir": "/",
        "Filename": "CustomPopupPlacement",
        "Extension": ".cs",
        "RelativeDir": "Primitives/PopupPositioning/",
        "Directory": "workspace/team-c/c3-admin-symbol-errors-validation/framework/CUI/vendor/Avalonia/src/Avalonia.Controls/Primitives/PopupPositioning/",
        "RecursiveDir": "Primitives/PopupPositioning/",
        "ModifiedTime": "",
        "CreatedTime": "",
        "AccessedTime": "",
        "DefiningProjectFullPath": "/workspace/.tools/dotnet/sdk/10.0.401/Sdks/Microsoft.NET.Sdk/targets/Microsoft.NET.Sdk.DefaultItems.props",
        "DefiningProjectDirectory": "/workspace/.tools/dotnet/sdk/10.0.401/Sdks/Microsoft.NET.Sdk/targets/",
        "DefiningProjectName": "Microsoft.NET.Sdk.DefaultItems",
        "DefiningProjectExtension": ".props"
      },
      {
        "Identity": "Primitives/PopupPositioning/CustomPopupPlacementCallback.cs",
        "FullPath": "/workspace/team-c/c3-admin-symbol-errors-validation/framework/CUI/vendor/Avalonia/src/Avalonia.Controls/Primitives/PopupPositioning/CustomPopupPlacementCallback.cs",
        "RootDir": "/",
        "Filename": "CustomPopupPlacementCallback",
        "Extension": ".cs",
        "RelativeDir": "Primitives/PopupPositioning/",
        "Directory": "workspace/team-c/c3-admin-symbol-errors-validation/framework/CUI/vendor/Avalonia/src/Avalonia.Controls/Primitives/PopupPositioning/",
        "RecursiveDir": "Primitives/PopupPositioning/",
        "ModifiedTime": "",
        "CreatedTime": "",
        "AccessedTime": "",
        "DefiningProjectFullPath": "/workspace/.tools/dotnet/sdk/10.0.401/Sdks/Microsoft.NET.Sdk/targets/Microsoft.NET.Sdk.DefaultItems.props",
        "DefiningProjectDirectory": "/workspace/.tools/dotnet/sdk/10.0.401/Sdks/Microsoft.NET.Sdk/targets/",
        "DefiningProjectName": "Microsoft.NET.Sdk.DefaultItems",
        "DefiningProjectExtension": ".props"
      },
      {
        "Identity": "Primitives/PopupPositioning/IPopupPositioner.cs",
        "FullPath": "/workspace/team-c/c3-admin-symbol-errors-validation/framework/CUI/vendor/Avalonia/src/Avalonia.Controls/Primitives/PopupPositioning/IPopupPositioner.cs",
        "RootDir": "/",
        "Filename": "IPopupPositioner",
        "Extension": ".cs",
        "RelativeDir": "Primitives/PopupPositioning/",
        "Directory": "workspace/team-c/c3-admin-symbol-errors-validation/framework/CUI/vendor/Avalonia/src/Avalonia.Controls/Primitives/PopupPositioning/",
        "RecursiveDir": "Primitives/PopupPositioning/",
        "ModifiedTime": "",
        "CreatedTime": "",
        "AccessedTime": "",
        "DefiningProjectFullPath": "/workspace/.tools/dotnet/sdk/10.0.401/Sdks/Microsoft.NET.Sdk/targets/Microsoft.NET.Sdk.DefaultItems.props",
        "DefiningProjectDirectory": "/workspace/.tools/dotnet/sdk/10.0.401/Sdks/Microsoft.NET.Sdk/targets/",
        "DefiningProjectName": "Microsoft.NET.Sdk.DefaultItems",
        "DefiningProjectExtension": ".props"
      },
      {
        "Identity": "Primitives/PopupPositioning/ManagedPopupPositioner.cs",
        "FullPath": "/workspace/team-c/c3-admin-symbol-errors-validation/framework/CUI/vendor/Avalonia/src/Avalonia.Controls/Primitives/PopupPositioning/ManagedPopupPositioner.cs",
        "RootDir": "/",
        "Filename": "ManagedPopupPositioner",
        "Extension": ".cs",
        "RelativeDir": "Primitives/PopupPositioning/",
        "Directory": "workspace/team-c/c3-admin-symbol-errors-validation/framework/CUI/vendor/Avalonia/src/Avalonia.Controls/Primitives/PopupPositioning/",
        "RecursiveDir": "Primitives/PopupPositioning/",
        "ModifiedTime": "",
        "CreatedTime": "",
        "AccessedTime": "",
        "DefiningProjectFullPath": "/workspace/.tools/dotnet/sdk/10.0.401/Sdks/Microsoft.NET.Sdk/targets/Microsoft.NET.Sdk.DefaultItems.props",
        "DefiningProjectDirectory": "/workspace/.tools/dotnet/sdk/10.0.401/Sdks/Microsoft.NET.Sdk/targets/",
        "DefiningProjectName": "Microsoft.NET.Sdk.DefaultItems",
        "DefiningProjectExtension": ".props"
      },
      {
        "Identity": "Primitives/PopupPositioning/ManagedPopupPositionerPopupImplHelper.cs",
        "FullPath": "/workspace/team-c/c3-admin-symbol-errors-validation/framework/CUI/vendor/Avalonia/src/Avalonia.Controls/Primitives/PopupPositioning/ManagedPopupPositionerPopupImplHelper.cs",
        "RootDir": "/",
        "Filename": "ManagedPopupPositionerPopupImplHelper",
        "Extension": ".cs",
        "RelativeDir": "Primitives/PopupPositioning/",
        "Directory": "workspace/team-c/c3-admin-symbol-errors-validation/framework/CUI/vendor/Avalonia/src/Avalonia.Controls/Primitives/PopupPositioning/",
        "RecursiveDir": "Primitives/PopupPositioning/",
        "ModifiedTime": "",
        "CreatedTime": "",
        "AccessedTime": "",
        "DefiningProjectFullPath": "/workspace/.tools/dotnet/sdk/10.0.401/Sdks/Microsoft.NET.Sdk/targets/Microsoft.NET.Sdk.DefaultItems.props",
        "DefiningProjectDirectory": "/workspace/.tools/dotnet/sdk/10.0.401/Sdks/Microsoft.NET.Sdk/targets/",
        "DefiningProjectName": "Microsoft.NET.Sdk.DefaultItems",
        "DefiningProjectExtension": ".props"
      },
      {
        "Identity": "Primitives/PopupPositioning/PopupPositionRequest.cs",
        "FullPath": "/workspace/team-c/c3-admin-symbol-errors-validation/framework/CUI/vendor/Avalonia/src/Avalonia.Controls/Primitives/PopupPositioning/PopupPositionRequest.cs",
        "RootDir": "/",
        "Filename": "PopupPositionRequest",
        "Extension": ".cs",
        "RelativeDir": "Primitives/PopupPositioning/",
        "Directory": "workspace/team-c/c3-admin-symbol-errors-validation/framework/CUI/vendor/Avalonia/src/Avalonia.Controls/Primitives/PopupPositioning/",
        "RecursiveDir": "Primitives/PopupPositioning/",
        "ModifiedTime": "",
        "CreatedTime": "",
        "AccessedTime": "",
        "DefiningProjectFullPath": "/workspace/.tools/dotnet/sdk/10.0.401/Sdks/Microsoft.NET.Sdk/targets/Microsoft.NET.Sdk.DefaultItems.props",
        "DefiningProjectDirectory": "/workspace/.tools/dotnet/sdk/10.0.401/Sdks/Microsoft.NET.Sdk/targets/",
        "DefiningProjectName": "Microsoft.NET.Sdk.DefaultItems",
        "DefiningProjectExtension": ".props"
      },
      {
        "Identity": "Primitives/PopupRoot.cs",
        "FullPath": "/workspace/team-c/c3-admin-symbol-errors-validation/framework/CUI/vendor/Avalonia/src/Avalonia.Controls/Primitives/PopupRoot.cs",
        "RootDir": "/",
        "Filename": "PopupRoot",
        "Extension": ".cs",
        "RelativeDir": "Primitives/",
        "Directory": "workspace/team-c/c3-admin-symbol-errors-validation/framework/CUI/vendor/Avalonia/src/Avalonia.Controls/Primitives/",
        "RecursiveDir": "Primitives/",
        "ModifiedTime": "",
        "CreatedTime": "",
        "AccessedTime": "",
        "DefiningProjectFullPath": "/workspace/.tools/dotnet/sdk/10.0.401/Sdks/Microsoft.NET.Sdk/targets/Microsoft.NET.Sdk.DefaultItems.props",
        "DefiningProjectDirectory": "/workspace/.tools/dotnet/sdk/10.0.401/Sdks/Microsoft.NET.Sdk/targets/",
        "DefiningProjectName": "Microsoft.NET.Sdk.DefaultItems",
        "DefiningProjectExtension": ".props"
      },
      {
        "Identity": "Primitives/RangeBase.cs",
        "FullPath": "/workspace/team-c/c3-admin-symbol-errors-validation/framework/CUI/vendor/Avalonia/src/Avalonia.Controls/Primitives/RangeBase.cs",
        "RootDir": "/",
        "Filename": "RangeBase",
        "Extension": ".cs",
        "RelativeDir": "Primitives/",
        "Directory": "workspace/team-c/c3-admin-symbol-errors-validation/framework/CUI/vendor/Avalonia/src/Avalonia.Controls/Primitives/",
        "RecursiveDir": "Primitives/",
        "ModifiedTime": "",
        "CreatedTime": "",
        "AccessedTime": "",
        "DefiningProjectFullPath": "/workspace/.tools/dotnet/sdk/10.0.401/Sdks/Microsoft.NET.Sdk/targets/Microsoft.NET.Sdk.DefaultItems.props",
        "DefiningProjectDirectory": "/workspace/.tools/dotnet/sdk/10.0.401/Sdks/Microsoft.NET.Sdk/targets/",
        "DefiningProjectName": "Microsoft.NET.Sdk.DefaultItems",
        "DefiningProjectExtension": ".props"
      },
      {
        "Identity": "Primitives/RangeBaseValueChangedEventArgs.cs",
        "FullPath": "/workspace/team-c/c3-admin-symbol-errors-validation/framework/CUI/vendor/Avalonia/src/Avalonia.Controls/Primitives/RangeBaseValueChangedEventArgs.cs",
        "RootDir": "/",
        "Filename": "RangeBaseValueChangedEventArgs",
        "Extension": ".cs",
        "RelativeDir": "Primitives/",
        "Directory": "workspace/team-c/c3-admin-symbol-errors-validation/framework/CUI/vendor/Avalonia/src/Avalonia.Controls/Primitives/",
        "RecursiveDir": "Primitives/",
        "ModifiedTime": "",
        "CreatedTime": "",
        "AccessedTime": "",
        "DefiningProjectFullPath": "/workspace/.tools/dotnet/sdk/10.0.401/Sdks/Microsoft.NET.Sdk/targets/Microsoft.NET.Sdk.DefaultItems.props",
        "DefiningProjectDirectory": "/workspace/.tools/dotnet/sdk/10.0.401/Sdks/Microsoft.NET.Sdk/targets/",
        "DefiningProjectName": "Microsoft.NET.Sdk.DefaultItems",
        "DefiningProjectExtension": ".props"
      },
      {
        "Identity": "Primitives/ScrollBar.cs",
        "FullPath": "/workspace/team-c/c3-admin-symbol-errors-validation/framework/CUI/vendor/Avalonia/src/Avalonia.Controls/Primitives/ScrollBar.cs",
        "RootDir": "/",
        "Filename": "ScrollBar",
        "Extension": ".cs",
        "RelativeDir": "Primitives/",
        "Directory": "workspace/team-c/c3-admin-symbol-errors-validation/framework/CUI/vendor/Avalonia/src/Avalonia.Controls/Primitives/",
        "RecursiveDir": "Primitives/",
        "ModifiedTime": "",
        "CreatedTime": "",
        "AccessedTime": "",
        "DefiningProjectFullPath": "/workspace/.tools/dotnet/sdk/10.0.401/Sdks/Microsoft.NET.Sdk/targets/Microsoft.NET.Sdk.DefaultItems.props",
        "DefiningProjectDirectory": "/workspace/.tools/dotnet/sdk/10.0.401/Sdks/Microsoft.NET.Sdk/targets/",
        "DefiningProjectName": "Microsoft.NET.Sdk.DefaultItems",
        "DefiningProjectExtension": ".props"
      },
      {
        "Identity": "Primitives/ScrollBarVisibility.cs",
        "FullPath": "/workspace/team-c/c3-admin-symbol-errors-validation/framework/CUI/vendor/Avalonia/src/Avalonia.Controls/Primitives/ScrollBarVisibility.cs",
        "RootDir": "/",
        "Filename": "ScrollBarVisibility",
        "Extension": ".cs",
        "RelativeDir": "Primitives/",
        "Directory": "workspace/team-c/c3-admin-symbol-errors-validation/framework/CUI/vendor/Avalonia/src/Avalonia.Controls/Primitives/",
        "RecursiveDir": "Primitives/",
        "ModifiedTime": "",
        "CreatedTime": "",
        "AccessedTime": "",
        "DefiningProjectFullPath": "/workspace/.tools/dotnet/sdk/10.0.401/Sdks/Microsoft.NET.Sdk/targets/Microsoft.NET.Sdk.DefaultItems.props",
        "DefiningProjectDirectory": "/workspace/.tools/dotnet/sdk/10.0.401/Sdks/Microsoft.NET.Sdk/targets/",
        "DefiningProjectName": "Microsoft.NET.Sdk.DefaultItems",
        "DefiningProjectExtension": ".props"
      },
      {
        "Identity": "Primitives/ScrollEventType.cs",
        "FullPath": "/workspace/team-c/c3-admin-symbol-errors-validation/framework/CUI/vendor/Avalonia/src/Avalonia.Controls/Primitives/ScrollEventType.cs",
        "RootDir": "/",
        "Filename": "ScrollEventType",
        "Extension": ".cs",
        "RelativeDir": "Primitives/",
        "Directory": "workspace/team-c/c3-admin-symbol-errors-validation/framework/CUI/vendor/Avalonia/src/Avalonia.Controls/Primitives/",
        "RecursiveDir": "Primitives/",
        "ModifiedTime": "",
        "CreatedTime": "",
        "AccessedTime": "",
        "DefiningProjectFullPath": "/workspace/.tools/dotnet/sdk/10.0.401/Sdks/Microsoft.NET.Sdk/targets/Microsoft.NET.Sdk.DefaultItems.props",
        "DefiningProjectDirectory": "/workspace/.tools/dotnet/sdk/10.0.401/Sdks/Microsoft.NET.Sdk/targets/",
        "DefiningProjectName": "Microsoft.NET.Sdk.DefaultItems",
        "DefiningProjectExtension": ".props"
      },
      {
        "Identity": "Primitives/SelectingItemsControl.cs",
        "FullPath": "/workspace/team-c/c3-admin-symbol-errors-validation/framework/CUI/vendor/Avalonia/src/Avalonia.Controls/Primitives/SelectingItemsControl.cs",
        "RootDir": "/",
        "Filename": "SelectingItemsControl",
        "Extension": ".cs",
        "RelativeDir": "Primitives/",
        "Directory": "workspace/team-c/c3-admin-symbol-errors-validation/framework/CUI/vendor/Avalonia/src/Avalonia.Controls/Primitives/",
        "RecursiveDir": "Primitives/",
        "ModifiedTime": "",
        "CreatedTime": "",
        "AccessedTime": "",
        "DefiningProjectFullPath": "/workspace/.tools/dotnet/sdk/10.0.401/Sdks/Microsoft.NET.Sdk/targets/Microsoft.NET.Sdk.DefaultItems.props",
        "DefiningProjectDirectory": "/workspace/.tools/dotnet/sdk/10.0.401/Sdks/Microsoft.NET.Sdk/targets/",
        "DefiningProjectName": "Microsoft.NET.Sdk.DefaultItems",
        "DefiningProjectExtension": ".props"
      },
      {
        "Identity": "Primitives/SelectionHandleType.cs",
        "FullPath": "/workspace/team-c/c3-admin-symbol-errors-validation/framework/CUI/vendor/Avalonia/src/Avalonia.Controls/Primitives/SelectionHandleType.cs",
        "RootDir": "/",
        "Filename": "SelectionHandleType",
        "Extension": ".cs",
        "RelativeDir": "Primitives/",
        "Directory": "workspace/team-c/c3-admin-symbol-errors-validation/framework/CUI/vendor/Avalonia/src/Avalonia.Controls/Primitives/",
        "RecursiveDir": "Primitives/",
        "ModifiedTime": "",
        "CreatedTime": "",
        "AccessedTime": "",
        "DefiningProjectFullPath": "/workspace/.tools/dotnet/sdk/10.0.401/Sdks/Microsoft.NET.Sdk/targets/Microsoft.NET.Sdk.DefaultItems.props",
        "DefiningProjectDirectory": "/workspace/.tools/dotnet/sdk/10.0.401/Sdks/Microsoft.NET.Sdk/targets/",
        "DefiningProjectName": "Microsoft.NET.Sdk.DefaultItems",
        "DefiningProjectExtension": ".props"
      },
      {
        "Identity": "Primitives/SnapPointsAlignment.cs",
        "FullPath": "/workspace/team-c/c3-admin-symbol-errors-validation/framework/CUI/vendor/Avalonia/src/Avalonia.Controls/Primitives/SnapPointsAlignment.cs",
        "RootDir": "/",
        "Filename": "SnapPointsAlignment",
        "Extension": ".cs",
        "RelativeDir": "Primitives/",
        "Directory": "workspace/team-c/c3-admin-symbol-errors-validation/framework/CUI/vendor/Avalonia/src/Avalonia.Controls/Primitives/",
        "RecursiveDir": "Primitives/",
        "ModifiedTime": "",
        "CreatedTime": "",
        "AccessedTime": "",
        "DefiningProjectFullPath": "/workspace/.tools/dotnet/sdk/10.0.401/Sdks/Microsoft.NET.Sdk/targets/Microsoft.NET.Sdk.DefaultItems.props",
        "DefiningProjectDirectory": "/workspace/.tools/dotnet/sdk/10.0.401/Sdks/Microsoft.NET.Sdk/targets/",
        "DefiningProjectName": "Microsoft.NET.Sdk.DefaultItems",
        "DefiningProjectExtension": ".props"
      },
      {
        "Identity": "Primitives/SnapPointsType.cs",
        "FullPath": "/workspace/team-c/c3-admin-symbol-errors-validation/framework/CUI/vendor/Avalonia/src/Avalonia.Controls/Primitives/SnapPointsType.cs",
        "RootDir": "/",
        "Filename": "SnapPointsType",
        "Extension": ".cs",
        "RelativeDir": "Primitives/",
        "Directory": "workspace/team-c/c3-admin-symbol-errors-validation/framework/CUI/vendor/Avalonia/src/Avalonia.Controls/Primitives/",
        "RecursiveDir": "Primitives/",
        "ModifiedTime": "",
        "CreatedTime": "",
        "AccessedTime": "",
        "DefiningProjectFullPath": "/workspace/.tools/dotnet/sdk/10.0.401/Sdks/Microsoft.NET.Sdk/targets/Microsoft.NET.Sdk.DefaultItems.props",
        "DefiningProjectDirectory": "/workspace/.tools/dotnet/sdk/10.0.401/Sdks/Microsoft.NET.Sdk/targets/",
        "DefiningProjectName": "Microsoft.NET.Sdk.DefaultItems",
        "DefiningProjectExtension": ".props"
      },
      {
        "Identity": "Primitives/TabStrip.cs",
        "FullPath": "/workspace/team-c/c3-admin-symbol-errors-validation/framework/CUI/vendor/Avalonia/src/Avalonia.Controls/Primitives/TabStrip.cs",
        "RootDir": "/",
        "Filename": "TabStrip",
        "Extension": ".cs",
        "RelativeDir": "Primitives/",
        "Directory": "workspace/team-c/c3-admin-symbol-errors-validation/framework/CUI/vendor/Avalonia/src/Avalonia.Controls/Primitives/",
        "RecursiveDir": "Primitives/",
        "ModifiedTime": "",
        "CreatedTime": "",
        "AccessedTime": "",
        "DefiningProjectFullPath": "/workspace/.tools/dotnet/sdk/10.0.401/Sdks/Microsoft.NET.Sdk/targets/Microsoft.NET.Sdk.DefaultItems.props",
        "DefiningProjectDirectory": "/workspace/.tools/dotnet/sdk/10.0.401/Sdks/Microsoft.NET.Sdk/targets/",
        "DefiningProjectName": "Microsoft.NET.Sdk.DefaultItems",
        "DefiningProjectExtension": ".props"
      },
      {
        "Identity": "Primitives/TabStripItem.cs",
        "FullPath": "/workspace/team-c/c3-admin-symbol-errors-validation/framework/CUI/vendor/Avalonia/src/Avalonia.Controls/Primitives/TabStripItem.cs",
        "RootDir": "/",
        "Filename": "TabStripItem",
        "Extension": ".cs",
        "RelativeDir": "Primitives/",
        "Directory": "workspace/team-c/c3-admin-symbol-errors-validation/framework/CUI/vendor/Avalonia/src/Avalonia.Controls/Primitives/",
        "RecursiveDir": "Primitives/",
        "ModifiedTime": "",
        "CreatedTime": "",
        "AccessedTime": "",
        "DefiningProjectFullPath": "/workspace/.tools/dotnet/sdk/10.0.401/Sdks/Microsoft.NET.Sdk/targets/Microsoft.NET.Sdk.DefaultItems.props",
        "DefiningProjectDirectory": "/workspace/.tools/dotnet/sdk/10.0.401/Sdks/Microsoft.NET.Sdk/targets/",
        "DefiningProjectName": "Microsoft.NET.Sdk.DefaultItems",
        "DefiningProjectExtension": ".props"
      },
      {
        "Identity": "Primitives/TemplateAppliedEventArgs.cs",
        "FullPath": "/workspace/team-c/c3-admin-symbol-errors-validation/framework/CUI/vendor/Avalonia/src/Avalonia.Controls/Primitives/TemplateAppliedEventArgs.cs",
        "RootDir": "/",
        "Filename": "TemplateAppliedEventArgs",
        "Extension": ".cs",
        "RelativeDir": "Primitives/",
        "Directory": "workspace/team-c/c3-admin-symbol-errors-validation/framework/CUI/vendor/Avalonia/src/Avalonia.Controls/Primitives/",
        "RecursiveDir": "Primitives/",
        "ModifiedTime": "",
        "CreatedTime": "",
        "AccessedTime": "",
        "DefiningProjectFullPath": "/workspace/.tools/dotnet/sdk/10.0.401/Sdks/Microsoft.NET.Sdk/targets/Microsoft.NET.Sdk.DefaultItems.props",
        "DefiningProjectDirectory": "/workspace/.tools/dotnet/sdk/10.0.401/Sdks/Microsoft.NET.Sdk/targets/",
        "DefiningProjectName": "Microsoft.NET.Sdk.DefaultItems",
        "DefiningProjectExtension": ".props"
      },
      {
        "Identity": "Primitives/TemplatedControl.cs",
        "FullPath": "/workspace/team-c/c3-admin-symbol-errors-validation/framework/CUI/vendor/Avalonia/src/Avalonia.Controls/Primitives/TemplatedControl.cs",
        "RootDir": "/",
        "Filename": "TemplatedControl",
        "Extension": ".cs",
        "RelativeDir": "Primitives/",
        "Directory": "workspace/team-c/c3-admin-symbol-errors-validation/framework/CUI/vendor/Avalonia/src/Avalonia.Controls/Primitives/",
        "RecursiveDir": "Primitives/",
        "ModifiedTime": "",
        "CreatedTime": "",
        "AccessedTime": "",
        "DefiningProjectFullPath": "/workspace/.tools/dotnet/sdk/10.0.401/Sdks/Microsoft.NET.Sdk/targets/Microsoft.NET.Sdk.DefaultItems.props",
        "DefiningProjectDirectory": "/workspace/.tools/dotnet/sdk/10.0.401/Sdks/Microsoft.NET.Sdk/targets/",
        "DefiningProjectName": "Microsoft.NET.Sdk.DefaultItems",
        "DefiningProjectExtension": ".props"
      },
      {
        "Identity": "Primitives/TextSearch.cs",
        "FullPath": "/workspace/team-c/c3-admin-symbol-errors-validation/framework/CUI/vendor/Avalonia/src/Avalonia.Controls/Primitives/TextSearch.cs",
        "RootDir": "/",
        "Filename": "TextSearch",
        "Extension": ".cs",
        "RelativeDir": "Primitives/",
        "Directory": "workspace/team-c/c3-admin-symbol-errors-validation/framework/CUI/vendor/Avalonia/src/Avalonia.Controls/Primitives/",
        "RecursiveDir": "Primitives/",
        "ModifiedTime": "",
        "CreatedTime": "",
        "AccessedTime": "",
        "DefiningProjectFullPath": "/workspace/.tools/dotnet/sdk/10.0.401/Sdks/Microsoft.NET.Sdk/targets/Microsoft.NET.Sdk.DefaultItems.props",
        "DefiningProjectDirectory": "/workspace/.tools/dotnet/sdk/10.0.401/Sdks/Microsoft.NET.Sdk/targets/",
        "DefiningProjectName": "Microsoft.NET.Sdk.DefaultItems",
        "DefiningProjectExtension": ".props"
      },
      {
        "Identity": "Primitives/TextSelectionCanvas.cs",
        "FullPath": "/workspace/team-c/c3-admin-symbol-errors-validation/framework/CUI/vendor/Avalonia/src/Avalonia.Controls/Primitives/TextSelectionCanvas.cs",
        "RootDir": "/",
        "Filename": "TextSelectionCanvas",
        "Extension": ".cs",
        "RelativeDir": "Primitives/",
        "Directory": "workspace/team-c/c3-admin-symbol-errors-validation/framework/CUI/vendor/Avalonia/src/Avalonia.Controls/Primitives/",
        "RecursiveDir": "Primitives/",
        "ModifiedTime": "",
        "CreatedTime": "",
        "AccessedTime": "",
        "DefiningProjectFullPath": "/workspace/.tools/dotnet/sdk/10.0.401/Sdks/Microsoft.NET.Sdk/targets/Microsoft.NET.Sdk.DefaultItems.props",
        "DefiningProjectDirectory": "/workspace/.tools/dotnet/sdk/10.0.401/Sdks/Microsoft.NET.Sdk/targets/",
        "DefiningProjectName": "Microsoft.NET.Sdk.DefaultItems",
        "DefiningProjectExtension": ".props"
      },
      {
        "Identity": "Primitives/TextSelectionHandle.cs",
        "FullPath": "/workspace/team-c/c3-admin-symbol-errors-validation/framework/CUI/vendor/Avalonia/src/Avalonia.Controls/Primitives/TextSelectionHandle.cs",
        "RootDir": "/",
        "Filename": "TextSelectionHandle",
        "Extension": ".cs",
        "RelativeDir": "Primitives/",
        "Directory": "workspace/team-c/c3-admin-symbol-errors-validation/framework/CUI/vendor/Avalonia/src/Avalonia.Controls/Primitives/",
        "RecursiveDir": "Primitives/",
        "ModifiedTime": "",
        "CreatedTime": "",
        "AccessedTime": "",
        "DefiningProjectFullPath": "/workspace/.tools/dotnet/sdk/10.0.401/Sdks/Microsoft.NET.Sdk/targets/Microsoft.NET.Sdk.DefaultItems.props",
        "DefiningProjectDirectory": "/workspace/.tools/dotnet/sdk/10.0.401/Sdks/Microsoft.NET.Sdk/targets/",
        "DefiningProjectName": "Microsoft.NET.Sdk.DefaultItems",
        "DefiningProjectExtension": ".props"
      },
      {
        "Identity": "Primitives/TextSelectorLayer.cs",
        "FullPath": "/workspace/team-c/c3-admin-symbol-errors-validation/framework/CUI/vendor/Avalonia/src/Avalonia.Controls/Primitives/TextSelectorLayer.cs",
        "RootDir": "/",
        "Filename": "TextSelectorLayer",
        "Extension": ".cs",
        "RelativeDir": "Primitives/",
        "Directory": "workspace/team-c/c3-admin-symbol-errors-validation/framework/CUI/vendor/Avalonia/src/Avalonia.Controls/Primitives/",
        "RecursiveDir": "Primitives/",
        "ModifiedTime": "",
        "CreatedTime": "",
        "AccessedTime": "",
        "DefiningProjectFullPath": "/workspace/.tools/dotnet/sdk/10.0.401/Sdks/Microsoft.NET.Sdk/targets/Microsoft.NET.Sdk.DefaultItems.props",
        "DefiningProjectDirectory": "/workspace/.tools/dotnet/sdk/10.0.401/Sdks/Microsoft.NET.Sdk/targets/",
        "DefiningProjectName": "Microsoft.NET.Sdk.DefaultItems",
        "DefiningProjectExtension": ".props"
      },
      {
        "Identity": "Primitives/Thumb.cs",
        "FullPath": "/workspace/team-c/c3-admin-symbol-errors-validation/framework/CUI/vendor/Avalonia/src/Avalonia.Controls/Primitives/Thumb.cs",
        "RootDir": "/",
        "Filename": "Thumb",
        "Extension": ".cs",
        "RelativeDir": "Primitives/",
        "Directory": "workspace/team-c/c3-admin-symbol-errors-validation/framework/CUI/vendor/Avalonia/src/Avalonia.Controls/Primitives/",
        "RecursiveDir": "Primitives/",
        "ModifiedTime": "",
        "CreatedTime": "",
        "AccessedTime": "",
        "DefiningProjectFullPath": "/workspace/.tools/dotnet/sdk/10.0.401/Sdks/Microsoft.NET.Sdk/targets/Microsoft.NET.Sdk.DefaultItems.props",
        "DefiningProjectDirectory": "/workspace/.tools/dotnet/sdk/10.0.401/Sdks/Microsoft.NET.Sdk/targets/",
        "DefiningProjectName": "Microsoft.NET.Sdk.DefaultItems",
        "DefiningProjectExtension": ".props"
      },
      {
        "Identity": "Primitives/ToggleButton.cs",
        "FullPath": "/workspace/team-c/c3-admin-symbol-errors-validation/framework/CUI/vendor/Avalonia/src/Avalonia.Controls/Primitives/ToggleButton.cs",
        "RootDir": "/",
        "Filename": "ToggleButton",
        "Extension": ".cs",
        "RelativeDir": "Primitives/",
        "Directory": "workspace/team-c/c3-admin-symbol-errors-validation/framework/CUI/vendor/Avalonia/src/Avalonia.Controls/Primitives/",
        "RecursiveDir": "Primitives/",
        "ModifiedTime": "",
        "CreatedTime": "",
        "AccessedTime": "",
        "DefiningProjectFullPath": "/workspace/.tools/dotnet/sdk/10.0.401/Sdks/Microsoft.NET.Sdk/targets/Microsoft.NET.Sdk.DefaultItems.props",
        "DefiningProjectDirectory": "/workspace/.tools/dotnet/sdk/10.0.401/Sdks/Microsoft.NET.Sdk/targets/",
        "DefiningProjectName": "Microsoft.NET.Sdk.DefaultItems",
        "DefiningProjectExtension": ".props"
      },
      {
        "Identity": "Primitives/Track.cs",
        "FullPath": "/workspace/team-c/c3-admin-symbol-errors-validation/framework/CUI/vendor/Avalonia/src/Avalonia.Controls/Primitives/Track.cs",
        "RootDir": "/",
        "Filename": "Track",
        "Extension": ".cs",
        "RelativeDir": "Primitives/",
        "Directory": "workspace/team-c/c3-admin-symbol-errors-validation/framework/CUI/vendor/Avalonia/src/Avalonia.Controls/Primitives/",
        "RecursiveDir": "Primitives/",
        "ModifiedTime": "",
        "CreatedTime": "",
        "AccessedTime": "",
        "DefiningProjectFullPath": "/workspace/.tools/dotnet/sdk/10.0.401/Sdks/Microsoft.NET.Sdk/targets/Microsoft.NET.Sdk.DefaultItems.props",
        "DefiningProjectDirectory": "/workspace/.tools/dotnet/sdk/10.0.401/Sdks/Microsoft.NET.Sdk/targets/",
        "DefiningProjectName": "Microsoft.NET.Sdk.DefaultItems",
        "DefiningProjectExtension": ".props"
      },
      {
        "Identity": "Primitives/UniformGrid.cs",
        "FullPath": "/workspace/team-c/c3-admin-symbol-errors-validation/framework/CUI/vendor/Avalonia/src/Avalonia.Controls/Primitives/UniformGrid.cs",
        "RootDir": "/",
        "Filename": "UniformGrid",
        "Extension": ".cs",
        "RelativeDir": "Primitives/",
        "Directory": "workspace/team-c/c3-admin-symbol-errors-validation/framework/CUI/vendor/Avalonia/src/Avalonia.Controls/Primitives/",
        "RecursiveDir": "Primitives/",
        "ModifiedTime": "",
        "CreatedTime": "",
        "AccessedTime": "",
        "DefiningProjectFullPath": "/workspace/.tools/dotnet/sdk/10.0.401/Sdks/Microsoft.NET.Sdk/targets/Microsoft.NET.Sdk.DefaultItems.props",
        "DefiningProjectDirectory": "/workspace/.tools/dotnet/sdk/10.0.401/Sdks/Microsoft.NET.Sdk/targets/",
        "DefiningProjectName": "Microsoft.NET.Sdk.DefaultItems",
        "DefiningProjectExtension": ".props"
      },
      {
        "Identity": "Primitives/VisualLayerManager.cs",
        "FullPath": "/workspace/team-c/c3-admin-symbol-errors-validation/framework/CUI/vendor/Avalonia/src/Avalonia.Controls/Primitives/VisualLayerManager.cs",
        "RootDir": "/",
        "Filename": "VisualLayerManager",
        "Extension": ".cs",
        "RelativeDir": "Primitives/",
        "Directory": "workspace/team-c/c3-admin-symbol-errors-validation/framework/CUI/vendor/Avalonia/src/Avalonia.Controls/Primitives/",
        "RecursiveDir": "Primitives/",
        "ModifiedTime": "",
        "CreatedTime": "",
        "AccessedTime": "",
        "DefiningProjectFullPath": "/workspace/.tools/dotnet/sdk/10.0.401/Sdks/Microsoft.NET.Sdk/targets/Microsoft.NET.Sdk.DefaultItems.props",
        "DefiningProjectDirectory": "/workspace/.tools/dotnet/sdk/10.0.401/Sdks/Microsoft.NET.Sdk/targets/",
        "DefiningProjectName": "Microsoft.NET.Sdk.DefaultItems",
        "DefiningProjectExtension": ".props"
      },
      {
        "Identity": "ProgressBar.cs",
        "FullPath": "/workspace/team-c/c3-admin-symbol-errors-validation/framework/CUI/vendor/Avalonia/src/Avalonia.Controls/ProgressBar.cs",
        "RootDir": "/",
        "Filename": "ProgressBar",
        "Extension": ".cs",
        "RelativeDir": "",
        "Directory": "workspace/team-c/c3-admin-symbol-errors-validation/framework/CUI/vendor/Avalonia/src/Avalonia.Controls/",
        "RecursiveDir": "",
        "ModifiedTime": "",
        "CreatedTime": "",
        "AccessedTime": "",
        "DefiningProjectFullPath": "/workspace/.tools/dotnet/sdk/10.0.401/Sdks/Microsoft.NET.Sdk/targets/Microsoft.NET.Sdk.DefaultItems.props",
        "DefiningProjectDirectory": "/workspace/.tools/dotnet/sdk/10.0.401/Sdks/Microsoft.NET.Sdk/targets/",
        "DefiningProjectName": "Microsoft.NET.Sdk.DefaultItems",
        "DefiningProjectExtension": ".props"
      },
      {
        "Identity": "Properties/AssemblyInfo.cs",
        "FullPath": "/workspace/team-c/c3-admin-symbol-errors-validation/framework/CUI/vendor/Avalonia/src/Avalonia.Controls/Properties/AssemblyInfo.cs",
        "RootDir": "/",
        "Filename": "AssemblyInfo",
        "Extension": ".cs",
        "RelativeDir": "Properties/",
        "Directory": "workspace/team-c/c3-admin-symbol-errors-validation/framework/CUI/vendor/Avalonia/src/Avalonia.Controls/Properties/",
        "RecursiveDir": "Properties/",
        "ModifiedTime": "",
        "CreatedTime": "",
        "AccessedTime": "",
        "DefiningProjectFullPath": "/workspace/.tools/dotnet/sdk/10.0.401/Sdks/Microsoft.NET.Sdk/targets/Microsoft.NET.Sdk.DefaultItems.props",
        "DefiningProjectDirectory": "/workspace/.tools/dotnet/sdk/10.0.401/Sdks/Microsoft.NET.Sdk/targets/",
        "DefiningProjectName": "Microsoft.NET.Sdk.DefaultItems",
        "DefiningProjectExtension": ".props"
      },
      {
        "Identity": "PullToRefresh/RefreshCompletionDeferral.cs",
        "FullPath": "/workspace/team-c/c3-admin-symbol-errors-validation/framework/CUI/vendor/Avalonia/src/Avalonia.Controls/PullToRefresh/RefreshCompletionDeferral.cs",
        "RootDir": "/",
        "Filename": "RefreshCompletionDeferral",
        "Extension": ".cs",
        "RelativeDir": "PullToRefresh/",
        "Directory": "workspace/team-c/c3-admin-symbol-errors-validation/framework/CUI/vendor/Avalonia/src/Avalonia.Controls/PullToRefresh/",
        "RecursiveDir": "PullToRefresh/",
        "ModifiedTime": "",
        "CreatedTime": "",
        "AccessedTime": "",
        "DefiningProjectFullPath": "/workspace/.tools/dotnet/sdk/10.0.401/Sdks/Microsoft.NET.Sdk/targets/Microsoft.NET.Sdk.DefaultItems.props",
        "DefiningProjectDirectory": "/workspace/.tools/dotnet/sdk/10.0.401/Sdks/Microsoft.NET.Sdk/targets/",
        "DefiningProjectName": "Microsoft.NET.Sdk.DefaultItems",
        "DefiningProjectExtension": ".props"
      },
      {
        "Identity": "PullToRefresh/RefreshContainer.cs",
        "FullPath": "/workspace/team-c/c3-admin-symbol-errors-validation/framework/CUI/vendor/Avalonia/src/Avalonia.Controls/PullToRefresh/RefreshContainer.cs",
        "RootDir": "/",
        "Filename": "RefreshContainer",
        "Extension": ".cs",
        "RelativeDir": "PullToRefresh/",
        "Directory": "workspace/team-c/c3-admin-symbol-errors-validation/framework/CUI/vendor/Avalonia/src/Avalonia.Controls/PullToRefresh/",
        "RecursiveDir": "PullToRefresh/",
        "ModifiedTime": "",
        "CreatedTime": "",
        "AccessedTime": "",
        "DefiningProjectFullPath": "/workspace/.tools/dotnet/sdk/10.0.401/Sdks/Microsoft.NET.Sdk/targets/Microsoft.NET.Sdk.DefaultItems.props",
        "DefiningProjectDirectory": "/workspace/.tools/dotnet/sdk/10.0.401/Sdks/Microsoft.NET.Sdk/targets/",
        "DefiningProjectName": "Microsoft.NET.Sdk.DefaultItems",
        "DefiningProjectExtension": ".props"
      },
      {
        "Identity": "PullToRefresh/RefreshInfoProvider.cs",
        "FullPath": "/workspace/team-c/c3-admin-symbol-errors-validation/framework/CUI/vendor/Avalonia/src/Avalonia.Controls/PullToRefresh/RefreshInfoProvider.cs",
        "RootDir": "/",
        "Filename": "RefreshInfoProvider",
        "Extension": ".cs",
        "RelativeDir": "PullToRefresh/",
        "Directory": "workspace/team-c/c3-admin-symbol-errors-validation/framework/CUI/vendor/Avalonia/src/Avalonia.Controls/PullToRefresh/",
        "RecursiveDir": "PullToRefresh/",
        "ModifiedTime": "",
        "CreatedTime": "",
        "AccessedTime": "",
        "DefiningProjectFullPath": "/workspace/.tools/dotnet/sdk/10.0.401/Sdks/Microsoft.NET.Sdk/targets/Microsoft.NET.Sdk.DefaultItems.props",
        "DefiningProjectDirectory": "/workspace/.tools/dotnet/sdk/10.0.401/Sdks/Microsoft.NET.Sdk/targets/",
        "DefiningProjectName": "Microsoft.NET.Sdk.DefaultItems",
        "DefiningProjectExtension": ".props"
      },
      {
        "Identity": "PullToRefresh/RefreshRequestedEventArgs.cs",
        "FullPath": "/workspace/team-c/c3-admin-symbol-errors-validation/framework/CUI/vendor/Avalonia/src/Avalonia.Controls/PullToRefresh/RefreshRequestedEventArgs.cs",
        "RootDir": "/",
        "Filename": "RefreshRequestedEventArgs",
        "Extension": ".cs",
        "RelativeDir": "PullToRefresh/",
        "Directory": "workspace/team-c/c3-admin-symbol-errors-validation/framework/CUI/vendor/Avalonia/src/Avalonia.Controls/PullToRefresh/",
        "RecursiveDir": "PullToRefresh/",
        "ModifiedTime": "",
        "CreatedTime": "",
        "AccessedTime": "",
        "DefiningProjectFullPath": "/workspace/.tools/dotnet/sdk/10.0.401/Sdks/Microsoft.NET.Sdk/targets/Microsoft.NET.Sdk.DefaultItems.props",
        "DefiningProjectDirectory": "/workspace/.tools/dotnet/sdk/10.0.401/Sdks/Microsoft.NET.Sdk/targets/",
        "DefiningProjectName": "Microsoft.NET.Sdk.DefaultItems",
        "DefiningProjectExtension": ".props"
      },
      {
        "Identity": "PullToRefresh/RefreshVisualizer.cs",
        "FullPath": "/workspace/team-c/c3-admin-symbol-errors-validation/framework/CUI/vendor/Avalonia/src/Avalonia.Controls/PullToRefresh/RefreshVisualizer.cs",
        "RootDir": "/",
        "Filename": "RefreshVisualizer",
        "Extension": ".cs",
        "RelativeDir": "PullToRefresh/",
        "Directory": "workspace/team-c/c3-admin-symbol-errors-validation/framework/CUI/vendor/Avalonia/src/Avalonia.Controls/PullToRefresh/",
        "RecursiveDir": "PullToRefresh/",
        "ModifiedTime": "",
        "CreatedTime": "",
        "AccessedTime": "",
        "DefiningProjectFullPath": "/workspace/.tools/dotnet/sdk/10.0.401/Sdks/Microsoft.NET.Sdk/targets/Microsoft.NET.Sdk.DefaultItems.props",
        "DefiningProjectDirectory": "/workspace/.tools/dotnet/sdk/10.0.401/Sdks/Microsoft.NET.Sdk/targets/",
        "DefiningProjectName": "Microsoft.NET.Sdk.DefaultItems",
        "DefiningProjectExtension": ".props"
      },
      {
        "Identity": "PullToRefresh/RefreshVisualizerOrientation.cs",
        "FullPath": "/workspace/team-c/c3-admin-symbol-errors-validation/framework/CUI/vendor/Avalonia/src/Avalonia.Controls/PullToRefresh/RefreshVisualizerOrientation.cs",
        "RootDir": "/",
        "Filename": "RefreshVisualizerOrientation",
        "Extension": ".cs",
        "RelativeDir": "PullToRefresh/",
        "Directory": "workspace/team-c/c3-admin-symbol-errors-validation/framework/CUI/vendor/Avalonia/src/Avalonia.Controls/PullToRefresh/",
        "RecursiveDir": "PullToRefresh/",
        "ModifiedTime": "",
        "CreatedTime": "",
        "AccessedTime": "",
        "DefiningProjectFullPath": "/workspace/.tools/dotnet/sdk/10.0.401/Sdks/Microsoft.NET.Sdk/targets/Microsoft.NET.Sdk.DefaultItems.props",
        "DefiningProjectDirectory": "/workspace/.tools/dotnet/sdk/10.0.401/Sdks/Microsoft.NET.Sdk/targets/",
        "DefiningProjectName": "Microsoft.NET.Sdk.DefaultItems",
        "DefiningProjectExtension": ".props"
      },
      {
        "Identity": "PullToRefresh/RefreshVisualizerState.cs",
        "FullPath": "/workspace/team-c/c3-admin-symbol-errors-validation/framework/CUI/vendor/Avalonia/src/Avalonia.Controls/PullToRefresh/RefreshVisualizerState.cs",
        "RootDir": "/",
        "Filename": "RefreshVisualizerState",
        "Extension": ".cs",
        "RelativeDir": "PullToRefresh/",
        "Directory": "workspace/team-c/c3-admin-symbol-errors-validation/framework/CUI/vendor/Avalonia/src/Avalonia.Controls/PullToRefresh/",
        "RecursiveDir": "PullToRefresh/",
        "ModifiedTime": "",
        "CreatedTime": "",
        "AccessedTime": "",
        "DefiningProjectFullPath": "/workspace/.tools/dotnet/sdk/10.0.401/Sdks/Microsoft.NET.Sdk/targets/Microsoft.NET.Sdk.DefaultItems.props",
        "DefiningProjectDirectory": "/workspace/.tools/dotnet/sdk/10.0.401/Sdks/Microsoft.NET.Sdk/targets/",
        "DefiningProjectName": "Microsoft.NET.Sdk.DefaultItems",
        "DefiningProjectExtension": ".props"
      },
      {
        "Identity": "PullToRefresh/ScrollViewerIRefreshInfoProviderAdapter.cs",
        "FullPath": "/workspace/team-c/c3-admin-symbol-errors-validation/framework/CUI/vendor/Avalonia/src/Avalonia.Controls/PullToRefresh/ScrollViewerIRefreshInfoProviderAdapter.cs",
        "RootDir": "/",
        "Filename": "ScrollViewerIRefreshInfoProviderAdapter",
        "Extension": ".cs",
        "RelativeDir": "PullToRefresh/",
        "Directory": "workspace/team-c/c3-admin-symbol-errors-validation/framework/CUI/vendor/Avalonia/src/Avalonia.Controls/PullToRefresh/",
        "RecursiveDir": "PullToRefresh/",
        "ModifiedTime": "",
        "CreatedTime": "",
        "AccessedTime": "",
        "DefiningProjectFullPath": "/workspace/.tools/dotnet/sdk/10.0.401/Sdks/Microsoft.NET.Sdk/targets/Microsoft.NET.Sdk.DefaultItems.props",
        "DefiningProjectDirectory": "/workspace/.tools/dotnet/sdk/10.0.401/Sdks/Microsoft.NET.Sdk/targets/",
        "DefiningProjectName": "Microsoft.NET.Sdk.DefaultItems",
        "DefiningProjectExtension": ".props"
      },
      {
        "Identity": "RadioButton.cs",
        "FullPath": "/workspace/team-c/c3-admin-symbol-errors-validation/framework/CUI/vendor/Avalonia/src/Avalonia.Controls/RadioButton.cs",
        "RootDir": "/",
        "Filename": "RadioButton",
        "Extension": ".cs",
        "RelativeDir": "",
        "Directory": "workspace/team-c/c3-admin-symbol-errors-validation/framework/CUI/vendor/Avalonia/src/Avalonia.Controls/",
        "RecursiveDir": "",
        "ModifiedTime": "",
        "CreatedTime": "",
        "AccessedTime": "",
        "DefiningProjectFullPath": "/workspace/.tools/dotnet/sdk/10.0.401/Sdks/Microsoft.NET.Sdk/targets/Microsoft.NET.Sdk.DefaultItems.props",
        "DefiningProjectDirectory": "/workspace/.tools/dotnet/sdk/10.0.401/Sdks/Microsoft.NET.Sdk/targets/",
        "DefiningProjectName": "Microsoft.NET.Sdk.DefaultItems",
        "DefiningProjectExtension": ".props"
      },
      {
        "Identity": "RadioButtonGroupManager.cs",
        "FullPath": "/workspace/team-c/c3-admin-symbol-errors-validation/framework/CUI/vendor/Avalonia/src/Avalonia.Controls/RadioButtonGroupManager.cs",
        "RootDir": "/",
        "Filename": "RadioButtonGroupManager",
        "Extension": ".cs",
        "RelativeDir": "",
        "Directory": "workspace/team-c/c3-admin-symbol-errors-validation/framework/CUI/vendor/Avalonia/src/Avalonia.Controls/",
        "RecursiveDir": "",
        "ModifiedTime": "",
        "CreatedTime": "",
        "AccessedTime": "",
        "DefiningProjectFullPath": "/workspace/.tools/dotnet/sdk/10.0.401/Sdks/Microsoft.NET.Sdk/targets/Microsoft.NET.Sdk.DefaultItems.props",
        "DefiningProjectDirectory": "/workspace/.tools/dotnet/sdk/10.0.401/Sdks/Microsoft.NET.Sdk/targets/",
        "DefiningProjectName": "Microsoft.NET.Sdk.DefaultItems",
        "DefiningProjectExtension": ".props"
      },
      {
        "Identity": "RelativePanel.AttachedProperties.cs",
        "FullPath": "/workspace/team-c/c3-admin-symbol-errors-validation/framework/CUI/vendor/Avalonia/src/Avalonia.Controls/RelativePanel.AttachedProperties.cs",
        "RootDir": "/",
        "Filename": "RelativePanel.AttachedProperties",
        "Extension": ".cs",
        "RelativeDir": "",
        "Directory": "workspace/team-c/c3-admin-symbol-errors-validation/framework/CUI/vendor/Avalonia/src/Avalonia.Controls/",
        "RecursiveDir": "",
        "ModifiedTime": "",
        "CreatedTime": "",
        "AccessedTime": "",
        "DefiningProjectFullPath": "/workspace/.tools/dotnet/sdk/10.0.401/Sdks/Microsoft.NET.Sdk/targets/Microsoft.NET.Sdk.DefaultItems.props",
        "DefiningProjectDirectory": "/workspace/.tools/dotnet/sdk/10.0.401/Sdks/Microsoft.NET.Sdk/targets/",
        "DefiningProjectName": "Microsoft.NET.Sdk.DefaultItems",
        "DefiningProjectExtension": ".props"
      },
      {
        "Identity": "RelativePanel.cs",
        "FullPath": "/workspace/team-c/c3-admin-symbol-errors-validation/framework/CUI/vendor/Avalonia/src/Avalonia.Controls/RelativePanel.cs",
        "RootDir": "/",
        "Filename": "RelativePanel",
        "Extension": ".cs",
        "RelativeDir": "",
        "Directory": "workspace/team-c/c3-admin-symbol-errors-validation/framework/CUI/vendor/Avalonia/src/Avalonia.Controls/",
        "RecursiveDir": "",
        "ModifiedTime": "",
        "CreatedTime": "",
        "AccessedTime": "",
        "DefiningProjectFullPath": "/workspace/.tools/dotnet/sdk/10.0.401/Sdks/Microsoft.NET.Sdk/targets/Microsoft.NET.Sdk.DefaultItems.props",
        "DefiningProjectDirectory": "/workspace/.tools/dotnet/sdk/10.0.401/Sdks/Microsoft.NET.Sdk/targets/",
        "DefiningProjectName": "Microsoft.NET.Sdk.DefaultItems",
        "DefiningProjectExtension": ".props"
      },
      {
        "Identity": "Remote/RemoteServer.cs",
        "FullPath": "/workspace/team-c/c3-admin-symbol-errors-validation/framework/CUI/vendor/Avalonia/src/Avalonia.Controls/Remote/RemoteServer.cs",
        "RootDir": "/",
        "Filename": "RemoteServer",
        "Extension": ".cs",
        "RelativeDir": "Remote/",
        "Directory": "workspace/team-c/c3-admin-symbol-errors-validation/framework/CUI/vendor/Avalonia/src/Avalonia.Controls/Remote/",
        "RecursiveDir": "Remote/",
        "ModifiedTime": "",
        "CreatedTime": "",
        "AccessedTime": "",
        "DefiningProjectFullPath": "/workspace/.tools/dotnet/sdk/10.0.401/Sdks/Microsoft.NET.Sdk/targets/Microsoft.NET.Sdk.DefaultItems.props",
        "DefiningProjectDirectory": "/workspace/.tools/dotnet/sdk/10.0.401/Sdks/Microsoft.NET.Sdk/targets/",
        "DefiningProjectName": "Microsoft.NET.Sdk.DefaultItems",
        "DefiningProjectExtension": ".props"
      },
      {
        "Identity": "Remote/RemoteWidget.cs",
        "FullPath": "/workspace/team-c/c3-admin-symbol-errors-validation/framework/CUI/vendor/Avalonia/src/Avalonia.Controls/Remote/RemoteWidget.cs",
        "RootDir": "/",
        "Filename": "RemoteWidget",
        "Extension": ".cs",
        "RelativeDir": "Remote/",
        "Directory": "workspace/team-c/c3-admin-symbol-errors-validation/framework/CUI/vendor/Avalonia/src/Avalonia.Controls/Remote/",
        "RecursiveDir": "Remote/",
        "ModifiedTime": "",
        "CreatedTime": "",
        "AccessedTime": "",
        "DefiningProjectFullPath": "/workspace/.tools/dotnet/sdk/10.0.401/Sdks/Microsoft.NET.Sdk/targets/Microsoft.NET.Sdk.DefaultItems.props",
        "DefiningProjectDirectory": "/workspace/.tools/dotnet/sdk/10.0.401/Sdks/Microsoft.NET.Sdk/targets/",
        "DefiningProjectName": "Microsoft.NET.Sdk.DefaultItems",
        "DefiningProjectExtension": ".props"
      },
      {
        "Identity": "Remote/Server/RemoteServerTopLevelImpl.cs",
        "FullPath": "/workspace/team-c/c3-admin-symbol-errors-validation/framework/CUI/vendor/Avalonia/src/Avalonia.Controls/Remote/Server/RemoteServerTopLevelImpl.cs",
        "RootDir": "/",
        "Filename": "RemoteServerTopLevelImpl",
        "Extension": ".cs",
        "RelativeDir": "Remote/Server/",
        "Directory": "workspace/team-c/c3-admin-symbol-errors-validation/framework/CUI/vendor/Avalonia/src/Avalonia.Controls/Remote/Server/",
        "RecursiveDir": "Remote/Server/",
        "ModifiedTime": "",
        "CreatedTime": "",
        "AccessedTime": "",
        "DefiningProjectFullPath": "/workspace/.tools/dotnet/sdk/10.0.401/Sdks/Microsoft.NET.Sdk/targets/Microsoft.NET.Sdk.DefaultItems.props",
        "DefiningProjectDirectory": "/workspace/.tools/dotnet/sdk/10.0.401/Sdks/Microsoft.NET.Sdk/targets/",
        "DefiningProjectName": "Microsoft.NET.Sdk.DefaultItems",
        "DefiningProjectExtension": ".props"
      },
      {
        "Identity": "Remote/Server/RemoteServerTopLevelImpl.Framebuffer.cs",
        "FullPath": "/workspace/team-c/c3-admin-symbol-errors-validation/framework/CUI/vendor/Avalonia/src/Avalonia.Controls/Remote/Server/RemoteServerTopLevelImpl.Framebuffer.cs",
        "RootDir": "/",
        "Filename": "RemoteServerTopLevelImpl.Framebuffer",
        "Extension": ".cs",
        "RelativeDir": "Remote/Server/",
        "Directory": "workspace/team-c/c3-admin-symbol-errors-validation/framework/CUI/vendor/Avalonia/src/Avalonia.Controls/Remote/Server/",
        "RecursiveDir": "Remote/Server/",
        "ModifiedTime": "",
        "CreatedTime": "",
        "AccessedTime": "",
        "DefiningProjectFullPath": "/workspace/.tools/dotnet/sdk/10.0.401/Sdks/Microsoft.NET.Sdk/targets/Microsoft.NET.Sdk.DefaultItems.props",
        "DefiningProjectDirectory": "/workspace/.tools/dotnet/sdk/10.0.401/Sdks/Microsoft.NET.Sdk/targets/",
        "DefiningProjectName": "Microsoft.NET.Sdk.DefaultItems",
        "DefiningProjectExtension": ".props"
      },
      {
        "Identity": "RepeatButton.cs",
        "FullPath": "/workspace/team-c/c3-admin-symbol-errors-validation/framework/CUI/vendor/Avalonia/src/Avalonia.Controls/RepeatButton.cs",
        "RootDir": "/",
        "Filename": "RepeatButton",
        "Extension": ".cs",
        "RelativeDir": "",
        "Directory": "workspace/team-c/c3-admin-symbol-errors-validation/framework/CUI/vendor/Avalonia/src/Avalonia.Controls/",
        "RecursiveDir": "",
        "ModifiedTime": "",
        "CreatedTime": "",
        "AccessedTime": "",
        "DefiningProjectFullPath": "/workspace/.tools/dotnet/sdk/10.0.401/Sdks/Microsoft.NET.Sdk/targets/Microsoft.NET.Sdk.DefaultItems.props",
        "DefiningProjectDirectory": "/workspace/.tools/dotnet/sdk/10.0.401/Sdks/Microsoft.NET.Sdk/targets/",
        "DefiningProjectName": "Microsoft.NET.Sdk.DefaultItems",
        "DefiningProjectExtension": ".props"
      },
      {
        "Identity": "RequestBringIntoViewEventArgs.cs",
        "FullPath": "/workspace/team-c/c3-admin-symbol-errors-validation/framework/CUI/vendor/Avalonia/src/Avalonia.Controls/RequestBringIntoViewEventArgs.cs",
        "RootDir": "/",
        "Filename": "RequestBringIntoViewEventArgs",
        "Extension": ".cs",
        "RelativeDir": "",
        "Directory": "workspace/team-c/c3-admin-symbol-errors-validation/framework/CUI/vendor/Avalonia/src/Avalonia.Controls/",
        "RecursiveDir": "",
        "ModifiedTime": "",
        "CreatedTime": "",
        "AccessedTime": "",
        "DefiningProjectFullPath": "/workspace/.tools/dotnet/sdk/10.0.401/Sdks/Microsoft.NET.Sdk/targets/Microsoft.NET.Sdk.DefaultItems.props",
        "DefiningProjectDirectory": "/workspace/.tools/dotnet/sdk/10.0.401/Sdks/Microsoft.NET.Sdk/targets/",
        "DefiningProjectName": "Microsoft.NET.Sdk.DefaultItems",
        "DefiningProjectExtension": ".props"
      },
      {
        "Identity": "ResolveByNameAttribute.cs",
        "FullPath": "/workspace/team-c/c3-admin-symbol-errors-validation/framework/CUI/vendor/Avalonia/src/Avalonia.Controls/ResolveByNameAttribute.cs",
        "RootDir": "/",
        "Filename": "ResolveByNameAttribute",
        "Extension": ".cs",
        "RelativeDir": "",
        "Directory": "workspace/team-c/c3-admin-symbol-errors-validation/framework/CUI/vendor/Avalonia/src/Avalonia.Controls/",
        "RecursiveDir": "",
        "ModifiedTime": "",
        "CreatedTime": "",
        "AccessedTime": "",
        "DefiningProjectFullPath": "/workspace/.tools/dotnet/sdk/10.0.401/Sdks/Microsoft.NET.Sdk/targets/Microsoft.NET.Sdk.DefaultItems.props",
        "DefiningProjectDirectory": "/workspace/.tools/dotnet/sdk/10.0.401/Sdks/Microsoft.NET.Sdk/targets/",
        "DefiningProjectName": "Microsoft.NET.Sdk.DefaultItems",
        "DefiningProjectExtension": ".props"
      },
      {
        "Identity": "RowDefinition.cs",
        "FullPath": "/workspace/team-c/c3-admin-symbol-errors-validation/framework/CUI/vendor/Avalonia/src/Avalonia.Controls/RowDefinition.cs",
        "RootDir": "/",
        "Filename": "RowDefinition",
        "Extension": ".cs",
        "RelativeDir": "",
        "Directory": "workspace/team-c/c3-admin-symbol-errors-validation/framework/CUI/vendor/Avalonia/src/Avalonia.Controls/",
        "RecursiveDir": "",
        "ModifiedTime": "",
        "CreatedTime": "",
        "AccessedTime": "",
        "DefiningProjectFullPath": "/workspace/.tools/dotnet/sdk/10.0.401/Sdks/Microsoft.NET.Sdk/targets/Microsoft.NET.Sdk.DefaultItems.props",
        "DefiningProjectDirectory": "/workspace/.tools/dotnet/sdk/10.0.401/Sdks/Microsoft.NET.Sdk/targets/",
        "DefiningProjectName": "Microsoft.NET.Sdk.DefaultItems",
        "DefiningProjectExtension": ".props"
      },
      {
        "Identity": "RowDefinitions.cs",
        "FullPath": "/workspace/team-c/c3-admin-symbol-errors-validation/framework/CUI/vendor/Avalonia/src/Avalonia.Controls/RowDefinitions.cs",
        "RootDir": "/",
        "Filename": "RowDefinitions",
        "Extension": ".cs",
        "RelativeDir": "",
        "Directory": "workspace/team-c/c3-admin-symbol-errors-validation/framework/CUI/vendor/Avalonia/src/Avalonia.Controls/",
        "RecursiveDir": "",
        "ModifiedTime": "",
        "CreatedTime": "",
        "AccessedTime": "",
        "DefiningProjectFullPath": "/workspace/.tools/dotnet/sdk/10.0.401/Sdks/Microsoft.NET.Sdk/targets/Microsoft.NET.Sdk.DefaultItems.props",
        "DefiningProjectDirectory": "/workspace/.tools/dotnet/sdk/10.0.401/Sdks/Microsoft.NET.Sdk/targets/",
        "DefiningProjectName": "Microsoft.NET.Sdk.DefaultItems",
        "DefiningProjectExtension": ".props"
      },
      {
        "Identity": "Screens.cs",
        "FullPath": "/workspace/team-c/c3-admin-symbol-errors-validation/framework/CUI/vendor/Avalonia/src/Avalonia.Controls/Screens.cs",
        "RootDir": "/",
        "Filename": "Screens",
        "Extension": ".cs",
        "RelativeDir": "",
        "Directory": "workspace/team-c/c3-admin-symbol-errors-validation/framework/CUI/vendor/Avalonia/src/Avalonia.Controls/",
        "RecursiveDir": "",
        "ModifiedTime": "",
        "CreatedTime": "",
        "AccessedTime": "",
        "DefiningProjectFullPath": "/workspace/.tools/dotnet/sdk/10.0.401/Sdks/Microsoft.NET.Sdk/targets/Microsoft.NET.Sdk.DefaultItems.props",
        "DefiningProjectDirectory": "/workspace/.tools/dotnet/sdk/10.0.401/Sdks/Microsoft.NET.Sdk/targets/",
        "DefiningProjectName": "Microsoft.NET.Sdk.DefaultItems",
        "DefiningProjectExtension": ".props"
      },
      {
        "Identity": "ScrollChangedEventArgs.cs",
        "FullPath": "/workspace/team-c/c3-admin-symbol-errors-validation/framework/CUI/vendor/Avalonia/src/Avalonia.Controls/ScrollChangedEventArgs.cs",
        "RootDir": "/",
        "Filename": "ScrollChangedEventArgs",
        "Extension": ".cs",
        "RelativeDir": "",
        "Directory": "workspace/team-c/c3-admin-symbol-errors-validation/framework/CUI/vendor/Avalonia/src/Avalonia.Controls/",
        "RecursiveDir": "",
        "ModifiedTime": "",
        "CreatedTime": "",
        "AccessedTime": "",
        "DefiningProjectFullPath": "/workspace/.tools/dotnet/sdk/10.0.401/Sdks/Microsoft.NET.Sdk/targets/Microsoft.NET.Sdk.DefaultItems.props",
        "DefiningProjectDirectory": "/workspace/.tools/dotnet/sdk/10.0.401/Sdks/Microsoft.NET.Sdk/targets/",
        "DefiningProjectName": "Microsoft.NET.Sdk.DefaultItems",
        "DefiningProjectExtension": ".props"
      },
      {
        "Identity": "ScrollViewer.cs",
        "FullPath": "/workspace/team-c/c3-admin-symbol-errors-validation/framework/CUI/vendor/Avalonia/src/Avalonia.Controls/ScrollViewer.cs",
        "RootDir": "/",
        "Filename": "ScrollViewer",
        "Extension": ".cs",
        "RelativeDir": "",
        "Directory": "workspace/team-c/c3-admin-symbol-errors-validation/framework/CUI/vendor/Avalonia/src/Avalonia.Controls/",
        "RecursiveDir": "",
        "ModifiedTime": "",
        "CreatedTime": "",
        "AccessedTime": "",
        "DefiningProjectFullPath": "/workspace/.tools/dotnet/sdk/10.0.401/Sdks/Microsoft.NET.Sdk/targets/Microsoft.NET.Sdk.DefaultItems.props",
        "DefiningProjectDirectory": "/workspace/.tools/dotnet/sdk/10.0.401/Sdks/Microsoft.NET.Sdk/targets/",
        "DefiningProjectName": "Microsoft.NET.Sdk.DefaultItems",
        "DefiningProjectExtension": ".props"
      },
      {
        "Identity": "SelectableTextBlock.cs",
        "FullPath": "/workspace/team-c/c3-admin-symbol-errors-validation/framework/CUI/vendor/Avalonia/src/Avalonia.Controls/SelectableTextBlock.cs",
        "RootDir": "/",
        "Filename": "SelectableTextBlock",
        "Extension": ".cs",
        "RelativeDir": "",
        "Directory": "workspace/team-c/c3-admin-symbol-errors-validation/framework/CUI/vendor/Avalonia/src/Avalonia.Controls/",
        "RecursiveDir": "",
        "ModifiedTime": "",
        "CreatedTime": "",
        "AccessedTime": "",
        "DefiningProjectFullPath": "/workspace/.tools/dotnet/sdk/10.0.401/Sdks/Microsoft.NET.Sdk/targets/Microsoft.NET.Sdk.DefaultItems.props",
        "DefiningProjectDirectory": "/workspace/.tools/dotnet/sdk/10.0.401/Sdks/Microsoft.NET.Sdk/targets/",
        "DefiningProjectName": "Microsoft.NET.Sdk.DefaultItems",
        "DefiningProjectExtension": ".props"
      },
      {
        "Identity": "Selection/IndexRange.cs",
        "FullPath": "/workspace/team-c/c3-admin-symbol-errors-validation/framework/CUI/vendor/Avalonia/src/Avalonia.Controls/Selection/IndexRange.cs",
        "RootDir": "/",
        "Filename": "IndexRange",
        "Extension": ".cs",
        "RelativeDir": "Selection/",
        "Directory": "workspace/team-c/c3-admin-symbol-errors-validation/framework/CUI/vendor/Avalonia/src/Avalonia.Controls/Selection/",
        "RecursiveDir": "Selection/",
        "ModifiedTime": "",
        "CreatedTime": "",
        "AccessedTime": "",
        "DefiningProjectFullPath": "/workspace/.tools/dotnet/sdk/10.0.401/Sdks/Microsoft.NET.Sdk/targets/Microsoft.NET.Sdk.DefaultItems.props",
        "DefiningProjectDirectory": "/workspace/.tools/dotnet/sdk/10.0.401/Sdks/Microsoft.NET.Sdk/targets/",
        "DefiningProjectName": "Microsoft.NET.Sdk.DefaultItems",
        "DefiningProjectExtension": ".props"
      },
      {
        "Identity": "Selection/InternalSelectionModel.cs",
        "FullPath": "/workspace/team-c/c3-admin-symbol-errors-validation/framework/CUI/vendor/Avalonia/src/Avalonia.Controls/Selection/InternalSelectionModel.cs",
        "RootDir": "/",
        "Filename": "InternalSelectionModel",
        "Extension": ".cs",
        "RelativeDir": "Selection/",
        "Directory": "workspace/team-c/c3-admin-symbol-errors-validation/framework/CUI/vendor/Avalonia/src/Avalonia.Controls/Selection/",
        "RecursiveDir": "Selection/",
        "ModifiedTime": "",
        "CreatedTime": "",
        "AccessedTime": "",
        "DefiningProjectFullPath": "/workspace/.tools/dotnet/sdk/10.0.401/Sdks/Microsoft.NET.Sdk/targets/Microsoft.NET.Sdk.DefaultItems.props",
        "DefiningProjectDirectory": "/workspace/.tools/dotnet/sdk/10.0.401/Sdks/Microsoft.NET.Sdk/targets/",
        "DefiningProjectName": "Microsoft.NET.Sdk.DefaultItems",
        "DefiningProjectExtension": ".props"
      },
      {
        "Identity": "Selection/ISelectionModel.cs",
        "FullPath": "/workspace/team-c/c3-admin-symbol-errors-validation/framework/CUI/vendor/Avalonia/src/Avalonia.Controls/Selection/ISelectionModel.cs",
        "RootDir": "/",
        "Filename": "ISelectionModel",
        "Extension": ".cs",
        "RelativeDir": "Selection/",
        "Directory": "workspace/team-c/c3-admin-symbol-errors-validation/framework/CUI/vendor/Avalonia/src/Avalonia.Controls/Selection/",
        "RecursiveDir": "Selection/",
        "ModifiedTime": "",
        "CreatedTime": "",
        "AccessedTime": "",
        "DefiningProjectFullPath": "/workspace/.tools/dotnet/sdk/10.0.401/Sdks/Microsoft.NET.Sdk/targets/Microsoft.NET.Sdk.DefaultItems.props",
        "DefiningProjectDirectory": "/workspace/.tools/dotnet/sdk/10.0.401/Sdks/Microsoft.NET.Sdk/targets/",
        "DefiningProjectName": "Microsoft.NET.Sdk.DefaultItems",
        "DefiningProjectExtension": ".props"
      },
      {
        "Identity": "Selection/ReadOnlySelectionListBase.cs",
        "FullPath": "/workspace/team-c/c3-admin-symbol-errors-validation/framework/CUI/vendor/Avalonia/src/Avalonia.Controls/Selection/ReadOnlySelectionListBase.cs",
        "RootDir": "/",
        "Filename": "ReadOnlySelectionListBase",
        "Extension": ".cs",
        "RelativeDir": "Selection/",
        "Directory": "workspace/team-c/c3-admin-symbol-errors-validation/framework/CUI/vendor/Avalonia/src/Avalonia.Controls/Selection/",
        "RecursiveDir": "Selection/",
        "ModifiedTime": "",
        "CreatedTime": "",
        "AccessedTime": "",
        "DefiningProjectFullPath": "/workspace/.tools/dotnet/sdk/10.0.401/Sdks/Microsoft.NET.Sdk/targets/Microsoft.NET.Sdk.DefaultItems.props",
        "DefiningProjectDirectory": "/workspace/.tools/dotnet/sdk/10.0.401/Sdks/Microsoft.NET.Sdk/targets/",
        "DefiningProjectName": "Microsoft.NET.Sdk.DefaultItems",
        "DefiningProjectExtension": ".props"
      },
      {
        "Identity": "Selection/SelectedIndexes.cs",
        "FullPath": "/workspace/team-c/c3-admin-symbol-errors-validation/framework/CUI/vendor/Avalonia/src/Avalonia.Controls/Selection/SelectedIndexes.cs",
        "RootDir": "/",
        "Filename": "SelectedIndexes",
        "Extension": ".cs",
        "RelativeDir": "Selection/",
        "Directory": "workspace/team-c/c3-admin-symbol-errors-validation/framework/CUI/vendor/Avalonia/src/Avalonia.Controls/Selection/",
        "RecursiveDir": "Selection/",
        "ModifiedTime": "",
        "CreatedTime": "",
        "AccessedTime": "",
        "DefiningProjectFullPath": "/workspace/.tools/dotnet/sdk/10.0.401/Sdks/Microsoft.NET.Sdk/targets/Microsoft.NET.Sdk.DefaultItems.props",
        "DefiningProjectDirectory": "/workspace/.tools/dotnet/sdk/10.0.401/Sdks/Microsoft.NET.Sdk/targets/",
        "DefiningProjectName": "Microsoft.NET.Sdk.DefaultItems",
        "DefiningProjectExtension": ".props"
      },
      {
        "Identity": "Selection/SelectedItems.cs",
        "FullPath": "/workspace/team-c/c3-admin-symbol-errors-validation/framework/CUI/vendor/Avalonia/src/Avalonia.Controls/Selection/SelectedItems.cs",
        "RootDir": "/",
        "Filename": "SelectedItems",
        "Extension": ".cs",
        "RelativeDir": "Selection/",
        "Directory": "workspace/team-c/c3-admin-symbol-errors-validation/framework/CUI/vendor/Avalonia/src/Avalonia.Controls/Selection/",
        "RecursiveDir": "Selection/",
        "ModifiedTime": "",
        "CreatedTime": "",
        "AccessedTime": "",
        "DefiningProjectFullPath": "/workspace/.tools/dotnet/sdk/10.0.401/Sdks/Microsoft.NET.Sdk/targets/Microsoft.NET.Sdk.DefaultItems.props",
        "DefiningProjectDirectory": "/workspace/.tools/dotnet/sdk/10.0.401/Sdks/Microsoft.NET.Sdk/targets/",
        "DefiningProjectName": "Microsoft.NET.Sdk.DefaultItems",
        "DefiningProjectExtension": ".props"
      },
      {
        "Identity": "Selection/SelectionModel.cs",
        "FullPath": "/workspace/team-c/c3-admin-symbol-errors-validation/framework/CUI/vendor/Avalonia/src/Avalonia.Controls/Selection/SelectionModel.cs",
        "RootDir": "/",
        "Filename": "SelectionModel",
        "Extension": ".cs",
        "RelativeDir": "Selection/",
        "Directory": "workspace/team-c/c3-admin-symbol-errors-validation/framework/CUI/vendor/Avalonia/src/Avalonia.Controls/Selection/",
        "RecursiveDir": "Selection/",
        "ModifiedTime": "",
        "CreatedTime": "",
        "AccessedTime": "",
        "DefiningProjectFullPath": "/workspace/.tools/dotnet/sdk/10.0.401/Sdks/Microsoft.NET.Sdk/targets/Microsoft.NET.Sdk.DefaultItems.props",
        "DefiningProjectDirectory": "/workspace/.tools/dotnet/sdk/10.0.401/Sdks/Microsoft.NET.Sdk/targets/",
        "DefiningProjectName": "Microsoft.NET.Sdk.DefaultItems",
        "DefiningProjectExtension": ".props"
      },
      {
        "Identity": "Selection/SelectionModelIndexesChangedEventArgs.cs",
        "FullPath": "/workspace/team-c/c3-admin-symbol-errors-validation/framework/CUI/vendor/Avalonia/src/Avalonia.Controls/Selection/SelectionModelIndexesChangedEventArgs.cs",
        "RootDir": "/",
        "Filename": "SelectionModelIndexesChangedEventArgs",
        "Extension": ".cs",
        "RelativeDir": "Selection/",
        "Directory": "workspace/team-c/c3-admin-symbol-errors-validation/framework/CUI/vendor/Avalonia/src/Avalonia.Controls/Selection/",
        "RecursiveDir": "Selection/",
        "ModifiedTime": "",
        "CreatedTime": "",
        "AccessedTime": "",
        "DefiningProjectFullPath": "/workspace/.tools/dotnet/sdk/10.0.401/Sdks/Microsoft.NET.Sdk/targets/Microsoft.NET.Sdk.DefaultItems.props",
        "DefiningProjectDirectory": "/workspace/.tools/dotnet/sdk/10.0.401/Sdks/Microsoft.NET.Sdk/targets/",
        "DefiningProjectName": "Microsoft.NET.Sdk.DefaultItems",
        "DefiningProjectExtension": ".props"
      },
      {
        "Identity": "Selection/SelectionModelSelectionChangedEventArgs.cs",
        "FullPath": "/workspace/team-c/c3-admin-symbol-errors-validation/framework/CUI/vendor/Avalonia/src/Avalonia.Controls/Selection/SelectionModelSelectionChangedEventArgs.cs",
        "RootDir": "/",
        "Filename": "SelectionModelSelectionChangedEventArgs",
        "Extension": ".cs",
        "RelativeDir": "Selection/",
        "Directory": "workspace/team-c/c3-admin-symbol-errors-validation/framework/CUI/vendor/Avalonia/src/Avalonia.Controls/Selection/",
        "RecursiveDir": "Selection/",
        "ModifiedTime": "",
        "CreatedTime": "",
        "AccessedTime": "",
        "DefiningProjectFullPath": "/workspace/.tools/dotnet/sdk/10.0.401/Sdks/Microsoft.NET.Sdk/targets/Microsoft.NET.Sdk.DefaultItems.props",
        "DefiningProjectDirectory": "/workspace/.tools/dotnet/sdk/10.0.401/Sdks/Microsoft.NET.Sdk/targets/",
        "DefiningProjectName": "Microsoft.NET.Sdk.DefaultItems",
        "DefiningProjectExtension": ".props"
      },
      {
        "Identity": "Selection/SelectionNodeBase.cs",
        "FullPath": "/workspace/team-c/c3-admin-symbol-errors-validation/framework/CUI/vendor/Avalonia/src/Avalonia.Controls/Selection/SelectionNodeBase.cs",
        "RootDir": "/",
        "Filename": "SelectionNodeBase",
        "Extension": ".cs",
        "RelativeDir": "Selection/",
        "Directory": "workspace/team-c/c3-admin-symbol-errors-validation/framework/CUI/vendor/Avalonia/src/Avalonia.Controls/Selection/",
        "RecursiveDir": "Selection/",
        "ModifiedTime": "",
        "CreatedTime": "",
        "AccessedTime": "",
        "DefiningProjectFullPath": "/workspace/.tools/dotnet/sdk/10.0.401/Sdks/Microsoft.NET.Sdk/targets/Microsoft.NET.Sdk.DefaultItems.props",
        "DefiningProjectDirectory": "/workspace/.tools/dotnet/sdk/10.0.401/Sdks/Microsoft.NET.Sdk/targets/",
        "DefiningProjectName": "Microsoft.NET.Sdk.DefaultItems",
        "DefiningProjectExtension": ".props"
      },
      {
        "Identity": "SelectionChangedEventArgs.cs",
        "FullPath": "/workspace/team-c/c3-admin-symbol-errors-validation/framework/CUI/vendor/Avalonia/src/Avalonia.Controls/SelectionChangedEventArgs.cs",
        "RootDir": "/",
        "Filename": "SelectionChangedEventArgs",
        "Extension": ".cs",
        "RelativeDir": "",
        "Directory": "workspace/team-c/c3-admin-symbol-errors-validation/framework/CUI/vendor/Avalonia/src/Avalonia.Controls/",
        "RecursiveDir": "",
        "ModifiedTime": "",
        "CreatedTime": "",
        "AccessedTime": "",
        "DefiningProjectFullPath": "/workspace/.tools/dotnet/sdk/10.0.401/Sdks/Microsoft.NET.Sdk/targets/Microsoft.NET.Sdk.DefaultItems.props",
        "DefiningProjectDirectory": "/workspace/.tools/dotnet/sdk/10.0.401/Sdks/Microsoft.NET.Sdk/targets/",
        "DefiningProjectName": "Microsoft.NET.Sdk.DefaultItems",
        "DefiningProjectExtension": ".props"
      },
      {
        "Identity": "SelectionMode.cs",
        "FullPath": "/workspace/team-c/c3-admin-symbol-errors-validation/framework/CUI/vendor/Avalonia/src/Avalonia.Controls/SelectionMode.cs",
        "RootDir": "/",
        "Filename": "SelectionMode",
        "Extension": ".cs",
        "RelativeDir": "",
        "Directory": "workspace/team-c/c3-admin-symbol-errors-validation/framework/CUI/vendor/Avalonia/src/Avalonia.Controls/",
        "RecursiveDir": "",
        "ModifiedTime": "",
        "CreatedTime": "",
        "AccessedTime": "",
        "DefiningProjectFullPath": "/workspace/.tools/dotnet/sdk/10.0.401/Sdks/Microsoft.NET.Sdk/targets/Microsoft.NET.Sdk.DefaultItems.props",
        "DefiningProjectDirectory": "/workspace/.tools/dotnet/sdk/10.0.401/Sdks/Microsoft.NET.Sdk/targets/",
        "DefiningProjectName": "Microsoft.NET.Sdk.DefaultItems",
        "DefiningProjectExtension": ".props"
      },
      {
        "Identity": "Separator.cs",
        "FullPath": "/workspace/team-c/c3-admin-symbol-errors-validation/framework/CUI/vendor/Avalonia/src/Avalonia.Controls/Separator.cs",
        "RootDir": "/",
        "Filename": "Separator",
        "Extension": ".cs",
        "RelativeDir": "",
        "Directory": "workspace/team-c/c3-admin-symbol-errors-validation/framework/CUI/vendor/Avalonia/src/Avalonia.Controls/",
        "RecursiveDir": "",
        "ModifiedTime": "",
        "CreatedTime": "",
        "AccessedTime": "",
        "DefiningProjectFullPath": "/workspace/.tools/dotnet/sdk/10.0.401/Sdks/Microsoft.NET.Sdk/targets/Microsoft.NET.Sdk.DefaultItems.props",
        "DefiningProjectDirectory": "/workspace/.tools/dotnet/sdk/10.0.401/Sdks/Microsoft.NET.Sdk/targets/",
        "DefiningProjectName": "Microsoft.NET.Sdk.DefaultItems",
        "DefiningProjectExtension": ".props"
      },
      {
        "Identity": "Shapes/Arc.cs",
        "FullPath": "/workspace/team-c/c3-admin-symbol-errors-validation/framework/CUI/vendor/Avalonia/src/Avalonia.Controls/Shapes/Arc.cs",
        "RootDir": "/",
        "Filename": "Arc",
        "Extension": ".cs",
        "RelativeDir": "Shapes/",
        "Directory": "workspace/team-c/c3-admin-symbol-errors-validation/framework/CUI/vendor/Avalonia/src/Avalonia.Controls/Shapes/",
        "RecursiveDir": "Shapes/",
        "ModifiedTime": "",
        "CreatedTime": "",
        "AccessedTime": "",
        "DefiningProjectFullPath": "/workspace/.tools/dotnet/sdk/10.0.401/Sdks/Microsoft.NET.Sdk/targets/Microsoft.NET.Sdk.DefaultItems.props",
        "DefiningProjectDirectory": "/workspace/.tools/dotnet/sdk/10.0.401/Sdks/Microsoft.NET.Sdk/targets/",
        "DefiningProjectName": "Microsoft.NET.Sdk.DefaultItems",
        "DefiningProjectExtension": ".props"
      },
      {
        "Identity": "Shapes/Ellipse.cs",
        "FullPath": "/workspace/team-c/c3-admin-symbol-errors-validation/framework/CUI/vendor/Avalonia/src/Avalonia.Controls/Shapes/Ellipse.cs",
        "RootDir": "/",
        "Filename": "Ellipse",
        "Extension": ".cs",
        "RelativeDir": "Shapes/",
        "Directory": "workspace/team-c/c3-admin-symbol-errors-validation/framework/CUI/vendor/Avalonia/src/Avalonia.Controls/Shapes/",
        "RecursiveDir": "Shapes/",
        "ModifiedTime": "",
        "CreatedTime": "",
        "AccessedTime": "",
        "DefiningProjectFullPath": "/workspace/.tools/dotnet/sdk/10.0.401/Sdks/Microsoft.NET.Sdk/targets/Microsoft.NET.Sdk.DefaultItems.props",
        "DefiningProjectDirectory": "/workspace/.tools/dotnet/sdk/10.0.401/Sdks/Microsoft.NET.Sdk/targets/",
        "DefiningProjectName": "Microsoft.NET.Sdk.DefaultItems",
        "DefiningProjectExtension": ".props"
      },
      {
        "Identity": "Shapes/Line.cs",
        "FullPath": "/workspace/team-c/c3-admin-symbol-errors-validation/framework/CUI/vendor/Avalonia/src/Avalonia.Controls/Shapes/Line.cs",
        "RootDir": "/",
        "Filename": "Line",
        "Extension": ".cs",
        "RelativeDir": "Shapes/",
        "Directory": "workspace/team-c/c3-admin-symbol-errors-validation/framework/CUI/vendor/Avalonia/src/Avalonia.Controls/Shapes/",
        "RecursiveDir": "Shapes/",
        "ModifiedTime": "",
        "CreatedTime": "",
        "AccessedTime": "",
        "DefiningProjectFullPath": "/workspace/.tools/dotnet/sdk/10.0.401/Sdks/Microsoft.NET.Sdk/targets/Microsoft.NET.Sdk.DefaultItems.props",
        "DefiningProjectDirectory": "/workspace/.tools/dotnet/sdk/10.0.401/Sdks/Microsoft.NET.Sdk/targets/",
        "DefiningProjectName": "Microsoft.NET.Sdk.DefaultItems",
        "DefiningProjectExtension": ".props"
      },
      {
        "Identity": "Shapes/Path.cs",
        "FullPath": "/workspace/team-c/c3-admin-symbol-errors-validation/framework/CUI/vendor/Avalonia/src/Avalonia.Controls/Shapes/Path.cs",
        "RootDir": "/",
        "Filename": "Path",
        "Extension": ".cs",
        "RelativeDir": "Shapes/",
        "Directory": "workspace/team-c/c3-admin-symbol-errors-validation/framework/CUI/vendor/Avalonia/src/Avalonia.Controls/Shapes/",
        "RecursiveDir": "Shapes/",
        "ModifiedTime": "",
        "CreatedTime": "",
        "AccessedTime": "",
        "DefiningProjectFullPath": "/workspace/.tools/dotnet/sdk/10.0.401/Sdks/Microsoft.NET.Sdk/targets/Microsoft.NET.Sdk.DefaultItems.props",
        "DefiningProjectDirectory": "/workspace/.tools/dotnet/sdk/10.0.401/Sdks/Microsoft.NET.Sdk/targets/",
        "DefiningProjectName": "Microsoft.NET.Sdk.DefaultItems",
        "DefiningProjectExtension": ".props"
      },
      {
        "Identity": "Shapes/Polygon.cs",
        "FullPath": "/workspace/team-c/c3-admin-symbol-errors-validation/framework/CUI/vendor/Avalonia/src/Avalonia.Controls/Shapes/Polygon.cs",
        "RootDir": "/",
        "Filename": "Polygon",
        "Extension": ".cs",
        "RelativeDir": "Shapes/",
        "Directory": "workspace/team-c/c3-admin-symbol-errors-validation/framework/CUI/vendor/Avalonia/src/Avalonia.Controls/Shapes/",
        "RecursiveDir": "Shapes/",
        "ModifiedTime": "",
        "CreatedTime": "",
        "AccessedTime": "",
        "DefiningProjectFullPath": "/workspace/.tools/dotnet/sdk/10.0.401/Sdks/Microsoft.NET.Sdk/targets/Microsoft.NET.Sdk.DefaultItems.props",
        "DefiningProjectDirectory": "/workspace/.tools/dotnet/sdk/10.0.401/Sdks/Microsoft.NET.Sdk/targets/",
        "DefiningProjectName": "Microsoft.NET.Sdk.DefaultItems",
        "DefiningProjectExtension": ".props"
      },
      {
        "Identity": "Shapes/Polyline.cs",
        "FullPath": "/workspace/team-c/c3-admin-symbol-errors-validation/framework/CUI/vendor/Avalonia/src/Avalonia.Controls/Shapes/Polyline.cs",
        "RootDir": "/",
        "Filename": "Polyline",
        "Extension": ".cs",
        "RelativeDir": "Shapes/",
        "Directory": "workspace/team-c/c3-admin-symbol-errors-validation/framework/CUI/vendor/Avalonia/src/Avalonia.Controls/Shapes/",
        "RecursiveDir": "Shapes/",
        "ModifiedTime": "",
        "CreatedTime": "",
        "AccessedTime": "",
        "DefiningProjectFullPath": "/workspace/.tools/dotnet/sdk/10.0.401/Sdks/Microsoft.NET.Sdk/targets/Microsoft.NET.Sdk.DefaultItems.props",
        "DefiningProjectDirectory": "/workspace/.tools/dotnet/sdk/10.0.401/Sdks/Microsoft.NET.Sdk/targets/",
        "DefiningProjectName": "Microsoft.NET.Sdk.DefaultItems",
        "DefiningProjectExtension": ".props"
      },
      {
        "Identity": "Shapes/Rectangle.cs",
        "FullPath": "/workspace/team-c/c3-admin-symbol-errors-validation/framework/CUI/vendor/Avalonia/src/Avalonia.Controls/Shapes/Rectangle.cs",
        "RootDir": "/",
        "Filename": "Rectangle",
        "Extension": ".cs",
        "RelativeDir": "Shapes/",
        "Directory": "workspace/team-c/c3-admin-symbol-errors-validation/framework/CUI/vendor/Avalonia/src/Avalonia.Controls/Shapes/",
        "RecursiveDir": "Shapes/",
        "ModifiedTime": "",
        "CreatedTime": "",
        "AccessedTime": "",
        "DefiningProjectFullPath": "/workspace/.tools/dotnet/sdk/10.0.401/Sdks/Microsoft.NET.Sdk/targets/Microsoft.NET.Sdk.DefaultItems.props",
        "DefiningProjectDirectory": "/workspace/.tools/dotnet/sdk/10.0.401/Sdks/Microsoft.NET.Sdk/targets/",
        "DefiningProjectName": "Microsoft.NET.Sdk.DefaultItems",
        "DefiningProjectExtension": ".props"
      },
      {
        "Identity": "Shapes/Sector.cs",
        "FullPath": "/workspace/team-c/c3-admin-symbol-errors-validation/framework/CUI/vendor/Avalonia/src/Avalonia.Controls/Shapes/Sector.cs",
        "RootDir": "/",
        "Filename": "Sector",
        "Extension": ".cs",
        "RelativeDir": "Shapes/",
        "Directory": "workspace/team-c/c3-admin-symbol-errors-validation/framework/CUI/vendor/Avalonia/src/Avalonia.Controls/Shapes/",
        "RecursiveDir": "Shapes/",
        "ModifiedTime": "",
        "CreatedTime": "",
        "AccessedTime": "",
        "DefiningProjectFullPath": "/workspace/.tools/dotnet/sdk/10.0.401/Sdks/Microsoft.NET.Sdk/targets/Microsoft.NET.Sdk.DefaultItems.props",
        "DefiningProjectDirectory": "/workspace/.tools/dotnet/sdk/10.0.401/Sdks/Microsoft.NET.Sdk/targets/",
        "DefiningProjectName": "Microsoft.NET.Sdk.DefaultItems",
        "DefiningProjectExtension": ".props"
      },
      {
        "Identity": "Shapes/Shape.cs",
        "FullPath": "/workspace/team-c/c3-admin-symbol-errors-validation/framework/CUI/vendor/Avalonia/src/Avalonia.Controls/Shapes/Shape.cs",
        "RootDir": "/",
        "Filename": "Shape",
        "Extension": ".cs",
        "RelativeDir": "Shapes/",
        "Directory": "workspace/team-c/c3-admin-symbol-errors-validation/framework/CUI/vendor/Avalonia/src/Avalonia.Controls/Shapes/",
        "RecursiveDir": "Shapes/",
        "ModifiedTime": "",
        "CreatedTime": "",
        "AccessedTime": "",
        "DefiningProjectFullPath": "/workspace/.tools/dotnet/sdk/10.0.401/Sdks/Microsoft.NET.Sdk/targets/Microsoft.NET.Sdk.DefaultItems.props",
        "DefiningProjectDirectory": "/workspace/.tools/dotnet/sdk/10.0.401/Sdks/Microsoft.NET.Sdk/targets/",
        "DefiningProjectName": "Microsoft.NET.Sdk.DefaultItems",
        "DefiningProjectExtension": ".props"
      },
      {
        "Identity": "ShutdownMode.cs",
        "FullPath": "/workspace/team-c/c3-admin-symbol-errors-validation/framework/CUI/vendor/Avalonia/src/Avalonia.Controls/ShutdownMode.cs",
        "RootDir": "/",
        "Filename": "ShutdownMode",
        "Extension": ".cs",
        "RelativeDir": "",
        "Directory": "workspace/team-c/c3-admin-symbol-errors-validation/framework/CUI/vendor/Avalonia/src/Avalonia.Controls/",
        "RecursiveDir": "",
        "ModifiedTime": "",
        "CreatedTime": "",
        "AccessedTime": "",
        "DefiningProjectFullPath": "/workspace/.tools/dotnet/sdk/10.0.401/Sdks/Microsoft.NET.Sdk/targets/Microsoft.NET.Sdk.DefaultItems.props",
        "DefiningProjectDirectory": "/workspace/.tools/dotnet/sdk/10.0.401/Sdks/Microsoft.NET.Sdk/targets/",
        "DefiningProjectName": "Microsoft.NET.Sdk.DefaultItems",
        "DefiningProjectExtension": ".props"
      },
      {
        "Identity": "SizeChangedEventArgs.cs",
        "FullPath": "/workspace/team-c/c3-admin-symbol-errors-validation/framework/CUI/vendor/Avalonia/src/Avalonia.Controls/SizeChangedEventArgs.cs",
        "RootDir": "/",
        "Filename": "SizeChangedEventArgs",
        "Extension": ".cs",
        "RelativeDir": "",
        "Directory": "workspace/team-c/c3-admin-symbol-errors-validation/framework/CUI/vendor/Avalonia/src/Avalonia.Controls/",
        "RecursiveDir": "",
        "ModifiedTime": "",
        "CreatedTime": "",
        "AccessedTime": "",
        "DefiningProjectFullPath": "/workspace/.tools/dotnet/sdk/10.0.401/Sdks/Microsoft.NET.Sdk/targets/Microsoft.NET.Sdk.DefaultItems.props",
        "DefiningProjectDirectory": "/workspace/.tools/dotnet/sdk/10.0.401/Sdks/Microsoft.NET.Sdk/targets/",
        "DefiningProjectName": "Microsoft.NET.Sdk.DefaultItems",
        "DefiningProjectExtension": ".props"
      },
      {
        "Identity": "Slider.cs",
        "FullPath": "/workspace/team-c/c3-admin-symbol-errors-validation/framework/CUI/vendor/Avalonia/src/Avalonia.Controls/Slider.cs",
        "RootDir": "/",
        "Filename": "Slider",
        "Extension": ".cs",
        "RelativeDir": "",
        "Directory": "workspace/team-c/c3-admin-symbol-errors-validation/framework/CUI/vendor/Avalonia/src/Avalonia.Controls/",
        "RecursiveDir": "",
        "ModifiedTime": "",
        "CreatedTime": "",
        "AccessedTime": "",
        "DefiningProjectFullPath": "/workspace/.tools/dotnet/sdk/10.0.401/Sdks/Microsoft.NET.Sdk/targets/Microsoft.NET.Sdk.DefaultItems.props",
        "DefiningProjectDirectory": "/workspace/.tools/dotnet/sdk/10.0.401/Sdks/Microsoft.NET.Sdk/targets/",
        "DefiningProjectName": "Microsoft.NET.Sdk.DefaultItems",
        "DefiningProjectExtension": ".props"
      },
      {
        "Identity": "Spinner.cs",
        "FullPath": "/workspace/team-c/c3-admin-symbol-errors-validation/framework/CUI/vendor/Avalonia/src/Avalonia.Controls/Spinner.cs",
        "RootDir": "/",
        "Filename": "Spinner",
        "Extension": ".cs",
        "RelativeDir": "",
        "Directory": "workspace/team-c/c3-admin-symbol-errors-validation/framework/CUI/vendor/Avalonia/src/Avalonia.Controls/",
        "RecursiveDir": "",
        "ModifiedTime": "",
        "CreatedTime": "",
        "AccessedTime": "",
        "DefiningProjectFullPath": "/workspace/.tools/dotnet/sdk/10.0.401/Sdks/Microsoft.NET.Sdk/targets/Microsoft.NET.Sdk.DefaultItems.props",
        "DefiningProjectDirectory": "/workspace/.tools/dotnet/sdk/10.0.401/Sdks/Microsoft.NET.Sdk/targets/",
        "DefiningProjectName": "Microsoft.NET.Sdk.DefaultItems",
        "DefiningProjectExtension": ".props"
      },
      {
        "Identity": "SplitButton/SplitButton.cs",
        "FullPath": "/workspace/team-c/c3-admin-symbol-errors-validation/framework/CUI/vendor/Avalonia/src/Avalonia.Controls/SplitButton/SplitButton.cs",
        "RootDir": "/",
        "Filename": "SplitButton",
        "Extension": ".cs",
        "RelativeDir": "SplitButton/",
        "Directory": "workspace/team-c/c3-admin-symbol-errors-validation/framework/CUI/vendor/Avalonia/src/Avalonia.Controls/SplitButton/",
        "RecursiveDir": "SplitButton/",
        "ModifiedTime": "",
        "CreatedTime": "",
        "AccessedTime": "",
        "DefiningProjectFullPath": "/workspace/.tools/dotnet/sdk/10.0.401/Sdks/Microsoft.NET.Sdk/targets/Microsoft.NET.Sdk.DefaultItems.props",
        "DefiningProjectDirectory": "/workspace/.tools/dotnet/sdk/10.0.401/Sdks/Microsoft.NET.Sdk/targets/",
        "DefiningProjectName": "Microsoft.NET.Sdk.DefaultItems",
        "DefiningProjectExtension": ".props"
      },
      {
        "Identity": "SplitButton/ToggleSplitButton.cs",
        "FullPath": "/workspace/team-c/c3-admin-symbol-errors-validation/framework/CUI/vendor/Avalonia/src/Avalonia.Controls/SplitButton/ToggleSplitButton.cs",
        "RootDir": "/",
        "Filename": "ToggleSplitButton",
        "Extension": ".cs",
        "RelativeDir": "SplitButton/",
        "Directory": "workspace/team-c/c3-admin-symbol-errors-validation/framework/CUI/vendor/Avalonia/src/Avalonia.Controls/SplitButton/",
        "RecursiveDir": "SplitButton/",
        "ModifiedTime": "",
        "CreatedTime": "",
        "AccessedTime": "",
        "DefiningProjectFullPath": "/workspace/.tools/dotnet/sdk/10.0.401/Sdks/Microsoft.NET.Sdk/targets/Microsoft.NET.Sdk.DefaultItems.props",
        "DefiningProjectDirectory": "/workspace/.tools/dotnet/sdk/10.0.401/Sdks/Microsoft.NET.Sdk/targets/",
        "DefiningProjectName": "Microsoft.NET.Sdk.DefaultItems",
        "DefiningProjectExtension": ".props"
      },
      {
        "Identity": "SplitView/SplitView.cs",
        "FullPath": "/workspace/team-c/c3-admin-symbol-errors-validation/framework/CUI/vendor/Avalonia/src/Avalonia.Controls/SplitView/SplitView.cs",
        "RootDir": "/",
        "Filename": "SplitView",
        "Extension": ".cs",
        "RelativeDir": "SplitView/",
        "Directory": "workspace/team-c/c3-admin-symbol-errors-validation/framework/CUI/vendor/Avalonia/src/Avalonia.Controls/SplitView/",
        "RecursiveDir": "SplitView/",
        "ModifiedTime": "",
        "CreatedTime": "",
        "AccessedTime": "",
        "DefiningProjectFullPath": "/workspace/.tools/dotnet/sdk/10.0.401/Sdks/Microsoft.NET.Sdk/targets/Microsoft.NET.Sdk.DefaultItems.props",
        "DefiningProjectDirectory": "/workspace/.tools/dotnet/sdk/10.0.401/Sdks/Microsoft.NET.Sdk/targets/",
        "DefiningProjectName": "Microsoft.NET.Sdk.DefaultItems",
        "DefiningProjectExtension": ".props"
      },
      {
        "Identity": "SplitView/SplitViewDisplayMode.cs",
        "FullPath": "/workspace/team-c/c3-admin-symbol-errors-validation/framework/CUI/vendor/Avalonia/src/Avalonia.Controls/SplitView/SplitViewDisplayMode.cs",
        "RootDir": "/",
        "Filename": "SplitViewDisplayMode",
        "Extension": ".cs",
        "RelativeDir": "SplitView/",
        "Directory": "workspace/team-c/c3-admin-symbol-errors-validation/framework/CUI/vendor/Avalonia/src/Avalonia.Controls/SplitView/",
        "RecursiveDir": "SplitView/",
        "ModifiedTime": "",
        "CreatedTime": "",
        "AccessedTime": "",
        "DefiningProjectFullPath": "/workspace/.tools/dotnet/sdk/10.0.401/Sdks/Microsoft.NET.Sdk/targets/Microsoft.NET.Sdk.DefaultItems.props",
        "DefiningProjectDirectory": "/workspace/.tools/dotnet/sdk/10.0.401/Sdks/Microsoft.NET.Sdk/targets/",
        "DefiningProjectName": "Microsoft.NET.Sdk.DefaultItems",
        "DefiningProjectExtension": ".props"
      },
      {
        "Identity": "SplitView/SplitViewPanePlacement.cs",
        "FullPath": "/workspace/team-c/c3-admin-symbol-errors-validation/framework/CUI/vendor/Avalonia/src/Avalonia.Controls/SplitView/SplitViewPanePlacement.cs",
        "RootDir": "/",
        "Filename": "SplitViewPanePlacement",
        "Extension": ".cs",
        "RelativeDir": "SplitView/",
        "Directory": "workspace/team-c/c3-admin-symbol-errors-validation/framework/CUI/vendor/Avalonia/src/Avalonia.Controls/SplitView/",
        "RecursiveDir": "SplitView/",
        "ModifiedTime": "",
        "CreatedTime": "",
        "AccessedTime": "",
        "DefiningProjectFullPath": "/workspace/.tools/dotnet/sdk/10.0.401/Sdks/Microsoft.NET.Sdk/targets/Microsoft.NET.Sdk.DefaultItems.props",
        "DefiningProjectDirectory": "/workspace/.tools/dotnet/sdk/10.0.401/Sdks/Microsoft.NET.Sdk/targets/",
        "DefiningProjectName": "Microsoft.NET.Sdk.DefaultItems",
        "DefiningProjectExtension": ".props"
      },
      {
        "Identity": "SplitView/SplitViewTemplateSettings.cs",
        "FullPath": "/workspace/team-c/c3-admin-symbol-errors-validation/framework/CUI/vendor/Avalonia/src/Avalonia.Controls/SplitView/SplitViewTemplateSettings.cs",
        "RootDir": "/",
        "Filename": "SplitViewTemplateSettings",
        "Extension": ".cs",
        "RelativeDir": "SplitView/",
        "Directory": "workspace/team-c/c3-admin-symbol-errors-validation/framework/CUI/vendor/Avalonia/src/Avalonia.Controls/SplitView/",
        "RecursiveDir": "SplitView/",
        "ModifiedTime": "",
        "CreatedTime": "",
        "AccessedTime": "",
        "DefiningProjectFullPath": "/workspace/.tools/dotnet/sdk/10.0.401/Sdks/Microsoft.NET.Sdk/targets/Microsoft.NET.Sdk.DefaultItems.props",
        "DefiningProjectDirectory": "/workspace/.tools/dotnet/sdk/10.0.401/Sdks/Microsoft.NET.Sdk/targets/",
        "DefiningProjectName": "Microsoft.NET.Sdk.DefaultItems",
        "DefiningProjectExtension": ".props"
      },
      {
        "Identity": "StackPanel.cs",
        "FullPath": "/workspace/team-c/c3-admin-symbol-errors-validation/framework/CUI/vendor/Avalonia/src/Avalonia.Controls/StackPanel.cs",
        "RootDir": "/",
        "Filename": "StackPanel",
        "Extension": ".cs",
        "RelativeDir": "",
        "Directory": "workspace/team-c/c3-admin-symbol-errors-validation/framework/CUI/vendor/Avalonia/src/Avalonia.Controls/",
        "RecursiveDir": "",
        "ModifiedTime": "",
        "CreatedTime": "",
        "AccessedTime": "",
        "DefiningProjectFullPath": "/workspace/.tools/dotnet/sdk/10.0.401/Sdks/Microsoft.NET.Sdk/targets/Microsoft.NET.Sdk.DefaultItems.props",
        "DefiningProjectDirectory": "/workspace/.tools/dotnet/sdk/10.0.401/Sdks/Microsoft.NET.Sdk/targets/",
        "DefiningProjectName": "Microsoft.NET.Sdk.DefaultItems",
        "DefiningProjectExtension": ".props"
      },
      {
        "Identity": "SystemFontAppBuilderExtension.cs",
        "FullPath": "/workspace/team-c/c3-admin-symbol-errors-validation/framework/CUI/vendor/Avalonia/src/Avalonia.Controls/SystemFontAppBuilderExtension.cs",
        "RootDir": "/",
        "Filename": "SystemFontAppBuilderExtension",
        "Extension": ".cs",
        "RelativeDir": "",
        "Directory": "workspace/team-c/c3-admin-symbol-errors-validation/framework/CUI/vendor/Avalonia/src/Avalonia.Controls/",
        "RecursiveDir": "",
        "ModifiedTime": "",
        "CreatedTime": "",
        "AccessedTime": "",
        "DefiningProjectFullPath": "/workspace/.tools/dotnet/sdk/10.0.401/Sdks/Microsoft.NET.Sdk/targets/Microsoft.NET.Sdk.DefaultItems.props",
        "DefiningProjectDirectory": "/workspace/.tools/dotnet/sdk/10.0.401/Sdks/Microsoft.NET.Sdk/targets/",
        "DefiningProjectName": "Microsoft.NET.Sdk.DefaultItems",
        "DefiningProjectExtension": ".props"
      },
      {
        "Identity": "TabControl.cs",
        "FullPath": "/workspace/team-c/c3-admin-symbol-errors-validation/framework/CUI/vendor/Avalonia/src/Avalonia.Controls/TabControl.cs",
        "RootDir": "/",
        "Filename": "TabControl",
        "Extension": ".cs",
        "RelativeDir": "",
        "Directory": "workspace/team-c/c3-admin-symbol-errors-validation/framework/CUI/vendor/Avalonia/src/Avalonia.Controls/",
        "RecursiveDir": "",
        "ModifiedTime": "",
        "CreatedTime": "",
        "AccessedTime": "",
        "DefiningProjectFullPath": "/workspace/.tools/dotnet/sdk/10.0.401/Sdks/Microsoft.NET.Sdk/targets/Microsoft.NET.Sdk.DefaultItems.props",
        "DefiningProjectDirectory": "/workspace/.tools/dotnet/sdk/10.0.401/Sdks/Microsoft.NET.Sdk/targets/",
        "DefiningProjectName": "Microsoft.NET.Sdk.DefaultItems",
        "DefiningProjectExtension": ".props"
      },
      {
        "Identity": "TabItem.cs",
        "FullPath": "/workspace/team-c/c3-admin-symbol-errors-validation/framework/CUI/vendor/Avalonia/src/Avalonia.Controls/TabItem.cs",
        "RootDir": "/",
        "Filename": "TabItem",
        "Extension": ".cs",
        "RelativeDir": "",
        "Directory": "workspace/team-c/c3-admin-symbol-errors-validation/framework/CUI/vendor/Avalonia/src/Avalonia.Controls/",
        "RecursiveDir": "",
        "ModifiedTime": "",
        "CreatedTime": "",
        "AccessedTime": "",
        "DefiningProjectFullPath": "/workspace/.tools/dotnet/sdk/10.0.401/Sdks/Microsoft.NET.Sdk/targets/Microsoft.NET.Sdk.DefaultItems.props",
        "DefiningProjectDirectory": "/workspace/.tools/dotnet/sdk/10.0.401/Sdks/Microsoft.NET.Sdk/targets/",
        "DefiningProjectName": "Microsoft.NET.Sdk.DefaultItems",
        "DefiningProjectExtension": ".props"
      },
      {
        "Identity": "Templates/DataTemplateExtensions.cs",
        "FullPath": "/workspace/team-c/c3-admin-symbol-errors-validation/framework/CUI/vendor/Avalonia/src/Avalonia.Controls/Templates/DataTemplateExtensions.cs",
        "RootDir": "/",
        "Filename": "DataTemplateExtensions",
        "Extension": ".cs",
        "RelativeDir": "Templates/",
        "Directory": "workspace/team-c/c3-admin-symbol-errors-validation/framework/CUI/vendor/Avalonia/src/Avalonia.Controls/Templates/",
        "RecursiveDir": "Templates/",
        "ModifiedTime": "",
        "CreatedTime": "",
        "AccessedTime": "",
        "DefiningProjectFullPath": "/workspace/.tools/dotnet/sdk/10.0.401/Sdks/Microsoft.NET.Sdk/targets/Microsoft.NET.Sdk.DefaultItems.props",
        "DefiningProjectDirectory": "/workspace/.tools/dotnet/sdk/10.0.401/Sdks/Microsoft.NET.Sdk/targets/",
        "DefiningProjectName": "Microsoft.NET.Sdk.DefaultItems",
        "DefiningProjectExtension": ".props"
      },
      {
        "Identity": "Templates/DataTemplates.cs",
        "FullPath": "/workspace/team-c/c3-admin-symbol-errors-validation/framework/CUI/vendor/Avalonia/src/Avalonia.Controls/Templates/DataTemplates.cs",
        "RootDir": "/",
        "Filename": "DataTemplates",
        "Extension": ".cs",
        "RelativeDir": "Templates/",
        "Directory": "workspace/team-c/c3-admin-symbol-errors-validation/framework/CUI/vendor/Avalonia/src/Avalonia.Controls/Templates/",
        "RecursiveDir": "Templates/",
        "ModifiedTime": "",
        "CreatedTime": "",
        "AccessedTime": "",
        "DefiningProjectFullPath": "/workspace/.tools/dotnet/sdk/10.0.401/Sdks/Microsoft.NET.Sdk/targets/Microsoft.NET.Sdk.DefaultItems.props",
        "DefiningProjectDirectory": "/workspace/.tools/dotnet/sdk/10.0.401/Sdks/Microsoft.NET.Sdk/targets/",
        "DefiningProjectName": "Microsoft.NET.Sdk.DefaultItems",
        "DefiningProjectExtension": ".props"
      },
      {
        "Identity": "Templates/FuncControlTemplate.cs",
        "FullPath": "/workspace/team-c/c3-admin-symbol-errors-validation/framework/CUI/vendor/Avalonia/src/Avalonia.Controls/Templates/FuncControlTemplate.cs",
        "RootDir": "/",
        "Filename": "FuncControlTemplate",
        "Extension": ".cs",
        "RelativeDir": "Templates/",
        "Directory": "workspace/team-c/c3-admin-symbol-errors-validation/framework/CUI/vendor/Avalonia/src/Avalonia.Controls/Templates/",
        "RecursiveDir": "Templates/",
        "ModifiedTime": "",
        "CreatedTime": "",
        "AccessedTime": "",
        "DefiningProjectFullPath": "/workspace/.tools/dotnet/sdk/10.0.401/Sdks/Microsoft.NET.Sdk/targets/Microsoft.NET.Sdk.DefaultItems.props",
        "DefiningProjectDirectory": "/workspace/.tools/dotnet/sdk/10.0.401/Sdks/Microsoft.NET.Sdk/targets/",
        "DefiningProjectName": "Microsoft.NET.Sdk.DefaultItems",
        "DefiningProjectExtension": ".props"
      },
      {
        "Identity": "Templates/FuncControlTemplate\u00602.cs",
        "FullPath": "/workspace/team-c/c3-admin-symbol-errors-validation/framework/CUI/vendor/Avalonia/src/Avalonia.Controls/Templates/FuncControlTemplate\u00602.cs",
        "RootDir": "/",
        "Filename": "FuncControlTemplate\u00602",
        "Extension": ".cs",
        "RelativeDir": "Templates/",
        "Directory": "workspace/team-c/c3-admin-symbol-errors-validation/framework/CUI/vendor/Avalonia/src/Avalonia.Controls/Templates/",
        "RecursiveDir": "Templates/",
        "ModifiedTime": "",
        "CreatedTime": "",
        "AccessedTime": "",
        "DefiningProjectFullPath": "/workspace/.tools/dotnet/sdk/10.0.401/Sdks/Microsoft.NET.Sdk/targets/Microsoft.NET.Sdk.DefaultItems.props",
        "DefiningProjectDirectory": "/workspace/.tools/dotnet/sdk/10.0.401/Sdks/Microsoft.NET.Sdk/targets/",
        "DefiningProjectName": "Microsoft.NET.Sdk.DefaultItems",
        "DefiningProjectExtension": ".props"
      },
      {
        "Identity": "Templates/FuncDataTemplate.cs",
        "FullPath": "/workspace/team-c/c3-admin-symbol-errors-validation/framework/CUI/vendor/Avalonia/src/Avalonia.Controls/Templates/FuncDataTemplate.cs",
        "RootDir": "/",
        "Filename": "FuncDataTemplate",
        "Extension": ".cs",
        "RelativeDir": "Templates/",
        "Directory": "workspace/team-c/c3-admin-symbol-errors-validation/framework/CUI/vendor/Avalonia/src/Avalonia.Controls/Templates/",
        "RecursiveDir": "Templates/",
        "ModifiedTime": "",
        "CreatedTime": "",
        "AccessedTime": "",
        "DefiningProjectFullPath": "/workspace/.tools/dotnet/sdk/10.0.401/Sdks/Microsoft.NET.Sdk/targets/Microsoft.NET.Sdk.DefaultItems.props",
        "DefiningProjectDirectory": "/workspace/.tools/dotnet/sdk/10.0.401/Sdks/Microsoft.NET.Sdk/targets/",
        "DefiningProjectName": "Microsoft.NET.Sdk.DefaultItems",
        "DefiningProjectExtension": ".props"
      },
      {
        "Identity": "Templates/FuncDataTemplate\u00601.cs",
        "FullPath": "/workspace/team-c/c3-admin-symbol-errors-validation/framework/CUI/vendor/Avalonia/src/Avalonia.Controls/Templates/FuncDataTemplate\u00601.cs",
        "RootDir": "/",
        "Filename": "FuncDataTemplate\u00601",
        "Extension": ".cs",
        "RelativeDir": "Templates/",
        "Directory": "workspace/team-c/c3-admin-symbol-errors-validation/framework/CUI/vendor/Avalonia/src/Avalonia.Controls/Templates/",
        "RecursiveDir": "Templates/",
        "ModifiedTime": "",
        "CreatedTime": "",
        "AccessedTime": "",
        "DefiningProjectFullPath": "/workspace/.tools/dotnet/sdk/10.0.401/Sdks/Microsoft.NET.Sdk/targets/Microsoft.NET.Sdk.DefaultItems.props",
        "DefiningProjectDirectory": "/workspace/.tools/dotnet/sdk/10.0.401/Sdks/Microsoft.NET.Sdk/targets/",
        "DefiningProjectName": "Microsoft.NET.Sdk.DefaultItems",
        "DefiningProjectExtension": ".props"
      },
      {
        "Identity": "Templates/FuncTemplateNameScopeExtensions.cs",
        "FullPath": "/workspace/team-c/c3-admin-symbol-errors-validation/framework/CUI/vendor/Avalonia/src/Avalonia.Controls/Templates/FuncTemplateNameScopeExtensions.cs",
        "RootDir": "/",
        "Filename": "FuncTemplateNameScopeExtensions",
        "Extension": ".cs",
        "RelativeDir": "Templates/",
        "Directory": "workspace/team-c/c3-admin-symbol-errors-validation/framework/CUI/vendor/Avalonia/src/Avalonia.Controls/Templates/",
        "RecursiveDir": "Templates/",
        "ModifiedTime": "",
        "CreatedTime": "",
        "AccessedTime": "",
        "DefiningProjectFullPath": "/workspace/.tools/dotnet/sdk/10.0.401/Sdks/Microsoft.NET.Sdk/targets/Microsoft.NET.Sdk.DefaultItems.props",
        "DefiningProjectDirectory": "/workspace/.tools/dotnet/sdk/10.0.401/Sdks/Microsoft.NET.Sdk/targets/",
        "DefiningProjectName": "Microsoft.NET.Sdk.DefaultItems",
        "DefiningProjectExtension": ".props"
      },
      {
        "Identity": "Templates/FuncTemplate\u00601.cs",
        "FullPath": "/workspace/team-c/c3-admin-symbol-errors-validation/framework/CUI/vendor/Avalonia/src/Avalonia.Controls/Templates/FuncTemplate\u00601.cs",
        "RootDir": "/",
        "Filename": "FuncTemplate\u00601",
        "Extension": ".cs",
        "RelativeDir": "Templates/",
        "Directory": "workspace/team-c/c3-admin-symbol-errors-validation/framework/CUI/vendor/Avalonia/src/Avalonia.Controls/Templates/",
        "RecursiveDir": "Templates/",
        "ModifiedTime": "",
        "CreatedTime": "",
        "AccessedTime": "",
        "DefiningProjectFullPath": "/workspace/.tools/dotnet/sdk/10.0.401/Sdks/Microsoft.NET.Sdk/targets/Microsoft.NET.Sdk.DefaultItems.props",
        "DefiningProjectDirectory": "/workspace/.tools/dotnet/sdk/10.0.401/Sdks/Microsoft.NET.Sdk/targets/",
        "DefiningProjectName": "Microsoft.NET.Sdk.DefaultItems",
        "DefiningProjectExtension": ".props"
      },
      {
        "Identity": "Templates/FuncTemplate\u00602.cs",
        "FullPath": "/workspace/team-c/c3-admin-symbol-errors-validation/framework/CUI/vendor/Avalonia/src/Avalonia.Controls/Templates/FuncTemplate\u00602.cs",
        "RootDir": "/",
        "Filename": "FuncTemplate\u00602",
        "Extension": ".cs",
        "RelativeDir": "Templates/",
        "Directory": "workspace/team-c/c3-admin-symbol-errors-validation/framework/CUI/vendor/Avalonia/src/Avalonia.Controls/Templates/",
        "RecursiveDir": "Templates/",
        "ModifiedTime": "",
        "CreatedTime": "",
        "AccessedTime": "",
        "DefiningProjectFullPath": "/workspace/.tools/dotnet/sdk/10.0.401/Sdks/Microsoft.NET.Sdk/targets/Microsoft.NET.Sdk.DefaultItems.props",
        "DefiningProjectDirectory": "/workspace/.tools/dotnet/sdk/10.0.401/Sdks/Microsoft.NET.Sdk/targets/",
        "DefiningProjectName": "Microsoft.NET.Sdk.DefaultItems",
        "DefiningProjectExtension": ".props"
      },
      {
        "Identity": "Templates/FuncTreeDataTemplate.cs",
        "FullPath": "/workspace/team-c/c3-admin-symbol-errors-validation/framework/CUI/vendor/Avalonia/src/Avalonia.Controls/Templates/FuncTreeDataTemplate.cs",
        "RootDir": "/",
        "Filename": "FuncTreeDataTemplate",
        "Extension": ".cs",
        "RelativeDir": "Templates/",
        "Directory": "workspace/team-c/c3-admin-symbol-errors-validation/framework/CUI/vendor/Avalonia/src/Avalonia.Controls/Templates/",
        "RecursiveDir": "Templates/",
        "ModifiedTime": "",
        "CreatedTime": "",
        "AccessedTime": "",
        "DefiningProjectFullPath": "/workspace/.tools/dotnet/sdk/10.0.401/Sdks/Microsoft.NET.Sdk/targets/Microsoft.NET.Sdk.DefaultItems.props",
        "DefiningProjectDirectory": "/workspace/.tools/dotnet/sdk/10.0.401/Sdks/Microsoft.NET.Sdk/targets/",
        "DefiningProjectName": "Microsoft.NET.Sdk.DefaultItems",
        "DefiningProjectExtension": ".props"
      },
      {
        "Identity": "Templates/FuncTreeDataTemplate\u00601.cs",
        "FullPath": "/workspace/team-c/c3-admin-symbol-errors-validation/framework/CUI/vendor/Avalonia/src/Avalonia.Controls/Templates/FuncTreeDataTemplate\u00601.cs",
        "RootDir": "/",
        "Filename": "FuncTreeDataTemplate\u00601",
        "Extension": ".cs",
        "RelativeDir": "Templates/",
        "Directory": "workspace/team-c/c3-admin-symbol-errors-validation/framework/CUI/vendor/Avalonia/src/Avalonia.Controls/Templates/",
        "RecursiveDir": "Templates/",
        "ModifiedTime": "",
        "CreatedTime": "",
        "AccessedTime": "",
        "DefiningProjectFullPath": "/workspace/.tools/dotnet/sdk/10.0.401/Sdks/Microsoft.NET.Sdk/targets/Microsoft.NET.Sdk.DefaultItems.props",
        "DefiningProjectDirectory": "/workspace/.tools/dotnet/sdk/10.0.401/Sdks/Microsoft.NET.Sdk/targets/",
        "DefiningProjectName": "Microsoft.NET.Sdk.DefaultItems",
        "DefiningProjectExtension": ".props"
      },
      {
        "Identity": "Templates/IControlTemplate.cs",
        "FullPath": "/workspace/team-c/c3-admin-symbol-errors-validation/framework/CUI/vendor/Avalonia/src/Avalonia.Controls/Templates/IControlTemplate.cs",
        "RootDir": "/",
        "Filename": "IControlTemplate",
        "Extension": ".cs",
        "RelativeDir": "Templates/",
        "Directory": "workspace/team-c/c3-admin-symbol-errors-validation/framework/CUI/vendor/Avalonia/src/Avalonia.Controls/Templates/",
        "RecursiveDir": "Templates/",
        "ModifiedTime": "",
        "CreatedTime": "",
        "AccessedTime": "",
        "DefiningProjectFullPath": "/workspace/.tools/dotnet/sdk/10.0.401/Sdks/Microsoft.NET.Sdk/targets/Microsoft.NET.Sdk.DefaultItems.props",
        "DefiningProjectDirectory": "/workspace/.tools/dotnet/sdk/10.0.401/Sdks/Microsoft.NET.Sdk/targets/",
        "DefiningProjectName": "Microsoft.NET.Sdk.DefaultItems",
        "DefiningProjectExtension": ".props"
      },
      {
        "Identity": "Templates/IDataTemplate.cs",
        "FullPath": "/workspace/team-c/c3-admin-symbol-errors-validation/framework/CUI/vendor/Avalonia/src/Avalonia.Controls/Templates/IDataTemplate.cs",
        "RootDir": "/",
        "Filename": "IDataTemplate",
        "Extension": ".cs",
        "RelativeDir": "Templates/",
        "Directory": "workspace/team-c/c3-admin-symbol-errors-validation/framework/CUI/vendor/Avalonia/src/Avalonia.Controls/Templates/",
        "RecursiveDir": "Templates/",
        "ModifiedTime": "",
        "CreatedTime": "",
        "AccessedTime": "",
        "DefiningProjectFullPath": "/workspace/.tools/dotnet/sdk/10.0.401/Sdks/Microsoft.NET.Sdk/targets/Microsoft.NET.Sdk.DefaultItems.props",
        "DefiningProjectDirectory": "/workspace/.tools/dotnet/sdk/10.0.401/Sdks/Microsoft.NET.Sdk/targets/",
        "DefiningProjectName": "Microsoft.NET.Sdk.DefaultItems",
        "DefiningProjectExtension": ".props"
      },
      {
        "Identity": "Templates/IDataTemplateHost.cs",
        "FullPath": "/workspace/team-c/c3-admin-symbol-errors-validation/framework/CUI/vendor/Avalonia/src/Avalonia.Controls/Templates/IDataTemplateHost.cs",
        "RootDir": "/",
        "Filename": "IDataTemplateHost",
        "Extension": ".cs",
        "RelativeDir": "Templates/",
        "Directory": "workspace/team-c/c3-admin-symbol-errors-validation/framework/CUI/vendor/Avalonia/src/Avalonia.Controls/Templates/",
        "RecursiveDir": "Templates/",
        "ModifiedTime": "",
        "CreatedTime": "",
        "AccessedTime": "",
        "DefiningProjectFullPath": "/workspace/.tools/dotnet/sdk/10.0.401/Sdks/Microsoft.NET.Sdk/targets/Microsoft.NET.Sdk.DefaultItems.props",
        "DefiningProjectDirectory": "/workspace/.tools/dotnet/sdk/10.0.401/Sdks/Microsoft.NET.Sdk/targets/",
        "DefiningProjectName": "Microsoft.NET.Sdk.DefaultItems",
        "DefiningProjectExtension": ".props"
      },
      {
        "Identity": "Templates/IRecyclingDataTemplate.cs",
        "FullPath": "/workspace/team-c/c3-admin-symbol-errors-validation/framework/CUI/vendor/Avalonia/src/Avalonia.Controls/Templates/IRecyclingDataTemplate.cs",
        "RootDir": "/",
        "Filename": "IRecyclingDataTemplate",
        "Extension": ".cs",
        "RelativeDir": "Templates/",
        "Directory": "workspace/team-c/c3-admin-symbol-errors-validation/framework/CUI/vendor/Avalonia/src/Avalonia.Controls/Templates/",
        "RecursiveDir": "Templates/",
        "ModifiedTime": "",
        "CreatedTime": "",
        "AccessedTime": "",
        "DefiningProjectFullPath": "/workspace/.tools/dotnet/sdk/10.0.401/Sdks/Microsoft.NET.Sdk/targets/Microsoft.NET.Sdk.DefaultItems.props",
        "DefiningProjectDirectory": "/workspace/.tools/dotnet/sdk/10.0.401/Sdks/Microsoft.NET.Sdk/targets/",
        "DefiningProjectName": "Microsoft.NET.Sdk.DefaultItems",
        "DefiningProjectExtension": ".props"
      },
      {
        "Identity": "Templates/ITemplate\u00601.cs",
        "FullPath": "/workspace/team-c/c3-admin-symbol-errors-validation/framework/CUI/vendor/Avalonia/src/Avalonia.Controls/Templates/ITemplate\u00601.cs",
        "RootDir": "/",
        "Filename": "ITemplate\u00601",
        "Extension": ".cs",
        "RelativeDir": "Templates/",
        "Directory": "workspace/team-c/c3-admin-symbol-errors-validation/framework/CUI/vendor/Avalonia/src/Avalonia.Controls/Templates/",
        "RecursiveDir": "Templates/",
        "ModifiedTime": "",
        "CreatedTime": "",
        "AccessedTime": "",
        "DefiningProjectFullPath": "/workspace/.tools/dotnet/sdk/10.0.401/Sdks/Microsoft.NET.Sdk/targets/Microsoft.NET.Sdk.DefaultItems.props",
        "DefiningProjectDirectory": "/workspace/.tools/dotnet/sdk/10.0.401/Sdks/Microsoft.NET.Sdk/targets/",
        "DefiningProjectName": "Microsoft.NET.Sdk.DefaultItems",
        "DefiningProjectExtension": ".props"
      },
      {
        "Identity": "Templates/ITemplate\u00602.cs",
        "FullPath": "/workspace/team-c/c3-admin-symbol-errors-validation/framework/CUI/vendor/Avalonia/src/Avalonia.Controls/Templates/ITemplate\u00602.cs",
        "RootDir": "/",
        "Filename": "ITemplate\u00602",
        "Extension": ".cs",
        "RelativeDir": "Templates/",
        "Directory": "workspace/team-c/c3-admin-symbol-errors-validation/framework/CUI/vendor/Avalonia/src/Avalonia.Controls/Templates/",
        "RecursiveDir": "Templates/",
        "ModifiedTime": "",
        "CreatedTime": "",
        "AccessedTime": "",
        "DefiningProjectFullPath": "/workspace/.tools/dotnet/sdk/10.0.401/Sdks/Microsoft.NET.Sdk/targets/Microsoft.NET.Sdk.DefaultItems.props",
        "DefiningProjectDirectory": "/workspace/.tools/dotnet/sdk/10.0.401/Sdks/Microsoft.NET.Sdk/targets/",
        "DefiningProjectName": "Microsoft.NET.Sdk.DefaultItems",
        "DefiningProjectExtension": ".props"
      },
      {
        "Identity": "Templates/ITreeDataTemplate.cs",
        "FullPath": "/workspace/team-c/c3-admin-symbol-errors-validation/framework/CUI/vendor/Avalonia/src/Avalonia.Controls/Templates/ITreeDataTemplate.cs",
        "RootDir": "/",
        "Filename": "ITreeDataTemplate",
        "Extension": ".cs",
        "RelativeDir": "Templates/",
        "Directory": "workspace/team-c/c3-admin-symbol-errors-validation/framework/CUI/vendor/Avalonia/src/Avalonia.Controls/Templates/",
        "RecursiveDir": "Templates/",
        "ModifiedTime": "",
        "CreatedTime": "",
        "AccessedTime": "",
        "DefiningProjectFullPath": "/workspace/.tools/dotnet/sdk/10.0.401/Sdks/Microsoft.NET.Sdk/targets/Microsoft.NET.Sdk.DefaultItems.props",
        "DefiningProjectDirectory": "/workspace/.tools/dotnet/sdk/10.0.401/Sdks/Microsoft.NET.Sdk/targets/",
        "DefiningProjectName": "Microsoft.NET.Sdk.DefaultItems",
        "DefiningProjectExtension": ".props"
      },
      {
        "Identity": "Templates/ITypedDataTemplate.cs",
        "FullPath": "/workspace/team-c/c3-admin-symbol-errors-validation/framework/CUI/vendor/Avalonia/src/Avalonia.Controls/Templates/ITypedDataTemplate.cs",
        "RootDir": "/",
        "Filename": "ITypedDataTemplate",
        "Extension": ".cs",
        "RelativeDir": "Templates/",
        "Directory": "workspace/team-c/c3-admin-symbol-errors-validation/framework/CUI/vendor/Avalonia/src/Avalonia.Controls/Templates/",
        "RecursiveDir": "Templates/",
        "ModifiedTime": "",
        "CreatedTime": "",
        "AccessedTime": "",
        "DefiningProjectFullPath": "/workspace/.tools/dotnet/sdk/10.0.401/Sdks/Microsoft.NET.Sdk/targets/Microsoft.NET.Sdk.DefaultItems.props",
        "DefiningProjectDirectory": "/workspace/.tools/dotnet/sdk/10.0.401/Sdks/Microsoft.NET.Sdk/targets/",
        "DefiningProjectName": "Microsoft.NET.Sdk.DefaultItems",
        "DefiningProjectExtension": ".props"
      },
      {
        "Identity": "Templates/TemplateExtensions.cs",
        "FullPath": "/workspace/team-c/c3-admin-symbol-errors-validation/framework/CUI/vendor/Avalonia/src/Avalonia.Controls/Templates/TemplateExtensions.cs",
        "RootDir": "/",
        "Filename": "TemplateExtensions",
        "Extension": ".cs",
        "RelativeDir": "Templates/",
        "Directory": "workspace/team-c/c3-admin-symbol-errors-validation/framework/CUI/vendor/Avalonia/src/Avalonia.Controls/Templates/",
        "RecursiveDir": "Templates/",
        "ModifiedTime": "",
        "CreatedTime": "",
        "AccessedTime": "",
        "DefiningProjectFullPath": "/workspace/.tools/dotnet/sdk/10.0.401/Sdks/Microsoft.NET.Sdk/targets/Microsoft.NET.Sdk.DefaultItems.props",
        "DefiningProjectDirectory": "/workspace/.tools/dotnet/sdk/10.0.401/Sdks/Microsoft.NET.Sdk/targets/",
        "DefiningProjectName": "Microsoft.NET.Sdk.DefaultItems",
        "DefiningProjectExtension": ".props"
      },
      {
        "Identity": "TextBlock.cs",
        "FullPath": "/workspace/team-c/c3-admin-symbol-errors-validation/framework/CUI/vendor/Avalonia/src/Avalonia.Controls/TextBlock.cs",
        "RootDir": "/",
        "Filename": "TextBlock",
        "Extension": ".cs",
        "RelativeDir": "",
        "Directory": "workspace/team-c/c3-admin-symbol-errors-validation/framework/CUI/vendor/Avalonia/src/Avalonia.Controls/",
        "RecursiveDir": "",
        "ModifiedTime": "",
        "CreatedTime": "",
        "AccessedTime": "",
        "DefiningProjectFullPath": "/workspace/.tools/dotnet/sdk/10.0.401/Sdks/Microsoft.NET.Sdk/targets/Microsoft.NET.Sdk.DefaultItems.props",
        "DefiningProjectDirectory": "/workspace/.tools/dotnet/sdk/10.0.401/Sdks/Microsoft.NET.Sdk/targets/",
        "DefiningProjectName": "Microsoft.NET.Sdk.DefaultItems",
        "DefiningProjectExtension": ".props"
      },
      {
        "Identity": "TextBox.cs",
        "FullPath": "/workspace/team-c/c3-admin-symbol-errors-validation/framework/CUI/vendor/Avalonia/src/Avalonia.Controls/TextBox.cs",
        "RootDir": "/",
        "Filename": "TextBox",
        "Extension": ".cs",
        "RelativeDir": "",
        "Directory": "workspace/team-c/c3-admin-symbol-errors-validation/framework/CUI/vendor/Avalonia/src/Avalonia.Controls/",
        "RecursiveDir": "",
        "ModifiedTime": "",
        "CreatedTime": "",
        "AccessedTime": "",
        "DefiningProjectFullPath": "/workspace/.tools/dotnet/sdk/10.0.401/Sdks/Microsoft.NET.Sdk/targets/Microsoft.NET.Sdk.DefaultItems.props",
        "DefiningProjectDirectory": "/workspace/.tools/dotnet/sdk/10.0.401/Sdks/Microsoft.NET.Sdk/targets/",
        "DefiningProjectName": "Microsoft.NET.Sdk.DefaultItems",
        "DefiningProjectExtension": ".props"
      },
      {
        "Identity": "TextBoxTextInputMethodClient.cs",
        "FullPath": "/workspace/team-c/c3-admin-symbol-errors-validation/framework/CUI/vendor/Avalonia/src/Avalonia.Controls/TextBoxTextInputMethodClient.cs",
        "RootDir": "/",
        "Filename": "TextBoxTextInputMethodClient",
        "Extension": ".cs",
        "RelativeDir": "",
        "Directory": "workspace/team-c/c3-admin-symbol-errors-validation/framework/CUI/vendor/Avalonia/src/Avalonia.Controls/",
        "RecursiveDir": "",
        "ModifiedTime": "",
        "CreatedTime": "",
        "AccessedTime": "",
        "DefiningProjectFullPath": "/workspace/.tools/dotnet/sdk/10.0.401/Sdks/Microsoft.NET.Sdk/targets/Microsoft.NET.Sdk.DefaultItems.props",
        "DefiningProjectDirectory": "/workspace/.tools/dotnet/sdk/10.0.401/Sdks/Microsoft.NET.Sdk/targets/",
        "DefiningProjectName": "Microsoft.NET.Sdk.DefaultItems",
        "DefiningProjectExtension": ".props"
      },
      {
        "Identity": "TextChangedEventArgs.cs",
        "FullPath": "/workspace/team-c/c3-admin-symbol-errors-validation/framework/CUI/vendor/Avalonia/src/Avalonia.Controls/TextChangedEventArgs.cs",
        "RootDir": "/",
        "Filename": "TextChangedEventArgs",
        "Extension": ".cs",
        "RelativeDir": "",
        "Directory": "workspace/team-c/c3-admin-symbol-errors-validation/framework/CUI/vendor/Avalonia/src/Avalonia.Controls/",
        "RecursiveDir": "",
        "ModifiedTime": "",
        "CreatedTime": "",
        "AccessedTime": "",
        "DefiningProjectFullPath": "/workspace/.tools/dotnet/sdk/10.0.401/Sdks/Microsoft.NET.Sdk/targets/Microsoft.NET.Sdk.DefaultItems.props",
        "DefiningProjectDirectory": "/workspace/.tools/dotnet/sdk/10.0.401/Sdks/Microsoft.NET.Sdk/targets/",
        "DefiningProjectName": "Microsoft.NET.Sdk.DefaultItems",
        "DefiningProjectExtension": ".props"
      },
      {
        "Identity": "TextChangingEventArgs.cs",
        "FullPath": "/workspace/team-c/c3-admin-symbol-errors-validation/framework/CUI/vendor/Avalonia/src/Avalonia.Controls/TextChangingEventArgs.cs",
        "RootDir": "/",
        "Filename": "TextChangingEventArgs",
        "Extension": ".cs",
        "RelativeDir": "",
        "Directory": "workspace/team-c/c3-admin-symbol-errors-validation/framework/CUI/vendor/Avalonia/src/Avalonia.Controls/",
        "RecursiveDir": "",
        "ModifiedTime": "",
        "CreatedTime": "",
        "AccessedTime": "",
        "DefiningProjectFullPath": "/workspace/.tools/dotnet/sdk/10.0.401/Sdks/Microsoft.NET.Sdk/targets/Microsoft.NET.Sdk.DefaultItems.props",
        "DefiningProjectDirectory": "/workspace/.tools/dotnet/sdk/10.0.401/Sdks/Microsoft.NET.Sdk/targets/",
        "DefiningProjectName": "Microsoft.NET.Sdk.DefaultItems",
        "DefiningProjectExtension": ".props"
      },
      {
        "Identity": "ThemeVariantScope.cs",
        "FullPath": "/workspace/team-c/c3-admin-symbol-errors-validation/framework/CUI/vendor/Avalonia/src/Avalonia.Controls/ThemeVariantScope.cs",
        "RootDir": "/",
        "Filename": "ThemeVariantScope",
        "Extension": ".cs",
        "RelativeDir": "",
        "Directory": "workspace/team-c/c3-admin-symbol-errors-validation/framework/CUI/vendor/Avalonia/src/Avalonia.Controls/",
        "RecursiveDir": "",
        "ModifiedTime": "",
        "CreatedTime": "",
        "AccessedTime": "",
        "DefiningProjectFullPath": "/workspace/.tools/dotnet/sdk/10.0.401/Sdks/Microsoft.NET.Sdk/targets/Microsoft.NET.Sdk.DefaultItems.props",
        "DefiningProjectDirectory": "/workspace/.tools/dotnet/sdk/10.0.401/Sdks/Microsoft.NET.Sdk/targets/",
        "DefiningProjectName": "Microsoft.NET.Sdk.DefaultItems",
        "DefiningProjectExtension": ".props"
      },
      {
        "Identity": "TickBar.cs",
        "FullPath": "/workspace/team-c/c3-admin-symbol-errors-validation/framework/CUI/vendor/Avalonia/src/Avalonia.Controls/TickBar.cs",
        "RootDir": "/",
        "Filename": "TickBar",
        "Extension": ".cs",
        "RelativeDir": "",
        "Directory": "workspace/team-c/c3-admin-symbol-errors-validation/framework/CUI/vendor/Avalonia/src/Avalonia.Controls/",
        "RecursiveDir": "",
        "ModifiedTime": "",
        "CreatedTime": "",
        "AccessedTime": "",
        "DefiningProjectFullPath": "/workspace/.tools/dotnet/sdk/10.0.401/Sdks/Microsoft.NET.Sdk/targets/Microsoft.NET.Sdk.DefaultItems.props",
        "DefiningProjectDirectory": "/workspace/.tools/dotnet/sdk/10.0.401/Sdks/Microsoft.NET.Sdk/targets/",
        "DefiningProjectName": "Microsoft.NET.Sdk.DefaultItems",
        "DefiningProjectExtension": ".props"
      },
      {
        "Identity": "ToggleSwitch.cs",
        "FullPath": "/workspace/team-c/c3-admin-symbol-errors-validation/framework/CUI/vendor/Avalonia/src/Avalonia.Controls/ToggleSwitch.cs",
        "RootDir": "/",
        "Filename": "ToggleSwitch",
        "Extension": ".cs",
        "RelativeDir": "",
        "Directory": "workspace/team-c/c3-admin-symbol-errors-validation/framework/CUI/vendor/Avalonia/src/Avalonia.Controls/",
        "RecursiveDir": "",
        "ModifiedTime": "",
        "CreatedTime": "",
        "AccessedTime": "",
        "DefiningProjectFullPath": "/workspace/.tools/dotnet/sdk/10.0.401/Sdks/Microsoft.NET.Sdk/targets/Microsoft.NET.Sdk.DefaultItems.props",
        "DefiningProjectDirectory": "/workspace/.tools/dotnet/sdk/10.0.401/Sdks/Microsoft.NET.Sdk/targets/",
        "DefiningProjectName": "Microsoft.NET.Sdk.DefaultItems",
        "DefiningProjectExtension": ".props"
      },
      {
        "Identity": "ToolTip.cs",
        "FullPath": "/workspace/team-c/c3-admin-symbol-errors-validation/framework/CUI/vendor/Avalonia/src/Avalonia.Controls/ToolTip.cs",
        "RootDir": "/",
        "Filename": "ToolTip",
        "Extension": ".cs",
        "RelativeDir": "",
        "Directory": "workspace/team-c/c3-admin-symbol-errors-validation/framework/CUI/vendor/Avalonia/src/Avalonia.Controls/",
        "RecursiveDir": "",
        "ModifiedTime": "",
        "CreatedTime": "",
        "AccessedTime": "",
        "DefiningProjectFullPath": "/workspace/.tools/dotnet/sdk/10.0.401/Sdks/Microsoft.NET.Sdk/targets/Microsoft.NET.Sdk.DefaultItems.props",
        "DefiningProjectDirectory": "/workspace/.tools/dotnet/sdk/10.0.401/Sdks/Microsoft.NET.Sdk/targets/",
        "DefiningProjectName": "Microsoft.NET.Sdk.DefaultItems",
        "DefiningProjectExtension": ".props"
      },
      {
        "Identity": "ToolTipService.cs",
        "FullPath": "/workspace/team-c/c3-admin-symbol-errors-validation/framework/CUI/vendor/Avalonia/src/Avalonia.Controls/ToolTipService.cs",
        "RootDir": "/",
        "Filename": "ToolTipService",
        "Extension": ".cs",
        "RelativeDir": "",
        "Directory": "workspace/team-c/c3-admin-symbol-errors-validation/framework/CUI/vendor/Avalonia/src/Avalonia.Controls/",
        "RecursiveDir": "",
        "ModifiedTime": "",
        "CreatedTime": "",
        "AccessedTime": "",
        "DefiningProjectFullPath": "/workspace/.tools/dotnet/sdk/10.0.401/Sdks/Microsoft.NET.Sdk/targets/Microsoft.NET.Sdk.DefaultItems.props",
        "DefiningProjectDirectory": "/workspace/.tools/dotnet/sdk/10.0.401/Sdks/Microsoft.NET.Sdk/targets/",
        "DefiningProjectName": "Microsoft.NET.Sdk.DefaultItems",
        "DefiningProjectExtension": ".props"
      },
      {
        "Identity": "TopLevel.cs",
        "FullPath": "/workspace/team-c/c3-admin-symbol-errors-validation/framework/CUI/vendor/Avalonia/src/Avalonia.Controls/TopLevel.cs",
        "RootDir": "/",
        "Filename": "TopLevel",
        "Extension": ".cs",
        "RelativeDir": "",
        "Directory": "workspace/team-c/c3-admin-symbol-errors-validation/framework/CUI/vendor/Avalonia/src/Avalonia.Controls/",
        "RecursiveDir": "",
        "ModifiedTime": "",
        "CreatedTime": "",
        "AccessedTime": "",
        "DefiningProjectFullPath": "/workspace/.tools/dotnet/sdk/10.0.401/Sdks/Microsoft.NET.Sdk/targets/Microsoft.NET.Sdk.DefaultItems.props",
        "DefiningProjectDirectory": "/workspace/.tools/dotnet/sdk/10.0.401/Sdks/Microsoft.NET.Sdk/targets/",
        "DefiningProjectName": "Microsoft.NET.Sdk.DefaultItems",
        "DefiningProjectExtension": ".props"
      },
      {
        "Identity": "TopLevelHost.cs",
        "FullPath": "/workspace/team-c/c3-admin-symbol-errors-validation/framework/CUI/vendor/Avalonia/src/Avalonia.Controls/TopLevelHost.cs",
        "RootDir": "/",
        "Filename": "TopLevelHost",
        "Extension": ".cs",
        "RelativeDir": "",
        "Directory": "workspace/team-c/c3-admin-symbol-errors-validation/framework/CUI/vendor/Avalonia/src/Avalonia.Controls/",
        "RecursiveDir": "",
        "ModifiedTime": "",
        "CreatedTime": "",
        "AccessedTime": "",
        "DefiningProjectFullPath": "/workspace/.tools/dotnet/sdk/10.0.401/Sdks/Microsoft.NET.Sdk/targets/Microsoft.NET.Sdk.DefaultItems.props",
        "DefiningProjectDirectory": "/workspace/.tools/dotnet/sdk/10.0.401/Sdks/Microsoft.NET.Sdk/targets/",
        "DefiningProjectName": "Microsoft.NET.Sdk.DefaultItems",
        "DefiningProjectExtension": ".props"
      },
      {
        "Identity": "TopLevelHost.Decorations.cs",
        "FullPath": "/workspace/team-c/c3-admin-symbol-errors-validation/framework/CUI/vendor/Avalonia/src/Avalonia.Controls/TopLevelHost.Decorations.cs",
        "RootDir": "/",
        "Filename": "TopLevelHost.Decorations",
        "Extension": ".cs",
        "RelativeDir": "",
        "Directory": "workspace/team-c/c3-admin-symbol-errors-validation/framework/CUI/vendor/Avalonia/src/Avalonia.Controls/",
        "RecursiveDir": "",
        "ModifiedTime": "",
        "CreatedTime": "",
        "AccessedTime": "",
        "DefiningProjectFullPath": "/workspace/.tools/dotnet/sdk/10.0.401/Sdks/Microsoft.NET.Sdk/targets/Microsoft.NET.Sdk.DefaultItems.props",
        "DefiningProjectDirectory": "/workspace/.tools/dotnet/sdk/10.0.401/Sdks/Microsoft.NET.Sdk/targets/",
        "DefiningProjectName": "Microsoft.NET.Sdk.DefaultItems",
        "DefiningProjectExtension": ".props"
      },
      {
        "Identity": "TopLevelHost.Peers.cs",
        "FullPath": "/workspace/team-c/c3-admin-symbol-errors-validation/framework/CUI/vendor/Avalonia/src/Avalonia.Controls/TopLevelHost.Peers.cs",
        "RootDir": "/",
        "Filename": "TopLevelHost.Peers",
        "Extension": ".cs",
        "RelativeDir": "",
        "Directory": "workspace/team-c/c3-admin-symbol-errors-validation/framework/CUI/vendor/Avalonia/src/Avalonia.Controls/",
        "RecursiveDir": "",
        "ModifiedTime": "",
        "CreatedTime": "",
        "AccessedTime": "",
        "DefiningProjectFullPath": "/workspace/.tools/dotnet/sdk/10.0.401/Sdks/Microsoft.NET.Sdk/targets/Microsoft.NET.Sdk.DefaultItems.props",
        "DefiningProjectDirectory": "/workspace/.tools/dotnet/sdk/10.0.401/Sdks/Microsoft.NET.Sdk/targets/",
        "DefiningProjectName": "Microsoft.NET.Sdk.DefaultItems",
        "DefiningProjectExtension": ".props"
      },
      {
        "Identity": "TransitionCompletedEventArgs.cs",
        "FullPath": "/workspace/team-c/c3-admin-symbol-errors-validation/framework/CUI/vendor/Avalonia/src/Avalonia.Controls/TransitionCompletedEventArgs.cs",
        "RootDir": "/",
        "Filename": "TransitionCompletedEventArgs",
        "Extension": ".cs",
        "RelativeDir": "",
        "Directory": "workspace/team-c/c3-admin-symbol-errors-validation/framework/CUI/vendor/Avalonia/src/Avalonia.Controls/",
        "RecursiveDir": "",
        "ModifiedTime": "",
        "CreatedTime": "",
        "AccessedTime": "",
        "DefiningProjectFullPath": "/workspace/.tools/dotnet/sdk/10.0.401/Sdks/Microsoft.NET.Sdk/targets/Microsoft.NET.Sdk.DefaultItems.props",
        "DefiningProjectDirectory": "/workspace/.tools/dotnet/sdk/10.0.401/Sdks/Microsoft.NET.Sdk/targets/",
        "DefiningProjectName": "Microsoft.NET.Sdk.DefaultItems",
        "DefiningProjectExtension": ".props"
      },
      {
        "Identity": "TransitioningContentControl.cs",
        "FullPath": "/workspace/team-c/c3-admin-symbol-errors-validation/framework/CUI/vendor/Avalonia/src/Avalonia.Controls/TransitioningContentControl.cs",
        "RootDir": "/",
        "Filename": "TransitioningContentControl",
        "Extension": ".cs",
        "RelativeDir": "",
        "Directory": "workspace/team-c/c3-admin-symbol-errors-validation/framework/CUI/vendor/Avalonia/src/Avalonia.Controls/",
        "RecursiveDir": "",
        "ModifiedTime": "",
        "CreatedTime": "",
        "AccessedTime": "",
        "DefiningProjectFullPath": "/workspace/.tools/dotnet/sdk/10.0.401/Sdks/Microsoft.NET.Sdk/targets/Microsoft.NET.Sdk.DefaultItems.props",
        "DefiningProjectDirectory": "/workspace/.tools/dotnet/sdk/10.0.401/Sdks/Microsoft.NET.Sdk/targets/",
        "DefiningProjectName": "Microsoft.NET.Sdk.DefaultItems",
        "DefiningProjectExtension": ".props"
      },
      {
        "Identity": "TrayIcon.cs",
        "FullPath": "/workspace/team-c/c3-admin-symbol-errors-validation/framework/CUI/vendor/Avalonia/src/Avalonia.Controls/TrayIcon.cs",
        "RootDir": "/",
        "Filename": "TrayIcon",
        "Extension": ".cs",
        "RelativeDir": "",
        "Directory": "workspace/team-c/c3-admin-symbol-errors-validation/framework/CUI/vendor/Avalonia/src/Avalonia.Controls/",
        "RecursiveDir": "",
        "ModifiedTime": "",
        "CreatedTime": "",
        "AccessedTime": "",
        "DefiningProjectFullPath": "/workspace/.tools/dotnet/sdk/10.0.401/Sdks/Microsoft.NET.Sdk/targets/Microsoft.NET.Sdk.DefaultItems.props",
        "DefiningProjectDirectory": "/workspace/.tools/dotnet/sdk/10.0.401/Sdks/Microsoft.NET.Sdk/targets/",
        "DefiningProjectName": "Microsoft.NET.Sdk.DefaultItems",
        "DefiningProjectExtension": ".props"
      },
      {
        "Identity": "TreeView.cs",
        "FullPath": "/workspace/team-c/c3-admin-symbol-errors-validation/framework/CUI/vendor/Avalonia/src/Avalonia.Controls/TreeView.cs",
        "RootDir": "/",
        "Filename": "TreeView",
        "Extension": ".cs",
        "RelativeDir": "",
        "Directory": "workspace/team-c/c3-admin-symbol-errors-validation/framework/CUI/vendor/Avalonia/src/Avalonia.Controls/",
        "RecursiveDir": "",
        "ModifiedTime": "",
        "CreatedTime": "",
        "AccessedTime": "",
        "DefiningProjectFullPath": "/workspace/.tools/dotnet/sdk/10.0.401/Sdks/Microsoft.NET.Sdk/targets/Microsoft.NET.Sdk.DefaultItems.props",
        "DefiningProjectDirectory": "/workspace/.tools/dotnet/sdk/10.0.401/Sdks/Microsoft.NET.Sdk/targets/",
        "DefiningProjectName": "Microsoft.NET.Sdk.DefaultItems",
        "DefiningProjectExtension": ".props"
      },
      {
        "Identity": "TreeViewItem.cs",
        "FullPath": "/workspace/team-c/c3-admin-symbol-errors-validation/framework/CUI/vendor/Avalonia/src/Avalonia.Controls/TreeViewItem.cs",
        "RootDir": "/",
        "Filename": "TreeViewItem",
        "Extension": ".cs",
        "RelativeDir": "",
        "Directory": "workspace/team-c/c3-admin-symbol-errors-validation/framework/CUI/vendor/Avalonia/src/Avalonia.Controls/",
        "RecursiveDir": "",
        "ModifiedTime": "",
        "CreatedTime": "",
        "AccessedTime": "",
        "DefiningProjectFullPath": "/workspace/.tools/dotnet/sdk/10.0.401/Sdks/Microsoft.NET.Sdk/targets/Microsoft.NET.Sdk.DefaultItems.props",
        "DefiningProjectDirectory": "/workspace/.tools/dotnet/sdk/10.0.401/Sdks/Microsoft.NET.Sdk/targets/",
        "DefiningProjectName": "Microsoft.NET.Sdk.DefaultItems",
        "DefiningProjectExtension": ".props"
      },
      {
        "Identity": "UrlOpenedEventArgs.cs",
        "FullPath": "/workspace/team-c/c3-admin-symbol-errors-validation/framework/CUI/vendor/Avalonia/src/Avalonia.Controls/UrlOpenedEventArgs.cs",
        "RootDir": "/",
        "Filename": "UrlOpenedEventArgs",
        "Extension": ".cs",
        "RelativeDir": "",
        "Directory": "workspace/team-c/c3-admin-symbol-errors-validation/framework/CUI/vendor/Avalonia/src/Avalonia.Controls/",
        "RecursiveDir": "",
        "ModifiedTime": "",
        "CreatedTime": "",
        "AccessedTime": "",
        "DefiningProjectFullPath": "/workspace/.tools/dotnet/sdk/10.0.401/Sdks/Microsoft.NET.Sdk/targets/Microsoft.NET.Sdk.DefaultItems.props",
        "DefiningProjectDirectory": "/workspace/.tools/dotnet/sdk/10.0.401/Sdks/Microsoft.NET.Sdk/targets/",
        "DefiningProjectName": "Microsoft.NET.Sdk.DefaultItems",
        "DefiningProjectExtension": ".props"
      },
      {
        "Identity": "UserControl.cs",
        "FullPath": "/workspace/team-c/c3-admin-symbol-errors-validation/framework/CUI/vendor/Avalonia/src/Avalonia.Controls/UserControl.cs",
        "RootDir": "/",
        "Filename": "UserControl",
        "Extension": ".cs",
        "RelativeDir": "",
        "Directory": "workspace/team-c/c3-admin-symbol-errors-validation/framework/CUI/vendor/Avalonia/src/Avalonia.Controls/",
        "RecursiveDir": "",
        "ModifiedTime": "",
        "CreatedTime": "",
        "AccessedTime": "",
        "DefiningProjectFullPath": "/workspace/.tools/dotnet/sdk/10.0.401/Sdks/Microsoft.NET.Sdk/targets/Microsoft.NET.Sdk.DefaultItems.props",
        "DefiningProjectDirectory": "/workspace/.tools/dotnet/sdk/10.0.401/Sdks/Microsoft.NET.Sdk/targets/",
        "DefiningProjectName": "Microsoft.NET.Sdk.DefaultItems",
        "DefiningProjectExtension": ".props"
      },
      {
        "Identity": "Utils/AncestorFinder.cs",
        "FullPath": "/workspace/team-c/c3-admin-symbol-errors-validation/framework/CUI/vendor/Avalonia/src/Avalonia.Controls/Utils/AncestorFinder.cs",
        "RootDir": "/",
        "Filename": "AncestorFinder",
        "Extension": ".cs",
        "RelativeDir": "Utils/",
        "Directory": "workspace/team-c/c3-admin-symbol-errors-validation/framework/CUI/vendor/Avalonia/src/Avalonia.Controls/Utils/",
        "RecursiveDir": "Utils/",
        "ModifiedTime": "",
        "CreatedTime": "",
        "AccessedTime": "",
        "DefiningProjectFullPath": "/workspace/.tools/dotnet/sdk/10.0.401/Sdks/Microsoft.NET.Sdk/targets/Microsoft.NET.Sdk.DefaultItems.props",
        "DefiningProjectDirectory": "/workspace/.tools/dotnet/sdk/10.0.401/Sdks/Microsoft.NET.Sdk/targets/",
        "DefiningProjectName": "Microsoft.NET.Sdk.DefaultItems",
        "DefiningProjectExtension": ".props"
      },
      {
        "Identity": "Utils/BindingEvaluator.cs",
        "FullPath": "/workspace/team-c/c3-admin-symbol-errors-validation/framework/CUI/vendor/Avalonia/src/Avalonia.Controls/Utils/BindingEvaluator.cs",
        "RootDir": "/",
        "Filename": "BindingEvaluator",
        "Extension": ".cs",
        "RelativeDir": "Utils/",
        "Directory": "workspace/team-c/c3-admin-symbol-errors-validation/framework/CUI/vendor/Avalonia/src/Avalonia.Controls/Utils/",
        "RecursiveDir": "Utils/",
        "ModifiedTime": "",
        "CreatedTime": "",
        "AccessedTime": "",
        "DefiningProjectFullPath": "/workspace/.tools/dotnet/sdk/10.0.401/Sdks/Microsoft.NET.Sdk/targets/Microsoft.NET.Sdk.DefaultItems.props",
        "DefiningProjectDirectory": "/workspace/.tools/dotnet/sdk/10.0.401/Sdks/Microsoft.NET.Sdk/targets/",
        "DefiningProjectName": "Microsoft.NET.Sdk.DefaultItems",
        "DefiningProjectExtension": ".props"
      },
      {
        "Identity": "Utils/BorderRenderHelper.cs",
        "FullPath": "/workspace/team-c/c3-admin-symbol-errors-validation/framework/CUI/vendor/Avalonia/src/Avalonia.Controls/Utils/BorderRenderHelper.cs",
        "RootDir": "/",
        "Filename": "BorderRenderHelper",
        "Extension": ".cs",
        "RelativeDir": "Utils/",
        "Directory": "workspace/team-c/c3-admin-symbol-errors-validation/framework/CUI/vendor/Avalonia/src/Avalonia.Controls/Utils/",
        "RecursiveDir": "Utils/",
        "ModifiedTime": "",
        "CreatedTime": "",
        "AccessedTime": "",
        "DefiningProjectFullPath": "/workspace/.tools/dotnet/sdk/10.0.401/Sdks/Microsoft.NET.Sdk/targets/Microsoft.NET.Sdk.DefaultItems.props",
        "DefiningProjectDirectory": "/workspace/.tools/dotnet/sdk/10.0.401/Sdks/Microsoft.NET.Sdk/targets/",
        "DefiningProjectName": "Microsoft.NET.Sdk.DefaultItems",
        "DefiningProjectExtension": ".props"
      },
      {
        "Identity": "Utils/CollectionChangedEventManager.cs",
        "FullPath": "/workspace/team-c/c3-admin-symbol-errors-validation/framework/CUI/vendor/Avalonia/src/Avalonia.Controls/Utils/CollectionChangedEventManager.cs",
        "RootDir": "/",
        "Filename": "CollectionChangedEventManager",
        "Extension": ".cs",
        "RelativeDir": "Utils/",
        "Directory": "workspace/team-c/c3-admin-symbol-errors-validation/framework/CUI/vendor/Avalonia/src/Avalonia.Controls/Utils/",
        "RecursiveDir": "Utils/",
        "ModifiedTime": "",
        "CreatedTime": "",
        "AccessedTime": "",
        "DefiningProjectFullPath": "/workspace/.tools/dotnet/sdk/10.0.401/Sdks/Microsoft.NET.Sdk/targets/Microsoft.NET.Sdk.DefaultItems.props",
        "DefiningProjectDirectory": "/workspace/.tools/dotnet/sdk/10.0.401/Sdks/Microsoft.NET.Sdk/targets/",
        "DefiningProjectName": "Microsoft.NET.Sdk.DefaultItems",
        "DefiningProjectExtension": ".props"
      },
      {
        "Identity": "Utils/CollectionUtils.cs",
        "FullPath": "/workspace/team-c/c3-admin-symbol-errors-validation/framework/CUI/vendor/Avalonia/src/Avalonia.Controls/Utils/CollectionUtils.cs",
        "RootDir": "/",
        "Filename": "CollectionUtils",
        "Extension": ".cs",
        "RelativeDir": "Utils/",
        "Directory": "workspace/team-c/c3-admin-symbol-errors-validation/framework/CUI/vendor/Avalonia/src/Avalonia.Controls/Utils/",
        "RecursiveDir": "Utils/",
        "ModifiedTime": "",
        "CreatedTime": "",
        "AccessedTime": "",
        "DefiningProjectFullPath": "/workspace/.tools/dotnet/sdk/10.0.401/Sdks/Microsoft.NET.Sdk/targets/Microsoft.NET.Sdk.DefaultItems.props",
        "DefiningProjectDirectory": "/workspace/.tools/dotnet/sdk/10.0.401/Sdks/Microsoft.NET.Sdk/targets/",
        "DefiningProjectName": "Microsoft.NET.Sdk.DefaultItems",
        "DefiningProjectExtension": ".props"
      },
      {
        "Identity": "Utils/IEnumerableUtils.cs",
        "FullPath": "/workspace/team-c/c3-admin-symbol-errors-validation/framework/CUI/vendor/Avalonia/src/Avalonia.Controls/Utils/IEnumerableUtils.cs",
        "RootDir": "/",
        "Filename": "IEnumerableUtils",
        "Extension": ".cs",
        "RelativeDir": "Utils/",
        "Directory": "workspace/team-c/c3-admin-symbol-errors-validation/framework/CUI/vendor/Avalonia/src/Avalonia.Controls/Utils/",
        "RecursiveDir": "Utils/",
        "ModifiedTime": "",
        "CreatedTime": "",
        "AccessedTime": "",
        "DefiningProjectFullPath": "/workspace/.tools/dotnet/sdk/10.0.401/Sdks/Microsoft.NET.Sdk/targets/Microsoft.NET.Sdk.DefaultItems.props",
        "DefiningProjectDirectory": "/workspace/.tools/dotnet/sdk/10.0.401/Sdks/Microsoft.NET.Sdk/targets/",
        "DefiningProjectName": "Microsoft.NET.Sdk.DefaultItems",
        "DefiningProjectExtension": ".props"
      },
      {
        "Identity": "Utils/ISelectionAdapter.cs",
        "FullPath": "/workspace/team-c/c3-admin-symbol-errors-validation/framework/CUI/vendor/Avalonia/src/Avalonia.Controls/Utils/ISelectionAdapter.cs",
        "RootDir": "/",
        "Filename": "ISelectionAdapter",
        "Extension": ".cs",
        "RelativeDir": "Utils/",
        "Directory": "workspace/team-c/c3-admin-symbol-errors-validation/framework/CUI/vendor/Avalonia/src/Avalonia.Controls/Utils/",
        "RecursiveDir": "Utils/",
        "ModifiedTime": "",
        "CreatedTime": "",
        "AccessedTime": "",
        "DefiningProjectFullPath": "/workspace/.tools/dotnet/sdk/10.0.401/Sdks/Microsoft.NET.Sdk/targets/Microsoft.NET.Sdk.DefaultItems.props",
        "DefiningProjectDirectory": "/workspace/.tools/dotnet/sdk/10.0.401/Sdks/Microsoft.NET.Sdk/targets/",
        "DefiningProjectName": "Microsoft.NET.Sdk.DefaultItems",
        "DefiningProjectExtension": ".props"
      },
      {
        "Identity": "Utils/RealizedStackElements.cs",
        "FullPath": "/workspace/team-c/c3-admin-symbol-errors-validation/framework/CUI/vendor/Avalonia/src/Avalonia.Controls/Utils/RealizedStackElements.cs",
        "RootDir": "/",
        "Filename": "RealizedStackElements",
        "Extension": ".cs",
        "RelativeDir": "Utils/",
        "Directory": "workspace/team-c/c3-admin-symbol-errors-validation/framework/CUI/vendor/Avalonia/src/Avalonia.Controls/Utils/",
        "RecursiveDir": "Utils/",
        "ModifiedTime": "",
        "CreatedTime": "",
        "AccessedTime": "",
        "DefiningProjectFullPath": "/workspace/.tools/dotnet/sdk/10.0.401/Sdks/Microsoft.NET.Sdk/targets/Microsoft.NET.Sdk.DefaultItems.props",
        "DefiningProjectDirectory": "/workspace/.tools/dotnet/sdk/10.0.401/Sdks/Microsoft.NET.Sdk/targets/",
        "DefiningProjectName": "Microsoft.NET.Sdk.DefaultItems",
        "DefiningProjectExtension": ".props"
      },
      {
        "Identity": "Utils/SelectingItemsControlSelectionAdapter.cs",
        "FullPath": "/workspace/team-c/c3-admin-symbol-errors-validation/framework/CUI/vendor/Avalonia/src/Avalonia.Controls/Utils/SelectingItemsControlSelectionAdapter.cs",
        "RootDir": "/",
        "Filename": "SelectingItemsControlSelectionAdapter",
        "Extension": ".cs",
        "RelativeDir": "Utils/",
        "Directory": "workspace/team-c/c3-admin-symbol-errors-validation/framework/CUI/vendor/Avalonia/src/Avalonia.Controls/Utils/",
        "RecursiveDir": "Utils/",
        "ModifiedTime": "",
        "CreatedTime": "",
        "AccessedTime": "",
        "DefiningProjectFullPath": "/workspace/.tools/dotnet/sdk/10.0.401/Sdks/Microsoft.NET.Sdk/targets/Microsoft.NET.Sdk.DefaultItems.props",
        "DefiningProjectDirectory": "/workspace/.tools/dotnet/sdk/10.0.401/Sdks/Microsoft.NET.Sdk/targets/",
        "DefiningProjectName": "Microsoft.NET.Sdk.DefaultItems",
        "DefiningProjectExtension": ".props"
      },
      {
        "Identity": "Utils/StringUtils.cs",
        "FullPath": "/workspace/team-c/c3-admin-symbol-errors-validation/framework/CUI/vendor/Avalonia/src/Avalonia.Controls/Utils/StringUtils.cs",
        "RootDir": "/",
        "Filename": "StringUtils",
        "Extension": ".cs",
        "RelativeDir": "Utils/",
        "Directory": "workspace/team-c/c3-admin-symbol-errors-validation/framework/CUI/vendor/Avalonia/src/Avalonia.Controls/Utils/",
        "RecursiveDir": "Utils/",
        "ModifiedTime": "",
        "CreatedTime": "",
        "AccessedTime": "",
        "DefiningProjectFullPath": "/workspace/.tools/dotnet/sdk/10.0.401/Sdks/Microsoft.NET.Sdk/targets/Microsoft.NET.Sdk.DefaultItems.props",
        "DefiningProjectDirectory": "/workspace/.tools/dotnet/sdk/10.0.401/Sdks/Microsoft.NET.Sdk/targets/",
        "DefiningProjectName": "Microsoft.NET.Sdk.DefaultItems",
        "DefiningProjectExtension": ".props"
      },
      {
        "Identity": "Utils/TimeUtils.cs",
        "FullPath": "/workspace/team-c/c3-admin-symbol-errors-validation/framework/CUI/vendor/Avalonia/src/Avalonia.Controls/Utils/TimeUtils.cs",
        "RootDir": "/",
        "Filename": "TimeUtils",
        "Extension": ".cs",
        "RelativeDir": "Utils/",
        "Directory": "workspace/team-c/c3-admin-symbol-errors-validation/framework/CUI/vendor/Avalonia/src/Avalonia.Controls/Utils/",
        "RecursiveDir": "Utils/",
        "ModifiedTime": "",
        "CreatedTime": "",
        "AccessedTime": "",
        "DefiningProjectFullPath": "/workspace/.tools/dotnet/sdk/10.0.401/Sdks/Microsoft.NET.Sdk/targets/Microsoft.NET.Sdk.DefaultItems.props",
        "DefiningProjectDirectory": "/workspace/.tools/dotnet/sdk/10.0.401/Sdks/Microsoft.NET.Sdk/targets/",
        "DefiningProjectName": "Microsoft.NET.Sdk.DefaultItems",
        "DefiningProjectExtension": ".props"
      },
      {
        "Identity": "Utils/UndoRedoHelper.cs",
        "FullPath": "/workspace/team-c/c3-admin-symbol-errors-validation/framework/CUI/vendor/Avalonia/src/Avalonia.Controls/Utils/UndoRedoHelper.cs",
        "RootDir": "/",
        "Filename": "UndoRedoHelper",
        "Extension": ".cs",
        "RelativeDir": "Utils/",
        "Directory": "workspace/team-c/c3-admin-symbol-errors-validation/framework/CUI/vendor/Avalonia/src/Avalonia.Controls/Utils/",
        "RecursiveDir": "Utils/",
        "ModifiedTime": "",
        "CreatedTime": "",
        "AccessedTime": "",
        "DefiningProjectFullPath": "/workspace/.tools/dotnet/sdk/10.0.401/Sdks/Microsoft.NET.Sdk/targets/Microsoft.NET.Sdk.DefaultItems.props",
        "DefiningProjectDirectory": "/workspace/.tools/dotnet/sdk/10.0.401/Sdks/Microsoft.NET.Sdk/targets/",
        "DefiningProjectName": "Microsoft.NET.Sdk.DefaultItems",
        "DefiningProjectExtension": ".props"
      },
      {
        "Identity": "Utils/VirtualizingSnapPointsList.cs",
        "FullPath": "/workspace/team-c/c3-admin-symbol-errors-validation/framework/CUI/vendor/Avalonia/src/Avalonia.Controls/Utils/VirtualizingSnapPointsList.cs",
        "RootDir": "/",
        "Filename": "VirtualizingSnapPointsList",
        "Extension": ".cs",
        "RelativeDir": "Utils/",
        "Directory": "workspace/team-c/c3-admin-symbol-errors-validation/framework/CUI/vendor/Avalonia/src/Avalonia.Controls/Utils/",
        "RecursiveDir": "Utils/",
        "ModifiedTime": "",
        "CreatedTime": "",
        "AccessedTime": "",
        "DefiningProjectFullPath": "/workspace/.tools/dotnet/sdk/10.0.401/Sdks/Microsoft.NET.Sdk/targets/Microsoft.NET.Sdk.DefaultItems.props",
        "DefiningProjectDirectory": "/workspace/.tools/dotnet/sdk/10.0.401/Sdks/Microsoft.NET.Sdk/targets/",
        "DefiningProjectName": "Microsoft.NET.Sdk.DefaultItems",
        "DefiningProjectExtension": ".props"
      },
      {
        "Identity": "Viewbox.cs",
        "FullPath": "/workspace/team-c/c3-admin-symbol-errors-validation/framework/CUI/vendor/Avalonia/src/Avalonia.Controls/Viewbox.cs",
        "RootDir": "/",
        "Filename": "Viewbox",
        "Extension": ".cs",
        "RelativeDir": "",
        "Directory": "workspace/team-c/c3-admin-symbol-errors-validation/framework/CUI/vendor/Avalonia/src/Avalonia.Controls/",
        "RecursiveDir": "",
        "ModifiedTime": "",
        "CreatedTime": "",
        "AccessedTime": "",
        "DefiningProjectFullPath": "/workspace/.tools/dotnet/sdk/10.0.401/Sdks/Microsoft.NET.Sdk/targets/Microsoft.NET.Sdk.DefaultItems.props",
        "DefiningProjectDirectory": "/workspace/.tools/dotnet/sdk/10.0.401/Sdks/Microsoft.NET.Sdk/targets/",
        "DefiningProjectName": "Microsoft.NET.Sdk.DefaultItems",
        "DefiningProjectExtension": ".props"
      },
      {
        "Identity": "VirtualizingCarouselPanel.cs",
        "FullPath": "/workspace/team-c/c3-admin-symbol-errors-validation/framework/CUI/vendor/Avalonia/src/Avalonia.Controls/VirtualizingCarouselPanel.cs",
        "RootDir": "/",
        "Filename": "VirtualizingCarouselPanel",
        "Extension": ".cs",
        "RelativeDir": "",
        "Directory": "workspace/team-c/c3-admin-symbol-errors-validation/framework/CUI/vendor/Avalonia/src/Avalonia.Controls/",
        "RecursiveDir": "",
        "ModifiedTime": "",
        "CreatedTime": "",
        "AccessedTime": "",
        "DefiningProjectFullPath": "/workspace/.tools/dotnet/sdk/10.0.401/Sdks/Microsoft.NET.Sdk/targets/Microsoft.NET.Sdk.DefaultItems.props",
        "DefiningProjectDirectory": "/workspace/.tools/dotnet/sdk/10.0.401/Sdks/Microsoft.NET.Sdk/targets/",
        "DefiningProjectName": "Microsoft.NET.Sdk.DefaultItems",
        "DefiningProjectExtension": ".props"
      },
      {
        "Identity": "VirtualizingPanel.cs",
        "FullPath": "/workspace/team-c/c3-admin-symbol-errors-validation/framework/CUI/vendor/Avalonia/src/Avalonia.Controls/VirtualizingPanel.cs",
        "RootDir": "/",
        "Filename": "VirtualizingPanel",
        "Extension": ".cs",
        "RelativeDir": "",
        "Directory": "workspace/team-c/c3-admin-symbol-errors-validation/framework/CUI/vendor/Avalonia/src/Avalonia.Controls/",
        "RecursiveDir": "",
        "ModifiedTime": "",
        "CreatedTime": "",
        "AccessedTime": "",
        "DefiningProjectFullPath": "/workspace/.tools/dotnet/sdk/10.0.401/Sdks/Microsoft.NET.Sdk/targets/Microsoft.NET.Sdk.DefaultItems.props",
        "DefiningProjectDirectory": "/workspace/.tools/dotnet/sdk/10.0.401/Sdks/Microsoft.NET.Sdk/targets/",
        "DefiningProjectName": "Microsoft.NET.Sdk.DefaultItems",
        "DefiningProjectExtension": ".props"
      },
      {
        "Identity": "VirtualizingStackPanel.cs",
        "FullPath": "/workspace/team-c/c3-admin-symbol-errors-validation/framework/CUI/vendor/Avalonia/src/Avalonia.Controls/VirtualizingStackPanel.cs",
        "RootDir": "/",
        "Filename": "VirtualizingStackPanel",
        "Extension": ".cs",
        "RelativeDir": "",
        "Directory": "workspace/team-c/c3-admin-symbol-errors-validation/framework/CUI/vendor/Avalonia/src/Avalonia.Controls/",
        "RecursiveDir": "",
        "ModifiedTime": "",
        "CreatedTime": "",
        "AccessedTime": "",
        "DefiningProjectFullPath": "/workspace/.tools/dotnet/sdk/10.0.401/Sdks/Microsoft.NET.Sdk/targets/Microsoft.NET.Sdk.DefaultItems.props",
        "DefiningProjectDirectory": "/workspace/.tools/dotnet/sdk/10.0.401/Sdks/Microsoft.NET.Sdk/targets/",
        "DefiningProjectName": "Microsoft.NET.Sdk.DefaultItems",
        "DefiningProjectExtension": ".props"
      },
      {
        "Identity": "Window.cs",
        "FullPath": "/workspace/team-c/c3-admin-symbol-errors-validation/framework/CUI/vendor/Avalonia/src/Avalonia.Controls/Window.cs",
        "RootDir": "/",
        "Filename": "Window",
        "Extension": ".cs",
        "RelativeDir": "",
        "Directory": "workspace/team-c/c3-admin-symbol-errors-validation/framework/CUI/vendor/Avalonia/src/Avalonia.Controls/",
        "RecursiveDir": "",
        "ModifiedTime": "",
        "CreatedTime": "",
        "AccessedTime": "",
        "DefiningProjectFullPath": "/workspace/.tools/dotnet/sdk/10.0.401/Sdks/Microsoft.NET.Sdk/targets/Microsoft.NET.Sdk.DefaultItems.props",
        "DefiningProjectDirectory": "/workspace/.tools/dotnet/sdk/10.0.401/Sdks/Microsoft.NET.Sdk/targets/",
        "DefiningProjectName": "Microsoft.NET.Sdk.DefaultItems",
        "DefiningProjectExtension": ".props"
      },
      {
        "Identity": "WindowBase.cs",
        "FullPath": "/workspace/team-c/c3-admin-symbol-errors-validation/framework/CUI/vendor/Avalonia/src/Avalonia.Controls/WindowBase.cs",
        "RootDir": "/",
        "Filename": "WindowBase",
        "Extension": ".cs",
        "RelativeDir": "",
        "Directory": "workspace/team-c/c3-admin-symbol-errors-validation/framework/CUI/vendor/Avalonia/src/Avalonia.Controls/",
        "RecursiveDir": "",
        "ModifiedTime": "",
        "CreatedTime": "",
        "AccessedTime": "",
        "DefiningProjectFullPath": "/workspace/.tools/dotnet/sdk/10.0.401/Sdks/Microsoft.NET.Sdk/targets/Microsoft.NET.Sdk.DefaultItems.props",
        "DefiningProjectDirectory": "/workspace/.tools/dotnet/sdk/10.0.401/Sdks/Microsoft.NET.Sdk/targets/",
        "DefiningProjectName": "Microsoft.NET.Sdk.DefaultItems",
        "DefiningProjectExtension": ".props"
      },
      {
        "Identity": "WindowClosingEventArgs.cs",
        "FullPath": "/workspace/team-c/c3-admin-symbol-errors-validation/framework/CUI/vendor/Avalonia/src/Avalonia.Controls/WindowClosingEventArgs.cs",
        "RootDir": "/",
        "Filename": "WindowClosingEventArgs",
        "Extension": ".cs",
        "RelativeDir": "",
        "Directory": "workspace/team-c/c3-admin-symbol-errors-validation/framework/CUI/vendor/Avalonia/src/Avalonia.Controls/",
        "RecursiveDir": "",
        "ModifiedTime": "",
        "CreatedTime": "",
        "AccessedTime": "",
        "DefiningProjectFullPath": "/workspace/.tools/dotnet/sdk/10.0.401/Sdks/Microsoft.NET.Sdk/targets/Microsoft.NET.Sdk.DefaultItems.props",
        "DefiningProjectDirectory": "/workspace/.tools/dotnet/sdk/10.0.401/Sdks/Microsoft.NET.Sdk/targets/",
        "DefiningProjectName": "Microsoft.NET.Sdk.DefaultItems",
        "DefiningProjectExtension": ".props"
      },
      {
        "Identity": "WindowEdge.cs",
        "FullPath": "/workspace/team-c/c3-admin-symbol-errors-validation/framework/CUI/vendor/Avalonia/src/Avalonia.Controls/WindowEdge.cs",
        "RootDir": "/",
        "Filename": "WindowEdge",
        "Extension": ".cs",
        "RelativeDir": "",
        "Directory": "workspace/team-c/c3-admin-symbol-errors-validation/framework/CUI/vendor/Avalonia/src/Avalonia.Controls/",
        "RecursiveDir": "",
        "ModifiedTime": "",
        "CreatedTime": "",
        "AccessedTime": "",
        "DefiningProjectFullPath": "/workspace/.tools/dotnet/sdk/10.0.401/Sdks/Microsoft.NET.Sdk/targets/Microsoft.NET.Sdk.DefaultItems.props",
        "DefiningProjectDirectory": "/workspace/.tools/dotnet/sdk/10.0.401/Sdks/Microsoft.NET.Sdk/targets/",
        "DefiningProjectName": "Microsoft.NET.Sdk.DefaultItems",
        "DefiningProjectExtension": ".props"
      },
      {
        "Identity": "WindowIcon.cs",
        "FullPath": "/workspace/team-c/c3-admin-symbol-errors-validation/framework/CUI/vendor/Avalonia/src/Avalonia.Controls/WindowIcon.cs",
        "RootDir": "/",
        "Filename": "WindowIcon",
        "Extension": ".cs",
        "RelativeDir": "",
        "Directory": "workspace/team-c/c3-admin-symbol-errors-validation/framework/CUI/vendor/Avalonia/src/Avalonia.Controls/",
        "RecursiveDir": "",
        "ModifiedTime": "",
        "CreatedTime": "",
        "AccessedTime": "",
        "DefiningProjectFullPath": "/workspace/.tools/dotnet/sdk/10.0.401/Sdks/Microsoft.NET.Sdk/targets/Microsoft.NET.Sdk.DefaultItems.props",
        "DefiningProjectDirectory": "/workspace/.tools/dotnet/sdk/10.0.401/Sdks/Microsoft.NET.Sdk/targets/",
        "DefiningProjectName": "Microsoft.NET.Sdk.DefaultItems",
        "DefiningProjectExtension": ".props"
      },
      {
        "Identity": "WindowResizedEventArgs.cs",
        "FullPath": "/workspace/team-c/c3-admin-symbol-errors-validation/framework/CUI/vendor/Avalonia/src/Avalonia.Controls/WindowResizedEventArgs.cs",
        "RootDir": "/",
        "Filename": "WindowResizedEventArgs",
        "Extension": ".cs",
        "RelativeDir": "",
        "Directory": "workspace/team-c/c3-admin-symbol-errors-validation/framework/CUI/vendor/Avalonia/src/Avalonia.Controls/",
        "RecursiveDir": "",
        "ModifiedTime": "",
        "CreatedTime": "",
        "AccessedTime": "",
        "DefiningProjectFullPath": "/workspace/.tools/dotnet/sdk/10.0.401/Sdks/Microsoft.NET.Sdk/targets/Microsoft.NET.Sdk.DefaultItems.props",
        "DefiningProjectDirectory": "/workspace/.tools/dotnet/sdk/10.0.401/Sdks/Microsoft.NET.Sdk/targets/",
        "DefiningProjectName": "Microsoft.NET.Sdk.DefaultItems",
        "DefiningProjectExtension": ".props"
      },
      {
        "Identity": "WindowStartupLocation.cs",
        "FullPath": "/workspace/team-c/c3-admin-symbol-errors-validation/framework/CUI/vendor/Avalonia/src/Avalonia.Controls/WindowStartupLocation.cs",
        "RootDir": "/",
        "Filename": "WindowStartupLocation",
        "Extension": ".cs",
        "RelativeDir": "",
        "Directory": "workspace/team-c/c3-admin-symbol-errors-validation/framework/CUI/vendor/Avalonia/src/Avalonia.Controls/",
        "RecursiveDir": "",
        "ModifiedTime": "",
        "CreatedTime": "",
        "AccessedTime": "",
        "DefiningProjectFullPath": "/workspace/.tools/dotnet/sdk/10.0.401/Sdks/Microsoft.NET.Sdk/targets/Microsoft.NET.Sdk.DefaultItems.props",
        "DefiningProjectDirectory": "/workspace/.tools/dotnet/sdk/10.0.401/Sdks/Microsoft.NET.Sdk/targets/",
        "DefiningProjectName": "Microsoft.NET.Sdk.DefaultItems",
        "DefiningProjectExtension": ".props"
      },
      {
        "Identity": "WindowState.cs",
        "FullPath": "/workspace/team-c/c3-admin-symbol-errors-validation/framework/CUI/vendor/Avalonia/src/Avalonia.Controls/WindowState.cs",
        "RootDir": "/",
        "Filename": "WindowState",
        "Extension": ".cs",
        "RelativeDir": "",
        "Directory": "workspace/team-c/c3-admin-symbol-errors-validation/framework/CUI/vendor/Avalonia/src/Avalonia.Controls/",
        "RecursiveDir": "",
        "ModifiedTime": "",
        "CreatedTime": "",
        "AccessedTime": "",
        "DefiningProjectFullPath": "/workspace/.tools/dotnet/sdk/10.0.401/Sdks/Microsoft.NET.Sdk/targets/Microsoft.NET.Sdk.DefaultItems.props",
        "DefiningProjectDirectory": "/workspace/.tools/dotnet/sdk/10.0.401/Sdks/Microsoft.NET.Sdk/targets/",
        "DefiningProjectName": "Microsoft.NET.Sdk.DefaultItems",
        "DefiningProjectExtension": ".props"
      },
      {
        "Identity": "WindowTransparencyLevel.cs",
        "FullPath": "/workspace/team-c/c3-admin-symbol-errors-validation/framework/CUI/vendor/Avalonia/src/Avalonia.Controls/WindowTransparencyLevel.cs",
        "RootDir": "/",
        "Filename": "WindowTransparencyLevel",
        "Extension": ".cs",
        "RelativeDir": "",
        "Directory": "workspace/team-c/c3-admin-symbol-errors-validation/framework/CUI/vendor/Avalonia/src/Avalonia.Controls/",
        "RecursiveDir": "",
        "ModifiedTime": "",
        "CreatedTime": "",
        "AccessedTime": "",
        "DefiningProjectFullPath": "/workspace/.tools/dotnet/sdk/10.0.401/Sdks/Microsoft.NET.Sdk/targets/Microsoft.NET.Sdk.DefaultItems.props",
        "DefiningProjectDirectory": "/workspace/.tools/dotnet/sdk/10.0.401/Sdks/Microsoft.NET.Sdk/targets/",
        "DefiningProjectName": "Microsoft.NET.Sdk.DefaultItems",
        "DefiningProjectExtension": ".props"
      },
      {
        "Identity": "WrapPanel.cs",
        "FullPath": "/workspace/team-c/c3-admin-symbol-errors-validation/framework/CUI/vendor/Avalonia/src/Avalonia.Controls/WrapPanel.cs",
        "RootDir": "/",
        "Filename": "WrapPanel",
        "Extension": ".cs",
        "RelativeDir": "",
        "Directory": "workspace/team-c/c3-admin-symbol-errors-validation/framework/CUI/vendor/Avalonia/src/Avalonia.Controls/",
        "RecursiveDir": "",
        "ModifiedTime": "",
        "CreatedTime": "",
        "AccessedTime": "",
        "DefiningProjectFullPath": "/workspace/.tools/dotnet/sdk/10.0.401/Sdks/Microsoft.NET.Sdk/targets/Microsoft.NET.Sdk.DefaultItems.props",
        "DefiningProjectDirectory": "/workspace/.tools/dotnet/sdk/10.0.401/Sdks/Microsoft.NET.Sdk/targets/",
        "DefiningProjectName": "Microsoft.NET.Sdk.DefaultItems",
        "DefiningProjectExtension": ".props"
      },
      {
        "Identity": "/workspace/team-c/c3-admin-symbol-errors-validation/artifacts/root14-managed-build/obj/Avalonia.Controls/debug_net10.0_linux-x64/.NETCoreApp,Version=v10.0.AssemblyAttributes.cs",
        "FullPath": "/workspace/team-c/c3-admin-symbol-errors-validation/artifacts/root14-managed-build/obj/Avalonia.Controls/debug_net10.0_linux-x64/.NETCoreApp,Version=v10.0.AssemblyAttributes.cs",
        "RootDir": "/",
        "Filename": ".NETCoreApp,Version=v10.0.AssemblyAttributes",
        "Extension": ".cs",
        "RelativeDir": "/workspace/team-c/c3-admin-symbol-errors-validation/artifacts/root14-managed-build/obj/Avalonia.Controls/debug_net10.0_linux-x64/",
        "Directory": "workspace/team-c/c3-admin-symbol-errors-validation/artifacts/root14-managed-build/obj/Avalonia.Controls/debug_net10.0_linux-x64/",
        "RecursiveDir": "",
        "ModifiedTime": "2026-10-03 22:48:53.7554414",
        "CreatedTime": "2026-10-03 22:48:53.7554414",
        "AccessedTime": "2026-10-03 22:48:54.0328248",
        "DefiningProjectFullPath": "/workspace/.tools/dotnet/sdk/10.0.401/Microsoft.Common.CurrentVersion.targets",
        "DefiningProjectDirectory": "/workspace/.tools/dotnet/sdk/10.0.401/",
        "DefiningProjectName": "Microsoft.Common.CurrentVersion",
        "DefiningProjectExtension": ".targets"
      },
      {
        "Identity": "/workspace/team-c/c3-admin-symbol-errors-validation/artifacts/root14-managed-build/obj/Avalonia.Controls/debug_net10.0_linux-x64/Avalonia.Controls.AssemblyInfo.cs",
        "FullPath": "/workspace/team-c/c3-admin-symbol-errors-validation/artifacts/root14-managed-build/obj/Avalonia.Controls/debug_net10.0_linux-x64/Avalonia.Controls.AssemblyInfo.cs",
        "RootDir": "/",
        "Filename": "Avalonia.Controls.AssemblyInfo",
        "Extension": ".cs",
        "RelativeDir": "/workspace/team-c/c3-admin-symbol-errors-validation/artifacts/root14-managed-build/obj/Avalonia.Controls/debug_net10.0_linux-x64/",
        "Directory": "workspace/team-c/c3-admin-symbol-errors-validation/artifacts/root14-managed-build/obj/Avalonia.Controls/debug_net10.0_linux-x64/",
        "RecursiveDir": "",
        "ModifiedTime": "2026-10-03 22:48:53.7583253",
        "CreatedTime": "2026-10-03 22:48:53.7583253",
        "AccessedTime": "2026-10-03 22:48:54.0328248",
        "DefiningProjectFullPath": "/workspace/.tools/dotnet/sdk/10.0.401/Sdks/Microsoft.NET.Sdk/targets/Microsoft.NET.GenerateAssemblyInfo.targets",
        "DefiningProjectDirectory": "/workspace/.tools/dotnet/sdk/10.0.401/Sdks/Microsoft.NET.Sdk/targets/",
        "DefiningProjectName": "Microsoft.NET.GenerateAssemblyInfo",
        "DefiningProjectExtension": ".targets"
      }
    ]
  }
}
