{
  "Properties": {
    "MSBuildProjectFullPath": "/workspace/team-c/c3-admin-symbol-errors-validation/framework/CUI/vendor/Avalonia/src/Avalonia.Build.Tasks/Avalonia.Build.Tasks.csproj",
    "MSBuildProjectName": "Avalonia.Build.Tasks",
    "AssemblyName": "Avalonia.Build.Tasks",
    "TargetPath": "/workspace/team-c/c3-admin-symbol-errors-validation/artifacts/root14-host-build-tasks/bin/Avalonia.Build.Tasks/debug/Avalonia.Build.Tasks.dll",
    "OutputPath": "/workspace/team-c/c3-admin-symbol-errors-validation/artifacts/root14-host-build-tasks/bin/Avalonia.Build.Tasks/debug/",
    "Configuration": "Debug",
    "TargetFramework": "netstandard2.0",
    "ProjectAssetsFile": "/workspace/team-c/c3-admin-symbol-errors-validation/artifacts/root14-host-build-tasks/obj/Avalonia.Build.Tasks/project.assets.json",
    "MSBuildProjectExtensionsPath": "/workspace/team-c/c3-admin-symbol-errors-validation/artifacts/root14-host-build-tasks/obj/Avalonia.Build.Tasks/",
    "AvaloniaBuildTasksLocation": "",
    "EmitCompilerGeneratedFiles": "true",
    "IntermediateOutputPath": "/workspace/team-c/c3-admin-symbol-errors-validation/artifacts/root14-host-build-tasks/obj/Avalonia.Build.Tasks/debug/",
    "CompilerGeneratedFilesOutputPath": "/workspace/team-c/c3-admin-symbol-errors-validation/artifacts/root14-host-build-tasks/obj/Avalonia.Build.Tasks/debug//generated",
    "ArtifactsPath": "/workspace/team-c/c3-admin-symbol-errors-validation/artifacts/root14-host-build-tasks",
    "ArtifactsProjectName": "Avalonia.Build.Tasks",
    "BaseIntermediateOutputPath": "/workspace/team-c/c3-admin-symbol-errors-validation/artifacts/root14-host-build-tasks/obj/Avalonia.Build.Tasks/"
  },
  "Items": {
    "Compile": [
      {
        "Identity": "ComInteropHelper.cs",
        "FullPath": "/workspace/team-c/c3-admin-symbol-errors-validation/framework/CUI/vendor/Avalonia/src/Avalonia.Build.Tasks/ComInteropHelper.cs",
        "RootDir": "/",
        "Filename": "ComInteropHelper",
        "Extension": ".cs",
        "RelativeDir": "",
        "Directory": "workspace/team-c/c3-admin-symbol-errors-validation/framework/CUI/vendor/Avalonia/src/Avalonia.Build.Tasks/",
        "RecursiveDir": "",
        "ModifiedTime": "",
        "CreatedTime": "",
        "AccessedTime": "",
        "DefiningProjectFullPath": "/workspace/.tools/dotnet/sdk/10.0.401/Sdks/Microsoft.NET.Sdk/targets/Microsoft.NET.Sdk.DefaultItems.props",
        "DefiningProjectDirectory": "/workspace/.tools/dotnet/sdk/10.0.401/Sdks/Microsoft.NET.Sdk/targets/",
        "DefiningProjectName": "Microsoft.NET.Sdk.DefaultItems",
        "DefiningProjectExtension": ".props"
      },
      {
        "Identity": "CompileAvaloniaXamlTask.cs",
        "FullPath": "/workspace/team-c/c3-admin-symbol-errors-validation/framework/CUI/vendor/Avalonia/src/Avalonia.Build.Tasks/CompileAvaloniaXamlTask.cs",
        "RootDir": "/",
        "Filename": "CompileAvaloniaXamlTask",
        "Extension": ".cs",
        "RelativeDir": "",
        "Directory": "workspace/team-c/c3-admin-symbol-errors-validation/framework/CUI/vendor/Avalonia/src/Avalonia.Build.Tasks/",
        "RecursiveDir": "",
        "ModifiedTime": "",
        "CreatedTime": "",
        "AccessedTime": "",
        "DefiningProjectFullPath": "/workspace/.tools/dotnet/sdk/10.0.401/Sdks/Microsoft.NET.Sdk/targets/Microsoft.NET.Sdk.DefaultItems.props",
        "DefiningProjectDirectory": "/workspace/.tools/dotnet/sdk/10.0.401/Sdks/Microsoft.NET.Sdk/targets/",
        "DefiningProjectName": "Microsoft.NET.Sdk.DefaultItems",
        "DefiningProjectExtension": ".props"
      },
      {
        "Identity": "DeterministicIdGenerator.cs",
        "FullPath": "/workspace/team-c/c3-admin-symbol-errors-validation/framework/CUI/vendor/Avalonia/src/Avalonia.Build.Tasks/DeterministicIdGenerator.cs",
        "RootDir": "/",
        "Filename": "DeterministicIdGenerator",
        "Extension": ".cs",
        "RelativeDir": "",
        "Directory": "workspace/team-c/c3-admin-symbol-errors-validation/framework/CUI/vendor/Avalonia/src/Avalonia.Build.Tasks/",
        "RecursiveDir": "",
        "ModifiedTime": "",
        "CreatedTime": "",
        "AccessedTime": "",
        "DefiningProjectFullPath": "/workspace/.tools/dotnet/sdk/10.0.401/Sdks/Microsoft.NET.Sdk/targets/Microsoft.NET.Sdk.DefaultItems.props",
        "DefiningProjectDirectory": "/workspace/.tools/dotnet/sdk/10.0.401/Sdks/Microsoft.NET.Sdk/targets/",
        "DefiningProjectName": "Microsoft.NET.Sdk.DefaultItems",
        "DefiningProjectExtension": ".props"
      },
      {
        "Identity": "Extensions.cs",
        "FullPath": "/workspace/team-c/c3-admin-symbol-errors-validation/framework/CUI/vendor/Avalonia/src/Avalonia.Build.Tasks/Extensions.cs",
        "RootDir": "/",
        "Filename": "Extensions",
        "Extension": ".cs",
        "RelativeDir": "",
        "Directory": "workspace/team-c/c3-admin-symbol-errors-validation/framework/CUI/vendor/Avalonia/src/Avalonia.Build.Tasks/",
        "RecursiveDir": "",
        "ModifiedTime": "",
        "CreatedTime": "",
        "AccessedTime": "",
        "DefiningProjectFullPath": "/workspace/.tools/dotnet/sdk/10.0.401/Sdks/Microsoft.NET.Sdk/targets/Microsoft.NET.Sdk.DefaultItems.props",
        "DefiningProjectDirectory": "/workspace/.tools/dotnet/sdk/10.0.401/Sdks/Microsoft.NET.Sdk/targets/",
        "DefiningProjectName": "Microsoft.NET.Sdk.DefaultItems",
        "DefiningProjectExtension": ".props"
      },
      {
        "Identity": "GenerateAvaloniaResourcesTask.cs",
        "FullPath": "/workspace/team-c/c3-admin-symbol-errors-validation/framework/CUI/vendor/Avalonia/src/Avalonia.Build.Tasks/GenerateAvaloniaResourcesTask.cs",
        "RootDir": "/",
        "Filename": "GenerateAvaloniaResourcesTask",
        "Extension": ".cs",
        "RelativeDir": "",
        "Directory": "workspace/team-c/c3-admin-symbol-errors-validation/framework/CUI/vendor/Avalonia/src/Avalonia.Build.Tasks/",
        "RecursiveDir": "",
        "ModifiedTime": "",
        "CreatedTime": "",
        "AccessedTime": "",
        "DefiningProjectFullPath": "/workspace/.tools/dotnet/sdk/10.0.401/Sdks/Microsoft.NET.Sdk/targets/Microsoft.NET.Sdk.DefaultItems.props",
        "DefiningProjectDirectory": "/workspace/.tools/dotnet/sdk/10.0.401/Sdks/Microsoft.NET.Sdk/targets/",
        "DefiningProjectName": "Microsoft.NET.Sdk.DefaultItems",
        "DefiningProjectExtension": ".props"
      },
      {
        "Identity": "SpanCompat.cs",
        "FullPath": "/workspace/team-c/c3-admin-symbol-errors-validation/framework/CUI/vendor/Avalonia/src/Avalonia.Build.Tasks/SpanCompat.cs",
        "RootDir": "/",
        "Filename": "SpanCompat",
        "Extension": ".cs",
        "RelativeDir": "",
        "Directory": "workspace/team-c/c3-admin-symbol-errors-validation/framework/CUI/vendor/Avalonia/src/Avalonia.Build.Tasks/",
        "RecursiveDir": "",
        "ModifiedTime": "",
        "CreatedTime": "",
        "AccessedTime": "",
        "DefiningProjectFullPath": "/workspace/.tools/dotnet/sdk/10.0.401/Sdks/Microsoft.NET.Sdk/targets/Microsoft.NET.Sdk.DefaultItems.props",
        "DefiningProjectDirectory": "/workspace/.tools/dotnet/sdk/10.0.401/Sdks/Microsoft.NET.Sdk/targets/",
        "DefiningProjectName": "Microsoft.NET.Sdk.DefaultItems",
        "DefiningProjectExtension": ".props"
      },
      {
        "Identity": "XamlCompilerDiagnosticsFilter.cs",
        "FullPath": "/workspace/team-c/c3-admin-symbol-errors-validation/framework/CUI/vendor/Avalonia/src/Avalonia.Build.Tasks/XamlCompilerDiagnosticsFilter.cs",
        "RootDir": "/",
        "Filename": "XamlCompilerDiagnosticsFilter",
        "Extension": ".cs",
        "RelativeDir": "",
        "Directory": "workspace/team-c/c3-admin-symbol-errors-validation/framework/CUI/vendor/Avalonia/src/Avalonia.Build.Tasks/",
        "RecursiveDir": "",
        "ModifiedTime": "",
        "CreatedTime": "",
        "AccessedTime": "",
        "DefiningProjectFullPath": "/workspace/.tools/dotnet/sdk/10.0.401/Sdks/Microsoft.NET.Sdk/targets/Microsoft.NET.Sdk.DefaultItems.props",
        "DefiningProjectDirectory": "/workspace/.tools/dotnet/sdk/10.0.401/Sdks/Microsoft.NET.Sdk/targets/",
        "DefiningProjectName": "Microsoft.NET.Sdk.DefaultItems",
        "DefiningProjectExtension": ".props"
      },
      {
        "Identity": "XamlCompilerTaskExecutor.cs",
        "FullPath": "/workspace/team-c/c3-admin-symbol-errors-validation/framework/CUI/vendor/Avalonia/src/Avalonia.Build.Tasks/XamlCompilerTaskExecutor.cs",
        "RootDir": "/",
        "Filename": "XamlCompilerTaskExecutor",
        "Extension": ".cs",
        "RelativeDir": "",
        "Directory": "workspace/team-c/c3-admin-symbol-errors-validation/framework/CUI/vendor/Avalonia/src/Avalonia.Build.Tasks/",
        "RecursiveDir": "",
        "ModifiedTime": "",
        "CreatedTime": "",
        "AccessedTime": "",
        "DefiningProjectFullPath": "/workspace/.tools/dotnet/sdk/10.0.401/Sdks/Microsoft.NET.Sdk/targets/Microsoft.NET.Sdk.DefaultItems.props",
        "DefiningProjectDirectory": "/workspace/.tools/dotnet/sdk/10.0.401/Sdks/Microsoft.NET.Sdk/targets/",
        "DefiningProjectName": "Microsoft.NET.Sdk.DefaultItems",
        "DefiningProjectExtension": ".props"
      },
      {
        "Identity": "XamlCompilerTaskExecutor.Helpers.cs",
        "FullPath": "/workspace/team-c/c3-admin-symbol-errors-validation/framework/CUI/vendor/Avalonia/src/Avalonia.Build.Tasks/XamlCompilerTaskExecutor.Helpers.cs",
        "RootDir": "/",
        "Filename": "XamlCompilerTaskExecutor.Helpers",
        "Extension": ".cs",
        "RelativeDir": "",
        "Directory": "workspace/team-c/c3-admin-symbol-errors-validation/framework/CUI/vendor/Avalonia/src/Avalonia.Build.Tasks/",
        "RecursiveDir": "",
        "ModifiedTime": "",
        "CreatedTime": "",
        "AccessedTime": "",
        "DefiningProjectFullPath": "/workspace/.tools/dotnet/sdk/10.0.401/Sdks/Microsoft.NET.Sdk/targets/Microsoft.NET.Sdk.DefaultItems.props",
        "DefiningProjectDirectory": "/workspace/.tools/dotnet/sdk/10.0.401/Sdks/Microsoft.NET.Sdk/targets/",
        "DefiningProjectName": "Microsoft.NET.Sdk.DefaultItems",
        "DefiningProjectExtension": ".props"
      },
      {
        "Identity": "XamlFileInfo.cs",
        "FullPath": "/workspace/team-c/c3-admin-symbol-errors-validation/framework/CUI/vendor/Avalonia/src/Avalonia.Build.Tasks/XamlFileInfo.cs",
        "RootDir": "/",
        "Filename": "XamlFileInfo",
        "Extension": ".cs",
        "RelativeDir": "",
        "Directory": "workspace/team-c/c3-admin-symbol-errors-validation/framework/CUI/vendor/Avalonia/src/Avalonia.Build.Tasks/",
        "RecursiveDir": "",
        "ModifiedTime": "",
        "CreatedTime": "",
        "AccessedTime": "",
        "DefiningProjectFullPath": "/workspace/.tools/dotnet/sdk/10.0.401/Sdks/Microsoft.NET.Sdk/targets/Microsoft.NET.Sdk.DefaultItems.props",
        "DefiningProjectDirectory": "/workspace/.tools/dotnet/sdk/10.0.401/Sdks/Microsoft.NET.Sdk/targets/",
        "DefiningProjectName": "Microsoft.NET.Sdk.DefaultItems",
        "DefiningProjectExtension": ".props"
      },
      {
        "Identity": "../Avalonia.Base/Utilities/AvaloniaResourcesIndex.cs",
        "Link": "Shared/AvaloniaResourcesIndex.cs",
        "FullPath": "/workspace/team-c/c3-admin-symbol-errors-validation/framework/CUI/vendor/Avalonia/src/Avalonia.Base/Utilities/AvaloniaResourcesIndex.cs",
        "RootDir": "/",
        "Filename": "AvaloniaResourcesIndex",
        "Extension": ".cs",
        "RelativeDir": "../Avalonia.Base/Utilities/",
        "Directory": "workspace/team-c/c3-admin-symbol-errors-validation/framework/CUI/vendor/Avalonia/src/Avalonia.Base/Utilities/",
        "RecursiveDir": "",
        "ModifiedTime": "",
        "CreatedTime": "",
        "AccessedTime": "",
        "DefiningProjectFullPath": "/workspace/team-c/c3-admin-symbol-errors-validation/framework/CUI/vendor/Avalonia/src/Avalonia.Build.Tasks/Avalonia.Build.Tasks.csproj",
        "DefiningProjectDirectory": "/workspace/team-c/c3-admin-symbol-errors-validation/framework/CUI/vendor/Avalonia/src/Avalonia.Build.Tasks/",
        "DefiningProjectName": "Avalonia.Build.Tasks",
        "DefiningProjectExtension": ".csproj"
      },
      {
        "Identity": "../Avalonia.Base/Utilities/SpanStringTokenizer.cs",
        "Link": "Shared/SpanStringTokenizer.cs",
        "FullPath": "/workspace/team-c/c3-admin-symbol-errors-validation/framework/CUI/vendor/Avalonia/src/Avalonia.Base/Utilities/SpanStringTokenizer.cs",
        "RootDir": "/",
        "Filename": "SpanStringTokenizer",
        "Extension": ".cs",
        "RelativeDir": "../Avalonia.Base/Utilities/",
        "Directory": "workspace/team-c/c3-admin-symbol-errors-validation/framework/CUI/vendor/Avalonia/src/Avalonia.Base/Utilities/",
        "RecursiveDir": "",
        "ModifiedTime": "",
        "CreatedTime": "",
        "AccessedTime": "",
        "DefiningProjectFullPath": "/workspace/team-c/c3-admin-symbol-errors-validation/framework/CUI/vendor/Avalonia/src/Avalonia.Build.Tasks/Avalonia.Build.Tasks.csproj",
        "DefiningProjectDirectory": "/workspace/team-c/c3-admin-symbol-errors-validation/framework/CUI/vendor/Avalonia/src/Avalonia.Build.Tasks/",
        "DefiningProjectName": "Avalonia.Build.Tasks",
        "DefiningProjectExtension": ".csproj"
      },
      {
        "Identity": "../Avalonia.Base/Platform/Internal/Constants.cs",
        "Link": "Shared/Constants.cs",
        "FullPath": "/workspace/team-c/c3-admin-symbol-errors-validation/framework/CUI/vendor/Avalonia/src/Avalonia.Base/Platform/Internal/Constants.cs",
        "RootDir": "/",
        "Filename": "Constants",
        "Extension": ".cs",
        "RelativeDir": "../Avalonia.Base/Platform/Internal/",
        "Directory": "workspace/team-c/c3-admin-symbol-errors-validation/framework/CUI/vendor/Avalonia/src/Avalonia.Base/Platform/Internal/",
        "RecursiveDir": "",
        "ModifiedTime": "",
        "CreatedTime": "",
        "AccessedTime": "",
        "DefiningProjectFullPath": "/workspace/team-c/c3-admin-symbol-errors-validation/framework/CUI/vendor/Avalonia/src/Avalonia.Build.Tasks/Avalonia.Build.Tasks.csproj",
        "DefiningProjectDirectory": "/workspace/team-c/c3-admin-symbol-errors-validation/framework/CUI/vendor/Avalonia/src/Avalonia.Build.Tasks/",
        "DefiningProjectName": "Avalonia.Build.Tasks",
        "DefiningProjectExtension": ".csproj"
      },
      {
        "Identity": "../Markup/Avalonia.Markup.Xaml/PortableXaml/AvaloniaResourceXamlInfo.cs",
        "Link": "Shared/AvaloniaResourceXamlInfo.cs",
        "FullPath": "/workspace/team-c/c3-admin-symbol-errors-validation/framework/CUI/vendor/Avalonia/src/Markup/Avalonia.Markup.Xaml/PortableXaml/AvaloniaResourceXamlInfo.cs",
        "RootDir": "/",
        "Filename": "AvaloniaResourceXamlInfo",
        "Extension": ".cs",
        "RelativeDir": "../Markup/Avalonia.Markup.Xaml/PortableXaml/",
        "Directory": "workspace/team-c/c3-admin-symbol-errors-validation/framework/CUI/vendor/Avalonia/src/Markup/Avalonia.Markup.Xaml/PortableXaml/",
        "RecursiveDir": "",
        "ModifiedTime": "",
        "CreatedTime": "",
        "AccessedTime": "",
        "DefiningProjectFullPath": "/workspace/team-c/c3-admin-symbol-errors-validation/framework/CUI/vendor/Avalonia/src/Avalonia.Build.Tasks/Avalonia.Build.Tasks.csproj",
        "DefiningProjectDirectory": "/workspace/team-c/c3-admin-symbol-errors-validation/framework/CUI/vendor/Avalonia/src/Avalonia.Build.Tasks/",
        "DefiningProjectName": "Avalonia.Build.Tasks",
        "DefiningProjectExtension": ".csproj"
      },
      {
        "Identity": "../Markup/Avalonia.Markup.Xaml.Loader/CompilerExtensions/AstNodes/AvaloniaXamlIlArrayConstantAstNode.cs",
        "Link": "XamlIlExtensions/AstNodes/AvaloniaXamlIlArrayConstantAstNode.cs",
        "FullPath": "/workspace/team-c/c3-admin-symbol-errors-validation/framework/CUI/vendor/Avalonia/src/Markup/Avalonia.Markup.Xaml.Loader/CompilerExtensions/AstNodes/AvaloniaXamlIlArrayConstantAstNode.cs",
        "RootDir": "/",
        "Filename": "AvaloniaXamlIlArrayConstantAstNode",
        "Extension": ".cs",
        "RelativeDir": "../Markup/Avalonia.Markup.Xaml.Loader/CompilerExtensions/AstNodes/",
        "Directory": "workspace/team-c/c3-admin-symbol-errors-validation/framework/CUI/vendor/Avalonia/src/Markup/Avalonia.Markup.Xaml.Loader/CompilerExtensions/AstNodes/",
        "RecursiveDir": "AstNodes/",
        "ModifiedTime": "",
        "CreatedTime": "",
        "AccessedTime": "",
        "DefiningProjectFullPath": "/workspace/team-c/c3-admin-symbol-errors-validation/framework/CUI/vendor/Avalonia/src/Avalonia.Build.Tasks/Avalonia.Build.Tasks.csproj",
        "DefiningProjectDirectory": "/workspace/team-c/c3-admin-symbol-errors-validation/framework/CUI/vendor/Avalonia/src/Avalonia.Build.Tasks/",
        "DefiningProjectName": "Avalonia.Build.Tasks",
        "DefiningProjectExtension": ".csproj"
      },
      {
        "Identity": "../Markup/Avalonia.Markup.Xaml.Loader/CompilerExtensions/AstNodes/AvaloniaXamlIlAvaloniaListConstantAstNode.cs",
        "Link": "XamlIlExtensions/AstNodes/AvaloniaXamlIlAvaloniaListConstantAstNode.cs",
        "FullPath": "/workspace/team-c/c3-admin-symbol-errors-validation/framework/CUI/vendor/Avalonia/src/Markup/Avalonia.Markup.Xaml.Loader/CompilerExtensions/AstNodes/AvaloniaXamlIlAvaloniaListConstantAstNode.cs",
        "RootDir": "/",
        "Filename": "AvaloniaXamlIlAvaloniaListConstantAstNode",
        "Extension": ".cs",
        "RelativeDir": "../Markup/Avalonia.Markup.Xaml.Loader/CompilerExtensions/AstNodes/",
        "Directory": "workspace/team-c/c3-admin-symbol-errors-validation/framework/CUI/vendor/Avalonia/src/Markup/Avalonia.Markup.Xaml.Loader/CompilerExtensions/AstNodes/",
        "RecursiveDir": "AstNodes/",
        "ModifiedTime": "",
        "CreatedTime": "",
        "AccessedTime": "",
        "DefiningProjectFullPath": "/workspace/team-c/c3-admin-symbol-errors-validation/framework/CUI/vendor/Avalonia/src/Avalonia.Build.Tasks/Avalonia.Build.Tasks.csproj",
        "DefiningProjectDirectory": "/workspace/team-c/c3-admin-symbol-errors-validation/framework/CUI/vendor/Avalonia/src/Avalonia.Build.Tasks/",
        "DefiningProjectName": "Avalonia.Build.Tasks",
        "DefiningProjectExtension": ".csproj"
      },
      {
        "Identity": "../Markup/Avalonia.Markup.Xaml.Loader/CompilerExtensions/AstNodes/AvaloniaXamlIlFontFamilyAstNode.cs",
        "Link": "XamlIlExtensions/AstNodes/AvaloniaXamlIlFontFamilyAstNode.cs",
        "FullPath": "/workspace/team-c/c3-admin-symbol-errors-validation/framework/CUI/vendor/Avalonia/src/Markup/Avalonia.Markup.Xaml.Loader/CompilerExtensions/AstNodes/AvaloniaXamlIlFontFamilyAstNode.cs",
        "RootDir": "/",
        "Filename": "AvaloniaXamlIlFontFamilyAstNode",
        "Extension": ".cs",
        "RelativeDir": "../Markup/Avalonia.Markup.Xaml.Loader/CompilerExtensions/AstNodes/",
        "Directory": "workspace/team-c/c3-admin-symbol-errors-validation/framework/CUI/vendor/Avalonia/src/Markup/Avalonia.Markup.Xaml.Loader/CompilerExtensions/AstNodes/",
        "RecursiveDir": "AstNodes/",
        "ModifiedTime": "",
        "CreatedTime": "",
        "AccessedTime": "",
        "DefiningProjectFullPath": "/workspace/team-c/c3-admin-symbol-errors-validation/framework/CUI/vendor/Avalonia/src/Avalonia.Build.Tasks/Avalonia.Build.Tasks.csproj",
        "DefiningProjectDirectory": "/workspace/team-c/c3-admin-symbol-errors-validation/framework/CUI/vendor/Avalonia/src/Avalonia.Build.Tasks/",
        "DefiningProjectName": "Avalonia.Build.Tasks",
        "DefiningProjectExtension": ".csproj"
      },
      {
        "Identity": "../Markup/Avalonia.Markup.Xaml.Loader/CompilerExtensions/AstNodes/AvaloniaXamlIlGridLengthAstNode.cs",
        "Link": "XamlIlExtensions/AstNodes/AvaloniaXamlIlGridLengthAstNode.cs",
        "FullPath": "/workspace/team-c/c3-admin-symbol-errors-validation/framework/CUI/vendor/Avalonia/src/Markup/Avalonia.Markup.Xaml.Loader/CompilerExtensions/AstNodes/AvaloniaXamlIlGridLengthAstNode.cs",
        "RootDir": "/",
        "Filename": "AvaloniaXamlIlGridLengthAstNode",
        "Extension": ".cs",
        "RelativeDir": "../Markup/Avalonia.Markup.Xaml.Loader/CompilerExtensions/AstNodes/",
        "Directory": "workspace/team-c/c3-admin-symbol-errors-validation/framework/CUI/vendor/Avalonia/src/Markup/Avalonia.Markup.Xaml.Loader/CompilerExtensions/AstNodes/",
        "RecursiveDir": "AstNodes/",
        "ModifiedTime": "",
        "CreatedTime": "",
        "AccessedTime": "",
        "DefiningProjectFullPath": "/workspace/team-c/c3-admin-symbol-errors-validation/framework/CUI/vendor/Avalonia/src/Avalonia.Build.Tasks/Avalonia.Build.Tasks.csproj",
        "DefiningProjectDirectory": "/workspace/team-c/c3-admin-symbol-errors-validation/framework/CUI/vendor/Avalonia/src/Avalonia.Build.Tasks/",
        "DefiningProjectName": "Avalonia.Build.Tasks",
        "DefiningProjectExtension": ".csproj"
      },
      {
        "Identity": "../Markup/Avalonia.Markup.Xaml.Loader/CompilerExtensions/AstNodes/AvaloniaXamlIlVectorLikeConstantAstNode.cs",
        "Link": "XamlIlExtensions/AstNodes/AvaloniaXamlIlVectorLikeConstantAstNode.cs",
        "FullPath": "/workspace/team-c/c3-admin-symbol-errors-validation/framework/CUI/vendor/Avalonia/src/Markup/Avalonia.Markup.Xaml.Loader/CompilerExtensions/AstNodes/AvaloniaXamlIlVectorLikeConstantAstNode.cs",
        "RootDir": "/",
        "Filename": "AvaloniaXamlIlVectorLikeConstantAstNode",
        "Extension": ".cs",
        "RelativeDir": "../Markup/Avalonia.Markup.Xaml.Loader/CompilerExtensions/AstNodes/",
        "Directory": "workspace/team-c/c3-admin-symbol-errors-validation/framework/CUI/vendor/Avalonia/src/Markup/Avalonia.Markup.Xaml.Loader/CompilerExtensions/AstNodes/",
        "RecursiveDir": "AstNodes/",
        "ModifiedTime": "",
        "CreatedTime": "",
        "AccessedTime": "",
        "DefiningProjectFullPath": "/workspace/team-c/c3-admin-symbol-errors-validation/framework/CUI/vendor/Avalonia/src/Avalonia.Build.Tasks/Avalonia.Build.Tasks.csproj",
        "DefiningProjectDirectory": "/workspace/team-c/c3-admin-symbol-errors-validation/framework/CUI/vendor/Avalonia/src/Avalonia.Build.Tasks/",
        "DefiningProjectName": "Avalonia.Build.Tasks",
        "DefiningProjectExtension": ".csproj"
      },
      {
        "Identity": "../Markup/Avalonia.Markup.Xaml.Loader/CompilerExtensions/AvaloniaXamlDiagnosticCodes.cs",
        "Link": "XamlIlExtensions/AvaloniaXamlDiagnosticCodes.cs",
        "FullPath": "/workspace/team-c/c3-admin-symbol-errors-validation/framework/CUI/vendor/Avalonia/src/Markup/Avalonia.Markup.Xaml.Loader/CompilerExtensions/AvaloniaXamlDiagnosticCodes.cs",
        "RootDir": "/",
        "Filename": "AvaloniaXamlDiagnosticCodes",
        "Extension": ".cs",
        "RelativeDir": "../Markup/Avalonia.Markup.Xaml.Loader/CompilerExtensions/",
        "Directory": "workspace/team-c/c3-admin-symbol-errors-validation/framework/CUI/vendor/Avalonia/src/Markup/Avalonia.Markup.Xaml.Loader/CompilerExtensions/",
        "RecursiveDir": "",
        "ModifiedTime": "",
        "CreatedTime": "",
        "AccessedTime": "",
        "DefiningProjectFullPath": "/workspace/team-c/c3-admin-symbol-errors-validation/framework/CUI/vendor/Avalonia/src/Avalonia.Build.Tasks/Avalonia.Build.Tasks.csproj",
        "DefiningProjectDirectory": "/workspace/team-c/c3-admin-symbol-errors-validation/framework/CUI/vendor/Avalonia/src/Avalonia.Build.Tasks/",
        "DefiningProjectName": "Avalonia.Build.Tasks",
        "DefiningProjectExtension": ".csproj"
      },
      {
        "Identity": "../Markup/Avalonia.Markup.Xaml.Loader/CompilerExtensions/AvaloniaXamlIlCompiler.cs",
        "Link": "XamlIlExtensions/AvaloniaXamlIlCompiler.cs",
        "FullPath": "/workspace/team-c/c3-admin-symbol-errors-validation/framework/CUI/vendor/Avalonia/src/Markup/Avalonia.Markup.Xaml.Loader/CompilerExtensions/AvaloniaXamlIlCompiler.cs",
        "RootDir": "/",
        "Filename": "AvaloniaXamlIlCompiler",
        "Extension": ".cs",
        "RelativeDir": "../Markup/Avalonia.Markup.Xaml.Loader/CompilerExtensions/",
        "Directory": "workspace/team-c/c3-admin-symbol-errors-validation/framework/CUI/vendor/Avalonia/src/Markup/Avalonia.Markup.Xaml.Loader/CompilerExtensions/",
        "RecursiveDir": "",
        "ModifiedTime": "",
        "CreatedTime": "",
        "AccessedTime": "",
        "DefiningProjectFullPath": "/workspace/team-c/c3-admin-symbol-errors-validation/framework/CUI/vendor/Avalonia/src/Avalonia.Build.Tasks/Avalonia.Build.Tasks.csproj",
        "DefiningProjectDirectory": "/workspace/team-c/c3-admin-symbol-errors-validation/framework/CUI/vendor/Avalonia/src/Avalonia.Build.Tasks/",
        "DefiningProjectName": "Avalonia.Build.Tasks",
        "DefiningProjectExtension": ".csproj"
      },
      {
        "Identity": "../Markup/Avalonia.Markup.Xaml.Loader/CompilerExtensions/AvaloniaXamlIlCompilerConfiguration.cs",
        "Link": "XamlIlExtensions/AvaloniaXamlIlCompilerConfiguration.cs",
        "FullPath": "/workspace/team-c/c3-admin-symbol-errors-validation/framework/CUI/vendor/Avalonia/src/Markup/Avalonia.Markup.Xaml.Loader/CompilerExtensions/AvaloniaXamlIlCompilerConfiguration.cs",
        "RootDir": "/",
        "Filename": "AvaloniaXamlIlCompilerConfiguration",
        "Extension": ".cs",
        "RelativeDir": "../Markup/Avalonia.Markup.Xaml.Loader/CompilerExtensions/",
        "Directory": "workspace/team-c/c3-admin-symbol-errors-validation/framework/CUI/vendor/Avalonia/src/Markup/Avalonia.Markup.Xaml.Loader/CompilerExtensions/",
        "RecursiveDir": "",
        "ModifiedTime": "",
        "CreatedTime": "",
        "AccessedTime": "",
        "DefiningProjectFullPath": "/workspace/team-c/c3-admin-symbol-errors-validation/framework/CUI/vendor/Avalonia/src/Avalonia.Build.Tasks/Avalonia.Build.Tasks.csproj",
        "DefiningProjectDirectory": "/workspace/team-c/c3-admin-symbol-errors-validation/framework/CUI/vendor/Avalonia/src/Avalonia.Build.Tasks/",
        "DefiningProjectName": "Avalonia.Build.Tasks",
        "DefiningProjectExtension": ".csproj"
      },
      {
        "Identity": "../Markup/Avalonia.Markup.Xaml.Loader/CompilerExtensions/AvaloniaXamlIlLanguage.cs",
        "Link": "XamlIlExtensions/AvaloniaXamlIlLanguage.cs",
        "FullPath": "/workspace/team-c/c3-admin-symbol-errors-validation/framework/CUI/vendor/Avalonia/src/Markup/Avalonia.Markup.Xaml.Loader/CompilerExtensions/AvaloniaXamlIlLanguage.cs",
        "RootDir": "/",
        "Filename": "AvaloniaXamlIlLanguage",
        "Extension": ".cs",
        "RelativeDir": "../Markup/Avalonia.Markup.Xaml.Loader/CompilerExtensions/",
        "Directory": "workspace/team-c/c3-admin-symbol-errors-validation/framework/CUI/vendor/Avalonia/src/Markup/Avalonia.Markup.Xaml.Loader/CompilerExtensions/",
        "RecursiveDir": "",
        "ModifiedTime": "",
        "CreatedTime": "",
        "AccessedTime": "",
        "DefiningProjectFullPath": "/workspace/team-c/c3-admin-symbol-errors-validation/framework/CUI/vendor/Avalonia/src/Avalonia.Build.Tasks/Avalonia.Build.Tasks.csproj",
        "DefiningProjectDirectory": "/workspace/team-c/c3-admin-symbol-errors-validation/framework/CUI/vendor/Avalonia/src/Avalonia.Build.Tasks/",
        "DefiningProjectName": "Avalonia.Build.Tasks",
        "DefiningProjectExtension": ".csproj"
      },
      {
        "Identity": "../Markup/Avalonia.Markup.Xaml.Loader/CompilerExtensions/AvaloniaXamlIlLanguageParseIntrinsics.cs",
        "Link": "XamlIlExtensions/AvaloniaXamlIlLanguageParseIntrinsics.cs",
        "FullPath": "/workspace/team-c/c3-admin-symbol-errors-validation/framework/CUI/vendor/Avalonia/src/Markup/Avalonia.Markup.Xaml.Loader/CompilerExtensions/AvaloniaXamlIlLanguageParseIntrinsics.cs",
        "RootDir": "/",
        "Filename": "AvaloniaXamlIlLanguageParseIntrinsics",
        "Extension": ".cs",
        "RelativeDir": "../Markup/Avalonia.Markup.Xaml.Loader/CompilerExtensions/",
        "Directory": "workspace/team-c/c3-admin-symbol-errors-validation/framework/CUI/vendor/Avalonia/src/Markup/Avalonia.Markup.Xaml.Loader/CompilerExtensions/",
        "RecursiveDir": "",
        "ModifiedTime": "",
        "CreatedTime": "",
        "AccessedTime": "",
        "DefiningProjectFullPath": "/workspace/team-c/c3-admin-symbol-errors-validation/framework/CUI/vendor/Avalonia/src/Avalonia.Build.Tasks/Avalonia.Build.Tasks.csproj",
        "DefiningProjectDirectory": "/workspace/team-c/c3-admin-symbol-errors-validation/framework/CUI/vendor/Avalonia/src/Avalonia.Build.Tasks/",
        "DefiningProjectName": "Avalonia.Build.Tasks",
        "DefiningProjectExtension": ".csproj"
      },
      {
        "Identity": "../Markup/Avalonia.Markup.Xaml.Loader/CompilerExtensions/GroupTransformers/IXamlAstGroupTransformer.cs",
        "Link": "XamlIlExtensions/GroupTransformers/IXamlAstGroupTransformer.cs",
        "FullPath": "/workspace/team-c/c3-admin-symbol-errors-validation/framework/CUI/vendor/Avalonia/src/Markup/Avalonia.Markup.Xaml.Loader/CompilerExtensions/GroupTransformers/IXamlAstGroupTransformer.cs",
        "RootDir": "/",
        "Filename": "IXamlAstGroupTransformer",
        "Extension": ".cs",
        "RelativeDir": "../Markup/Avalonia.Markup.Xaml.Loader/CompilerExtensions/GroupTransformers/",
        "Directory": "workspace/team-c/c3-admin-symbol-errors-validation/framework/CUI/vendor/Avalonia/src/Markup/Avalonia.Markup.Xaml.Loader/CompilerExtensions/GroupTransformers/",
        "RecursiveDir": "GroupTransformers/",
        "ModifiedTime": "",
        "CreatedTime": "",
        "AccessedTime": "",
        "DefiningProjectFullPath": "/workspace/team-c/c3-admin-symbol-errors-validation/framework/CUI/vendor/Avalonia/src/Avalonia.Build.Tasks/Avalonia.Build.Tasks.csproj",
        "DefiningProjectDirectory": "/workspace/team-c/c3-admin-symbol-errors-validation/framework/CUI/vendor/Avalonia/src/Avalonia.Build.Tasks/",
        "DefiningProjectName": "Avalonia.Build.Tasks",
        "DefiningProjectExtension": ".csproj"
      },
      {
        "Identity": "../Markup/Avalonia.Markup.Xaml.Loader/CompilerExtensions/GroupTransformers/XamlIncludeGroupTransformer.cs",
        "Link": "XamlIlExtensions/GroupTransformers/XamlIncludeGroupTransformer.cs",
        "FullPath": "/workspace/team-c/c3-admin-symbol-errors-validation/framework/CUI/vendor/Avalonia/src/Markup/Avalonia.Markup.Xaml.Loader/CompilerExtensions/GroupTransformers/XamlIncludeGroupTransformer.cs",
        "RootDir": "/",
        "Filename": "XamlIncludeGroupTransformer",
        "Extension": ".cs",
        "RelativeDir": "../Markup/Avalonia.Markup.Xaml.Loader/CompilerExtensions/GroupTransformers/",
        "Directory": "workspace/team-c/c3-admin-symbol-errors-validation/framework/CUI/vendor/Avalonia/src/Markup/Avalonia.Markup.Xaml.Loader/CompilerExtensions/GroupTransformers/",
        "RecursiveDir": "GroupTransformers/",
        "ModifiedTime": "",
        "CreatedTime": "",
        "AccessedTime": "",
        "DefiningProjectFullPath": "/workspace/team-c/c3-admin-symbol-errors-validation/framework/CUI/vendor/Avalonia/src/Avalonia.Build.Tasks/Avalonia.Build.Tasks.csproj",
        "DefiningProjectDirectory": "/workspace/team-c/c3-admin-symbol-errors-validation/framework/CUI/vendor/Avalonia/src/Avalonia.Build.Tasks/",
        "DefiningProjectName": "Avalonia.Build.Tasks",
        "DefiningProjectExtension": ".csproj"
      },
      {
        "Identity": "../Markup/Avalonia.Markup.Xaml.Loader/CompilerExtensions/GroupTransformers/XamlMergeResourceGroupTransformer.cs",
        "Link": "XamlIlExtensions/GroupTransformers/XamlMergeResourceGroupTransformer.cs",
        "FullPath": "/workspace/team-c/c3-admin-symbol-errors-validation/framework/CUI/vendor/Avalonia/src/Markup/Avalonia.Markup.Xaml.Loader/CompilerExtensions/GroupTransformers/XamlMergeResourceGroupTransformer.cs",
        "RootDir": "/",
        "Filename": "XamlMergeResourceGroupTransformer",
        "Extension": ".cs",
        "RelativeDir": "../Markup/Avalonia.Markup.Xaml.Loader/CompilerExtensions/GroupTransformers/",
        "Directory": "workspace/team-c/c3-admin-symbol-errors-validation/framework/CUI/vendor/Avalonia/src/Markup/Avalonia.Markup.Xaml.Loader/CompilerExtensions/GroupTransformers/",
        "RecursiveDir": "GroupTransformers/",
        "ModifiedTime": "",
        "CreatedTime": "",
        "AccessedTime": "",
        "DefiningProjectFullPath": "/workspace/team-c/c3-admin-symbol-errors-validation/framework/CUI/vendor/Avalonia/src/Avalonia.Build.Tasks/Avalonia.Build.Tasks.csproj",
        "DefiningProjectDirectory": "/workspace/team-c/c3-admin-symbol-errors-validation/framework/CUI/vendor/Avalonia/src/Avalonia.Build.Tasks/",
        "DefiningProjectName": "Avalonia.Build.Tasks",
        "DefiningProjectExtension": ".csproj"
      },
      {
        "Identity": "../Markup/Avalonia.Markup.Xaml.Loader/CompilerExtensions/IXamlDocumentResource.cs",
        "Link": "XamlIlExtensions/IXamlDocumentResource.cs",
        "FullPath": "/workspace/team-c/c3-admin-symbol-errors-validation/framework/CUI/vendor/Avalonia/src/Markup/Avalonia.Markup.Xaml.Loader/CompilerExtensions/IXamlDocumentResource.cs",
        "RootDir": "/",
        "Filename": "IXamlDocumentResource",
        "Extension": ".cs",
        "RelativeDir": "../Markup/Avalonia.Markup.Xaml.Loader/CompilerExtensions/",
        "Directory": "workspace/team-c/c3-admin-symbol-errors-validation/framework/CUI/vendor/Avalonia/src/Markup/Avalonia.Markup.Xaml.Loader/CompilerExtensions/",
        "RecursiveDir": "",
        "ModifiedTime": "",
        "CreatedTime": "",
        "AccessedTime": "",
        "DefiningProjectFullPath": "/workspace/team-c/c3-admin-symbol-errors-validation/framework/CUI/vendor/Avalonia/src/Avalonia.Build.Tasks/Avalonia.Build.Tasks.csproj",
        "DefiningProjectDirectory": "/workspace/team-c/c3-admin-symbol-errors-validation/framework/CUI/vendor/Avalonia/src/Avalonia.Build.Tasks/",
        "DefiningProjectName": "Avalonia.Build.Tasks",
        "DefiningProjectExtension": ".csproj"
      },
      {
        "Identity": "../Markup/Avalonia.Markup.Xaml.Loader/CompilerExtensions/Transformers/AddNameScopeRegistration.cs",
        "Link": "XamlIlExtensions/Transformers/AddNameScopeRegistration.cs",
        "FullPath": "/workspace/team-c/c3-admin-symbol-errors-validation/framework/CUI/vendor/Avalonia/src/Markup/Avalonia.Markup.Xaml.Loader/CompilerExtensions/Transformers/AddNameScopeRegistration.cs",
        "RootDir": "/",
        "Filename": "AddNameScopeRegistration",
        "Extension": ".cs",
        "RelativeDir": "../Markup/Avalonia.Markup.Xaml.Loader/CompilerExtensions/Transformers/",
        "Directory": "workspace/team-c/c3-admin-symbol-errors-validation/framework/CUI/vendor/Avalonia/src/Markup/Avalonia.Markup.Xaml.Loader/CompilerExtensions/Transformers/",
        "RecursiveDir": "Transformers/",
        "ModifiedTime": "",
        "CreatedTime": "",
        "AccessedTime": "",
        "DefiningProjectFullPath": "/workspace/team-c/c3-admin-symbol-errors-validation/framework/CUI/vendor/Avalonia/src/Avalonia.Build.Tasks/Avalonia.Build.Tasks.csproj",
        "DefiningProjectDirectory": "/workspace/team-c/c3-admin-symbol-errors-validation/framework/CUI/vendor/Avalonia/src/Avalonia.Build.Tasks/",
        "DefiningProjectName": "Avalonia.Build.Tasks",
        "DefiningProjectExtension": ".csproj"
      },
      {
        "Identity": "../Markup/Avalonia.Markup.Xaml.Loader/CompilerExtensions/Transformers/AvaloniaBindingExtensionTransformer.cs",
        "Link": "XamlIlExtensions/Transformers/AvaloniaBindingExtensionTransformer.cs",
        "FullPath": "/workspace/team-c/c3-admin-symbol-errors-validation/framework/CUI/vendor/Avalonia/src/Markup/Avalonia.Markup.Xaml.Loader/CompilerExtensions/Transformers/AvaloniaBindingExtensionTransformer.cs",
        "RootDir": "/",
        "Filename": "AvaloniaBindingExtensionTransformer",
        "Extension": ".cs",
        "RelativeDir": "../Markup/Avalonia.Markup.Xaml.Loader/CompilerExtensions/Transformers/",
        "Directory": "workspace/team-c/c3-admin-symbol-errors-validation/framework/CUI/vendor/Avalonia/src/Markup/Avalonia.Markup.Xaml.Loader/CompilerExtensions/Transformers/",
        "RecursiveDir": "Transformers/",
        "ModifiedTime": "",
        "CreatedTime": "",
        "AccessedTime": "",
        "DefiningProjectFullPath": "/workspace/team-c/c3-admin-symbol-errors-validation/framework/CUI/vendor/Avalonia/src/Avalonia.Build.Tasks/Avalonia.Build.Tasks.csproj",
        "DefiningProjectDirectory": "/workspace/team-c/c3-admin-symbol-errors-validation/framework/CUI/vendor/Avalonia/src/Avalonia.Build.Tasks/",
        "DefiningProjectName": "Avalonia.Build.Tasks",
        "DefiningProjectExtension": ".csproj"
      },
      {
        "Identity": "../Markup/Avalonia.Markup.Xaml.Loader/CompilerExtensions/Transformers/AvaloniaXamlIlAddSourceInfoTransformer.cs",
        "Link": "XamlIlExtensions/Transformers/AvaloniaXamlIlAddSourceInfoTransformer.cs",
        "FullPath": "/workspace/team-c/c3-admin-symbol-errors-validation/framework/CUI/vendor/Avalonia/src/Markup/Avalonia.Markup.Xaml.Loader/CompilerExtensions/Transformers/AvaloniaXamlIlAddSourceInfoTransformer.cs",
        "RootDir": "/",
        "Filename": "AvaloniaXamlIlAddSourceInfoTransformer",
        "Extension": ".cs",
        "RelativeDir": "../Markup/Avalonia.Markup.Xaml.Loader/CompilerExtensions/Transformers/",
        "Directory": "workspace/team-c/c3-admin-symbol-errors-validation/framework/CUI/vendor/Avalonia/src/Markup/Avalonia.Markup.Xaml.Loader/CompilerExtensions/Transformers/",
        "RecursiveDir": "Transformers/",
        "ModifiedTime": "",
        "CreatedTime": "",
        "AccessedTime": "",
        "DefiningProjectFullPath": "/workspace/team-c/c3-admin-symbol-errors-validation/framework/CUI/vendor/Avalonia/src/Avalonia.Build.Tasks/Avalonia.Build.Tasks.csproj",
        "DefiningProjectDirectory": "/workspace/team-c/c3-admin-symbol-errors-validation/framework/CUI/vendor/Avalonia/src/Avalonia.Build.Tasks/",
        "DefiningProjectName": "Avalonia.Build.Tasks",
        "DefiningProjectExtension": ".csproj"
      },
      {
        "Identity": "../Markup/Avalonia.Markup.Xaml.Loader/CompilerExtensions/Transformers/AvaloniaXamlIlAvaloniaPropertyResolver.cs",
        "Link": "XamlIlExtensions/Transformers/AvaloniaXamlIlAvaloniaPropertyResolver.cs",
        "FullPath": "/workspace/team-c/c3-admin-symbol-errors-validation/framework/CUI/vendor/Avalonia/src/Markup/Avalonia.Markup.Xaml.Loader/CompilerExtensions/Transformers/AvaloniaXamlIlAvaloniaPropertyResolver.cs",
        "RootDir": "/",
        "Filename": "AvaloniaXamlIlAvaloniaPropertyResolver",
        "Extension": ".cs",
        "RelativeDir": "../Markup/Avalonia.Markup.Xaml.Loader/CompilerExtensions/Transformers/",
        "Directory": "workspace/team-c/c3-admin-symbol-errors-validation/framework/CUI/vendor/Avalonia/src/Markup/Avalonia.Markup.Xaml.Loader/CompilerExtensions/Transformers/",
        "RecursiveDir": "Transformers/",
        "ModifiedTime": "",
        "CreatedTime": "",
        "AccessedTime": "",
        "DefiningProjectFullPath": "/workspace/team-c/c3-admin-symbol-errors-validation/framework/CUI/vendor/Avalonia/src/Avalonia.Build.Tasks/Avalonia.Build.Tasks.csproj",
        "DefiningProjectDirectory": "/workspace/team-c/c3-admin-symbol-errors-validation/framework/CUI/vendor/Avalonia/src/Avalonia.Build.Tasks/",
        "DefiningProjectName": "Avalonia.Build.Tasks",
        "DefiningProjectExtension": ".csproj"
      },
      {
        "Identity": "../Markup/Avalonia.Markup.Xaml.Loader/CompilerExtensions/Transformers/AvaloniaXamlIlBindingPathParser.cs",
        "Link": "XamlIlExtensions/Transformers/AvaloniaXamlIlBindingPathParser.cs",
        "FullPath": "/workspace/team-c/c3-admin-symbol-errors-validation/framework/CUI/vendor/Avalonia/src/Markup/Avalonia.Markup.Xaml.Loader/CompilerExtensions/Transformers/AvaloniaXamlIlBindingPathParser.cs",
        "RootDir": "/",
        "Filename": "AvaloniaXamlIlBindingPathParser",
        "Extension": ".cs",
        "RelativeDir": "../Markup/Avalonia.Markup.Xaml.Loader/CompilerExtensions/Transformers/",
        "Directory": "workspace/team-c/c3-admin-symbol-errors-validation/framework/CUI/vendor/Avalonia/src/Markup/Avalonia.Markup.Xaml.Loader/CompilerExtensions/Transformers/",
        "RecursiveDir": "Transformers/",
        "ModifiedTime": "",
        "CreatedTime": "",
        "AccessedTime": "",
        "DefiningProjectFullPath": "/workspace/team-c/c3-admin-symbol-errors-validation/framework/CUI/vendor/Avalonia/src/Avalonia.Build.Tasks/Avalonia.Build.Tasks.csproj",
        "DefiningProjectDirectory": "/workspace/team-c/c3-admin-symbol-errors-validation/framework/CUI/vendor/Avalonia/src/Avalonia.Build.Tasks/",
        "DefiningProjectName": "Avalonia.Build.Tasks",
        "DefiningProjectExtension": ".csproj"
      },
      {
        "Identity": "../Markup/Avalonia.Markup.Xaml.Loader/CompilerExtensions/Transformers/AvaloniaXamlIlBindingPathTransformer.cs",
        "Link": "XamlIlExtensions/Transformers/AvaloniaXamlIlBindingPathTransformer.cs",
        "FullPath": "/workspace/team-c/c3-admin-symbol-errors-validation/framework/CUI/vendor/Avalonia/src/Markup/Avalonia.Markup.Xaml.Loader/CompilerExtensions/Transformers/AvaloniaXamlIlBindingPathTransformer.cs",
        "RootDir": "/",
        "Filename": "AvaloniaXamlIlBindingPathTransformer",
        "Extension": ".cs",
        "RelativeDir": "../Markup/Avalonia.Markup.Xaml.Loader/CompilerExtensions/Transformers/",
        "Directory": "workspace/team-c/c3-admin-symbol-errors-validation/framework/CUI/vendor/Avalonia/src/Markup/Avalonia.Markup.Xaml.Loader/CompilerExtensions/Transformers/",
        "RecursiveDir": "Transformers/",
        "ModifiedTime": "",
        "CreatedTime": "",
        "AccessedTime": "",
        "DefiningProjectFullPath": "/workspace/team-c/c3-admin-symbol-errors-validation/framework/CUI/vendor/Avalonia/src/Avalonia.Build.Tasks/Avalonia.Build.Tasks.csproj",
        "DefiningProjectDirectory": "/workspace/team-c/c3-admin-symbol-errors-validation/framework/CUI/vendor/Avalonia/src/Avalonia.Build.Tasks/",
        "DefiningProjectName": "Avalonia.Build.Tasks",
        "DefiningProjectExtension": ".csproj"
      },
      {
        "Identity": "../Markup/Avalonia.Markup.Xaml.Loader/CompilerExtensions/Transformers/AvaloniaXamlIlClassesPropertyResolver.cs",
        "Link": "XamlIlExtensions/Transformers/AvaloniaXamlIlClassesPropertyResolver.cs",
        "FullPath": "/workspace/team-c/c3-admin-symbol-errors-validation/framework/CUI/vendor/Avalonia/src/Markup/Avalonia.Markup.Xaml.Loader/CompilerExtensions/Transformers/AvaloniaXamlIlClassesPropertyResolver.cs",
        "RootDir": "/",
        "Filename": "AvaloniaXamlIlClassesPropertyResolver",
        "Extension": ".cs",
        "RelativeDir": "../Markup/Avalonia.Markup.Xaml.Loader/CompilerExtensions/Transformers/",
        "Directory": "workspace/team-c/c3-admin-symbol-errors-validation/framework/CUI/vendor/Avalonia/src/Markup/Avalonia.Markup.Xaml.Loader/CompilerExtensions/Transformers/",
        "RecursiveDir": "Transformers/",
        "ModifiedTime": "",
        "CreatedTime": "",
        "AccessedTime": "",
        "DefiningProjectFullPath": "/workspace/team-c/c3-admin-symbol-errors-validation/framework/CUI/vendor/Avalonia/src/Avalonia.Build.Tasks/Avalonia.Build.Tasks.csproj",
        "DefiningProjectDirectory": "/workspace/team-c/c3-admin-symbol-errors-validation/framework/CUI/vendor/Avalonia/src/Avalonia.Build.Tasks/",
        "DefiningProjectName": "Avalonia.Build.Tasks",
        "DefiningProjectExtension": ".csproj"
      },
      {
        "Identity": "../Markup/Avalonia.Markup.Xaml.Loader/CompilerExtensions/Transformers/AvaloniaXAmlIlClassesTransformer.cs",
        "Link": "XamlIlExtensions/Transformers/AvaloniaXAmlIlClassesTransformer.cs",
        "FullPath": "/workspace/team-c/c3-admin-symbol-errors-validation/framework/CUI/vendor/Avalonia/src/Markup/Avalonia.Markup.Xaml.Loader/CompilerExtensions/Transformers/AvaloniaXAmlIlClassesTransformer.cs",
        "RootDir": "/",
        "Filename": "AvaloniaXAmlIlClassesTransformer",
        "Extension": ".cs",
        "RelativeDir": "../Markup/Avalonia.Markup.Xaml.Loader/CompilerExtensions/Transformers/",
        "Directory": "workspace/team-c/c3-admin-symbol-errors-validation/framework/CUI/vendor/Avalonia/src/Markup/Avalonia.Markup.Xaml.Loader/CompilerExtensions/Transformers/",
        "RecursiveDir": "Transformers/",
        "ModifiedTime": "",
        "CreatedTime": "",
        "AccessedTime": "",
        "DefiningProjectFullPath": "/workspace/team-c/c3-admin-symbol-errors-validation/framework/CUI/vendor/Avalonia/src/Avalonia.Build.Tasks/Avalonia.Build.Tasks.csproj",
        "DefiningProjectDirectory": "/workspace/team-c/c3-admin-symbol-errors-validation/framework/CUI/vendor/Avalonia/src/Avalonia.Build.Tasks/",
        "DefiningProjectName": "Avalonia.Build.Tasks",
        "DefiningProjectExtension": ".csproj"
      },
      {
        "Identity": "../Markup/Avalonia.Markup.Xaml.Loader/CompilerExtensions/Transformers/AvaloniaXamlIlCompiledBindingsMetadataRemover.cs",
        "Link": "XamlIlExtensions/Transformers/AvaloniaXamlIlCompiledBindingsMetadataRemover.cs",
        "FullPath": "/workspace/team-c/c3-admin-symbol-errors-validation/framework/CUI/vendor/Avalonia/src/Markup/Avalonia.Markup.Xaml.Loader/CompilerExtensions/Transformers/AvaloniaXamlIlCompiledBindingsMetadataRemover.cs",
        "RootDir": "/",
        "Filename": "AvaloniaXamlIlCompiledBindingsMetadataRemover",
        "Extension": ".cs",
        "RelativeDir": "../Markup/Avalonia.Markup.Xaml.Loader/CompilerExtensions/Transformers/",
        "Directory": "workspace/team-c/c3-admin-symbol-errors-validation/framework/CUI/vendor/Avalonia/src/Markup/Avalonia.Markup.Xaml.Loader/CompilerExtensions/Transformers/",
        "RecursiveDir": "Transformers/",
        "ModifiedTime": "",
        "CreatedTime": "",
        "AccessedTime": "",
        "DefiningProjectFullPath": "/workspace/team-c/c3-admin-symbol-errors-validation/framework/CUI/vendor/Avalonia/src/Avalonia.Build.Tasks/Avalonia.Build.Tasks.csproj",
        "DefiningProjectDirectory": "/workspace/team-c/c3-admin-symbol-errors-validation/framework/CUI/vendor/Avalonia/src/Avalonia.Build.Tasks/",
        "DefiningProjectName": "Avalonia.Build.Tasks",
        "DefiningProjectExtension": ".csproj"
      },
      {
        "Identity": "../Markup/Avalonia.Markup.Xaml.Loader/CompilerExtensions/Transformers/AvaloniaXamlIlConstructorServiceProviderTransformer.cs",
        "Link": "XamlIlExtensions/Transformers/AvaloniaXamlIlConstructorServiceProviderTransformer.cs",
        "FullPath": "/workspace/team-c/c3-admin-symbol-errors-validation/framework/CUI/vendor/Avalonia/src/Markup/Avalonia.Markup.Xaml.Loader/CompilerExtensions/Transformers/AvaloniaXamlIlConstructorServiceProviderTransformer.cs",
        "RootDir": "/",
        "Filename": "AvaloniaXamlIlConstructorServiceProviderTransformer",
        "Extension": ".cs",
        "RelativeDir": "../Markup/Avalonia.Markup.Xaml.Loader/CompilerExtensions/Transformers/",
        "Directory": "workspace/team-c/c3-admin-symbol-errors-validation/framework/CUI/vendor/Avalonia/src/Markup/Avalonia.Markup.Xaml.Loader/CompilerExtensions/Transformers/",
        "RecursiveDir": "Transformers/",
        "ModifiedTime": "",
        "CreatedTime": "",
        "AccessedTime": "",
        "DefiningProjectFullPath": "/workspace/team-c/c3-admin-symbol-errors-validation/framework/CUI/vendor/Avalonia/src/Avalonia.Build.Tasks/Avalonia.Build.Tasks.csproj",
        "DefiningProjectDirectory": "/workspace/team-c/c3-admin-symbol-errors-validation/framework/CUI/vendor/Avalonia/src/Avalonia.Build.Tasks/",
        "DefiningProjectName": "Avalonia.Build.Tasks",
        "DefiningProjectExtension": ".csproj"
      },
      {
        "Identity": "../Markup/Avalonia.Markup.Xaml.Loader/CompilerExtensions/Transformers/AvaloniaXamlIlControlTemplatePartsChecker.cs",
        "Link": "XamlIlExtensions/Transformers/AvaloniaXamlIlControlTemplatePartsChecker.cs",
        "FullPath": "/workspace/team-c/c3-admin-symbol-errors-validation/framework/CUI/vendor/Avalonia/src/Markup/Avalonia.Markup.Xaml.Loader/CompilerExtensions/Transformers/AvaloniaXamlIlControlTemplatePartsChecker.cs",
        "RootDir": "/",
        "Filename": "AvaloniaXamlIlControlTemplatePartsChecker",
        "Extension": ".cs",
        "RelativeDir": "../Markup/Avalonia.Markup.Xaml.Loader/CompilerExtensions/Transformers/",
        "Directory": "workspace/team-c/c3-admin-symbol-errors-validation/framework/CUI/vendor/Avalonia/src/Markup/Avalonia.Markup.Xaml.Loader/CompilerExtensions/Transformers/",
        "RecursiveDir": "Transformers/",
        "ModifiedTime": "",
        "CreatedTime": "",
        "AccessedTime": "",
        "DefiningProjectFullPath": "/workspace/team-c/c3-admin-symbol-errors-validation/framework/CUI/vendor/Avalonia/src/Avalonia.Build.Tasks/Avalonia.Build.Tasks.csproj",
        "DefiningProjectDirectory": "/workspace/team-c/c3-admin-symbol-errors-validation/framework/CUI/vendor/Avalonia/src/Avalonia.Build.Tasks/",
        "DefiningProjectName": "Avalonia.Build.Tasks",
        "DefiningProjectExtension": ".csproj"
      },
      {
        "Identity": "../Markup/Avalonia.Markup.Xaml.Loader/CompilerExtensions/Transformers/AvaloniaXamlIlControlTemplatePriorityTransformer.cs",
        "Link": "XamlIlExtensions/Transformers/AvaloniaXamlIlControlTemplatePriorityTransformer.cs",
        "FullPath": "/workspace/team-c/c3-admin-symbol-errors-validation/framework/CUI/vendor/Avalonia/src/Markup/Avalonia.Markup.Xaml.Loader/CompilerExtensions/Transformers/AvaloniaXamlIlControlTemplatePriorityTransformer.cs",
        "RootDir": "/",
        "Filename": "AvaloniaXamlIlControlTemplatePriorityTransformer",
        "Extension": ".cs",
        "RelativeDir": "../Markup/Avalonia.Markup.Xaml.Loader/CompilerExtensions/Transformers/",
        "Directory": "workspace/team-c/c3-admin-symbol-errors-validation/framework/CUI/vendor/Avalonia/src/Markup/Avalonia.Markup.Xaml.Loader/CompilerExtensions/Transformers/",
        "RecursiveDir": "Transformers/",
        "ModifiedTime": "",
        "CreatedTime": "",
        "AccessedTime": "",
        "DefiningProjectFullPath": "/workspace/team-c/c3-admin-symbol-errors-validation/framework/CUI/vendor/Avalonia/src/Avalonia.Build.Tasks/Avalonia.Build.Tasks.csproj",
        "DefiningProjectDirectory": "/workspace/team-c/c3-admin-symbol-errors-validation/framework/CUI/vendor/Avalonia/src/Avalonia.Build.Tasks/",
        "DefiningProjectName": "Avalonia.Build.Tasks",
        "DefiningProjectExtension": ".csproj"
      },
      {
        "Identity": "../Markup/Avalonia.Markup.Xaml.Loader/CompilerExtensions/Transformers/AvaloniaXamlIlControlTemplateTargetTypeMetadataTransformer.cs",
        "Link": "XamlIlExtensions/Transformers/AvaloniaXamlIlControlTemplateTargetTypeMetadataTransformer.cs",
        "FullPath": "/workspace/team-c/c3-admin-symbol-errors-validation/framework/CUI/vendor/Avalonia/src/Markup/Avalonia.Markup.Xaml.Loader/CompilerExtensions/Transformers/AvaloniaXamlIlControlTemplateTargetTypeMetadataTransformer.cs",
        "RootDir": "/",
        "Filename": "AvaloniaXamlIlControlTemplateTargetTypeMetadataTransformer",
        "Extension": ".cs",
        "RelativeDir": "../Markup/Avalonia.Markup.Xaml.Loader/CompilerExtensions/Transformers/",
        "Directory": "workspace/team-c/c3-admin-symbol-errors-validation/framework/CUI/vendor/Avalonia/src/Markup/Avalonia.Markup.Xaml.Loader/CompilerExtensions/Transformers/",
        "RecursiveDir": "Transformers/",
        "ModifiedTime": "",
        "CreatedTime": "",
        "AccessedTime": "",
        "DefiningProjectFullPath": "/workspace/team-c/c3-admin-symbol-errors-validation/framework/CUI/vendor/Avalonia/src/Avalonia.Build.Tasks/Avalonia.Build.Tasks.csproj",
        "DefiningProjectDirectory": "/workspace/team-c/c3-admin-symbol-errors-validation/framework/CUI/vendor/Avalonia/src/Avalonia.Build.Tasks/",
        "DefiningProjectName": "Avalonia.Build.Tasks",
        "DefiningProjectExtension": ".csproj"
      },
      {
        "Identity": "../Markup/Avalonia.Markup.Xaml.Loader/CompilerExtensions/Transformers/AvaloniaXamlIlControlThemeTransformer.cs",
        "Link": "XamlIlExtensions/Transformers/AvaloniaXamlIlControlThemeTransformer.cs",
        "FullPath": "/workspace/team-c/c3-admin-symbol-errors-validation/framework/CUI/vendor/Avalonia/src/Markup/Avalonia.Markup.Xaml.Loader/CompilerExtensions/Transformers/AvaloniaXamlIlControlThemeTransformer.cs",
        "RootDir": "/",
        "Filename": "AvaloniaXamlIlControlThemeTransformer",
        "Extension": ".cs",
        "RelativeDir": "../Markup/Avalonia.Markup.Xaml.Loader/CompilerExtensions/Transformers/",
        "Directory": "workspace/team-c/c3-admin-symbol-errors-validation/framework/CUI/vendor/Avalonia/src/Markup/Avalonia.Markup.Xaml.Loader/CompilerExtensions/Transformers/",
        "RecursiveDir": "Transformers/",
        "ModifiedTime": "",
        "CreatedTime": "",
        "AccessedTime": "",
        "DefiningProjectFullPath": "/workspace/team-c/c3-admin-symbol-errors-validation/framework/CUI/vendor/Avalonia/src/Avalonia.Build.Tasks/Avalonia.Build.Tasks.csproj",
        "DefiningProjectDirectory": "/workspace/team-c/c3-admin-symbol-errors-validation/framework/CUI/vendor/Avalonia/src/Avalonia.Build.Tasks/",
        "DefiningProjectName": "Avalonia.Build.Tasks",
        "DefiningProjectExtension": ".csproj"
      },
      {
        "Identity": "../Markup/Avalonia.Markup.Xaml.Loader/CompilerExtensions/Transformers/AvaloniaXamlIlDataContextTypeTransformer.cs",
        "Link": "XamlIlExtensions/Transformers/AvaloniaXamlIlDataContextTypeTransformer.cs",
        "FullPath": "/workspace/team-c/c3-admin-symbol-errors-validation/framework/CUI/vendor/Avalonia/src/Markup/Avalonia.Markup.Xaml.Loader/CompilerExtensions/Transformers/AvaloniaXamlIlDataContextTypeTransformer.cs",
        "RootDir": "/",
        "Filename": "AvaloniaXamlIlDataContextTypeTransformer",
        "Extension": ".cs",
        "RelativeDir": "../Markup/Avalonia.Markup.Xaml.Loader/CompilerExtensions/Transformers/",
        "Directory": "workspace/team-c/c3-admin-symbol-errors-validation/framework/CUI/vendor/Avalonia/src/Markup/Avalonia.Markup.Xaml.Loader/CompilerExtensions/Transformers/",
        "RecursiveDir": "Transformers/",
        "ModifiedTime": "",
        "CreatedTime": "",
        "AccessedTime": "",
        "DefiningProjectFullPath": "/workspace/team-c/c3-admin-symbol-errors-validation/framework/CUI/vendor/Avalonia/src/Avalonia.Build.Tasks/Avalonia.Build.Tasks.csproj",
        "DefiningProjectDirectory": "/workspace/team-c/c3-admin-symbol-errors-validation/framework/CUI/vendor/Avalonia/src/Avalonia.Build.Tasks/",
        "DefiningProjectName": "Avalonia.Build.Tasks",
        "DefiningProjectExtension": ".csproj"
      },
      {
        "Identity": "../Markup/Avalonia.Markup.Xaml.Loader/CompilerExtensions/Transformers/AvaloniaXamlIlDataTemplateWarningsTransformer.cs",
        "Link": "XamlIlExtensions/Transformers/AvaloniaXamlIlDataTemplateWarningsTransformer.cs",
        "FullPath": "/workspace/team-c/c3-admin-symbol-errors-validation/framework/CUI/vendor/Avalonia/src/Markup/Avalonia.Markup.Xaml.Loader/CompilerExtensions/Transformers/AvaloniaXamlIlDataTemplateWarningsTransformer.cs",
        "RootDir": "/",
        "Filename": "AvaloniaXamlIlDataTemplateWarningsTransformer",
        "Extension": ".cs",
        "RelativeDir": "../Markup/Avalonia.Markup.Xaml.Loader/CompilerExtensions/Transformers/",
        "Directory": "workspace/team-c/c3-admin-symbol-errors-validation/framework/CUI/vendor/Avalonia/src/Markup/Avalonia.Markup.Xaml.Loader/CompilerExtensions/Transformers/",
        "RecursiveDir": "Transformers/",
        "ModifiedTime": "",
        "CreatedTime": "",
        "AccessedTime": "",
        "DefiningProjectFullPath": "/workspace/team-c/c3-admin-symbol-errors-validation/framework/CUI/vendor/Avalonia/src/Avalonia.Build.Tasks/Avalonia.Build.Tasks.csproj",
        "DefiningProjectDirectory": "/workspace/team-c/c3-admin-symbol-errors-validation/framework/CUI/vendor/Avalonia/src/Avalonia.Build.Tasks/",
        "DefiningProjectName": "Avalonia.Build.Tasks",
        "DefiningProjectExtension": ".csproj"
      },
      {
        "Identity": "../Markup/Avalonia.Markup.Xaml.Loader/CompilerExtensions/Transformers/AvaloniaXamlIlDesignPropertiesTransformer.cs",
        "Link": "XamlIlExtensions/Transformers/AvaloniaXamlIlDesignPropertiesTransformer.cs",
        "FullPath": "/workspace/team-c/c3-admin-symbol-errors-validation/framework/CUI/vendor/Avalonia/src/Markup/Avalonia.Markup.Xaml.Loader/CompilerExtensions/Transformers/AvaloniaXamlIlDesignPropertiesTransformer.cs",
        "RootDir": "/",
        "Filename": "AvaloniaXamlIlDesignPropertiesTransformer",
        "Extension": ".cs",
        "RelativeDir": "../Markup/Avalonia.Markup.Xaml.Loader/CompilerExtensions/Transformers/",
        "Directory": "workspace/team-c/c3-admin-symbol-errors-validation/framework/CUI/vendor/Avalonia/src/Markup/Avalonia.Markup.Xaml.Loader/CompilerExtensions/Transformers/",
        "RecursiveDir": "Transformers/",
        "ModifiedTime": "",
        "CreatedTime": "",
        "AccessedTime": "",
        "DefiningProjectFullPath": "/workspace/team-c/c3-admin-symbol-errors-validation/framework/CUI/vendor/Avalonia/src/Avalonia.Build.Tasks/Avalonia.Build.Tasks.csproj",
        "DefiningProjectDirectory": "/workspace/team-c/c3-admin-symbol-errors-validation/framework/CUI/vendor/Avalonia/src/Avalonia.Build.Tasks/",
        "DefiningProjectName": "Avalonia.Build.Tasks",
        "DefiningProjectExtension": ".csproj"
      },
      {
        "Identity": "../Markup/Avalonia.Markup.Xaml.Loader/CompilerExtensions/Transformers/AvaloniaXamlIlDuplicateSettersChecker.cs",
        "Link": "XamlIlExtensions/Transformers/AvaloniaXamlIlDuplicateSettersChecker.cs",
        "FullPath": "/workspace/team-c/c3-admin-symbol-errors-validation/framework/CUI/vendor/Avalonia/src/Markup/Avalonia.Markup.Xaml.Loader/CompilerExtensions/Transformers/AvaloniaXamlIlDuplicateSettersChecker.cs",
        "RootDir": "/",
        "Filename": "AvaloniaXamlIlDuplicateSettersChecker",
        "Extension": ".cs",
        "RelativeDir": "../Markup/Avalonia.Markup.Xaml.Loader/CompilerExtensions/Transformers/",
        "Directory": "workspace/team-c/c3-admin-symbol-errors-validation/framework/CUI/vendor/Avalonia/src/Markup/Avalonia.Markup.Xaml.Loader/CompilerExtensions/Transformers/",
        "RecursiveDir": "Transformers/",
        "ModifiedTime": "",
        "CreatedTime": "",
        "AccessedTime": "",
        "DefiningProjectFullPath": "/workspace/team-c/c3-admin-symbol-errors-validation/framework/CUI/vendor/Avalonia/src/Avalonia.Build.Tasks/Avalonia.Build.Tasks.csproj",
        "DefiningProjectDirectory": "/workspace/team-c/c3-admin-symbol-errors-validation/framework/CUI/vendor/Avalonia/src/Avalonia.Build.Tasks/",
        "DefiningProjectName": "Avalonia.Build.Tasks",
        "DefiningProjectExtension": ".csproj"
      },
      {
        "Identity": "../Markup/Avalonia.Markup.Xaml.Loader/CompilerExtensions/Transformers/AvaloniaXamlIlEnsureResourceDictionaryCapacityTransformer.cs",
        "Link": "XamlIlExtensions/Transformers/AvaloniaXamlIlEnsureResourceDictionaryCapacityTransformer.cs",
        "FullPath": "/workspace/team-c/c3-admin-symbol-errors-validation/framework/CUI/vendor/Avalonia/src/Markup/Avalonia.Markup.Xaml.Loader/CompilerExtensions/Transformers/AvaloniaXamlIlEnsureResourceDictionaryCapacityTransformer.cs",
        "RootDir": "/",
        "Filename": "AvaloniaXamlIlEnsureResourceDictionaryCapacityTransformer",
        "Extension": ".cs",
        "RelativeDir": "../Markup/Avalonia.Markup.Xaml.Loader/CompilerExtensions/Transformers/",
        "Directory": "workspace/team-c/c3-admin-symbol-errors-validation/framework/CUI/vendor/Avalonia/src/Markup/Avalonia.Markup.Xaml.Loader/CompilerExtensions/Transformers/",
        "RecursiveDir": "Transformers/",
        "ModifiedTime": "",
        "CreatedTime": "",
        "AccessedTime": "",
        "DefiningProjectFullPath": "/workspace/team-c/c3-admin-symbol-errors-validation/framework/CUI/vendor/Avalonia/src/Avalonia.Build.Tasks/Avalonia.Build.Tasks.csproj",
        "DefiningProjectDirectory": "/workspace/team-c/c3-admin-symbol-errors-validation/framework/CUI/vendor/Avalonia/src/Avalonia.Build.Tasks/",
        "DefiningProjectName": "Avalonia.Build.Tasks",
        "DefiningProjectExtension": ".csproj"
      },
      {
        "Identity": "../Markup/Avalonia.Markup.Xaml.Loader/CompilerExtensions/Transformers/AvaloniaXamlIlMetadataRemover.cs",
        "Link": "XamlIlExtensions/Transformers/AvaloniaXamlIlMetadataRemover.cs",
        "FullPath": "/workspace/team-c/c3-admin-symbol-errors-validation/framework/CUI/vendor/Avalonia/src/Markup/Avalonia.Markup.Xaml.Loader/CompilerExtensions/Transformers/AvaloniaXamlIlMetadataRemover.cs",
        "RootDir": "/",
        "Filename": "AvaloniaXamlIlMetadataRemover",
        "Extension": ".cs",
        "RelativeDir": "../Markup/Avalonia.Markup.Xaml.Loader/CompilerExtensions/Transformers/",
        "Directory": "workspace/team-c/c3-admin-symbol-errors-validation/framework/CUI/vendor/Avalonia/src/Markup/Avalonia.Markup.Xaml.Loader/CompilerExtensions/Transformers/",
        "RecursiveDir": "Transformers/",
        "ModifiedTime": "",
        "CreatedTime": "",
        "AccessedTime": "",
        "DefiningProjectFullPath": "/workspace/team-c/c3-admin-symbol-errors-validation/framework/CUI/vendor/Avalonia/src/Avalonia.Build.Tasks/Avalonia.Build.Tasks.csproj",
        "DefiningProjectDirectory": "/workspace/team-c/c3-admin-symbol-errors-validation/framework/CUI/vendor/Avalonia/src/Avalonia.Build.Tasks/",
        "DefiningProjectName": "Avalonia.Build.Tasks",
        "DefiningProjectExtension": ".csproj"
      },
      {
        "Identity": "../Markup/Avalonia.Markup.Xaml.Loader/CompilerExtensions/Transformers/AvaloniaXamlIlOptionMarkupExtensionTransformer.cs",
        "Link": "XamlIlExtensions/Transformers/AvaloniaXamlIlOptionMarkupExtensionTransformer.cs",
        "FullPath": "/workspace/team-c/c3-admin-symbol-errors-validation/framework/CUI/vendor/Avalonia/src/Markup/Avalonia.Markup.Xaml.Loader/CompilerExtensions/Transformers/AvaloniaXamlIlOptionMarkupExtensionTransformer.cs",
        "RootDir": "/",
        "Filename": "AvaloniaXamlIlOptionMarkupExtensionTransformer",
        "Extension": ".cs",
        "RelativeDir": "../Markup/Avalonia.Markup.Xaml.Loader/CompilerExtensions/Transformers/",
        "Directory": "workspace/team-c/c3-admin-symbol-errors-validation/framework/CUI/vendor/Avalonia/src/Markup/Avalonia.Markup.Xaml.Loader/CompilerExtensions/Transformers/",
        "RecursiveDir": "Transformers/",
        "ModifiedTime": "",
        "CreatedTime": "",
        "AccessedTime": "",
        "DefiningProjectFullPath": "/workspace/team-c/c3-admin-symbol-errors-validation/framework/CUI/vendor/Avalonia/src/Avalonia.Build.Tasks/Avalonia.Build.Tasks.csproj",
        "DefiningProjectDirectory": "/workspace/team-c/c3-admin-symbol-errors-validation/framework/CUI/vendor/Avalonia/src/Avalonia.Build.Tasks/",
        "DefiningProjectName": "Avalonia.Build.Tasks",
        "DefiningProjectExtension": ".csproj"
      },
      {
        "Identity": "../Markup/Avalonia.Markup.Xaml.Loader/CompilerExtensions/Transformers/AvaloniaXamlIlQueryTransformer.cs",
        "Link": "XamlIlExtensions/Transformers/AvaloniaXamlIlQueryTransformer.cs",
        "FullPath": "/workspace/team-c/c3-admin-symbol-errors-validation/framework/CUI/vendor/Avalonia/src/Markup/Avalonia.Markup.Xaml.Loader/CompilerExtensions/Transformers/AvaloniaXamlIlQueryTransformer.cs",
        "RootDir": "/",
        "Filename": "AvaloniaXamlIlQueryTransformer",
        "Extension": ".cs",
        "RelativeDir": "../Markup/Avalonia.Markup.Xaml.Loader/CompilerExtensions/Transformers/",
        "Directory": "workspace/team-c/c3-admin-symbol-errors-validation/framework/CUI/vendor/Avalonia/src/Markup/Avalonia.Markup.Xaml.Loader/CompilerExtensions/Transformers/",
        "RecursiveDir": "Transformers/",
        "ModifiedTime": "",
        "CreatedTime": "",
        "AccessedTime": "",
        "DefiningProjectFullPath": "/workspace/team-c/c3-admin-symbol-errors-validation/framework/CUI/vendor/Avalonia/src/Avalonia.Build.Tasks/Avalonia.Build.Tasks.csproj",
        "DefiningProjectDirectory": "/workspace/team-c/c3-admin-symbol-errors-validation/framework/CUI/vendor/Avalonia/src/Avalonia.Build.Tasks/",
        "DefiningProjectName": "Avalonia.Build.Tasks",
        "DefiningProjectExtension": ".csproj"
      },
      {
        "Identity": "../Markup/Avalonia.Markup.Xaml.Loader/CompilerExtensions/Transformers/AvaloniaXamlIlReorderClassesPropertiesTransformer.cs",
        "Link": "XamlIlExtensions/Transformers/AvaloniaXamlIlReorderClassesPropertiesTransformer.cs",
        "FullPath": "/workspace/team-c/c3-admin-symbol-errors-validation/framework/CUI/vendor/Avalonia/src/Markup/Avalonia.Markup.Xaml.Loader/CompilerExtensions/Transformers/AvaloniaXamlIlReorderClassesPropertiesTransformer.cs",
        "RootDir": "/",
        "Filename": "AvaloniaXamlIlReorderClassesPropertiesTransformer",
        "Extension": ".cs",
        "RelativeDir": "../Markup/Avalonia.Markup.Xaml.Loader/CompilerExtensions/Transformers/",
        "Directory": "workspace/team-c/c3-admin-symbol-errors-validation/framework/CUI/vendor/Avalonia/src/Markup/Avalonia.Markup.Xaml.Loader/CompilerExtensions/Transformers/",
        "RecursiveDir": "Transformers/",
        "ModifiedTime": "",
        "CreatedTime": "",
        "AccessedTime": "",
        "DefiningProjectFullPath": "/workspace/team-c/c3-admin-symbol-errors-validation/framework/CUI/vendor/Avalonia/src/Avalonia.Build.Tasks/Avalonia.Build.Tasks.csproj",
        "DefiningProjectDirectory": "/workspace/team-c/c3-admin-symbol-errors-validation/framework/CUI/vendor/Avalonia/src/Avalonia.Build.Tasks/",
        "DefiningProjectName": "Avalonia.Build.Tasks",
        "DefiningProjectExtension": ".csproj"
      },
      {
        "Identity": "../Markup/Avalonia.Markup.Xaml.Loader/CompilerExtensions/Transformers/AvaloniaXamlIlResolveByNameMarkupExtensionReplacer.cs",
        "Link": "XamlIlExtensions/Transformers/AvaloniaXamlIlResolveByNameMarkupExtensionReplacer.cs",
        "FullPath": "/workspace/team-c/c3-admin-symbol-errors-validation/framework/CUI/vendor/Avalonia/src/Markup/Avalonia.Markup.Xaml.Loader/CompilerExtensions/Transformers/AvaloniaXamlIlResolveByNameMarkupExtensionReplacer.cs",
        "RootDir": "/",
        "Filename": "AvaloniaXamlIlResolveByNameMarkupExtensionReplacer",
        "Extension": ".cs",
        "RelativeDir": "../Markup/Avalonia.Markup.Xaml.Loader/CompilerExtensions/Transformers/",
        "Directory": "workspace/team-c/c3-admin-symbol-errors-validation/framework/CUI/vendor/Avalonia/src/Markup/Avalonia.Markup.Xaml.Loader/CompilerExtensions/Transformers/",
        "RecursiveDir": "Transformers/",
        "ModifiedTime": "",
        "CreatedTime": "",
        "AccessedTime": "",
        "DefiningProjectFullPath": "/workspace/team-c/c3-admin-symbol-errors-validation/framework/CUI/vendor/Avalonia/src/Avalonia.Build.Tasks/Avalonia.Build.Tasks.csproj",
        "DefiningProjectDirectory": "/workspace/team-c/c3-admin-symbol-errors-validation/framework/CUI/vendor/Avalonia/src/Avalonia.Build.Tasks/",
        "DefiningProjectName": "Avalonia.Build.Tasks",
        "DefiningProjectExtension": ".csproj"
      },
      {
        "Identity": "../Markup/Avalonia.Markup.Xaml.Loader/CompilerExtensions/Transformers/AvaloniaXamlIlResourceTransformer.cs",
        "Link": "XamlIlExtensions/Transformers/AvaloniaXamlIlResourceTransformer.cs",
        "FullPath": "/workspace/team-c/c3-admin-symbol-errors-validation/framework/CUI/vendor/Avalonia/src/Markup/Avalonia.Markup.Xaml.Loader/CompilerExtensions/Transformers/AvaloniaXamlIlResourceTransformer.cs",
        "RootDir": "/",
        "Filename": "AvaloniaXamlIlResourceTransformer",
        "Extension": ".cs",
        "RelativeDir": "../Markup/Avalonia.Markup.Xaml.Loader/CompilerExtensions/Transformers/",
        "Directory": "workspace/team-c/c3-admin-symbol-errors-validation/framework/CUI/vendor/Avalonia/src/Markup/Avalonia.Markup.Xaml.Loader/CompilerExtensions/Transformers/",
        "RecursiveDir": "Transformers/",
        "ModifiedTime": "",
        "CreatedTime": "",
        "AccessedTime": "",
        "DefiningProjectFullPath": "/workspace/team-c/c3-admin-symbol-errors-validation/framework/CUI/vendor/Avalonia/src/Avalonia.Build.Tasks/Avalonia.Build.Tasks.csproj",
        "DefiningProjectDirectory": "/workspace/team-c/c3-admin-symbol-errors-validation/framework/CUI/vendor/Avalonia/src/Avalonia.Build.Tasks/",
        "DefiningProjectName": "Avalonia.Build.Tasks",
        "DefiningProjectExtension": ".csproj"
      },
      {
        "Identity": "../Markup/Avalonia.Markup.Xaml.Loader/CompilerExtensions/Transformers/AvaloniaXamlIlRootObjectScopeTransformer.cs",
        "Link": "XamlIlExtensions/Transformers/AvaloniaXamlIlRootObjectScopeTransformer.cs",
        "FullPath": "/workspace/team-c/c3-admin-symbol-errors-validation/framework/CUI/vendor/Avalonia/src/Markup/Avalonia.Markup.Xaml.Loader/CompilerExtensions/Transformers/AvaloniaXamlIlRootObjectScopeTransformer.cs",
        "RootDir": "/",
        "Filename": "AvaloniaXamlIlRootObjectScopeTransformer",
        "Extension": ".cs",
        "RelativeDir": "../Markup/Avalonia.Markup.Xaml.Loader/CompilerExtensions/Transformers/",
        "Directory": "workspace/team-c/c3-admin-symbol-errors-validation/framework/CUI/vendor/Avalonia/src/Markup/Avalonia.Markup.Xaml.Loader/CompilerExtensions/Transformers/",
        "RecursiveDir": "Transformers/",
        "ModifiedTime": "",
        "CreatedTime": "",
        "AccessedTime": "",
        "DefiningProjectFullPath": "/workspace/team-c/c3-admin-symbol-errors-validation/framework/CUI/vendor/Avalonia/src/Avalonia.Build.Tasks/Avalonia.Build.Tasks.csproj",
        "DefiningProjectDirectory": "/workspace/team-c/c3-admin-symbol-errors-validation/framework/CUI/vendor/Avalonia/src/Avalonia.Build.Tasks/",
        "DefiningProjectName": "Avalonia.Build.Tasks",
        "DefiningProjectExtension": ".csproj"
      },
      {
        "Identity": "../Markup/Avalonia.Markup.Xaml.Loader/CompilerExtensions/Transformers/AvaloniaXamlIlSelectorTransformer.cs",
        "Link": "XamlIlExtensions/Transformers/AvaloniaXamlIlSelectorTransformer.cs",
        "FullPath": "/workspace/team-c/c3-admin-symbol-errors-validation/framework/CUI/vendor/Avalonia/src/Markup/Avalonia.Markup.Xaml.Loader/CompilerExtensions/Transformers/AvaloniaXamlIlSelectorTransformer.cs",
        "RootDir": "/",
        "Filename": "AvaloniaXamlIlSelectorTransformer",
        "Extension": ".cs",
        "RelativeDir": "../Markup/Avalonia.Markup.Xaml.Loader/CompilerExtensions/Transformers/",
        "Directory": "workspace/team-c/c3-admin-symbol-errors-validation/framework/CUI/vendor/Avalonia/src/Markup/Avalonia.Markup.Xaml.Loader/CompilerExtensions/Transformers/",
        "RecursiveDir": "Transformers/",
        "ModifiedTime": "",
        "CreatedTime": "",
        "AccessedTime": "",
        "DefiningProjectFullPath": "/workspace/team-c/c3-admin-symbol-errors-validation/framework/CUI/vendor/Avalonia/src/Avalonia.Build.Tasks/Avalonia.Build.Tasks.csproj",
        "DefiningProjectDirectory": "/workspace/team-c/c3-admin-symbol-errors-validation/framework/CUI/vendor/Avalonia/src/Avalonia.Build.Tasks/",
        "DefiningProjectName": "Avalonia.Build.Tasks",
        "DefiningProjectExtension": ".csproj"
      },
      {
        "Identity": "../Markup/Avalonia.Markup.Xaml.Loader/CompilerExtensions/Transformers/AvaloniaXamlIlSetterTargetTypeMetadataTransformer.cs",
        "Link": "XamlIlExtensions/Transformers/AvaloniaXamlIlSetterTargetTypeMetadataTransformer.cs",
        "FullPath": "/workspace/team-c/c3-admin-symbol-errors-validation/framework/CUI/vendor/Avalonia/src/Markup/Avalonia.Markup.Xaml.Loader/CompilerExtensions/Transformers/AvaloniaXamlIlSetterTargetTypeMetadataTransformer.cs",
        "RootDir": "/",
        "Filename": "AvaloniaXamlIlSetterTargetTypeMetadataTransformer",
        "Extension": ".cs",
        "RelativeDir": "../Markup/Avalonia.Markup.Xaml.Loader/CompilerExtensions/Transformers/",
        "Directory": "workspace/team-c/c3-admin-symbol-errors-validation/framework/CUI/vendor/Avalonia/src/Markup/Avalonia.Markup.Xaml.Loader/CompilerExtensions/Transformers/",
        "RecursiveDir": "Transformers/",
        "ModifiedTime": "",
        "CreatedTime": "",
        "AccessedTime": "",
        "DefiningProjectFullPath": "/workspace/team-c/c3-admin-symbol-errors-validation/framework/CUI/vendor/Avalonia/src/Avalonia.Build.Tasks/Avalonia.Build.Tasks.csproj",
        "DefiningProjectDirectory": "/workspace/team-c/c3-admin-symbol-errors-validation/framework/CUI/vendor/Avalonia/src/Avalonia.Build.Tasks/",
        "DefiningProjectName": "Avalonia.Build.Tasks",
        "DefiningProjectExtension": ".csproj"
      },
      {
        "Identity": "../Markup/Avalonia.Markup.Xaml.Loader/CompilerExtensions/Transformers/AvaloniaXamlIlSetterTransformer.cs",
        "Link": "XamlIlExtensions/Transformers/AvaloniaXamlIlSetterTransformer.cs",
        "FullPath": "/workspace/team-c/c3-admin-symbol-errors-validation/framework/CUI/vendor/Avalonia/src/Markup/Avalonia.Markup.Xaml.Loader/CompilerExtensions/Transformers/AvaloniaXamlIlSetterTransformer.cs",
        "RootDir": "/",
        "Filename": "AvaloniaXamlIlSetterTransformer",
        "Extension": ".cs",
        "RelativeDir": "../Markup/Avalonia.Markup.Xaml.Loader/CompilerExtensions/Transformers/",
        "Directory": "workspace/team-c/c3-admin-symbol-errors-validation/framework/CUI/vendor/Avalonia/src/Markup/Avalonia.Markup.Xaml.Loader/CompilerExtensions/Transformers/",
        "RecursiveDir": "Transformers/",
        "ModifiedTime": "",
        "CreatedTime": "",
        "AccessedTime": "",
        "DefiningProjectFullPath": "/workspace/team-c/c3-admin-symbol-errors-validation/framework/CUI/vendor/Avalonia/src/Avalonia.Build.Tasks/Avalonia.Build.Tasks.csproj",
        "DefiningProjectDirectory": "/workspace/team-c/c3-admin-symbol-errors-validation/framework/CUI/vendor/Avalonia/src/Avalonia.Build.Tasks/",
        "DefiningProjectName": "Avalonia.Build.Tasks",
        "DefiningProjectExtension": ".csproj"
      },
      {
        "Identity": "../Markup/Avalonia.Markup.Xaml.Loader/CompilerExtensions/Transformers/AvaloniaXamlIlStyleValidatorTransformer.cs",
        "Link": "XamlIlExtensions/Transformers/AvaloniaXamlIlStyleValidatorTransformer.cs",
        "FullPath": "/workspace/team-c/c3-admin-symbol-errors-validation/framework/CUI/vendor/Avalonia/src/Markup/Avalonia.Markup.Xaml.Loader/CompilerExtensions/Transformers/AvaloniaXamlIlStyleValidatorTransformer.cs",
        "RootDir": "/",
        "Filename": "AvaloniaXamlIlStyleValidatorTransformer",
        "Extension": ".cs",
        "RelativeDir": "../Markup/Avalonia.Markup.Xaml.Loader/CompilerExtensions/Transformers/",
        "Directory": "workspace/team-c/c3-admin-symbol-errors-validation/framework/CUI/vendor/Avalonia/src/Markup/Avalonia.Markup.Xaml.Loader/CompilerExtensions/Transformers/",
        "RecursiveDir": "Transformers/",
        "ModifiedTime": "",
        "CreatedTime": "",
        "AccessedTime": "",
        "DefiningProjectFullPath": "/workspace/team-c/c3-admin-symbol-errors-validation/framework/CUI/vendor/Avalonia/src/Avalonia.Build.Tasks/Avalonia.Build.Tasks.csproj",
        "DefiningProjectDirectory": "/workspace/team-c/c3-admin-symbol-errors-validation/framework/CUI/vendor/Avalonia/src/Avalonia.Build.Tasks/",
        "DefiningProjectName": "Avalonia.Build.Tasks",
        "DefiningProjectExtension": ".csproj"
      },
      {
        "Identity": "../Markup/Avalonia.Markup.Xaml.Loader/CompilerExtensions/Transformers/AvaloniaXamlIlThemeVariantProviderTransformer.cs",
        "Link": "XamlIlExtensions/Transformers/AvaloniaXamlIlThemeVariantProviderTransformer.cs",
        "FullPath": "/workspace/team-c/c3-admin-symbol-errors-validation/framework/CUI/vendor/Avalonia/src/Markup/Avalonia.Markup.Xaml.Loader/CompilerExtensions/Transformers/AvaloniaXamlIlThemeVariantProviderTransformer.cs",
        "RootDir": "/",
        "Filename": "AvaloniaXamlIlThemeVariantProviderTransformer",
        "Extension": ".cs",
        "RelativeDir": "../Markup/Avalonia.Markup.Xaml.Loader/CompilerExtensions/Transformers/",
        "Directory": "workspace/team-c/c3-admin-symbol-errors-validation/framework/CUI/vendor/Avalonia/src/Markup/Avalonia.Markup.Xaml.Loader/CompilerExtensions/Transformers/",
        "RecursiveDir": "Transformers/",
        "ModifiedTime": "",
        "CreatedTime": "",
        "AccessedTime": "",
        "DefiningProjectFullPath": "/workspace/team-c/c3-admin-symbol-errors-validation/framework/CUI/vendor/Avalonia/src/Avalonia.Build.Tasks/Avalonia.Build.Tasks.csproj",
        "DefiningProjectDirectory": "/workspace/team-c/c3-admin-symbol-errors-validation/framework/CUI/vendor/Avalonia/src/Avalonia.Build.Tasks/",
        "DefiningProjectName": "Avalonia.Build.Tasks",
        "DefiningProjectExtension": ".csproj"
      },
      {
        "Identity": "../Markup/Avalonia.Markup.Xaml.Loader/CompilerExtensions/Transformers/AvaloniaXamlIlTransformInstanceAttachedProperties.cs",
        "Link": "XamlIlExtensions/Transformers/AvaloniaXamlIlTransformInstanceAttachedProperties.cs",
        "FullPath": "/workspace/team-c/c3-admin-symbol-errors-validation/framework/CUI/vendor/Avalonia/src/Markup/Avalonia.Markup.Xaml.Loader/CompilerExtensions/Transformers/AvaloniaXamlIlTransformInstanceAttachedProperties.cs",
        "RootDir": "/",
        "Filename": "AvaloniaXamlIlTransformInstanceAttachedProperties",
        "Extension": ".cs",
        "RelativeDir": "../Markup/Avalonia.Markup.Xaml.Loader/CompilerExtensions/Transformers/",
        "Directory": "workspace/team-c/c3-admin-symbol-errors-validation/framework/CUI/vendor/Avalonia/src/Markup/Avalonia.Markup.Xaml.Loader/CompilerExtensions/Transformers/",
        "RecursiveDir": "Transformers/",
        "ModifiedTime": "",
        "CreatedTime": "",
        "AccessedTime": "",
        "DefiningProjectFullPath": "/workspace/team-c/c3-admin-symbol-errors-validation/framework/CUI/vendor/Avalonia/src/Avalonia.Build.Tasks/Avalonia.Build.Tasks.csproj",
        "DefiningProjectDirectory": "/workspace/team-c/c3-admin-symbol-errors-validation/framework/CUI/vendor/Avalonia/src/Avalonia.Build.Tasks/",
        "DefiningProjectName": "Avalonia.Build.Tasks",
        "DefiningProjectExtension": ".csproj"
      },
      {
        "Identity": "../Markup/Avalonia.Markup.Xaml.Loader/CompilerExtensions/Transformers/AvaloniaXamlIlTransformRoutedEvent.cs",
        "Link": "XamlIlExtensions/Transformers/AvaloniaXamlIlTransformRoutedEvent.cs",
        "FullPath": "/workspace/team-c/c3-admin-symbol-errors-validation/framework/CUI/vendor/Avalonia/src/Markup/Avalonia.Markup.Xaml.Loader/CompilerExtensions/Transformers/AvaloniaXamlIlTransformRoutedEvent.cs",
        "RootDir": "/",
        "Filename": "AvaloniaXamlIlTransformRoutedEvent",
        "Extension": ".cs",
        "RelativeDir": "../Markup/Avalonia.Markup.Xaml.Loader/CompilerExtensions/Transformers/",
        "Directory": "workspace/team-c/c3-admin-symbol-errors-validation/framework/CUI/vendor/Avalonia/src/Markup/Avalonia.Markup.Xaml.Loader/CompilerExtensions/Transformers/",
        "RecursiveDir": "Transformers/",
        "ModifiedTime": "",
        "CreatedTime": "",
        "AccessedTime": "",
        "DefiningProjectFullPath": "/workspace/team-c/c3-admin-symbol-errors-validation/framework/CUI/vendor/Avalonia/src/Avalonia.Build.Tasks/Avalonia.Build.Tasks.csproj",
        "DefiningProjectDirectory": "/workspace/team-c/c3-admin-symbol-errors-validation/framework/CUI/vendor/Avalonia/src/Avalonia.Build.Tasks/",
        "DefiningProjectName": "Avalonia.Build.Tasks",
        "DefiningProjectExtension": ".csproj"
      },
      {
        "Identity": "../Markup/Avalonia.Markup.Xaml.Loader/CompilerExtensions/Transformers/AvaloniaXamlIlTransformSyntheticCompiledBindingMembers.cs",
        "Link": "XamlIlExtensions/Transformers/AvaloniaXamlIlTransformSyntheticCompiledBindingMembers.cs",
        "FullPath": "/workspace/team-c/c3-admin-symbol-errors-validation/framework/CUI/vendor/Avalonia/src/Markup/Avalonia.Markup.Xaml.Loader/CompilerExtensions/Transformers/AvaloniaXamlIlTransformSyntheticCompiledBindingMembers.cs",
        "RootDir": "/",
        "Filename": "AvaloniaXamlIlTransformSyntheticCompiledBindingMembers",
        "Extension": ".cs",
        "RelativeDir": "../Markup/Avalonia.Markup.Xaml.Loader/CompilerExtensions/Transformers/",
        "Directory": "workspace/team-c/c3-admin-symbol-errors-validation/framework/CUI/vendor/Avalonia/src/Markup/Avalonia.Markup.Xaml.Loader/CompilerExtensions/Transformers/",
        "RecursiveDir": "Transformers/",
        "ModifiedTime": "",
        "CreatedTime": "",
        "AccessedTime": "",
        "DefiningProjectFullPath": "/workspace/team-c/c3-admin-symbol-errors-validation/framework/CUI/vendor/Avalonia/src/Avalonia.Build.Tasks/Avalonia.Build.Tasks.csproj",
        "DefiningProjectDirectory": "/workspace/team-c/c3-admin-symbol-errors-validation/framework/CUI/vendor/Avalonia/src/Avalonia.Build.Tasks/",
        "DefiningProjectName": "Avalonia.Build.Tasks",
        "DefiningProjectExtension": ".csproj"
      },
      {
        "Identity": "../Markup/Avalonia.Markup.Xaml.Loader/CompilerExtensions/Transformers/AvaloniaXamlIlTransitionsTypeMetadataTransformer.cs",
        "Link": "XamlIlExtensions/Transformers/AvaloniaXamlIlTransitionsTypeMetadataTransformer.cs",
        "FullPath": "/workspace/team-c/c3-admin-symbol-errors-validation/framework/CUI/vendor/Avalonia/src/Markup/Avalonia.Markup.Xaml.Loader/CompilerExtensions/Transformers/AvaloniaXamlIlTransitionsTypeMetadataTransformer.cs",
        "RootDir": "/",
        "Filename": "AvaloniaXamlIlTransitionsTypeMetadataTransformer",
        "Extension": ".cs",
        "RelativeDir": "../Markup/Avalonia.Markup.Xaml.Loader/CompilerExtensions/Transformers/",
        "Directory": "workspace/team-c/c3-admin-symbol-errors-validation/framework/CUI/vendor/Avalonia/src/Markup/Avalonia.Markup.Xaml.Loader/CompilerExtensions/Transformers/",
        "RecursiveDir": "Transformers/",
        "ModifiedTime": "",
        "CreatedTime": "",
        "AccessedTime": "",
        "DefiningProjectFullPath": "/workspace/team-c/c3-admin-symbol-errors-validation/framework/CUI/vendor/Avalonia/src/Avalonia.Build.Tasks/Avalonia.Build.Tasks.csproj",
        "DefiningProjectDirectory": "/workspace/team-c/c3-admin-symbol-errors-validation/framework/CUI/vendor/Avalonia/src/Avalonia.Build.Tasks/",
        "DefiningProjectName": "Avalonia.Build.Tasks",
        "DefiningProjectExtension": ".csproj"
      },
      {
        "Identity": "../Markup/Avalonia.Markup.Xaml.Loader/CompilerExtensions/Transformers/AvaloniaXamlIlWellKnownTypes.cs",
        "Link": "XamlIlExtensions/Transformers/AvaloniaXamlIlWellKnownTypes.cs",
        "FullPath": "/workspace/team-c/c3-admin-symbol-errors-validation/framework/CUI/vendor/Avalonia/src/Markup/Avalonia.Markup.Xaml.Loader/CompilerExtensions/Transformers/AvaloniaXamlIlWellKnownTypes.cs",
        "RootDir": "/",
        "Filename": "AvaloniaXamlIlWellKnownTypes",
        "Extension": ".cs",
        "RelativeDir": "../Markup/Avalonia.Markup.Xaml.Loader/CompilerExtensions/Transformers/",
        "Directory": "workspace/team-c/c3-admin-symbol-errors-validation/framework/CUI/vendor/Avalonia/src/Markup/Avalonia.Markup.Xaml.Loader/CompilerExtensions/Transformers/",
        "RecursiveDir": "Transformers/",
        "ModifiedTime": "",
        "CreatedTime": "",
        "AccessedTime": "",
        "DefiningProjectFullPath": "/workspace/team-c/c3-admin-symbol-errors-validation/framework/CUI/vendor/Avalonia/src/Avalonia.Build.Tasks/Avalonia.Build.Tasks.csproj",
        "DefiningProjectDirectory": "/workspace/team-c/c3-admin-symbol-errors-validation/framework/CUI/vendor/Avalonia/src/Avalonia.Build.Tasks/",
        "DefiningProjectName": "Avalonia.Build.Tasks",
        "DefiningProjectExtension": ".csproj"
      },
      {
        "Identity": "../Markup/Avalonia.Markup.Xaml.Loader/CompilerExtensions/Transformers/IgnoredDirectivesTransformer.cs",
        "Link": "XamlIlExtensions/Transformers/IgnoredDirectivesTransformer.cs",
        "FullPath": "/workspace/team-c/c3-admin-symbol-errors-validation/framework/CUI/vendor/Avalonia/src/Markup/Avalonia.Markup.Xaml.Loader/CompilerExtensions/Transformers/IgnoredDirectivesTransformer.cs",
        "RootDir": "/",
        "Filename": "IgnoredDirectivesTransformer",
        "Extension": ".cs",
        "RelativeDir": "../Markup/Avalonia.Markup.Xaml.Loader/CompilerExtensions/Transformers/",
        "Directory": "workspace/team-c/c3-admin-symbol-errors-validation/framework/CUI/vendor/Avalonia/src/Markup/Avalonia.Markup.Xaml.Loader/CompilerExtensions/Transformers/",
        "RecursiveDir": "Transformers/",
        "ModifiedTime": "",
        "CreatedTime": "",
        "AccessedTime": "",
        "DefiningProjectFullPath": "/workspace/team-c/c3-admin-symbol-errors-validation/framework/CUI/vendor/Avalonia/src/Avalonia.Build.Tasks/Avalonia.Build.Tasks.csproj",
        "DefiningProjectDirectory": "/workspace/team-c/c3-admin-symbol-errors-validation/framework/CUI/vendor/Avalonia/src/Avalonia.Build.Tasks/",
        "DefiningProjectName": "Avalonia.Build.Tasks",
        "DefiningProjectExtension": ".csproj"
      },
      {
        "Identity": "../Markup/Avalonia.Markup.Xaml.Loader/CompilerExtensions/Transformers/XamlPropertyPathException.cs",
        "Link": "XamlIlExtensions/Transformers/XamlPropertyPathException.cs",
        "FullPath": "/workspace/team-c/c3-admin-symbol-errors-validation/framework/CUI/vendor/Avalonia/src/Markup/Avalonia.Markup.Xaml.Loader/CompilerExtensions/Transformers/XamlPropertyPathException.cs",
        "RootDir": "/",
        "Filename": "XamlPropertyPathException",
        "Extension": ".cs",
        "RelativeDir": "../Markup/Avalonia.Markup.Xaml.Loader/CompilerExtensions/Transformers/",
        "Directory": "workspace/team-c/c3-admin-symbol-errors-validation/framework/CUI/vendor/Avalonia/src/Markup/Avalonia.Markup.Xaml.Loader/CompilerExtensions/Transformers/",
        "RecursiveDir": "Transformers/",
        "ModifiedTime": "",
        "CreatedTime": "",
        "AccessedTime": "",
        "DefiningProjectFullPath": "/workspace/team-c/c3-admin-symbol-errors-validation/framework/CUI/vendor/Avalonia/src/Avalonia.Build.Tasks/Avalonia.Build.Tasks.csproj",
        "DefiningProjectDirectory": "/workspace/team-c/c3-admin-symbol-errors-validation/framework/CUI/vendor/Avalonia/src/Avalonia.Build.Tasks/",
        "DefiningProjectName": "Avalonia.Build.Tasks",
        "DefiningProjectExtension": ".csproj"
      },
      {
        "Identity": "../Markup/Avalonia.Markup.Xaml.Loader/CompilerExtensions/Transformers/XDataTypeTransformer.cs",
        "Link": "XamlIlExtensions/Transformers/XDataTypeTransformer.cs",
        "FullPath": "/workspace/team-c/c3-admin-symbol-errors-validation/framework/CUI/vendor/Avalonia/src/Markup/Avalonia.Markup.Xaml.Loader/CompilerExtensions/Transformers/XDataTypeTransformer.cs",
        "RootDir": "/",
        "Filename": "XDataTypeTransformer",
        "Extension": ".cs",
        "RelativeDir": "../Markup/Avalonia.Markup.Xaml.Loader/CompilerExtensions/Transformers/",
        "Directory": "workspace/team-c/c3-admin-symbol-errors-validation/framework/CUI/vendor/Avalonia/src/Markup/Avalonia.Markup.Xaml.Loader/CompilerExtensions/Transformers/",
        "RecursiveDir": "Transformers/",
        "ModifiedTime": "",
        "CreatedTime": "",
        "AccessedTime": "",
        "DefiningProjectFullPath": "/workspace/team-c/c3-admin-symbol-errors-validation/framework/CUI/vendor/Avalonia/src/Avalonia.Build.Tasks/Avalonia.Build.Tasks.csproj",
        "DefiningProjectDirectory": "/workspace/team-c/c3-admin-symbol-errors-validation/framework/CUI/vendor/Avalonia/src/Avalonia.Build.Tasks/",
        "DefiningProjectName": "Avalonia.Build.Tasks",
        "DefiningProjectExtension": ".csproj"
      },
      {
        "Identity": "../Markup/Avalonia.Markup.Xaml.Loader/CompilerExtensions/Transformers/XNameTransformer.cs",
        "Link": "XamlIlExtensions/Transformers/XNameTransformer.cs",
        "FullPath": "/workspace/team-c/c3-admin-symbol-errors-validation/framework/CUI/vendor/Avalonia/src/Markup/Avalonia.Markup.Xaml.Loader/CompilerExtensions/Transformers/XNameTransformer.cs",
        "RootDir": "/",
        "Filename": "XNameTransformer",
        "Extension": ".cs",
        "RelativeDir": "../Markup/Avalonia.Markup.Xaml.Loader/CompilerExtensions/Transformers/",
        "Directory": "workspace/team-c/c3-admin-symbol-errors-validation/framework/CUI/vendor/Avalonia/src/Markup/Avalonia.Markup.Xaml.Loader/CompilerExtensions/Transformers/",
        "RecursiveDir": "Transformers/",
        "ModifiedTime": "",
        "CreatedTime": "",
        "AccessedTime": "",
        "DefiningProjectFullPath": "/workspace/team-c/c3-admin-symbol-errors-validation/framework/CUI/vendor/Avalonia/src/Avalonia.Build.Tasks/Avalonia.Build.Tasks.csproj",
        "DefiningProjectDirectory": "/workspace/team-c/c3-admin-symbol-errors-validation/framework/CUI/vendor/Avalonia/src/Avalonia.Build.Tasks/",
        "DefiningProjectName": "Avalonia.Build.Tasks",
        "DefiningProjectExtension": ".csproj"
      },
      {
        "Identity": "../Markup/Avalonia.Markup.Xaml.Loader/CompilerExtensions/Visitors/NameScopeRegistrationVisitor.cs",
        "Link": "XamlIlExtensions/Visitors/NameScopeRegistrationVisitor.cs",
        "FullPath": "/workspace/team-c/c3-admin-symbol-errors-validation/framework/CUI/vendor/Avalonia/src/Markup/Avalonia.Markup.Xaml.Loader/CompilerExtensions/Visitors/NameScopeRegistrationVisitor.cs",
        "RootDir": "/",
        "Filename": "NameScopeRegistrationVisitor",
        "Extension": ".cs",
        "RelativeDir": "../Markup/Avalonia.Markup.Xaml.Loader/CompilerExtensions/Visitors/",
        "Directory": "workspace/team-c/c3-admin-symbol-errors-validation/framework/CUI/vendor/Avalonia/src/Markup/Avalonia.Markup.Xaml.Loader/CompilerExtensions/Visitors/",
        "RecursiveDir": "Visitors/",
        "ModifiedTime": "",
        "CreatedTime": "",
        "AccessedTime": "",
        "DefiningProjectFullPath": "/workspace/team-c/c3-admin-symbol-errors-validation/framework/CUI/vendor/Avalonia/src/Avalonia.Build.Tasks/Avalonia.Build.Tasks.csproj",
        "DefiningProjectDirectory": "/workspace/team-c/c3-admin-symbol-errors-validation/framework/CUI/vendor/Avalonia/src/Avalonia.Build.Tasks/",
        "DefiningProjectName": "Avalonia.Build.Tasks",
        "DefiningProjectExtension": ".csproj"
      },
      {
        "Identity": "../Markup/Avalonia.Markup.Xaml.Loader/CompilerExtensions/XamlAstNewClrObjectHelper.cs",
        "Link": "XamlIlExtensions/XamlAstNewClrObjectHelper.cs",
        "FullPath": "/workspace/team-c/c3-admin-symbol-errors-validation/framework/CUI/vendor/Avalonia/src/Markup/Avalonia.Markup.Xaml.Loader/CompilerExtensions/XamlAstNewClrObjectHelper.cs",
        "RootDir": "/",
        "Filename": "XamlAstNewClrObjectHelper",
        "Extension": ".cs",
        "RelativeDir": "../Markup/Avalonia.Markup.Xaml.Loader/CompilerExtensions/",
        "Directory": "workspace/team-c/c3-admin-symbol-errors-validation/framework/CUI/vendor/Avalonia/src/Markup/Avalonia.Markup.Xaml.Loader/CompilerExtensions/",
        "RecursiveDir": "",
        "ModifiedTime": "",
        "CreatedTime": "",
        "AccessedTime": "",
        "DefiningProjectFullPath": "/workspace/team-c/c3-admin-symbol-errors-validation/framework/CUI/vendor/Avalonia/src/Avalonia.Build.Tasks/Avalonia.Build.Tasks.csproj",
        "DefiningProjectDirectory": "/workspace/team-c/c3-admin-symbol-errors-validation/framework/CUI/vendor/Avalonia/src/Avalonia.Build.Tasks/",
        "DefiningProjectName": "Avalonia.Build.Tasks",
        "DefiningProjectExtension": ".csproj"
      },
      {
        "Identity": "../Markup/Avalonia.Markup.Xaml.Loader/CompilerExtensions/XamlDocumentResource.cs",
        "Link": "XamlIlExtensions/XamlDocumentResource.cs",
        "FullPath": "/workspace/team-c/c3-admin-symbol-errors-validation/framework/CUI/vendor/Avalonia/src/Markup/Avalonia.Markup.Xaml.Loader/CompilerExtensions/XamlDocumentResource.cs",
        "RootDir": "/",
        "Filename": "XamlDocumentResource",
        "Extension": ".cs",
        "RelativeDir": "../Markup/Avalonia.Markup.Xaml.Loader/CompilerExtensions/",
        "Directory": "workspace/team-c/c3-admin-symbol-errors-validation/framework/CUI/vendor/Avalonia/src/Markup/Avalonia.Markup.Xaml.Loader/CompilerExtensions/",
        "RecursiveDir": "",
        "ModifiedTime": "",
        "CreatedTime": "",
        "AccessedTime": "",
        "DefiningProjectFullPath": "/workspace/team-c/c3-admin-symbol-errors-validation/framework/CUI/vendor/Avalonia/src/Avalonia.Build.Tasks/Avalonia.Build.Tasks.csproj",
        "DefiningProjectDirectory": "/workspace/team-c/c3-admin-symbol-errors-validation/framework/CUI/vendor/Avalonia/src/Avalonia.Build.Tasks/",
        "DefiningProjectName": "Avalonia.Build.Tasks",
        "DefiningProjectExtension": ".csproj"
      },
      {
        "Identity": "../Markup/Avalonia.Markup.Xaml.Loader/CompilerExtensions/XamlDocumentTypeBuilderProvider.cs",
        "Link": "XamlIlExtensions/XamlDocumentTypeBuilderProvider.cs",
        "FullPath": "/workspace/team-c/c3-admin-symbol-errors-validation/framework/CUI/vendor/Avalonia/src/Markup/Avalonia.Markup.Xaml.Loader/CompilerExtensions/XamlDocumentTypeBuilderProvider.cs",
        "RootDir": "/",
        "Filename": "XamlDocumentTypeBuilderProvider",
        "Extension": ".cs",
        "RelativeDir": "../Markup/Avalonia.Markup.Xaml.Loader/CompilerExtensions/",
        "Directory": "workspace/team-c/c3-admin-symbol-errors-validation/framework/CUI/vendor/Avalonia/src/Markup/Avalonia.Markup.Xaml.Loader/CompilerExtensions/",
        "RecursiveDir": "",
        "ModifiedTime": "",
        "CreatedTime": "",
        "AccessedTime": "",
        "DefiningProjectFullPath": "/workspace/team-c/c3-admin-symbol-errors-validation/framework/CUI/vendor/Avalonia/src/Avalonia.Build.Tasks/Avalonia.Build.Tasks.csproj",
        "DefiningProjectDirectory": "/workspace/team-c/c3-admin-symbol-errors-validation/framework/CUI/vendor/Avalonia/src/Avalonia.Build.Tasks/",
        "DefiningProjectName": "Avalonia.Build.Tasks",
        "DefiningProjectExtension": ".csproj"
      },
      {
        "Identity": "../Markup/Avalonia.Markup.Xaml.Loader/CompilerExtensions/XamlDocumentUsage.cs",
        "Link": "XamlIlExtensions/XamlDocumentUsage.cs",
        "FullPath": "/workspace/team-c/c3-admin-symbol-errors-validation/framework/CUI/vendor/Avalonia/src/Markup/Avalonia.Markup.Xaml.Loader/CompilerExtensions/XamlDocumentUsage.cs",
        "RootDir": "/",
        "Filename": "XamlDocumentUsage",
        "Extension": ".cs",
        "RelativeDir": "../Markup/Avalonia.Markup.Xaml.Loader/CompilerExtensions/",
        "Directory": "workspace/team-c/c3-admin-symbol-errors-validation/framework/CUI/vendor/Avalonia/src/Markup/Avalonia.Markup.Xaml.Loader/CompilerExtensions/",
        "RecursiveDir": "",
        "ModifiedTime": "",
        "CreatedTime": "",
        "AccessedTime": "",
        "DefiningProjectFullPath": "/workspace/team-c/c3-admin-symbol-errors-validation/framework/CUI/vendor/Avalonia/src/Avalonia.Build.Tasks/Avalonia.Build.Tasks.csproj",
        "DefiningProjectDirectory": "/workspace/team-c/c3-admin-symbol-errors-validation/framework/CUI/vendor/Avalonia/src/Avalonia.Build.Tasks/",
        "DefiningProjectName": "Avalonia.Build.Tasks",
        "DefiningProjectExtension": ".csproj"
      },
      {
        "Identity": "../Markup/Avalonia.Markup.Xaml.Loader/CompilerExtensions/XamlIlAvaloniaPropertyHelper.cs",
        "Link": "XamlIlExtensions/XamlIlAvaloniaPropertyHelper.cs",
        "FullPath": "/workspace/team-c/c3-admin-symbol-errors-validation/framework/CUI/vendor/Avalonia/src/Markup/Avalonia.Markup.Xaml.Loader/CompilerExtensions/XamlIlAvaloniaPropertyHelper.cs",
        "RootDir": "/",
        "Filename": "XamlIlAvaloniaPropertyHelper",
        "Extension": ".cs",
        "RelativeDir": "../Markup/Avalonia.Markup.Xaml.Loader/CompilerExtensions/",
        "Directory": "workspace/team-c/c3-admin-symbol-errors-validation/framework/CUI/vendor/Avalonia/src/Markup/Avalonia.Markup.Xaml.Loader/CompilerExtensions/",
        "RecursiveDir": "",
        "ModifiedTime": "",
        "CreatedTime": "",
        "AccessedTime": "",
        "DefiningProjectFullPath": "/workspace/team-c/c3-admin-symbol-errors-validation/framework/CUI/vendor/Avalonia/src/Avalonia.Build.Tasks/Avalonia.Build.Tasks.csproj",
        "DefiningProjectDirectory": "/workspace/team-c/c3-admin-symbol-errors-validation/framework/CUI/vendor/Avalonia/src/Avalonia.Build.Tasks/",
        "DefiningProjectName": "Avalonia.Build.Tasks",
        "DefiningProjectExtension": ".csproj"
      },
      {
        "Identity": "../Markup/Avalonia.Markup.Xaml.Loader/CompilerExtensions/XamlIlBindingPathHelper.cs",
        "Link": "XamlIlExtensions/XamlIlBindingPathHelper.cs",
        "FullPath": "/workspace/team-c/c3-admin-symbol-errors-validation/framework/CUI/vendor/Avalonia/src/Markup/Avalonia.Markup.Xaml.Loader/CompilerExtensions/XamlIlBindingPathHelper.cs",
        "RootDir": "/",
        "Filename": "XamlIlBindingPathHelper",
        "Extension": ".cs",
        "RelativeDir": "../Markup/Avalonia.Markup.Xaml.Loader/CompilerExtensions/",
        "Directory": "workspace/team-c/c3-admin-symbol-errors-validation/framework/CUI/vendor/Avalonia/src/Markup/Avalonia.Markup.Xaml.Loader/CompilerExtensions/",
        "RecursiveDir": "",
        "ModifiedTime": "",
        "CreatedTime": "",
        "AccessedTime": "",
        "DefiningProjectFullPath": "/workspace/team-c/c3-admin-symbol-errors-validation/framework/CUI/vendor/Avalonia/src/Avalonia.Build.Tasks/Avalonia.Build.Tasks.csproj",
        "DefiningProjectDirectory": "/workspace/team-c/c3-admin-symbol-errors-validation/framework/CUI/vendor/Avalonia/src/Avalonia.Build.Tasks/",
        "DefiningProjectName": "Avalonia.Build.Tasks",
        "DefiningProjectExtension": ".csproj"
      },
      {
        "Identity": "../Markup/Avalonia.Markup.Xaml.Loader/CompilerExtensions/XamlIlClrPropertyInfoHelper.cs",
        "Link": "XamlIlExtensions/XamlIlClrPropertyInfoHelper.cs",
        "FullPath": "/workspace/team-c/c3-admin-symbol-errors-validation/framework/CUI/vendor/Avalonia/src/Markup/Avalonia.Markup.Xaml.Loader/CompilerExtensions/XamlIlClrPropertyInfoHelper.cs",
        "RootDir": "/",
        "Filename": "XamlIlClrPropertyInfoHelper",
        "Extension": ".cs",
        "RelativeDir": "../Markup/Avalonia.Markup.Xaml.Loader/CompilerExtensions/",
        "Directory": "workspace/team-c/c3-admin-symbol-errors-validation/framework/CUI/vendor/Avalonia/src/Markup/Avalonia.Markup.Xaml.Loader/CompilerExtensions/",
        "RecursiveDir": "",
        "ModifiedTime": "",
        "CreatedTime": "",
        "AccessedTime": "",
        "DefiningProjectFullPath": "/workspace/team-c/c3-admin-symbol-errors-validation/framework/CUI/vendor/Avalonia/src/Avalonia.Build.Tasks/Avalonia.Build.Tasks.csproj",
        "DefiningProjectDirectory": "/workspace/team-c/c3-admin-symbol-errors-validation/framework/CUI/vendor/Avalonia/src/Avalonia.Build.Tasks/",
        "DefiningProjectName": "Avalonia.Build.Tasks",
        "DefiningProjectExtension": ".csproj"
      },
      {
        "Identity": "../Markup/Avalonia.Markup.Xaml.Loader/CompilerExtensions/XamlIlPropertyInfoAccessorFactoryEmitter.cs",
        "Link": "XamlIlExtensions/XamlIlPropertyInfoAccessorFactoryEmitter.cs",
        "FullPath": "/workspace/team-c/c3-admin-symbol-errors-validation/framework/CUI/vendor/Avalonia/src/Markup/Avalonia.Markup.Xaml.Loader/CompilerExtensions/XamlIlPropertyInfoAccessorFactoryEmitter.cs",
        "RootDir": "/",
        "Filename": "XamlIlPropertyInfoAccessorFactoryEmitter",
        "Extension": ".cs",
        "RelativeDir": "../Markup/Avalonia.Markup.Xaml.Loader/CompilerExtensions/",
        "Directory": "workspace/team-c/c3-admin-symbol-errors-validation/framework/CUI/vendor/Avalonia/src/Markup/Avalonia.Markup.Xaml.Loader/CompilerExtensions/",
        "RecursiveDir": "",
        "ModifiedTime": "",
        "CreatedTime": "",
        "AccessedTime": "",
        "DefiningProjectFullPath": "/workspace/team-c/c3-admin-symbol-errors-validation/framework/CUI/vendor/Avalonia/src/Avalonia.Build.Tasks/Avalonia.Build.Tasks.csproj",
        "DefiningProjectDirectory": "/workspace/team-c/c3-admin-symbol-errors-validation/framework/CUI/vendor/Avalonia/src/Avalonia.Build.Tasks/",
        "DefiningProjectName": "Avalonia.Build.Tasks",
        "DefiningProjectExtension": ".csproj"
      },
      {
        "Identity": "../Markup/Avalonia.Markup.Xaml.Loader/CompilerExtensions/XamlIlTrampolineBuilder.cs",
        "Link": "XamlIlExtensions/XamlIlTrampolineBuilder.cs",
        "FullPath": "/workspace/team-c/c3-admin-symbol-errors-validation/framework/CUI/vendor/Avalonia/src/Markup/Avalonia.Markup.Xaml.Loader/CompilerExtensions/XamlIlTrampolineBuilder.cs",
        "RootDir": "/",
        "Filename": "XamlIlTrampolineBuilder",
        "Extension": ".cs",
        "RelativeDir": "../Markup/Avalonia.Markup.Xaml.Loader/CompilerExtensions/",
        "Directory": "workspace/team-c/c3-admin-symbol-errors-validation/framework/CUI/vendor/Avalonia/src/Markup/Avalonia.Markup.Xaml.Loader/CompilerExtensions/",
        "RecursiveDir": "",
        "ModifiedTime": "",
        "CreatedTime": "",
        "AccessedTime": "",
        "DefiningProjectFullPath": "/workspace/team-c/c3-admin-symbol-errors-validation/framework/CUI/vendor/Avalonia/src/Avalonia.Build.Tasks/Avalonia.Build.Tasks.csproj",
        "DefiningProjectDirectory": "/workspace/team-c/c3-admin-symbol-errors-validation/framework/CUI/vendor/Avalonia/src/Avalonia.Build.Tasks/",
        "DefiningProjectName": "Avalonia.Build.Tasks",
        "DefiningProjectExtension": ".csproj"
      },
      {
        "Identity": "../../external/XamlX/src/XamlX/Ast/Clr.cs",
        "LinkBase": "XamlIl/",
        "Link": "XamlIl/Ast/Clr.cs",
        "FullPath": "/workspace/team-c/c3-admin-symbol-errors-validation/framework/CUI/vendor/Avalonia/external/XamlX/src/XamlX/Ast/Clr.cs",
        "RootDir": "/",
        "Filename": "Clr",
        "Extension": ".cs",
        "RelativeDir": "../../external/XamlX/src/XamlX/Ast/",
        "Directory": "workspace/team-c/c3-admin-symbol-errors-validation/framework/CUI/vendor/Avalonia/external/XamlX/src/XamlX/Ast/",
        "RecursiveDir": "Ast/",
        "ModifiedTime": "",
        "CreatedTime": "",
        "AccessedTime": "",
        "DefiningProjectFullPath": "/workspace/team-c/c3-admin-symbol-errors-validation/framework/CUI/vendor/Avalonia/src/Avalonia.Build.Tasks/Avalonia.Build.Tasks.csproj",
        "DefiningProjectDirectory": "/workspace/team-c/c3-admin-symbol-errors-validation/framework/CUI/vendor/Avalonia/src/Avalonia.Build.Tasks/",
        "DefiningProjectName": "Avalonia.Build.Tasks",
        "DefiningProjectExtension": ".csproj"
      },
      {
        "Identity": "../../external/XamlX/src/XamlX/Ast/Common.cs",
        "LinkBase": "XamlIl/",
        "Link": "XamlIl/Ast/Common.cs",
        "FullPath": "/workspace/team-c/c3-admin-symbol-errors-validation/framework/CUI/vendor/Avalonia/external/XamlX/src/XamlX/Ast/Common.cs",
        "RootDir": "/",
        "Filename": "Common",
        "Extension": ".cs",
        "RelativeDir": "../../external/XamlX/src/XamlX/Ast/",
        "Directory": "workspace/team-c/c3-admin-symbol-errors-validation/framework/CUI/vendor/Avalonia/external/XamlX/src/XamlX/Ast/",
        "RecursiveDir": "Ast/",
        "ModifiedTime": "",
        "CreatedTime": "",
        "AccessedTime": "",
        "DefiningProjectFullPath": "/workspace/team-c/c3-admin-symbol-errors-validation/framework/CUI/vendor/Avalonia/src/Avalonia.Build.Tasks/Avalonia.Build.Tasks.csproj",
        "DefiningProjectDirectory": "/workspace/team-c/c3-admin-symbol-errors-validation/framework/CUI/vendor/Avalonia/src/Avalonia.Build.Tasks/",
        "DefiningProjectName": "Avalonia.Build.Tasks",
        "DefiningProjectExtension": ".csproj"
      },
      {
        "Identity": "../../external/XamlX/src/XamlX/Ast/CompilerHelpers.cs",
        "LinkBase": "XamlIl/",
        "Link": "XamlIl/Ast/CompilerHelpers.cs",
        "FullPath": "/workspace/team-c/c3-admin-symbol-errors-validation/framework/CUI/vendor/Avalonia/external/XamlX/src/XamlX/Ast/CompilerHelpers.cs",
        "RootDir": "/",
        "Filename": "CompilerHelpers",
        "Extension": ".cs",
        "RelativeDir": "../../external/XamlX/src/XamlX/Ast/",
        "Directory": "workspace/team-c/c3-admin-symbol-errors-validation/framework/CUI/vendor/Avalonia/external/XamlX/src/XamlX/Ast/",
        "RecursiveDir": "Ast/",
        "ModifiedTime": "",
        "CreatedTime": "",
        "AccessedTime": "",
        "DefiningProjectFullPath": "/workspace/team-c/c3-admin-symbol-errors-validation/framework/CUI/vendor/Avalonia/src/Avalonia.Build.Tasks/Avalonia.Build.Tasks.csproj",
        "DefiningProjectDirectory": "/workspace/team-c/c3-admin-symbol-errors-validation/framework/CUI/vendor/Avalonia/src/Avalonia.Build.Tasks/",
        "DefiningProjectName": "Avalonia.Build.Tasks",
        "DefiningProjectExtension": ".csproj"
      },
      {
        "Identity": "../../external/XamlX/src/XamlX/Ast/Intrinsics.cs",
        "LinkBase": "XamlIl/",
        "Link": "XamlIl/Ast/Intrinsics.cs",
        "FullPath": "/workspace/team-c/c3-admin-symbol-errors-validation/framework/CUI/vendor/Avalonia/external/XamlX/src/XamlX/Ast/Intrinsics.cs",
        "RootDir": "/",
        "Filename": "Intrinsics",
        "Extension": ".cs",
        "RelativeDir": "../../external/XamlX/src/XamlX/Ast/",
        "Directory": "workspace/team-c/c3-admin-symbol-errors-validation/framework/CUI/vendor/Avalonia/external/XamlX/src/XamlX/Ast/",
        "RecursiveDir": "Ast/",
        "ModifiedTime": "",
        "CreatedTime": "",
        "AccessedTime": "",
        "DefiningProjectFullPath": "/workspace/team-c/c3-admin-symbol-errors-validation/framework/CUI/vendor/Avalonia/src/Avalonia.Build.Tasks/Avalonia.Build.Tasks.csproj",
        "DefiningProjectDirectory": "/workspace/team-c/c3-admin-symbol-errors-validation/framework/CUI/vendor/Avalonia/src/Avalonia.Build.Tasks/",
        "DefiningProjectName": "Avalonia.Build.Tasks",
        "DefiningProjectExtension": ".csproj"
      },
      {
        "Identity": "../../external/XamlX/src/XamlX/Ast/Xaml.cs",
        "LinkBase": "XamlIl/",
        "Link": "XamlIl/Ast/Xaml.cs",
        "FullPath": "/workspace/team-c/c3-admin-symbol-errors-validation/framework/CUI/vendor/Avalonia/external/XamlX/src/XamlX/Ast/Xaml.cs",
        "RootDir": "/",
        "Filename": "Xaml",
        "Extension": ".cs",
        "RelativeDir": "../../external/XamlX/src/XamlX/Ast/",
        "Directory": "workspace/team-c/c3-admin-symbol-errors-validation/framework/CUI/vendor/Avalonia/external/XamlX/src/XamlX/Ast/",
        "RecursiveDir": "Ast/",
        "ModifiedTime": "",
        "CreatedTime": "",
        "AccessedTime": "",
        "DefiningProjectFullPath": "/workspace/team-c/c3-admin-symbol-errors-validation/framework/CUI/vendor/Avalonia/src/Avalonia.Build.Tasks/Avalonia.Build.Tasks.csproj",
        "DefiningProjectDirectory": "/workspace/team-c/c3-admin-symbol-errors-validation/framework/CUI/vendor/Avalonia/src/Avalonia.Build.Tasks/",
        "DefiningProjectName": "Avalonia.Build.Tasks",
        "DefiningProjectExtension": ".csproj"
      },
      {
        "Identity": "../../external/XamlX/src/XamlX/Ast/XamlDocument.cs",
        "LinkBase": "XamlIl/",
        "Link": "XamlIl/Ast/XamlDocument.cs",
        "FullPath": "/workspace/team-c/c3-admin-symbol-errors-validation/framework/CUI/vendor/Avalonia/external/XamlX/src/XamlX/Ast/XamlDocument.cs",
        "RootDir": "/",
        "Filename": "XamlDocument",
        "Extension": ".cs",
        "RelativeDir": "../../external/XamlX/src/XamlX/Ast/",
        "Directory": "workspace/team-c/c3-admin-symbol-errors-validation/framework/CUI/vendor/Avalonia/external/XamlX/src/XamlX/Ast/",
        "RecursiveDir": "Ast/",
        "ModifiedTime": "",
        "CreatedTime": "",
        "AccessedTime": "",
        "DefiningProjectFullPath": "/workspace/team-c/c3-admin-symbol-errors-validation/framework/CUI/vendor/Avalonia/src/Avalonia.Build.Tasks/Avalonia.Build.Tasks.csproj",
        "DefiningProjectDirectory": "/workspace/team-c/c3-admin-symbol-errors-validation/framework/CUI/vendor/Avalonia/src/Avalonia.Build.Tasks/",
        "DefiningProjectName": "Avalonia.Build.Tasks",
        "DefiningProjectExtension": ".csproj"
      },
      {
        "Identity": "../../external/XamlX/src/XamlX/Ast/Xml.cs",
        "LinkBase": "XamlIl/",
        "Link": "XamlIl/Ast/Xml.cs",
        "FullPath": "/workspace/team-c/c3-admin-symbol-errors-validation/framework/CUI/vendor/Avalonia/external/XamlX/src/XamlX/Ast/Xml.cs",
        "RootDir": "/",
        "Filename": "Xml",
        "Extension": ".cs",
        "RelativeDir": "../../external/XamlX/src/XamlX/Ast/",
        "Directory": "workspace/team-c/c3-admin-symbol-errors-validation/framework/CUI/vendor/Avalonia/external/XamlX/src/XamlX/Ast/",
        "RecursiveDir": "Ast/",
        "ModifiedTime": "",
        "CreatedTime": "",
        "AccessedTime": "",
        "DefiningProjectFullPath": "/workspace/team-c/c3-admin-symbol-errors-validation/framework/CUI/vendor/Avalonia/src/Avalonia.Build.Tasks/Avalonia.Build.Tasks.csproj",
        "DefiningProjectDirectory": "/workspace/team-c/c3-admin-symbol-errors-validation/framework/CUI/vendor/Avalonia/src/Avalonia.Build.Tasks/",
        "DefiningProjectName": "Avalonia.Build.Tasks",
        "DefiningProjectExtension": ".csproj"
      },
      {
        "Identity": "../../external/XamlX/src/XamlX/Compiler/XamlCompiler.cs",
        "LinkBase": "XamlIl/",
        "Link": "XamlIl/Compiler/XamlCompiler.cs",
        "FullPath": "/workspace/team-c/c3-admin-symbol-errors-validation/framework/CUI/vendor/Avalonia/external/XamlX/src/XamlX/Compiler/XamlCompiler.cs",
        "RootDir": "/",
        "Filename": "XamlCompiler",
        "Extension": ".cs",
        "RelativeDir": "../../external/XamlX/src/XamlX/Compiler/",
        "Directory": "workspace/team-c/c3-admin-symbol-errors-validation/framework/CUI/vendor/Avalonia/external/XamlX/src/XamlX/Compiler/",
        "RecursiveDir": "Compiler/",
        "ModifiedTime": "",
        "CreatedTime": "",
        "AccessedTime": "",
        "DefiningProjectFullPath": "/workspace/team-c/c3-admin-symbol-errors-validation/framework/CUI/vendor/Avalonia/src/Avalonia.Build.Tasks/Avalonia.Build.Tasks.csproj",
        "DefiningProjectDirectory": "/workspace/team-c/c3-admin-symbol-errors-validation/framework/CUI/vendor/Avalonia/src/Avalonia.Build.Tasks/",
        "DefiningProjectName": "Avalonia.Build.Tasks",
        "DefiningProjectExtension": ".csproj"
      },
      {
        "Identity": "../../external/XamlX/src/XamlX/Compiler/XamlImperativeCompiler.cs",
        "LinkBase": "XamlIl/",
        "Link": "XamlIl/Compiler/XamlImperativeCompiler.cs",
        "FullPath": "/workspace/team-c/c3-admin-symbol-errors-validation/framework/CUI/vendor/Avalonia/external/XamlX/src/XamlX/Compiler/XamlImperativeCompiler.cs",
        "RootDir": "/",
        "Filename": "XamlImperativeCompiler",
        "Extension": ".cs",
        "RelativeDir": "../../external/XamlX/src/XamlX/Compiler/",
        "Directory": "workspace/team-c/c3-admin-symbol-errors-validation/framework/CUI/vendor/Avalonia/external/XamlX/src/XamlX/Compiler/",
        "RecursiveDir": "Compiler/",
        "ModifiedTime": "",
        "CreatedTime": "",
        "AccessedTime": "",
        "DefiningProjectFullPath": "/workspace/team-c/c3-admin-symbol-errors-validation/framework/CUI/vendor/Avalonia/src/Avalonia.Build.Tasks/Avalonia.Build.Tasks.csproj",
        "DefiningProjectDirectory": "/workspace/team-c/c3-admin-symbol-errors-validation/framework/CUI/vendor/Avalonia/src/Avalonia.Build.Tasks/",
        "DefiningProjectName": "Avalonia.Build.Tasks",
        "DefiningProjectExtension": ".csproj"
      },
      {
        "Identity": "../../external/XamlX/src/XamlX/Diagnostics/ContextDiagnosticExtensions.cs",
        "LinkBase": "XamlIl/",
        "Link": "XamlIl/Diagnostics/ContextDiagnosticExtensions.cs",
        "FullPath": "/workspace/team-c/c3-admin-symbol-errors-validation/framework/CUI/vendor/Avalonia/external/XamlX/src/XamlX/Diagnostics/ContextDiagnosticExtensions.cs",
        "RootDir": "/",
        "Filename": "ContextDiagnosticExtensions",
        "Extension": ".cs",
        "RelativeDir": "../../external/XamlX/src/XamlX/Diagnostics/",
        "Directory": "workspace/team-c/c3-admin-symbol-errors-validation/framework/CUI/vendor/Avalonia/external/XamlX/src/XamlX/Diagnostics/",
        "RecursiveDir": "Diagnostics/",
        "ModifiedTime": "",
        "CreatedTime": "",
        "AccessedTime": "",
        "DefiningProjectFullPath": "/workspace/team-c/c3-admin-symbol-errors-validation/framework/CUI/vendor/Avalonia/src/Avalonia.Build.Tasks/Avalonia.Build.Tasks.csproj",
        "DefiningProjectDirectory": "/workspace/team-c/c3-admin-symbol-errors-validation/framework/CUI/vendor/Avalonia/src/Avalonia.Build.Tasks/",
        "DefiningProjectName": "Avalonia.Build.Tasks",
        "DefiningProjectExtension": ".csproj"
      },
      {
        "Identity": "../../external/XamlX/src/XamlX/Diagnostics/TrimmingMessages.cs",
        "LinkBase": "XamlIl/",
        "Link": "XamlIl/Diagnostics/TrimmingMessages.cs",
        "FullPath": "/workspace/team-c/c3-admin-symbol-errors-validation/framework/CUI/vendor/Avalonia/external/XamlX/src/XamlX/Diagnostics/TrimmingMessages.cs",
        "RootDir": "/",
        "Filename": "TrimmingMessages",
        "Extension": ".cs",
        "RelativeDir": "../../external/XamlX/src/XamlX/Diagnostics/",
        "Directory": "workspace/team-c/c3-admin-symbol-errors-validation/framework/CUI/vendor/Avalonia/external/XamlX/src/XamlX/Diagnostics/",
        "RecursiveDir": "Diagnostics/",
        "ModifiedTime": "",
        "CreatedTime": "",
        "AccessedTime": "",
        "DefiningProjectFullPath": "/workspace/team-c/c3-admin-symbol-errors-validation/framework/CUI/vendor/Avalonia/src/Avalonia.Build.Tasks/Avalonia.Build.Tasks.csproj",
        "DefiningProjectDirectory": "/workspace/team-c/c3-admin-symbol-errors-validation/framework/CUI/vendor/Avalonia/src/Avalonia.Build.Tasks/",
        "DefiningProjectName": "Avalonia.Build.Tasks",
        "DefiningProjectExtension": ".csproj"
      },
      {
        "Identity": "../../external/XamlX/src/XamlX/Diagnostics/XamlDiagnostic.cs",
        "LinkBase": "XamlIl/",
        "Link": "XamlIl/Diagnostics/XamlDiagnostic.cs",
        "FullPath": "/workspace/team-c/c3-admin-symbol-errors-validation/framework/CUI/vendor/Avalonia/external/XamlX/src/XamlX/Diagnostics/XamlDiagnostic.cs",
        "RootDir": "/",
        "Filename": "XamlDiagnostic",
        "Extension": ".cs",
        "RelativeDir": "../../external/XamlX/src/XamlX/Diagnostics/",
        "Directory": "workspace/team-c/c3-admin-symbol-errors-validation/framework/CUI/vendor/Avalonia/external/XamlX/src/XamlX/Diagnostics/",
        "RecursiveDir": "Diagnostics/",
        "ModifiedTime": "",
        "CreatedTime": "",
        "AccessedTime": "",
        "DefiningProjectFullPath": "/workspace/team-c/c3-admin-symbol-errors-validation/framework/CUI/vendor/Avalonia/src/Avalonia.Build.Tasks/Avalonia.Build.Tasks.csproj",
        "DefiningProjectDirectory": "/workspace/team-c/c3-admin-symbol-errors-validation/framework/CUI/vendor/Avalonia/src/Avalonia.Build.Tasks/",
        "DefiningProjectName": "Avalonia.Build.Tasks",
        "DefiningProjectExtension": ".csproj"
      },
      {
        "Identity": "../../external/XamlX/src/XamlX/Diagnostics/XamlDiagnosticSeverity.cs",
        "LinkBase": "XamlIl/",
        "Link": "XamlIl/Diagnostics/XamlDiagnosticSeverity.cs",
        "FullPath": "/workspace/team-c/c3-admin-symbol-errors-validation/framework/CUI/vendor/Avalonia/external/XamlX/src/XamlX/Diagnostics/XamlDiagnosticSeverity.cs",
        "RootDir": "/",
        "Filename": "XamlDiagnosticSeverity",
        "Extension": ".cs",
        "RelativeDir": "../../external/XamlX/src/XamlX/Diagnostics/",
        "Directory": "workspace/team-c/c3-admin-symbol-errors-validation/framework/CUI/vendor/Avalonia/external/XamlX/src/XamlX/Diagnostics/",
        "RecursiveDir": "Diagnostics/",
        "ModifiedTime": "",
        "CreatedTime": "",
        "AccessedTime": "",
        "DefiningProjectFullPath": "/workspace/team-c/c3-admin-symbol-errors-validation/framework/CUI/vendor/Avalonia/src/Avalonia.Build.Tasks/Avalonia.Build.Tasks.csproj",
        "DefiningProjectDirectory": "/workspace/team-c/c3-admin-symbol-errors-validation/framework/CUI/vendor/Avalonia/src/Avalonia.Build.Tasks/",
        "DefiningProjectName": "Avalonia.Build.Tasks",
        "DefiningProjectExtension": ".csproj"
      },
      {
        "Identity": "../../external/XamlX/src/XamlX/Diagnostics/XamlXWellKnownDiagnosticCodes.cs",
        "LinkBase": "XamlIl/",
        "Link": "XamlIl/Diagnostics/XamlXWellKnownDiagnosticCodes.cs",
        "FullPath": "/workspace/team-c/c3-admin-symbol-errors-validation/framework/CUI/vendor/Avalonia/external/XamlX/src/XamlX/Diagnostics/XamlXWellKnownDiagnosticCodes.cs",
        "RootDir": "/",
        "Filename": "XamlXWellKnownDiagnosticCodes",
        "Extension": ".cs",
        "RelativeDir": "../../external/XamlX/src/XamlX/Diagnostics/",
        "Directory": "workspace/team-c/c3-admin-symbol-errors-validation/framework/CUI/vendor/Avalonia/external/XamlX/src/XamlX/Diagnostics/",
        "RecursiveDir": "Diagnostics/",
        "ModifiedTime": "",
        "CreatedTime": "",
        "AccessedTime": "",
        "DefiningProjectFullPath": "/workspace/team-c/c3-admin-symbol-errors-validation/framework/CUI/vendor/Avalonia/src/Avalonia.Build.Tasks/Avalonia.Build.Tasks.csproj",
        "DefiningProjectDirectory": "/workspace/team-c/c3-admin-symbol-errors-validation/framework/CUI/vendor/Avalonia/src/Avalonia.Build.Tasks/",
        "DefiningProjectName": "Avalonia.Build.Tasks",
        "DefiningProjectExtension": ".csproj"
      },
      {
        "Identity": "../../external/XamlX/src/XamlX/Emit/XamlEmitContext.cs",
        "LinkBase": "XamlIl/",
        "Link": "XamlIl/Emit/XamlEmitContext.cs",
        "FullPath": "/workspace/team-c/c3-admin-symbol-errors-validation/framework/CUI/vendor/Avalonia/external/XamlX/src/XamlX/Emit/XamlEmitContext.cs",
        "RootDir": "/",
        "Filename": "XamlEmitContext",
        "Extension": ".cs",
        "RelativeDir": "../../external/XamlX/src/XamlX/Emit/",
        "Directory": "workspace/team-c/c3-admin-symbol-errors-validation/framework/CUI/vendor/Avalonia/external/XamlX/src/XamlX/Emit/",
        "RecursiveDir": "Emit/",
        "ModifiedTime": "",
        "CreatedTime": "",
        "AccessedTime": "",
        "DefiningProjectFullPath": "/workspace/team-c/c3-admin-symbol-errors-validation/framework/CUI/vendor/Avalonia/src/Avalonia.Build.Tasks/Avalonia.Build.Tasks.csproj",
        "DefiningProjectDirectory": "/workspace/team-c/c3-admin-symbol-errors-validation/framework/CUI/vendor/Avalonia/src/Avalonia.Build.Tasks/",
        "DefiningProjectName": "Avalonia.Build.Tasks",
        "DefiningProjectExtension": ".csproj"
      },
      {
        "Identity": "../../external/XamlX/src/XamlX/Emit/XamlEmitContextWithLocals.cs",
        "LinkBase": "XamlIl/",
        "Link": "XamlIl/Emit/XamlEmitContextWithLocals.cs",
        "FullPath": "/workspace/team-c/c3-admin-symbol-errors-validation/framework/CUI/vendor/Avalonia/external/XamlX/src/XamlX/Emit/XamlEmitContextWithLocals.cs",
        "RootDir": "/",
        "Filename": "XamlEmitContextWithLocals",
        "Extension": ".cs",
        "RelativeDir": "../../external/XamlX/src/XamlX/Emit/",
        "Directory": "workspace/team-c/c3-admin-symbol-errors-validation/framework/CUI/vendor/Avalonia/external/XamlX/src/XamlX/Emit/",
        "RecursiveDir": "Emit/",
        "ModifiedTime": "",
        "CreatedTime": "",
        "AccessedTime": "",
        "DefiningProjectFullPath": "/workspace/team-c/c3-admin-symbol-errors-validation/framework/CUI/vendor/Avalonia/src/Avalonia.Build.Tasks/Avalonia.Build.Tasks.csproj",
        "DefiningProjectDirectory": "/workspace/team-c/c3-admin-symbol-errors-validation/framework/CUI/vendor/Avalonia/src/Avalonia.Build.Tasks/",
        "DefiningProjectName": "Avalonia.Build.Tasks",
        "DefiningProjectExtension": ".csproj"
      },
      {
        "Identity": "../../external/XamlX/src/XamlX/Emit/XamlLanguageEmitMappings.cs",
        "LinkBase": "XamlIl/",
        "Link": "XamlIl/Emit/XamlLanguageEmitMappings.cs",
        "FullPath": "/workspace/team-c/c3-admin-symbol-errors-validation/framework/CUI/vendor/Avalonia/external/XamlX/src/XamlX/Emit/XamlLanguageEmitMappings.cs",
        "RootDir": "/",
        "Filename": "XamlLanguageEmitMappings",
        "Extension": ".cs",
        "RelativeDir": "../../external/XamlX/src/XamlX/Emit/",
        "Directory": "workspace/team-c/c3-admin-symbol-errors-validation/framework/CUI/vendor/Avalonia/external/XamlX/src/XamlX/Emit/",
        "RecursiveDir": "Emit/",
        "ModifiedTime": "",
        "CreatedTime": "",
        "AccessedTime": "",
        "DefiningProjectFullPath": "/workspace/team-c/c3-admin-symbol-errors-validation/framework/CUI/vendor/Avalonia/src/Avalonia.Build.Tasks/Avalonia.Build.Tasks.csproj",
        "DefiningProjectDirectory": "/workspace/team-c/c3-admin-symbol-errors-validation/framework/CUI/vendor/Avalonia/src/Avalonia.Build.Tasks/",
        "DefiningProjectName": "Avalonia.Build.Tasks",
        "DefiningProjectExtension": ".csproj"
      },
      {
        "Identity": "../../external/XamlX/src/XamlX/Emit/XamlRuntimeContext.cs",
        "LinkBase": "XamlIl/",
        "Link": "XamlIl/Emit/XamlRuntimeContext.cs",
        "FullPath": "/workspace/team-c/c3-admin-symbol-errors-validation/framework/CUI/vendor/Avalonia/external/XamlX/src/XamlX/Emit/XamlRuntimeContext.cs",
        "RootDir": "/",
        "Filename": "XamlRuntimeContext",
        "Extension": ".cs",
        "RelativeDir": "../../external/XamlX/src/XamlX/Emit/",
        "Directory": "workspace/team-c/c3-admin-symbol-errors-validation/framework/CUI/vendor/Avalonia/external/XamlX/src/XamlX/Emit/",
        "RecursiveDir": "Emit/",
        "ModifiedTime": "",
        "CreatedTime": "",
        "AccessedTime": "",
        "DefiningProjectFullPath": "/workspace/team-c/c3-admin-symbol-errors-validation/framework/CUI/vendor/Avalonia/src/Avalonia.Build.Tasks/Avalonia.Build.Tasks.csproj",
        "DefiningProjectDirectory": "/workspace/team-c/c3-admin-symbol-errors-validation/framework/CUI/vendor/Avalonia/src/Avalonia.Build.Tasks/",
        "DefiningProjectName": "Avalonia.Build.Tasks",
        "DefiningProjectExtension": ".csproj"
      },
      {
        "Identity": "../../external/XamlX/src/XamlX/Exceptions.cs",
        "LinkBase": "XamlIl/",
        "Link": "XamlIl/Exceptions.cs",
        "FullPath": "/workspace/team-c/c3-admin-symbol-errors-validation/framework/CUI/vendor/Avalonia/external/XamlX/src/XamlX/Exceptions.cs",
        "RootDir": "/",
        "Filename": "Exceptions",
        "Extension": ".cs",
        "RelativeDir": "../../external/XamlX/src/XamlX/",
        "Directory": "workspace/team-c/c3-admin-symbol-errors-validation/framework/CUI/vendor/Avalonia/external/XamlX/src/XamlX/",
        "RecursiveDir": "",
        "ModifiedTime": "",
        "CreatedTime": "",
        "AccessedTime": "",
        "DefiningProjectFullPath": "/workspace/team-c/c3-admin-symbol-errors-validation/framework/CUI/vendor/Avalonia/src/Avalonia.Build.Tasks/Avalonia.Build.Tasks.csproj",
        "DefiningProjectDirectory": "/workspace/team-c/c3-admin-symbol-errors-validation/framework/CUI/vendor/Avalonia/src/Avalonia.Build.Tasks/",
        "DefiningProjectName": "Avalonia.Build.Tasks",
        "DefiningProjectExtension": ".csproj"
      },
      {
        "Identity": "../../external/XamlX/src/XamlX/Extensions/TypeExtensions.cs",
        "LinkBase": "XamlIl/",
        "Link": "XamlIl/Extensions/TypeExtensions.cs",
        "FullPath": "/workspace/team-c/c3-admin-symbol-errors-validation/framework/CUI/vendor/Avalonia/external/XamlX/src/XamlX/Extensions/TypeExtensions.cs",
        "RootDir": "/",
        "Filename": "TypeExtensions",
        "Extension": ".cs",
        "RelativeDir": "../../external/XamlX/src/XamlX/Extensions/",
        "Directory": "workspace/team-c/c3-admin-symbol-errors-validation/framework/CUI/vendor/Avalonia/external/XamlX/src/XamlX/Extensions/",
        "RecursiveDir": "Extensions/",
        "ModifiedTime": "",
        "CreatedTime": "",
        "AccessedTime": "",
        "DefiningProjectFullPath": "/workspace/team-c/c3-admin-symbol-errors-validation/framework/CUI/vendor/Avalonia/src/Avalonia.Build.Tasks/Avalonia.Build.Tasks.csproj",
        "DefiningProjectDirectory": "/workspace/team-c/c3-admin-symbol-errors-validation/framework/CUI/vendor/Avalonia/src/Avalonia.Build.Tasks/",
        "DefiningProjectName": "Avalonia.Build.Tasks",
        "DefiningProjectExtension": ".csproj"
      },
      {
        "Identity": "../../external/XamlX/src/XamlX/IL/CheckingIlEmitter.cs",
        "LinkBase": "XamlIl/",
        "Link": "XamlIl/IL/CheckingIlEmitter.cs",
        "FullPath": "/workspace/team-c/c3-admin-symbol-errors-validation/framework/CUI/vendor/Avalonia/external/XamlX/src/XamlX/IL/CheckingIlEmitter.cs",
        "RootDir": "/",
        "Filename": "CheckingIlEmitter",
        "Extension": ".cs",
        "RelativeDir": "../../external/XamlX/src/XamlX/IL/",
        "Directory": "workspace/team-c/c3-admin-symbol-errors-validation/framework/CUI/vendor/Avalonia/external/XamlX/src/XamlX/IL/",
        "RecursiveDir": "IL/",
        "ModifiedTime": "",
        "CreatedTime": "",
        "AccessedTime": "",
        "DefiningProjectFullPath": "/workspace/team-c/c3-admin-symbol-errors-validation/framework/CUI/vendor/Avalonia/src/Avalonia.Build.Tasks/Avalonia.Build.Tasks.csproj",
        "DefiningProjectDirectory": "/workspace/team-c/c3-admin-symbol-errors-validation/framework/CUI/vendor/Avalonia/src/Avalonia.Build.Tasks/",
        "DefiningProjectName": "Avalonia.Build.Tasks",
        "DefiningProjectExtension": ".csproj"
      },
      {
        "Identity": "../../external/XamlX/src/XamlX/IL/Emitters/ManipulationGroupEmitter.cs",
        "LinkBase": "XamlIl/",
        "Link": "XamlIl/IL/Emitters/ManipulationGroupEmitter.cs",
        "FullPath": "/workspace/team-c/c3-admin-symbol-errors-validation/framework/CUI/vendor/Avalonia/external/XamlX/src/XamlX/IL/Emitters/ManipulationGroupEmitter.cs",
        "RootDir": "/",
        "Filename": "ManipulationGroupEmitter",
        "Extension": ".cs",
        "RelativeDir": "../../external/XamlX/src/XamlX/IL/Emitters/",
        "Directory": "workspace/team-c/c3-admin-symbol-errors-validation/framework/CUI/vendor/Avalonia/external/XamlX/src/XamlX/IL/Emitters/",
        "RecursiveDir": "IL/Emitters/",
        "ModifiedTime": "",
        "CreatedTime": "",
        "AccessedTime": "",
        "DefiningProjectFullPath": "/workspace/team-c/c3-admin-symbol-errors-validation/framework/CUI/vendor/Avalonia/src/Avalonia.Build.Tasks/Avalonia.Build.Tasks.csproj",
        "DefiningProjectDirectory": "/workspace/team-c/c3-admin-symbol-errors-validation/framework/CUI/vendor/Avalonia/src/Avalonia.Build.Tasks/",
        "DefiningProjectName": "Avalonia.Build.Tasks",
        "DefiningProjectExtension": ".csproj"
      },
      {
        "Identity": "../../external/XamlX/src/XamlX/IL/Emitters/MarkupExtensionEmitter.cs",
        "LinkBase": "XamlIl/",
        "Link": "XamlIl/IL/Emitters/MarkupExtensionEmitter.cs",
        "FullPath": "/workspace/team-c/c3-admin-symbol-errors-validation/framework/CUI/vendor/Avalonia/external/XamlX/src/XamlX/IL/Emitters/MarkupExtensionEmitter.cs",
        "RootDir": "/",
        "Filename": "MarkupExtensionEmitter",
        "Extension": ".cs",
        "RelativeDir": "../../external/XamlX/src/XamlX/IL/Emitters/",
        "Directory": "workspace/team-c/c3-admin-symbol-errors-validation/framework/CUI/vendor/Avalonia/external/XamlX/src/XamlX/IL/Emitters/",
        "RecursiveDir": "IL/Emitters/",
        "ModifiedTime": "",
        "CreatedTime": "",
        "AccessedTime": "",
        "DefiningProjectFullPath": "/workspace/team-c/c3-admin-symbol-errors-validation/framework/CUI/vendor/Avalonia/src/Avalonia.Build.Tasks/Avalonia.Build.Tasks.csproj",
        "DefiningProjectDirectory": "/workspace/team-c/c3-admin-symbol-errors-validation/framework/CUI/vendor/Avalonia/src/Avalonia.Build.Tasks/",
        "DefiningProjectName": "Avalonia.Build.Tasks",
        "DefiningProjectExtension": ".csproj"
      },
      {
        "Identity": "../../external/XamlX/src/XamlX/IL/Emitters/MethodCallEmitter.cs",
        "LinkBase": "XamlIl/",
        "Link": "XamlIl/IL/Emitters/MethodCallEmitter.cs",
        "FullPath": "/workspace/team-c/c3-admin-symbol-errors-validation/framework/CUI/vendor/Avalonia/external/XamlX/src/XamlX/IL/Emitters/MethodCallEmitter.cs",
        "RootDir": "/",
        "Filename": "MethodCallEmitter",
        "Extension": ".cs",
        "RelativeDir": "../../external/XamlX/src/XamlX/IL/Emitters/",
        "Directory": "workspace/team-c/c3-admin-symbol-errors-validation/framework/CUI/vendor/Avalonia/external/XamlX/src/XamlX/IL/Emitters/",
        "RecursiveDir": "IL/Emitters/",
        "ModifiedTime": "",
        "CreatedTime": "",
        "AccessedTime": "",
        "DefiningProjectFullPath": "/workspace/team-c/c3-admin-symbol-errors-validation/framework/CUI/vendor/Avalonia/src/Avalonia.Build.Tasks/Avalonia.Build.Tasks.csproj",
        "DefiningProjectDirectory": "/workspace/team-c/c3-admin-symbol-errors-validation/framework/CUI/vendor/Avalonia/src/Avalonia.Build.Tasks/",
        "DefiningProjectName": "Avalonia.Build.Tasks",
        "DefiningProjectExtension": ".csproj"
      },
      {
        "Identity": "../../external/XamlX/src/XamlX/IL/Emitters/NewObjectEmitter.cs",
        "LinkBase": "XamlIl/",
        "Link": "XamlIl/IL/Emitters/NewObjectEmitter.cs",
        "FullPath": "/workspace/team-c/c3-admin-symbol-errors-validation/framework/CUI/vendor/Avalonia/external/XamlX/src/XamlX/IL/Emitters/NewObjectEmitter.cs",
        "RootDir": "/",
        "Filename": "NewObjectEmitter",
        "Extension": ".cs",
        "RelativeDir": "../../external/XamlX/src/XamlX/IL/Emitters/",
        "Directory": "workspace/team-c/c3-admin-symbol-errors-validation/framework/CUI/vendor/Avalonia/external/XamlX/src/XamlX/IL/Emitters/",
        "RecursiveDir": "IL/Emitters/",
        "ModifiedTime": "",
        "CreatedTime": "",
        "AccessedTime": "",
        "DefiningProjectFullPath": "/workspace/team-c/c3-admin-symbol-errors-validation/framework/CUI/vendor/Avalonia/src/Avalonia.Build.Tasks/Avalonia.Build.Tasks.csproj",
        "DefiningProjectDirectory": "/workspace/team-c/c3-admin-symbol-errors-validation/framework/CUI/vendor/Avalonia/src/Avalonia.Build.Tasks/",
        "DefiningProjectName": "Avalonia.Build.Tasks",
        "DefiningProjectExtension": ".csproj"
      },
      {
        "Identity": "../../external/XamlX/src/XamlX/IL/Emitters/ObjectInitializationNodeEmitter.cs",
        "LinkBase": "XamlIl/",
        "Link": "XamlIl/IL/Emitters/ObjectInitializationNodeEmitter.cs",
        "FullPath": "/workspace/team-c/c3-admin-symbol-errors-validation/framework/CUI/vendor/Avalonia/external/XamlX/src/XamlX/IL/Emitters/ObjectInitializationNodeEmitter.cs",
        "RootDir": "/",
        "Filename": "ObjectInitializationNodeEmitter",
        "Extension": ".cs",
        "RelativeDir": "../../external/XamlX/src/XamlX/IL/Emitters/",
        "Directory": "workspace/team-c/c3-admin-symbol-errors-validation/framework/CUI/vendor/Avalonia/external/XamlX/src/XamlX/IL/Emitters/",
        "RecursiveDir": "IL/Emitters/",
        "ModifiedTime": "",
        "CreatedTime": "",
        "AccessedTime": "",
        "DefiningProjectFullPath": "/workspace/team-c/c3-admin-symbol-errors-validation/framework/CUI/vendor/Avalonia/src/Avalonia.Build.Tasks/Avalonia.Build.Tasks.csproj",
        "DefiningProjectDirectory": "/workspace/team-c/c3-admin-symbol-errors-validation/framework/CUI/vendor/Avalonia/src/Avalonia.Build.Tasks/",
        "DefiningProjectName": "Avalonia.Build.Tasks",
        "DefiningProjectExtension": ".csproj"
      },
      {
        "Identity": "../../external/XamlX/src/XamlX/IL/Emitters/PropertyAssignmentEmitter.cs",
        "LinkBase": "XamlIl/",
        "Link": "XamlIl/IL/Emitters/PropertyAssignmentEmitter.cs",
        "FullPath": "/workspace/team-c/c3-admin-symbol-errors-validation/framework/CUI/vendor/Avalonia/external/XamlX/src/XamlX/IL/Emitters/PropertyAssignmentEmitter.cs",
        "RootDir": "/",
        "Filename": "PropertyAssignmentEmitter",
        "Extension": ".cs",
        "RelativeDir": "../../external/XamlX/src/XamlX/IL/Emitters/",
        "Directory": "workspace/team-c/c3-admin-symbol-errors-validation/framework/CUI/vendor/Avalonia/external/XamlX/src/XamlX/IL/Emitters/",
        "RecursiveDir": "IL/Emitters/",
        "ModifiedTime": "",
        "CreatedTime": "",
        "AccessedTime": "",
        "DefiningProjectFullPath": "/workspace/team-c/c3-admin-symbol-errors-validation/framework/CUI/vendor/Avalonia/src/Avalonia.Build.Tasks/Avalonia.Build.Tasks.csproj",
        "DefiningProjectDirectory": "/workspace/team-c/c3-admin-symbol-errors-validation/framework/CUI/vendor/Avalonia/src/Avalonia.Build.Tasks/",
        "DefiningProjectName": "Avalonia.Build.Tasks",
        "DefiningProjectExtension": ".csproj"
      },
      {
        "Identity": "../../external/XamlX/src/XamlX/IL/Emitters/PropertyValueManipulationEmitter.cs",
        "LinkBase": "XamlIl/",
        "Link": "XamlIl/IL/Emitters/PropertyValueManipulationEmitter.cs",
        "FullPath": "/workspace/team-c/c3-admin-symbol-errors-validation/framework/CUI/vendor/Avalonia/external/XamlX/src/XamlX/IL/Emitters/PropertyValueManipulationEmitter.cs",
        "RootDir": "/",
        "Filename": "PropertyValueManipulationEmitter",
        "Extension": ".cs",
        "RelativeDir": "../../external/XamlX/src/XamlX/IL/Emitters/",
        "Directory": "workspace/team-c/c3-admin-symbol-errors-validation/framework/CUI/vendor/Avalonia/external/XamlX/src/XamlX/IL/Emitters/",
        "RecursiveDir": "IL/Emitters/",
        "ModifiedTime": "",
        "CreatedTime": "",
        "AccessedTime": "",
        "DefiningProjectFullPath": "/workspace/team-c/c3-admin-symbol-errors-validation/framework/CUI/vendor/Avalonia/src/Avalonia.Build.Tasks/Avalonia.Build.Tasks.csproj",
        "DefiningProjectDirectory": "/workspace/team-c/c3-admin-symbol-errors-validation/framework/CUI/vendor/Avalonia/src/Avalonia.Build.Tasks/",
        "DefiningProjectName": "Avalonia.Build.Tasks",
        "DefiningProjectExtension": ".csproj"
      },
      {
        "Identity": "../../external/XamlX/src/XamlX/IL/Emitters/TextNodeEmitter.cs",
        "LinkBase": "XamlIl/",
        "Link": "XamlIl/IL/Emitters/TextNodeEmitter.cs",
        "FullPath": "/workspace/team-c/c3-admin-symbol-errors-validation/framework/CUI/vendor/Avalonia/external/XamlX/src/XamlX/IL/Emitters/TextNodeEmitter.cs",
        "RootDir": "/",
        "Filename": "TextNodeEmitter",
        "Extension": ".cs",
        "RelativeDir": "../../external/XamlX/src/XamlX/IL/Emitters/",
        "Directory": "workspace/team-c/c3-admin-symbol-errors-validation/framework/CUI/vendor/Avalonia/external/XamlX/src/XamlX/IL/Emitters/",
        "RecursiveDir": "IL/Emitters/",
        "ModifiedTime": "",
        "CreatedTime": "",
        "AccessedTime": "",
        "DefiningProjectFullPath": "/workspace/team-c/c3-admin-symbol-errors-validation/framework/CUI/vendor/Avalonia/src/Avalonia.Build.Tasks/Avalonia.Build.Tasks.csproj",
        "DefiningProjectDirectory": "/workspace/team-c/c3-admin-symbol-errors-validation/framework/CUI/vendor/Avalonia/src/Avalonia.Build.Tasks/",
        "DefiningProjectName": "Avalonia.Build.Tasks",
        "DefiningProjectExtension": ".csproj"
      },
      {
        "Identity": "../../external/XamlX/src/XamlX/IL/Emitters/ValueWithManipulationsEmitter.cs",
        "LinkBase": "XamlIl/",
        "Link": "XamlIl/IL/Emitters/ValueWithManipulationsEmitter.cs",
        "FullPath": "/workspace/team-c/c3-admin-symbol-errors-validation/framework/CUI/vendor/Avalonia/external/XamlX/src/XamlX/IL/Emitters/ValueWithManipulationsEmitter.cs",
        "RootDir": "/",
        "Filename": "ValueWithManipulationsEmitter",
        "Extension": ".cs",
        "RelativeDir": "../../external/XamlX/src/XamlX/IL/Emitters/",
        "Directory": "workspace/team-c/c3-admin-symbol-errors-validation/framework/CUI/vendor/Avalonia/external/XamlX/src/XamlX/IL/Emitters/",
        "RecursiveDir": "IL/Emitters/",
        "ModifiedTime": "",
        "CreatedTime": "",
        "AccessedTime": "",
        "DefiningProjectFullPath": "/workspace/team-c/c3-admin-symbol-errors-validation/framework/CUI/vendor/Avalonia/src/Avalonia.Build.Tasks/Avalonia.Build.Tasks.csproj",
        "DefiningProjectDirectory": "/workspace/team-c/c3-admin-symbol-errors-validation/framework/CUI/vendor/Avalonia/src/Avalonia.Build.Tasks/",
        "DefiningProjectName": "Avalonia.Build.Tasks",
        "DefiningProjectExtension": ".csproj"
      },
      {
        "Identity": "../../external/XamlX/src/XamlX/IL/Emitters/XamlDynamicSetterContainerProvider.cs",
        "LinkBase": "XamlIl/",
        "Link": "XamlIl/IL/Emitters/XamlDynamicSetterContainerProvider.cs",
        "FullPath": "/workspace/team-c/c3-admin-symbol-errors-validation/framework/CUI/vendor/Avalonia/external/XamlX/src/XamlX/IL/Emitters/XamlDynamicSetterContainerProvider.cs",
        "RootDir": "/",
        "Filename": "XamlDynamicSetterContainerProvider",
        "Extension": ".cs",
        "RelativeDir": "../../external/XamlX/src/XamlX/IL/Emitters/",
        "Directory": "workspace/team-c/c3-admin-symbol-errors-validation/framework/CUI/vendor/Avalonia/external/XamlX/src/XamlX/IL/Emitters/",
        "RecursiveDir": "IL/Emitters/",
        "ModifiedTime": "",
        "CreatedTime": "",
        "AccessedTime": "",
        "DefiningProjectFullPath": "/workspace/team-c/c3-admin-symbol-errors-validation/framework/CUI/vendor/Avalonia/src/Avalonia.Build.Tasks/Avalonia.Build.Tasks.csproj",
        "DefiningProjectDirectory": "/workspace/team-c/c3-admin-symbol-errors-validation/framework/CUI/vendor/Avalonia/src/Avalonia.Build.Tasks/",
        "DefiningProjectName": "Avalonia.Build.Tasks",
        "DefiningProjectExtension": ".csproj"
      },
      {
        "Identity": "../../external/XamlX/src/XamlX/IL/ILEmitContext.cs",
        "LinkBase": "XamlIl/",
        "Link": "XamlIl/IL/ILEmitContext.cs",
        "FullPath": "/workspace/team-c/c3-admin-symbol-errors-validation/framework/CUI/vendor/Avalonia/external/XamlX/src/XamlX/IL/ILEmitContext.cs",
        "RootDir": "/",
        "Filename": "ILEmitContext",
        "Extension": ".cs",
        "RelativeDir": "../../external/XamlX/src/XamlX/IL/",
        "Directory": "workspace/team-c/c3-admin-symbol-errors-validation/framework/CUI/vendor/Avalonia/external/XamlX/src/XamlX/IL/",
        "RecursiveDir": "IL/",
        "ModifiedTime": "",
        "CreatedTime": "",
        "AccessedTime": "",
        "DefiningProjectFullPath": "/workspace/team-c/c3-admin-symbol-errors-validation/framework/CUI/vendor/Avalonia/src/Avalonia.Build.Tasks/Avalonia.Build.Tasks.csproj",
        "DefiningProjectDirectory": "/workspace/team-c/c3-admin-symbol-errors-validation/framework/CUI/vendor/Avalonia/src/Avalonia.Build.Tasks/",
        "DefiningProjectName": "Avalonia.Build.Tasks",
        "DefiningProjectExtension": ".csproj"
      },
      {
        "Identity": "../../external/XamlX/src/XamlX/IL/ILEmitHelpers.cs",
        "LinkBase": "XamlIl/",
        "Link": "XamlIl/IL/ILEmitHelpers.cs",
        "FullPath": "/workspace/team-c/c3-admin-symbol-errors-validation/framework/CUI/vendor/Avalonia/external/XamlX/src/XamlX/IL/ILEmitHelpers.cs",
        "RootDir": "/",
        "Filename": "ILEmitHelpers",
        "Extension": ".cs",
        "RelativeDir": "../../external/XamlX/src/XamlX/IL/",
        "Directory": "workspace/team-c/c3-admin-symbol-errors-validation/framework/CUI/vendor/Avalonia/external/XamlX/src/XamlX/IL/",
        "RecursiveDir": "IL/",
        "ModifiedTime": "",
        "CreatedTime": "",
        "AccessedTime": "",
        "DefiningProjectFullPath": "/workspace/team-c/c3-admin-symbol-errors-validation/framework/CUI/vendor/Avalonia/src/Avalonia.Build.Tasks/Avalonia.Build.Tasks.csproj",
        "DefiningProjectDirectory": "/workspace/team-c/c3-admin-symbol-errors-validation/framework/CUI/vendor/Avalonia/src/Avalonia.Build.Tasks/",
        "DefiningProjectName": "Avalonia.Build.Tasks",
        "DefiningProjectExtension": ".csproj"
      },
      {
        "Identity": "../../external/XamlX/src/XamlX/IL/IXamlILEmitter.cs",
        "LinkBase": "XamlIl/",
        "Link": "XamlIl/IL/IXamlILEmitter.cs",
        "FullPath": "/workspace/team-c/c3-admin-symbol-errors-validation/framework/CUI/vendor/Avalonia/external/XamlX/src/XamlX/IL/IXamlILEmitter.cs",
        "RootDir": "/",
        "Filename": "IXamlILEmitter",
        "Extension": ".cs",
        "RelativeDir": "../../external/XamlX/src/XamlX/IL/",
        "Directory": "workspace/team-c/c3-admin-symbol-errors-validation/framework/CUI/vendor/Avalonia/external/XamlX/src/XamlX/IL/",
        "RecursiveDir": "IL/",
        "ModifiedTime": "",
        "CreatedTime": "",
        "AccessedTime": "",
        "DefiningProjectFullPath": "/workspace/team-c/c3-admin-symbol-errors-validation/framework/CUI/vendor/Avalonia/src/Avalonia.Build.Tasks/Avalonia.Build.Tasks.csproj",
        "DefiningProjectDirectory": "/workspace/team-c/c3-admin-symbol-errors-validation/framework/CUI/vendor/Avalonia/src/Avalonia.Build.Tasks/",
        "DefiningProjectName": "Avalonia.Build.Tasks",
        "DefiningProjectExtension": ".csproj"
      },
      {
        "Identity": "../../external/XamlX/src/XamlX/IL/IXamlILLocal.cs",
        "LinkBase": "XamlIl/",
        "Link": "XamlIl/IL/IXamlILLocal.cs",
        "FullPath": "/workspace/team-c/c3-admin-symbol-errors-validation/framework/CUI/vendor/Avalonia/external/XamlX/src/XamlX/IL/IXamlILLocal.cs",
        "RootDir": "/",
        "Filename": "IXamlILLocal",
        "Extension": ".cs",
        "RelativeDir": "../../external/XamlX/src/XamlX/IL/",
        "Directory": "workspace/team-c/c3-admin-symbol-errors-validation/framework/CUI/vendor/Avalonia/external/XamlX/src/XamlX/IL/",
        "RecursiveDir": "IL/",
        "ModifiedTime": "",
        "CreatedTime": "",
        "AccessedTime": "",
        "DefiningProjectFullPath": "/workspace/team-c/c3-admin-symbol-errors-validation/framework/CUI/vendor/Avalonia/src/Avalonia.Build.Tasks/Avalonia.Build.Tasks.csproj",
        "DefiningProjectDirectory": "/workspace/team-c/c3-admin-symbol-errors-validation/framework/CUI/vendor/Avalonia/src/Avalonia.Build.Tasks/",
        "DefiningProjectName": "Avalonia.Build.Tasks",
        "DefiningProjectExtension": ".csproj"
      },
      {
        "Identity": "../../external/XamlX/src/XamlX/IL/NamespaceInfoProvider.cs",
        "LinkBase": "XamlIl/",
        "Link": "XamlIl/IL/NamespaceInfoProvider.cs",
        "FullPath": "/workspace/team-c/c3-admin-symbol-errors-validation/framework/CUI/vendor/Avalonia/external/XamlX/src/XamlX/IL/NamespaceInfoProvider.cs",
        "RootDir": "/",
        "Filename": "NamespaceInfoProvider",
        "Extension": ".cs",
        "RelativeDir": "../../external/XamlX/src/XamlX/IL/",
        "Directory": "workspace/team-c/c3-admin-symbol-errors-validation/framework/CUI/vendor/Avalonia/external/XamlX/src/XamlX/IL/",
        "RecursiveDir": "IL/",
        "ModifiedTime": "",
        "CreatedTime": "",
        "AccessedTime": "",
        "DefiningProjectFullPath": "/workspace/team-c/c3-admin-symbol-errors-validation/framework/CUI/vendor/Avalonia/src/Avalonia.Build.Tasks/Avalonia.Build.Tasks.csproj",
        "DefiningProjectDirectory": "/workspace/team-c/c3-admin-symbol-errors-validation/framework/CUI/vendor/Avalonia/src/Avalonia.Build.Tasks/",
        "DefiningProjectName": "Avalonia.Build.Tasks",
        "DefiningProjectExtension": ".csproj"
      },
      {
        "Identity": "../../external/XamlX/src/XamlX/IL/RecordingIlEmitter.cs",
        "LinkBase": "XamlIl/",
        "Link": "XamlIl/IL/RecordingIlEmitter.cs",
        "FullPath": "/workspace/team-c/c3-admin-symbol-errors-validation/framework/CUI/vendor/Avalonia/external/XamlX/src/XamlX/IL/RecordingIlEmitter.cs",
        "RootDir": "/",
        "Filename": "RecordingIlEmitter",
        "Extension": ".cs",
        "RelativeDir": "../../external/XamlX/src/XamlX/IL/",
        "Directory": "workspace/team-c/c3-admin-symbol-errors-validation/framework/CUI/vendor/Avalonia/external/XamlX/src/XamlX/IL/",
        "RecursiveDir": "IL/",
        "ModifiedTime": "",
        "CreatedTime": "",
        "AccessedTime": "",
        "DefiningProjectFullPath": "/workspace/team-c/c3-admin-symbol-errors-validation/framework/CUI/vendor/Avalonia/src/Avalonia.Build.Tasks/Avalonia.Build.Tasks.csproj",
        "DefiningProjectDirectory": "/workspace/team-c/c3-admin-symbol-errors-validation/framework/CUI/vendor/Avalonia/src/Avalonia.Build.Tasks/",
        "DefiningProjectName": "Avalonia.Build.Tasks",
        "DefiningProjectExtension": ".csproj"
      },
      {
        "Identity": "../../external/XamlX/src/XamlX/IL/RuntimeContext.cs",
        "LinkBase": "XamlIl/",
        "Link": "XamlIl/IL/RuntimeContext.cs",
        "FullPath": "/workspace/team-c/c3-admin-symbol-errors-validation/framework/CUI/vendor/Avalonia/external/XamlX/src/XamlX/IL/RuntimeContext.cs",
        "RootDir": "/",
        "Filename": "RuntimeContext",
        "Extension": ".cs",
        "RelativeDir": "../../external/XamlX/src/XamlX/IL/",
        "Directory": "workspace/team-c/c3-admin-symbol-errors-validation/framework/CUI/vendor/Avalonia/external/XamlX/src/XamlX/IL/",
        "RecursiveDir": "IL/",
        "ModifiedTime": "",
        "CreatedTime": "",
        "AccessedTime": "",
        "DefiningProjectFullPath": "/workspace/team-c/c3-admin-symbol-errors-validation/framework/CUI/vendor/Avalonia/src/Avalonia.Build.Tasks/Avalonia.Build.Tasks.csproj",
        "DefiningProjectDirectory": "/workspace/team-c/c3-admin-symbol-errors-validation/framework/CUI/vendor/Avalonia/src/Avalonia.Build.Tasks/",
        "DefiningProjectName": "Avalonia.Build.Tasks",
        "DefiningProjectExtension": ".csproj"
      },
      {
        "Identity": "../../external/XamlX/src/XamlX/IL/XamlIlCompiler.cs",
        "LinkBase": "XamlIl/",
        "Link": "XamlIl/IL/XamlIlCompiler.cs",
        "FullPath": "/workspace/team-c/c3-admin-symbol-errors-validation/framework/CUI/vendor/Avalonia/external/XamlX/src/XamlX/IL/XamlIlCompiler.cs",
        "RootDir": "/",
        "Filename": "XamlIlCompiler",
        "Extension": ".cs",
        "RelativeDir": "../../external/XamlX/src/XamlX/IL/",
        "Directory": "workspace/team-c/c3-admin-symbol-errors-validation/framework/CUI/vendor/Avalonia/external/XamlX/src/XamlX/IL/",
        "RecursiveDir": "IL/",
        "ModifiedTime": "",
        "CreatedTime": "",
        "AccessedTime": "",
        "DefiningProjectFullPath": "/workspace/team-c/c3-admin-symbol-errors-validation/framework/CUI/vendor/Avalonia/src/Avalonia.Build.Tasks/Avalonia.Build.Tasks.csproj",
        "DefiningProjectDirectory": "/workspace/team-c/c3-admin-symbol-errors-validation/framework/CUI/vendor/Avalonia/src/Avalonia.Build.Tasks/",
        "DefiningProjectName": "Avalonia.Build.Tasks",
        "DefiningProjectExtension": ".csproj"
      },
      {
        "Identity": "../../external/XamlX/src/XamlX/IL/XamlILEmitterExtensions.cs",
        "LinkBase": "XamlIl/",
        "Link": "XamlIl/IL/XamlILEmitterExtensions.cs",
        "FullPath": "/workspace/team-c/c3-admin-symbol-errors-validation/framework/CUI/vendor/Avalonia/external/XamlX/src/XamlX/IL/XamlILEmitterExtensions.cs",
        "RootDir": "/",
        "Filename": "XamlILEmitterExtensions",
        "Extension": ".cs",
        "RelativeDir": "../../external/XamlX/src/XamlX/IL/",
        "Directory": "workspace/team-c/c3-admin-symbol-errors-validation/framework/CUI/vendor/Avalonia/external/XamlX/src/XamlX/IL/",
        "RecursiveDir": "IL/",
        "ModifiedTime": "",
        "CreatedTime": "",
        "AccessedTime": "",
        "DefiningProjectFullPath": "/workspace/team-c/c3-admin-symbol-errors-validation/framework/CUI/vendor/Avalonia/src/Avalonia.Build.Tasks/Avalonia.Build.Tasks.csproj",
        "DefiningProjectDirectory": "/workspace/team-c/c3-admin-symbol-errors-validation/framework/CUI/vendor/Avalonia/src/Avalonia.Build.Tasks/",
        "DefiningProjectName": "Avalonia.Build.Tasks",
        "DefiningProjectExtension": ".csproj"
      },
      {
        "Identity": "../../external/XamlX/src/XamlX/Parsers/CommaSeparatedParenthesesTreeParser.cs",
        "LinkBase": "XamlIl/",
        "Link": "XamlIl/Parsers/CommaSeparatedParenthesesTreeParser.cs",
        "FullPath": "/workspace/team-c/c3-admin-symbol-errors-validation/framework/CUI/vendor/Avalonia/external/XamlX/src/XamlX/Parsers/CommaSeparatedParenthesesTreeParser.cs",
        "RootDir": "/",
        "Filename": "CommaSeparatedParenthesesTreeParser",
        "Extension": ".cs",
        "RelativeDir": "../../external/XamlX/src/XamlX/Parsers/",
        "Directory": "workspace/team-c/c3-admin-symbol-errors-validation/framework/CUI/vendor/Avalonia/external/XamlX/src/XamlX/Parsers/",
        "RecursiveDir": "Parsers/",
        "ModifiedTime": "",
        "CreatedTime": "",
        "AccessedTime": "",
        "DefiningProjectFullPath": "/workspace/team-c/c3-admin-symbol-errors-validation/framework/CUI/vendor/Avalonia/src/Avalonia.Build.Tasks/Avalonia.Build.Tasks.csproj",
        "DefiningProjectDirectory": "/workspace/team-c/c3-admin-symbol-errors-validation/framework/CUI/vendor/Avalonia/src/Avalonia.Build.Tasks/",
        "DefiningProjectName": "Avalonia.Build.Tasks",
        "DefiningProjectExtension": ".csproj"
      },
      {
        "Identity": "../../external/XamlX/src/XamlX/Parsers/CompatibleXmlReader.cs",
        "LinkBase": "XamlIl/",
        "Link": "XamlIl/Parsers/CompatibleXmlReader.cs",
        "FullPath": "/workspace/team-c/c3-admin-symbol-errors-validation/framework/CUI/vendor/Avalonia/external/XamlX/src/XamlX/Parsers/CompatibleXmlReader.cs",
        "RootDir": "/",
        "Filename": "CompatibleXmlReader",
        "Extension": ".cs",
        "RelativeDir": "../../external/XamlX/src/XamlX/Parsers/",
        "Directory": "workspace/team-c/c3-admin-symbol-errors-validation/framework/CUI/vendor/Avalonia/external/XamlX/src/XamlX/Parsers/",
        "RecursiveDir": "Parsers/",
        "ModifiedTime": "",
        "CreatedTime": "",
        "AccessedTime": "",
        "DefiningProjectFullPath": "/workspace/team-c/c3-admin-symbol-errors-validation/framework/CUI/vendor/Avalonia/src/Avalonia.Build.Tasks/Avalonia.Build.Tasks.csproj",
        "DefiningProjectDirectory": "/workspace/team-c/c3-admin-symbol-errors-validation/framework/CUI/vendor/Avalonia/src/Avalonia.Build.Tasks/",
        "DefiningProjectName": "Avalonia.Build.Tasks",
        "DefiningProjectExtension": ".csproj"
      },
      {
        "Identity": "../../external/XamlX/src/XamlX/Parsers/SystemXamlMarkupExtensionParser/KnownStrings.cs",
        "LinkBase": "XamlIl/",
        "Link": "XamlIl/Parsers/SystemXamlMarkupExtensionParser/KnownStrings.cs",
        "FullPath": "/workspace/team-c/c3-admin-symbol-errors-validation/framework/CUI/vendor/Avalonia/external/XamlX/src/XamlX/Parsers/SystemXamlMarkupExtensionParser/KnownStrings.cs",
        "RootDir": "/",
        "Filename": "KnownStrings",
        "Extension": ".cs",
        "RelativeDir": "../../external/XamlX/src/XamlX/Parsers/SystemXamlMarkupExtensionParser/",
        "Directory": "workspace/team-c/c3-admin-symbol-errors-validation/framework/CUI/vendor/Avalonia/external/XamlX/src/XamlX/Parsers/SystemXamlMarkupExtensionParser/",
        "RecursiveDir": "Parsers/SystemXamlMarkupExtensionParser/",
        "ModifiedTime": "",
        "CreatedTime": "",
        "AccessedTime": "",
        "DefiningProjectFullPath": "/workspace/team-c/c3-admin-symbol-errors-validation/framework/CUI/vendor/Avalonia/src/Avalonia.Build.Tasks/Avalonia.Build.Tasks.csproj",
        "DefiningProjectDirectory": "/workspace/team-c/c3-admin-symbol-errors-validation/framework/CUI/vendor/Avalonia/src/Avalonia.Build.Tasks/",
        "DefiningProjectName": "Avalonia.Build.Tasks",
        "DefiningProjectExtension": ".csproj"
      },
      {
        "Identity": "../../external/XamlX/src/XamlX/Parsers/SystemXamlMarkupExtensionParser/MeScanner.cs",
        "LinkBase": "XamlIl/",
        "Link": "XamlIl/Parsers/SystemXamlMarkupExtensionParser/MeScanner.cs",
        "FullPath": "/workspace/team-c/c3-admin-symbol-errors-validation/framework/CUI/vendor/Avalonia/external/XamlX/src/XamlX/Parsers/SystemXamlMarkupExtensionParser/MeScanner.cs",
        "RootDir": "/",
        "Filename": "MeScanner",
        "Extension": ".cs",
        "RelativeDir": "../../external/XamlX/src/XamlX/Parsers/SystemXamlMarkupExtensionParser/",
        "Directory": "workspace/team-c/c3-admin-symbol-errors-validation/framework/CUI/vendor/Avalonia/external/XamlX/src/XamlX/Parsers/SystemXamlMarkupExtensionParser/",
        "RecursiveDir": "Parsers/SystemXamlMarkupExtensionParser/",
        "ModifiedTime": "",
        "CreatedTime": "",
        "AccessedTime": "",
        "DefiningProjectFullPath": "/workspace/team-c/c3-admin-symbol-errors-validation/framework/CUI/vendor/Avalonia/src/Avalonia.Build.Tasks/Avalonia.Build.Tasks.csproj",
        "DefiningProjectDirectory": "/workspace/team-c/c3-admin-symbol-errors-validation/framework/CUI/vendor/Avalonia/src/Avalonia.Build.Tasks/",
        "DefiningProjectName": "Avalonia.Build.Tasks",
        "DefiningProjectExtension": ".csproj"
      },
      {
        "Identity": "../../external/XamlX/src/XamlX/Parsers/SystemXamlMarkupExtensionParser/MeScanner.Shims.cs",
        "LinkBase": "XamlIl/",
        "Link": "XamlIl/Parsers/SystemXamlMarkupExtensionParser/MeScanner.Shims.cs",
        "FullPath": "/workspace/team-c/c3-admin-symbol-errors-validation/framework/CUI/vendor/Avalonia/external/XamlX/src/XamlX/Parsers/SystemXamlMarkupExtensionParser/MeScanner.Shims.cs",
        "RootDir": "/",
        "Filename": "MeScanner.Shims",
        "Extension": ".cs",
        "RelativeDir": "../../external/XamlX/src/XamlX/Parsers/SystemXamlMarkupExtensionParser/",
        "Directory": "workspace/team-c/c3-admin-symbol-errors-validation/framework/CUI/vendor/Avalonia/external/XamlX/src/XamlX/Parsers/SystemXamlMarkupExtensionParser/",
        "RecursiveDir": "Parsers/SystemXamlMarkupExtensionParser/",
        "ModifiedTime": "",
        "CreatedTime": "",
        "AccessedTime": "",
        "DefiningProjectFullPath": "/workspace/team-c/c3-admin-symbol-errors-validation/framework/CUI/vendor/Avalonia/src/Avalonia.Build.Tasks/Avalonia.Build.Tasks.csproj",
        "DefiningProjectDirectory": "/workspace/team-c/c3-admin-symbol-errors-validation/framework/CUI/vendor/Avalonia/src/Avalonia.Build.Tasks/",
        "DefiningProjectName": "Avalonia.Build.Tasks",
        "DefiningProjectExtension": ".csproj"
      },
      {
        "Identity": "../../external/XamlX/src/XamlX/Parsers/SystemXamlMarkupExtensionParser/SystemXamlMarkupExtensionParser.cs",
        "LinkBase": "XamlIl/",
        "Link": "XamlIl/Parsers/SystemXamlMarkupExtensionParser/SystemXamlMarkupExtensionParser.cs",
        "FullPath": "/workspace/team-c/c3-admin-symbol-errors-validation/framework/CUI/vendor/Avalonia/external/XamlX/src/XamlX/Parsers/SystemXamlMarkupExtensionParser/SystemXamlMarkupExtensionParser.cs",
        "RootDir": "/",
        "Filename": "SystemXamlMarkupExtensionParser",
        "Extension": ".cs",
        "RelativeDir": "../../external/XamlX/src/XamlX/Parsers/SystemXamlMarkupExtensionParser/",
        "Directory": "workspace/team-c/c3-admin-symbol-errors-validation/framework/CUI/vendor/Avalonia/external/XamlX/src/XamlX/Parsers/SystemXamlMarkupExtensionParser/",
        "RecursiveDir": "Parsers/SystemXamlMarkupExtensionParser/",
        "ModifiedTime": "",
        "CreatedTime": "",
        "AccessedTime": "",
        "DefiningProjectFullPath": "/workspace/team-c/c3-admin-symbol-errors-validation/framework/CUI/vendor/Avalonia/src/Avalonia.Build.Tasks/Avalonia.Build.Tasks.csproj",
        "DefiningProjectDirectory": "/workspace/team-c/c3-admin-symbol-errors-validation/framework/CUI/vendor/Avalonia/src/Avalonia.Build.Tasks/",
        "DefiningProjectName": "Avalonia.Build.Tasks",
        "DefiningProjectExtension": ".csproj"
      },
      {
        "Identity": "../../external/XamlX/src/XamlX/Parsers/XDocumentXamlParser.cs",
        "LinkBase": "XamlIl/",
        "Link": "XamlIl/Parsers/XDocumentXamlParser.cs",
        "FullPath": "/workspace/team-c/c3-admin-symbol-errors-validation/framework/CUI/vendor/Avalonia/external/XamlX/src/XamlX/Parsers/XDocumentXamlParser.cs",
        "RootDir": "/",
        "Filename": "XDocumentXamlParser",
        "Extension": ".cs",
        "RelativeDir": "../../external/XamlX/src/XamlX/Parsers/",
        "Directory": "workspace/team-c/c3-admin-symbol-errors-validation/framework/CUI/vendor/Avalonia/external/XamlX/src/XamlX/Parsers/",
        "RecursiveDir": "Parsers/",
        "ModifiedTime": "",
        "CreatedTime": "",
        "AccessedTime": "",
        "DefiningProjectFullPath": "/workspace/team-c/c3-admin-symbol-errors-validation/framework/CUI/vendor/Avalonia/src/Avalonia.Build.Tasks/Avalonia.Build.Tasks.csproj",
        "DefiningProjectDirectory": "/workspace/team-c/c3-admin-symbol-errors-validation/framework/CUI/vendor/Avalonia/src/Avalonia.Build.Tasks/",
        "DefiningProjectName": "Avalonia.Build.Tasks",
        "DefiningProjectExtension": ".csproj"
      },
      {
        "Identity": "../../external/XamlX/src/XamlX/Transform/AstTransformationContext.cs",
        "LinkBase": "XamlIl/",
        "Link": "XamlIl/Transform/AstTransformationContext.cs",
        "FullPath": "/workspace/team-c/c3-admin-symbol-errors-validation/framework/CUI/vendor/Avalonia/external/XamlX/src/XamlX/Transform/AstTransformationContext.cs",
        "RootDir": "/",
        "Filename": "AstTransformationContext",
        "Extension": ".cs",
        "RelativeDir": "../../external/XamlX/src/XamlX/Transform/",
        "Directory": "workspace/team-c/c3-admin-symbol-errors-validation/framework/CUI/vendor/Avalonia/external/XamlX/src/XamlX/Transform/",
        "RecursiveDir": "Transform/",
        "ModifiedTime": "",
        "CreatedTime": "",
        "AccessedTime": "",
        "DefiningProjectFullPath": "/workspace/team-c/c3-admin-symbol-errors-validation/framework/CUI/vendor/Avalonia/src/Avalonia.Build.Tasks/Avalonia.Build.Tasks.csproj",
        "DefiningProjectDirectory": "/workspace/team-c/c3-admin-symbol-errors-validation/framework/CUI/vendor/Avalonia/src/Avalonia.Build.Tasks/",
        "DefiningProjectName": "Avalonia.Build.Tasks",
        "DefiningProjectExtension": ".csproj"
      },
      {
        "Identity": "../../external/XamlX/src/XamlX/Transform/IXamlAstTransformer.cs",
        "LinkBase": "XamlIl/",
        "Link": "XamlIl/Transform/IXamlAstTransformer.cs",
        "FullPath": "/workspace/team-c/c3-admin-symbol-errors-validation/framework/CUI/vendor/Avalonia/external/XamlX/src/XamlX/Transform/IXamlAstTransformer.cs",
        "RootDir": "/",
        "Filename": "IXamlAstTransformer",
        "Extension": ".cs",
        "RelativeDir": "../../external/XamlX/src/XamlX/Transform/",
        "Directory": "workspace/team-c/c3-admin-symbol-errors-validation/framework/CUI/vendor/Avalonia/external/XamlX/src/XamlX/Transform/",
        "RecursiveDir": "Transform/",
        "ModifiedTime": "",
        "CreatedTime": "",
        "AccessedTime": "",
        "DefiningProjectFullPath": "/workspace/team-c/c3-admin-symbol-errors-validation/framework/CUI/vendor/Avalonia/src/Avalonia.Build.Tasks/Avalonia.Build.Tasks.csproj",
        "DefiningProjectDirectory": "/workspace/team-c/c3-admin-symbol-errors-validation/framework/CUI/vendor/Avalonia/src/Avalonia.Build.Tasks/",
        "DefiningProjectName": "Avalonia.Build.Tasks",
        "DefiningProjectExtension": ".csproj"
      },
      {
        "Identity": "../../external/XamlX/src/XamlX/Transform/IXamlIdentifierGenerator.cs",
        "LinkBase": "XamlIl/",
        "Link": "XamlIl/Transform/IXamlIdentifierGenerator.cs",
        "FullPath": "/workspace/team-c/c3-admin-symbol-errors-validation/framework/CUI/vendor/Avalonia/external/XamlX/src/XamlX/Transform/IXamlIdentifierGenerator.cs",
        "RootDir": "/",
        "Filename": "IXamlIdentifierGenerator",
        "Extension": ".cs",
        "RelativeDir": "../../external/XamlX/src/XamlX/Transform/",
        "Directory": "workspace/team-c/c3-admin-symbol-errors-validation/framework/CUI/vendor/Avalonia/external/XamlX/src/XamlX/Transform/",
        "RecursiveDir": "Transform/",
        "ModifiedTime": "",
        "CreatedTime": "",
        "AccessedTime": "",
        "DefiningProjectFullPath": "/workspace/team-c/c3-admin-symbol-errors-validation/framework/CUI/vendor/Avalonia/src/Avalonia.Build.Tasks/Avalonia.Build.Tasks.csproj",
        "DefiningProjectDirectory": "/workspace/team-c/c3-admin-symbol-errors-validation/framework/CUI/vendor/Avalonia/src/Avalonia.Build.Tasks/",
        "DefiningProjectName": "Avalonia.Build.Tasks",
        "DefiningProjectExtension": ".csproj"
      },
      {
        "Identity": "../../external/XamlX/src/XamlX/Transform/NamespaceInfoHelper.cs",
        "LinkBase": "XamlIl/",
        "Link": "XamlIl/Transform/NamespaceInfoHelper.cs",
        "FullPath": "/workspace/team-c/c3-admin-symbol-errors-validation/framework/CUI/vendor/Avalonia/external/XamlX/src/XamlX/Transform/NamespaceInfoHelper.cs",
        "RootDir": "/",
        "Filename": "NamespaceInfoHelper",
        "Extension": ".cs",
        "RelativeDir": "../../external/XamlX/src/XamlX/Transform/",
        "Directory": "workspace/team-c/c3-admin-symbol-errors-validation/framework/CUI/vendor/Avalonia/external/XamlX/src/XamlX/Transform/",
        "RecursiveDir": "Transform/",
        "ModifiedTime": "",
        "CreatedTime": "",
        "AccessedTime": "",
        "DefiningProjectFullPath": "/workspace/team-c/c3-admin-symbol-errors-validation/framework/CUI/vendor/Avalonia/src/Avalonia.Build.Tasks/Avalonia.Build.Tasks.csproj",
        "DefiningProjectDirectory": "/workspace/team-c/c3-admin-symbol-errors-validation/framework/CUI/vendor/Avalonia/src/Avalonia.Build.Tasks/",
        "DefiningProjectName": "Avalonia.Build.Tasks",
        "DefiningProjectExtension": ".csproj"
      },
      {
        "Identity": "../../external/XamlX/src/XamlX/Transform/TransformerConfiguration.cs",
        "LinkBase": "XamlIl/",
        "Link": "XamlIl/Transform/TransformerConfiguration.cs",
        "FullPath": "/workspace/team-c/c3-admin-symbol-errors-validation/framework/CUI/vendor/Avalonia/external/XamlX/src/XamlX/Transform/TransformerConfiguration.cs",
        "RootDir": "/",
        "Filename": "TransformerConfiguration",
        "Extension": ".cs",
        "RelativeDir": "../../external/XamlX/src/XamlX/Transform/",
        "Directory": "workspace/team-c/c3-admin-symbol-errors-validation/framework/CUI/vendor/Avalonia/external/XamlX/src/XamlX/Transform/",
        "RecursiveDir": "Transform/",
        "ModifiedTime": "",
        "CreatedTime": "",
        "AccessedTime": "",
        "DefiningProjectFullPath": "/workspace/team-c/c3-admin-symbol-errors-validation/framework/CUI/vendor/Avalonia/src/Avalonia.Build.Tasks/Avalonia.Build.Tasks.csproj",
        "DefiningProjectDirectory": "/workspace/team-c/c3-admin-symbol-errors-validation/framework/CUI/vendor/Avalonia/src/Avalonia.Build.Tasks/",
        "DefiningProjectName": "Avalonia.Build.Tasks",
        "DefiningProjectExtension": ".csproj"
      },
      {
        "Identity": "../../external/XamlX/src/XamlX/Transform/Transformers/ApplyWhitespaceNormalization.cs",
        "LinkBase": "XamlIl/",
        "Link": "XamlIl/Transform/Transformers/ApplyWhitespaceNormalization.cs",
        "FullPath": "/workspace/team-c/c3-admin-symbol-errors-validation/framework/CUI/vendor/Avalonia/external/XamlX/src/XamlX/Transform/Transformers/ApplyWhitespaceNormalization.cs",
        "RootDir": "/",
        "Filename": "ApplyWhitespaceNormalization",
        "Extension": ".cs",
        "RelativeDir": "../../external/XamlX/src/XamlX/Transform/Transformers/",
        "Directory": "workspace/team-c/c3-admin-symbol-errors-validation/framework/CUI/vendor/Avalonia/external/XamlX/src/XamlX/Transform/Transformers/",
        "RecursiveDir": "Transform/Transformers/",
        "ModifiedTime": "",
        "CreatedTime": "",
        "AccessedTime": "",
        "DefiningProjectFullPath": "/workspace/team-c/c3-admin-symbol-errors-validation/framework/CUI/vendor/Avalonia/src/Avalonia.Build.Tasks/Avalonia.Build.Tasks.csproj",
        "DefiningProjectDirectory": "/workspace/team-c/c3-admin-symbol-errors-validation/framework/CUI/vendor/Avalonia/src/Avalonia.Build.Tasks/",
        "DefiningProjectName": "Avalonia.Build.Tasks",
        "DefiningProjectExtension": ".csproj"
      },
      {
        "Identity": "../../external/XamlX/src/XamlX/Transform/Transformers/ConstructableObjectTransformer.cs",
        "LinkBase": "XamlIl/",
        "Link": "XamlIl/Transform/Transformers/ConstructableObjectTransformer.cs",
        "FullPath": "/workspace/team-c/c3-admin-symbol-errors-validation/framework/CUI/vendor/Avalonia/external/XamlX/src/XamlX/Transform/Transformers/ConstructableObjectTransformer.cs",
        "RootDir": "/",
        "Filename": "ConstructableObjectTransformer",
        "Extension": ".cs",
        "RelativeDir": "../../external/XamlX/src/XamlX/Transform/Transformers/",
        "Directory": "workspace/team-c/c3-admin-symbol-errors-validation/framework/CUI/vendor/Avalonia/external/XamlX/src/XamlX/Transform/Transformers/",
        "RecursiveDir": "Transform/Transformers/",
        "ModifiedTime": "",
        "CreatedTime": "",
        "AccessedTime": "",
        "DefiningProjectFullPath": "/workspace/team-c/c3-admin-symbol-errors-validation/framework/CUI/vendor/Avalonia/src/Avalonia.Build.Tasks/Avalonia.Build.Tasks.csproj",
        "DefiningProjectDirectory": "/workspace/team-c/c3-admin-symbol-errors-validation/framework/CUI/vendor/Avalonia/src/Avalonia.Build.Tasks/",
        "DefiningProjectName": "Avalonia.Build.Tasks",
        "DefiningProjectExtension": ".csproj"
      },
      {
        "Identity": "../../external/XamlX/src/XamlX/Transform/Transformers/ContentConvertTransformer.cs",
        "LinkBase": "XamlIl/",
        "Link": "XamlIl/Transform/Transformers/ContentConvertTransformer.cs",
        "FullPath": "/workspace/team-c/c3-admin-symbol-errors-validation/framework/CUI/vendor/Avalonia/external/XamlX/src/XamlX/Transform/Transformers/ContentConvertTransformer.cs",
        "RootDir": "/",
        "Filename": "ContentConvertTransformer",
        "Extension": ".cs",
        "RelativeDir": "../../external/XamlX/src/XamlX/Transform/Transformers/",
        "Directory": "workspace/team-c/c3-admin-symbol-errors-validation/framework/CUI/vendor/Avalonia/external/XamlX/src/XamlX/Transform/Transformers/",
        "RecursiveDir": "Transform/Transformers/",
        "ModifiedTime": "",
        "CreatedTime": "",
        "AccessedTime": "",
        "DefiningProjectFullPath": "/workspace/team-c/c3-admin-symbol-errors-validation/framework/CUI/vendor/Avalonia/src/Avalonia.Build.Tasks/Avalonia.Build.Tasks.csproj",
        "DefiningProjectDirectory": "/workspace/team-c/c3-admin-symbol-errors-validation/framework/CUI/vendor/Avalonia/src/Avalonia.Build.Tasks/",
        "DefiningProjectName": "Avalonia.Build.Tasks",
        "DefiningProjectExtension": ".csproj"
      },
      {
        "Identity": "../../external/XamlX/src/XamlX/Transform/Transformers/ConvertPropertyValuesToAssignmentsTransformer.cs",
        "LinkBase": "XamlIl/",
        "Link": "XamlIl/Transform/Transformers/ConvertPropertyValuesToAssignmentsTransformer.cs",
        "FullPath": "/workspace/team-c/c3-admin-symbol-errors-validation/framework/CUI/vendor/Avalonia/external/XamlX/src/XamlX/Transform/Transformers/ConvertPropertyValuesToAssignmentsTransformer.cs",
        "RootDir": "/",
        "Filename": "ConvertPropertyValuesToAssignmentsTransformer",
        "Extension": ".cs",
        "RelativeDir": "../../external/XamlX/src/XamlX/Transform/Transformers/",
        "Directory": "workspace/team-c/c3-admin-symbol-errors-validation/framework/CUI/vendor/Avalonia/external/XamlX/src/XamlX/Transform/Transformers/",
        "RecursiveDir": "Transform/Transformers/",
        "ModifiedTime": "",
        "CreatedTime": "",
        "AccessedTime": "",
        "DefiningProjectFullPath": "/workspace/team-c/c3-admin-symbol-errors-validation/framework/CUI/vendor/Avalonia/src/Avalonia.Build.Tasks/Avalonia.Build.Tasks.csproj",
        "DefiningProjectDirectory": "/workspace/team-c/c3-admin-symbol-errors-validation/framework/CUI/vendor/Avalonia/src/Avalonia.Build.Tasks/",
        "DefiningProjectName": "Avalonia.Build.Tasks",
        "DefiningProjectExtension": ".csproj"
      },
      {
        "Identity": "../../external/XamlX/src/XamlX/Transform/Transformers/DeferredContentTransformer.cs",
        "LinkBase": "XamlIl/",
        "Link": "XamlIl/Transform/Transformers/DeferredContentTransformer.cs",
        "FullPath": "/workspace/team-c/c3-admin-symbol-errors-validation/framework/CUI/vendor/Avalonia/external/XamlX/src/XamlX/Transform/Transformers/DeferredContentTransformer.cs",
        "RootDir": "/",
        "Filename": "DeferredContentTransformer",
        "Extension": ".cs",
        "RelativeDir": "../../external/XamlX/src/XamlX/Transform/Transformers/",
        "Directory": "workspace/team-c/c3-admin-symbol-errors-validation/framework/CUI/vendor/Avalonia/external/XamlX/src/XamlX/Transform/Transformers/",
        "RecursiveDir": "Transform/Transformers/",
        "ModifiedTime": "",
        "CreatedTime": "",
        "AccessedTime": "",
        "DefiningProjectFullPath": "/workspace/team-c/c3-admin-symbol-errors-validation/framework/CUI/vendor/Avalonia/src/Avalonia.Build.Tasks/Avalonia.Build.Tasks.csproj",
        "DefiningProjectDirectory": "/workspace/team-c/c3-admin-symbol-errors-validation/framework/CUI/vendor/Avalonia/src/Avalonia.Build.Tasks/",
        "DefiningProjectName": "Avalonia.Build.Tasks",
        "DefiningProjectExtension": ".csproj"
      },
      {
        "Identity": "../../external/XamlX/src/XamlX/Transform/Transformers/FlattenAstTransformer.cs",
        "LinkBase": "XamlIl/",
        "Link": "XamlIl/Transform/Transformers/FlattenAstTransformer.cs",
        "FullPath": "/workspace/team-c/c3-admin-symbol-errors-validation/framework/CUI/vendor/Avalonia/external/XamlX/src/XamlX/Transform/Transformers/FlattenAstTransformer.cs",
        "RootDir": "/",
        "Filename": "FlattenAstTransformer",
        "Extension": ".cs",
        "RelativeDir": "../../external/XamlX/src/XamlX/Transform/Transformers/",
        "Directory": "workspace/team-c/c3-admin-symbol-errors-validation/framework/CUI/vendor/Avalonia/external/XamlX/src/XamlX/Transform/Transformers/",
        "RecursiveDir": "Transform/Transformers/",
        "ModifiedTime": "",
        "CreatedTime": "",
        "AccessedTime": "",
        "DefiningProjectFullPath": "/workspace/team-c/c3-admin-symbol-errors-validation/framework/CUI/vendor/Avalonia/src/Avalonia.Build.Tasks/Avalonia.Build.Tasks.csproj",
        "DefiningProjectDirectory": "/workspace/team-c/c3-admin-symbol-errors-validation/framework/CUI/vendor/Avalonia/src/Avalonia.Build.Tasks/",
        "DefiningProjectName": "Avalonia.Build.Tasks",
        "DefiningProjectExtension": ".csproj"
      },
      {
        "Identity": "../../external/XamlX/src/XamlX/Transform/Transformers/KnownDirectivesTransformer.cs",
        "LinkBase": "XamlIl/",
        "Link": "XamlIl/Transform/Transformers/KnownDirectivesTransformer.cs",
        "FullPath": "/workspace/team-c/c3-admin-symbol-errors-validation/framework/CUI/vendor/Avalonia/external/XamlX/src/XamlX/Transform/Transformers/KnownDirectivesTransformer.cs",
        "RootDir": "/",
        "Filename": "KnownDirectivesTransformer",
        "Extension": ".cs",
        "RelativeDir": "../../external/XamlX/src/XamlX/Transform/Transformers/",
        "Directory": "workspace/team-c/c3-admin-symbol-errors-validation/framework/CUI/vendor/Avalonia/external/XamlX/src/XamlX/Transform/Transformers/",
        "RecursiveDir": "Transform/Transformers/",
        "ModifiedTime": "",
        "CreatedTime": "",
        "AccessedTime": "",
        "DefiningProjectFullPath": "/workspace/team-c/c3-admin-symbol-errors-validation/framework/CUI/vendor/Avalonia/src/Avalonia.Build.Tasks/Avalonia.Build.Tasks.csproj",
        "DefiningProjectDirectory": "/workspace/team-c/c3-admin-symbol-errors-validation/framework/CUI/vendor/Avalonia/src/Avalonia.Build.Tasks/",
        "DefiningProjectName": "Avalonia.Build.Tasks",
        "DefiningProjectExtension": ".csproj"
      },
      {
        "Identity": "../../external/XamlX/src/XamlX/Transform/Transformers/MarkupExtensionTransformer.cs",
        "LinkBase": "XamlIl/",
        "Link": "XamlIl/Transform/Transformers/MarkupExtensionTransformer.cs",
        "FullPath": "/workspace/team-c/c3-admin-symbol-errors-validation/framework/CUI/vendor/Avalonia/external/XamlX/src/XamlX/Transform/Transformers/MarkupExtensionTransformer.cs",
        "RootDir": "/",
        "Filename": "MarkupExtensionTransformer",
        "Extension": ".cs",
        "RelativeDir": "../../external/XamlX/src/XamlX/Transform/Transformers/",
        "Directory": "workspace/team-c/c3-admin-symbol-errors-validation/framework/CUI/vendor/Avalonia/external/XamlX/src/XamlX/Transform/Transformers/",
        "RecursiveDir": "Transform/Transformers/",
        "ModifiedTime": "",
        "CreatedTime": "",
        "AccessedTime": "",
        "DefiningProjectFullPath": "/workspace/team-c/c3-admin-symbol-errors-validation/framework/CUI/vendor/Avalonia/src/Avalonia.Build.Tasks/Avalonia.Build.Tasks.csproj",
        "DefiningProjectDirectory": "/workspace/team-c/c3-admin-symbol-errors-validation/framework/CUI/vendor/Avalonia/src/Avalonia.Build.Tasks/",
        "DefiningProjectName": "Avalonia.Build.Tasks",
        "DefiningProjectExtension": ".csproj"
      },
      {
        "Identity": "../../external/XamlX/src/XamlX/Transform/Transformers/NewObjectTransformer.cs",
        "LinkBase": "XamlIl/",
        "Link": "XamlIl/Transform/Transformers/NewObjectTransformer.cs",
        "FullPath": "/workspace/team-c/c3-admin-symbol-errors-validation/framework/CUI/vendor/Avalonia/external/XamlX/src/XamlX/Transform/Transformers/NewObjectTransformer.cs",
        "RootDir": "/",
        "Filename": "NewObjectTransformer",
        "Extension": ".cs",
        "RelativeDir": "../../external/XamlX/src/XamlX/Transform/Transformers/",
        "Directory": "workspace/team-c/c3-admin-symbol-errors-validation/framework/CUI/vendor/Avalonia/external/XamlX/src/XamlX/Transform/Transformers/",
        "RecursiveDir": "Transform/Transformers/",
        "ModifiedTime": "",
        "CreatedTime": "",
        "AccessedTime": "",
        "DefiningProjectFullPath": "/workspace/team-c/c3-admin-symbol-errors-validation/framework/CUI/vendor/Avalonia/src/Avalonia.Build.Tasks/Avalonia.Build.Tasks.csproj",
        "DefiningProjectDirectory": "/workspace/team-c/c3-admin-symbol-errors-validation/framework/CUI/vendor/Avalonia/src/Avalonia.Build.Tasks/",
        "DefiningProjectName": "Avalonia.Build.Tasks",
        "DefiningProjectExtension": ".csproj"
      },
      {
        "Identity": "../../external/XamlX/src/XamlX/Transform/Transformers/ObsoleteWarningsTransformer.cs",
        "LinkBase": "XamlIl/",
        "Link": "XamlIl/Transform/Transformers/ObsoleteWarningsTransformer.cs",
        "FullPath": "/workspace/team-c/c3-admin-symbol-errors-validation/framework/CUI/vendor/Avalonia/external/XamlX/src/XamlX/Transform/Transformers/ObsoleteWarningsTransformer.cs",
        "RootDir": "/",
        "Filename": "ObsoleteWarningsTransformer",
        "Extension": ".cs",
        "RelativeDir": "../../external/XamlX/src/XamlX/Transform/Transformers/",
        "Directory": "workspace/team-c/c3-admin-symbol-errors-validation/framework/CUI/vendor/Avalonia/external/XamlX/src/XamlX/Transform/Transformers/",
        "RecursiveDir": "Transform/Transformers/",
        "ModifiedTime": "",
        "CreatedTime": "",
        "AccessedTime": "",
        "DefiningProjectFullPath": "/workspace/team-c/c3-admin-symbol-errors-validation/framework/CUI/vendor/Avalonia/src/Avalonia.Build.Tasks/Avalonia.Build.Tasks.csproj",
        "DefiningProjectDirectory": "/workspace/team-c/c3-admin-symbol-errors-validation/framework/CUI/vendor/Avalonia/src/Avalonia.Build.Tasks/",
        "DefiningProjectName": "Avalonia.Build.Tasks",
        "DefiningProjectExtension": ".csproj"
      },
      {
        "Identity": "../../external/XamlX/src/XamlX/Transform/Transformers/PropertyReferenceResolver.cs",
        "LinkBase": "XamlIl/",
        "Link": "XamlIl/Transform/Transformers/PropertyReferenceResolver.cs",
        "FullPath": "/workspace/team-c/c3-admin-symbol-errors-validation/framework/CUI/vendor/Avalonia/external/XamlX/src/XamlX/Transform/Transformers/PropertyReferenceResolver.cs",
        "RootDir": "/",
        "Filename": "PropertyReferenceResolver",
        "Extension": ".cs",
        "RelativeDir": "../../external/XamlX/src/XamlX/Transform/Transformers/",
        "Directory": "workspace/team-c/c3-admin-symbol-errors-validation/framework/CUI/vendor/Avalonia/external/XamlX/src/XamlX/Transform/Transformers/",
        "RecursiveDir": "Transform/Transformers/",
        "ModifiedTime": "",
        "CreatedTime": "",
        "AccessedTime": "",
        "DefiningProjectFullPath": "/workspace/team-c/c3-admin-symbol-errors-validation/framework/CUI/vendor/Avalonia/src/Avalonia.Build.Tasks/Avalonia.Build.Tasks.csproj",
        "DefiningProjectDirectory": "/workspace/team-c/c3-admin-symbol-errors-validation/framework/CUI/vendor/Avalonia/src/Avalonia.Build.Tasks/",
        "DefiningProjectName": "Avalonia.Build.Tasks",
        "DefiningProjectExtension": ".csproj"
      },
      {
        "Identity": "../../external/XamlX/src/XamlX/Transform/Transformers/RemoveWhitespaceBetweenPropertyValuesTransformer.cs",
        "LinkBase": "XamlIl/",
        "Link": "XamlIl/Transform/Transformers/RemoveWhitespaceBetweenPropertyValuesTransformer.cs",
        "FullPath": "/workspace/team-c/c3-admin-symbol-errors-validation/framework/CUI/vendor/Avalonia/external/XamlX/src/XamlX/Transform/Transformers/RemoveWhitespaceBetweenPropertyValuesTransformer.cs",
        "RootDir": "/",
        "Filename": "RemoveWhitespaceBetweenPropertyValuesTransformer",
        "Extension": ".cs",
        "RelativeDir": "../../external/XamlX/src/XamlX/Transform/Transformers/",
        "Directory": "workspace/team-c/c3-admin-symbol-errors-validation/framework/CUI/vendor/Avalonia/external/XamlX/src/XamlX/Transform/Transformers/",
        "RecursiveDir": "Transform/Transformers/",
        "ModifiedTime": "",
        "CreatedTime": "",
        "AccessedTime": "",
        "DefiningProjectFullPath": "/workspace/team-c/c3-admin-symbol-errors-validation/framework/CUI/vendor/Avalonia/src/Avalonia.Build.Tasks/Avalonia.Build.Tasks.csproj",
        "DefiningProjectDirectory": "/workspace/team-c/c3-admin-symbol-errors-validation/framework/CUI/vendor/Avalonia/src/Avalonia.Build.Tasks/",
        "DefiningProjectName": "Avalonia.Build.Tasks",
        "DefiningProjectExtension": ".csproj"
      },
      {
        "Identity": "../../external/XamlX/src/XamlX/Transform/Transformers/ResolveContentPropertyTransformer.cs",
        "LinkBase": "XamlIl/",
        "Link": "XamlIl/Transform/Transformers/ResolveContentPropertyTransformer.cs",
        "FullPath": "/workspace/team-c/c3-admin-symbol-errors-validation/framework/CUI/vendor/Avalonia/external/XamlX/src/XamlX/Transform/Transformers/ResolveContentPropertyTransformer.cs",
        "RootDir": "/",
        "Filename": "ResolveContentPropertyTransformer",
        "Extension": ".cs",
        "RelativeDir": "../../external/XamlX/src/XamlX/Transform/Transformers/",
        "Directory": "workspace/team-c/c3-admin-symbol-errors-validation/framework/CUI/vendor/Avalonia/external/XamlX/src/XamlX/Transform/Transformers/",
        "RecursiveDir": "Transform/Transformers/",
        "ModifiedTime": "",
        "CreatedTime": "",
        "AccessedTime": "",
        "DefiningProjectFullPath": "/workspace/team-c/c3-admin-symbol-errors-validation/framework/CUI/vendor/Avalonia/src/Avalonia.Build.Tasks/Avalonia.Build.Tasks.csproj",
        "DefiningProjectDirectory": "/workspace/team-c/c3-admin-symbol-errors-validation/framework/CUI/vendor/Avalonia/src/Avalonia.Build.Tasks/",
        "DefiningProjectName": "Avalonia.Build.Tasks",
        "DefiningProjectExtension": ".csproj"
      },
      {
        "Identity": "../../external/XamlX/src/XamlX/Transform/Transformers/ResolvePropertyValueAddersTransformer.cs",
        "LinkBase": "XamlIl/",
        "Link": "XamlIl/Transform/Transformers/ResolvePropertyValueAddersTransformer.cs",
        "FullPath": "/workspace/team-c/c3-admin-symbol-errors-validation/framework/CUI/vendor/Avalonia/external/XamlX/src/XamlX/Transform/Transformers/ResolvePropertyValueAddersTransformer.cs",
        "RootDir": "/",
        "Filename": "ResolvePropertyValueAddersTransformer",
        "Extension": ".cs",
        "RelativeDir": "../../external/XamlX/src/XamlX/Transform/Transformers/",
        "Directory": "workspace/team-c/c3-admin-symbol-errors-validation/framework/CUI/vendor/Avalonia/external/XamlX/src/XamlX/Transform/Transformers/",
        "RecursiveDir": "Transform/Transformers/",
        "ModifiedTime": "",
        "CreatedTime": "",
        "AccessedTime": "",
        "DefiningProjectFullPath": "/workspace/team-c/c3-admin-symbol-errors-validation/framework/CUI/vendor/Avalonia/src/Avalonia.Build.Tasks/Avalonia.Build.Tasks.csproj",
        "DefiningProjectDirectory": "/workspace/team-c/c3-admin-symbol-errors-validation/framework/CUI/vendor/Avalonia/src/Avalonia.Build.Tasks/",
        "DefiningProjectName": "Avalonia.Build.Tasks",
        "DefiningProjectExtension": ".csproj"
      },
      {
        "Identity": "../../external/XamlX/src/XamlX/Transform/Transformers/StaticIntrinsicsPostProcessTransformer.cs",
        "LinkBase": "XamlIl/",
        "Link": "XamlIl/Transform/Transformers/StaticIntrinsicsPostProcessTransformer.cs",
        "FullPath": "/workspace/team-c/c3-admin-symbol-errors-validation/framework/CUI/vendor/Avalonia/external/XamlX/src/XamlX/Transform/Transformers/StaticIntrinsicsPostProcessTransformer.cs",
        "RootDir": "/",
        "Filename": "StaticIntrinsicsPostProcessTransformer",
        "Extension": ".cs",
        "RelativeDir": "../../external/XamlX/src/XamlX/Transform/Transformers/",
        "Directory": "workspace/team-c/c3-admin-symbol-errors-validation/framework/CUI/vendor/Avalonia/external/XamlX/src/XamlX/Transform/Transformers/",
        "RecursiveDir": "Transform/Transformers/",
        "ModifiedTime": "",
        "CreatedTime": "",
        "AccessedTime": "",
        "DefiningProjectFullPath": "/workspace/team-c/c3-admin-symbol-errors-validation/framework/CUI/vendor/Avalonia/src/Avalonia.Build.Tasks/Avalonia.Build.Tasks.csproj",
        "DefiningProjectDirectory": "/workspace/team-c/c3-admin-symbol-errors-validation/framework/CUI/vendor/Avalonia/src/Avalonia.Build.Tasks/",
        "DefiningProjectName": "Avalonia.Build.Tasks",
        "DefiningProjectExtension": ".csproj"
      },
      {
        "Identity": "../../external/XamlX/src/XamlX/Transform/Transformers/TextNodeMerger.cs",
        "LinkBase": "XamlIl/",
        "Link": "XamlIl/Transform/Transformers/TextNodeMerger.cs",
        "FullPath": "/workspace/team-c/c3-admin-symbol-errors-validation/framework/CUI/vendor/Avalonia/external/XamlX/src/XamlX/Transform/Transformers/TextNodeMerger.cs",
        "RootDir": "/",
        "Filename": "TextNodeMerger",
        "Extension": ".cs",
        "RelativeDir": "../../external/XamlX/src/XamlX/Transform/Transformers/",
        "Directory": "workspace/team-c/c3-admin-symbol-errors-validation/framework/CUI/vendor/Avalonia/external/XamlX/src/XamlX/Transform/Transformers/",
        "RecursiveDir": "Transform/Transformers/",
        "ModifiedTime": "",
        "CreatedTime": "",
        "AccessedTime": "",
        "DefiningProjectFullPath": "/workspace/team-c/c3-admin-symbol-errors-validation/framework/CUI/vendor/Avalonia/src/Avalonia.Build.Tasks/Avalonia.Build.Tasks.csproj",
        "DefiningProjectDirectory": "/workspace/team-c/c3-admin-symbol-errors-validation/framework/CUI/vendor/Avalonia/src/Avalonia.Build.Tasks/",
        "DefiningProjectName": "Avalonia.Build.Tasks",
        "DefiningProjectExtension": ".csproj"
      },
      {
        "Identity": "../../external/XamlX/src/XamlX/Transform/Transformers/TopDownInitializationTransformer.cs",
        "LinkBase": "XamlIl/",
        "Link": "XamlIl/Transform/Transformers/TopDownInitializationTransformer.cs",
        "FullPath": "/workspace/team-c/c3-admin-symbol-errors-validation/framework/CUI/vendor/Avalonia/external/XamlX/src/XamlX/Transform/Transformers/TopDownInitializationTransformer.cs",
        "RootDir": "/",
        "Filename": "TopDownInitializationTransformer",
        "Extension": ".cs",
        "RelativeDir": "../../external/XamlX/src/XamlX/Transform/Transformers/",
        "Directory": "workspace/team-c/c3-admin-symbol-errors-validation/framework/CUI/vendor/Avalonia/external/XamlX/src/XamlX/Transform/Transformers/",
        "RecursiveDir": "Transform/Transformers/",
        "ModifiedTime": "",
        "CreatedTime": "",
        "AccessedTime": "",
        "DefiningProjectFullPath": "/workspace/team-c/c3-admin-symbol-errors-validation/framework/CUI/vendor/Avalonia/src/Avalonia.Build.Tasks/Avalonia.Build.Tasks.csproj",
        "DefiningProjectDirectory": "/workspace/team-c/c3-admin-symbol-errors-validation/framework/CUI/vendor/Avalonia/src/Avalonia.Build.Tasks/",
        "DefiningProjectName": "Avalonia.Build.Tasks",
        "DefiningProjectExtension": ".csproj"
      },
      {
        "Identity": "../../external/XamlX/src/XamlX/Transform/Transformers/TypeReferenceResolver.cs",
        "LinkBase": "XamlIl/",
        "Link": "XamlIl/Transform/Transformers/TypeReferenceResolver.cs",
        "FullPath": "/workspace/team-c/c3-admin-symbol-errors-validation/framework/CUI/vendor/Avalonia/external/XamlX/src/XamlX/Transform/Transformers/TypeReferenceResolver.cs",
        "RootDir": "/",
        "Filename": "TypeReferenceResolver",
        "Extension": ".cs",
        "RelativeDir": "../../external/XamlX/src/XamlX/Transform/Transformers/",
        "Directory": "workspace/team-c/c3-admin-symbol-errors-validation/framework/CUI/vendor/Avalonia/external/XamlX/src/XamlX/Transform/Transformers/",
        "RecursiveDir": "Transform/Transformers/",
        "ModifiedTime": "",
        "CreatedTime": "",
        "AccessedTime": "",
        "DefiningProjectFullPath": "/workspace/team-c/c3-admin-symbol-errors-validation/framework/CUI/vendor/Avalonia/src/Avalonia.Build.Tasks/Avalonia.Build.Tasks.csproj",
        "DefiningProjectDirectory": "/workspace/team-c/c3-admin-symbol-errors-validation/framework/CUI/vendor/Avalonia/src/Avalonia.Build.Tasks/",
        "DefiningProjectName": "Avalonia.Build.Tasks",
        "DefiningProjectExtension": ".csproj"
      },
      {
        "Identity": "../../external/XamlX/src/XamlX/Transform/Transformers/XamlIntrinsicsTransformer.cs",
        "LinkBase": "XamlIl/",
        "Link": "XamlIl/Transform/Transformers/XamlIntrinsicsTransformer.cs",
        "FullPath": "/workspace/team-c/c3-admin-symbol-errors-validation/framework/CUI/vendor/Avalonia/external/XamlX/src/XamlX/Transform/Transformers/XamlIntrinsicsTransformer.cs",
        "RootDir": "/",
        "Filename": "XamlIntrinsicsTransformer",
        "Extension": ".cs",
        "RelativeDir": "../../external/XamlX/src/XamlX/Transform/Transformers/",
        "Directory": "workspace/team-c/c3-admin-symbol-errors-validation/framework/CUI/vendor/Avalonia/external/XamlX/src/XamlX/Transform/Transformers/",
        "RecursiveDir": "Transform/Transformers/",
        "ModifiedTime": "",
        "CreatedTime": "",
        "AccessedTime": "",
        "DefiningProjectFullPath": "/workspace/team-c/c3-admin-symbol-errors-validation/framework/CUI/vendor/Avalonia/src/Avalonia.Build.Tasks/Avalonia.Build.Tasks.csproj",
        "DefiningProjectDirectory": "/workspace/team-c/c3-admin-symbol-errors-validation/framework/CUI/vendor/Avalonia/src/Avalonia.Build.Tasks/",
        "DefiningProjectName": "Avalonia.Build.Tasks",
        "DefiningProjectExtension": ".csproj"
      },
      {
        "Identity": "../../external/XamlX/src/XamlX/Transform/Transformers/XArgumentsTransformer.cs",
        "LinkBase": "XamlIl/",
        "Link": "XamlIl/Transform/Transformers/XArgumentsTransformer.cs",
        "FullPath": "/workspace/team-c/c3-admin-symbol-errors-validation/framework/CUI/vendor/Avalonia/external/XamlX/src/XamlX/Transform/Transformers/XArgumentsTransformer.cs",
        "RootDir": "/",
        "Filename": "XArgumentsTransformer",
        "Extension": ".cs",
        "RelativeDir": "../../external/XamlX/src/XamlX/Transform/Transformers/",
        "Directory": "workspace/team-c/c3-admin-symbol-errors-validation/framework/CUI/vendor/Avalonia/external/XamlX/src/XamlX/Transform/Transformers/",
        "RecursiveDir": "Transform/Transformers/",
        "ModifiedTime": "",
        "CreatedTime": "",
        "AccessedTime": "",
        "DefiningProjectFullPath": "/workspace/team-c/c3-admin-symbol-errors-validation/framework/CUI/vendor/Avalonia/src/Avalonia.Build.Tasks/Avalonia.Build.Tasks.csproj",
        "DefiningProjectDirectory": "/workspace/team-c/c3-admin-symbol-errors-validation/framework/CUI/vendor/Avalonia/src/Avalonia.Build.Tasks/",
        "DefiningProjectName": "Avalonia.Build.Tasks",
        "DefiningProjectExtension": ".csproj"
      },
      {
        "Identity": "../../external/XamlX/src/XamlX/Transform/WhitespaceNormalization.cs",
        "LinkBase": "XamlIl/",
        "Link": "XamlIl/Transform/WhitespaceNormalization.cs",
        "FullPath": "/workspace/team-c/c3-admin-symbol-errors-validation/framework/CUI/vendor/Avalonia/external/XamlX/src/XamlX/Transform/WhitespaceNormalization.cs",
        "RootDir": "/",
        "Filename": "WhitespaceNormalization",
        "Extension": ".cs",
        "RelativeDir": "../../external/XamlX/src/XamlX/Transform/",
        "Directory": "workspace/team-c/c3-admin-symbol-errors-validation/framework/CUI/vendor/Avalonia/external/XamlX/src/XamlX/Transform/",
        "RecursiveDir": "Transform/",
        "ModifiedTime": "",
        "CreatedTime": "",
        "AccessedTime": "",
        "DefiningProjectFullPath": "/workspace/team-c/c3-admin-symbol-errors-validation/framework/CUI/vendor/Avalonia/src/Avalonia.Build.Tasks/Avalonia.Build.Tasks.csproj",
        "DefiningProjectDirectory": "/workspace/team-c/c3-admin-symbol-errors-validation/framework/CUI/vendor/Avalonia/src/Avalonia.Build.Tasks/",
        "DefiningProjectName": "Avalonia.Build.Tasks",
        "DefiningProjectExtension": ".csproj"
      },
      {
        "Identity": "../../external/XamlX/src/XamlX/Transform/XamlContextBase.cs",
        "LinkBase": "XamlIl/",
        "Link": "XamlIl/Transform/XamlContextBase.cs",
        "FullPath": "/workspace/team-c/c3-admin-symbol-errors-validation/framework/CUI/vendor/Avalonia/external/XamlX/src/XamlX/Transform/XamlContextBase.cs",
        "RootDir": "/",
        "Filename": "XamlContextBase",
        "Extension": ".cs",
        "RelativeDir": "../../external/XamlX/src/XamlX/Transform/",
        "Directory": "workspace/team-c/c3-admin-symbol-errors-validation/framework/CUI/vendor/Avalonia/external/XamlX/src/XamlX/Transform/",
        "RecursiveDir": "Transform/",
        "ModifiedTime": "",
        "CreatedTime": "",
        "AccessedTime": "",
        "DefiningProjectFullPath": "/workspace/team-c/c3-admin-symbol-errors-validation/framework/CUI/vendor/Avalonia/src/Avalonia.Build.Tasks/Avalonia.Build.Tasks.csproj",
        "DefiningProjectDirectory": "/workspace/team-c/c3-admin-symbol-errors-validation/framework/CUI/vendor/Avalonia/src/Avalonia.Build.Tasks/",
        "DefiningProjectName": "Avalonia.Build.Tasks",
        "DefiningProjectExtension": ".csproj"
      },
      {
        "Identity": "../../external/XamlX/src/XamlX/Transform/XamlDiagnosticsHandler.cs",
        "LinkBase": "XamlIl/",
        "Link": "XamlIl/Transform/XamlDiagnosticsHandler.cs",
        "FullPath": "/workspace/team-c/c3-admin-symbol-errors-validation/framework/CUI/vendor/Avalonia/external/XamlX/src/XamlX/Transform/XamlDiagnosticsHandler.cs",
        "RootDir": "/",
        "Filename": "XamlDiagnosticsHandler",
        "Extension": ".cs",
        "RelativeDir": "../../external/XamlX/src/XamlX/Transform/",
        "Directory": "workspace/team-c/c3-admin-symbol-errors-validation/framework/CUI/vendor/Avalonia/external/XamlX/src/XamlX/Transform/",
        "RecursiveDir": "Transform/",
        "ModifiedTime": "",
        "CreatedTime": "",
        "AccessedTime": "",
        "DefiningProjectFullPath": "/workspace/team-c/c3-admin-symbol-errors-validation/framework/CUI/vendor/Avalonia/src/Avalonia.Build.Tasks/Avalonia.Build.Tasks.csproj",
        "DefiningProjectDirectory": "/workspace/team-c/c3-admin-symbol-errors-validation/framework/CUI/vendor/Avalonia/src/Avalonia.Build.Tasks/",
        "DefiningProjectName": "Avalonia.Build.Tasks",
        "DefiningProjectExtension": ".csproj"
      },
      {
        "Identity": "../../external/XamlX/src/XamlX/Transform/XamlLanguageTypeMappings.cs",
        "LinkBase": "XamlIl/",
        "Link": "XamlIl/Transform/XamlLanguageTypeMappings.cs",
        "FullPath": "/workspace/team-c/c3-admin-symbol-errors-validation/framework/CUI/vendor/Avalonia/external/XamlX/src/XamlX/Transform/XamlLanguageTypeMappings.cs",
        "RootDir": "/",
        "Filename": "XamlLanguageTypeMappings",
        "Extension": ".cs",
        "RelativeDir": "../../external/XamlX/src/XamlX/Transform/",
        "Directory": "workspace/team-c/c3-admin-symbol-errors-validation/framework/CUI/vendor/Avalonia/external/XamlX/src/XamlX/Transform/",
        "RecursiveDir": "Transform/",
        "ModifiedTime": "",
        "CreatedTime": "",
        "AccessedTime": "",
        "DefiningProjectFullPath": "/workspace/team-c/c3-admin-symbol-errors-validation/framework/CUI/vendor/Avalonia/src/Avalonia.Build.Tasks/Avalonia.Build.Tasks.csproj",
        "DefiningProjectDirectory": "/workspace/team-c/c3-admin-symbol-errors-validation/framework/CUI/vendor/Avalonia/src/Avalonia.Build.Tasks/",
        "DefiningProjectName": "Avalonia.Build.Tasks",
        "DefiningProjectExtension": ".csproj"
      },
      {
        "Identity": "../../external/XamlX/src/XamlX/Transform/XamlTransformHelpers.cs",
        "LinkBase": "XamlIl/",
        "Link": "XamlIl/Transform/XamlTransformHelpers.cs",
        "FullPath": "/workspace/team-c/c3-admin-symbol-errors-validation/framework/CUI/vendor/Avalonia/external/XamlX/src/XamlX/Transform/XamlTransformHelpers.cs",
        "RootDir": "/",
        "Filename": "XamlTransformHelpers",
        "Extension": ".cs",
        "RelativeDir": "../../external/XamlX/src/XamlX/Transform/",
        "Directory": "workspace/team-c/c3-admin-symbol-errors-validation/framework/CUI/vendor/Avalonia/external/XamlX/src/XamlX/Transform/",
        "RecursiveDir": "Transform/",
        "ModifiedTime": "",
        "CreatedTime": "",
        "AccessedTime": "",
        "DefiningProjectFullPath": "/workspace/team-c/c3-admin-symbol-errors-validation/framework/CUI/vendor/Avalonia/src/Avalonia.Build.Tasks/Avalonia.Build.Tasks.csproj",
        "DefiningProjectDirectory": "/workspace/team-c/c3-admin-symbol-errors-validation/framework/CUI/vendor/Avalonia/src/Avalonia.Build.Tasks/",
        "DefiningProjectName": "Avalonia.Build.Tasks",
        "DefiningProjectExtension": ".csproj"
      },
      {
        "Identity": "../../external/XamlX/src/XamlX/Transform/XamlXmlnsMappings.cs",
        "LinkBase": "XamlIl/",
        "Link": "XamlIl/Transform/XamlXmlnsMappings.cs",
        "FullPath": "/workspace/team-c/c3-admin-symbol-errors-validation/framework/CUI/vendor/Avalonia/external/XamlX/src/XamlX/Transform/XamlXmlnsMappings.cs",
        "RootDir": "/",
        "Filename": "XamlXmlnsMappings",
        "Extension": ".cs",
        "RelativeDir": "../../external/XamlX/src/XamlX/Transform/",
        "Directory": "workspace/team-c/c3-admin-symbol-errors-validation/framework/CUI/vendor/Avalonia/external/XamlX/src/XamlX/Transform/",
        "RecursiveDir": "Transform/",
        "ModifiedTime": "",
        "CreatedTime": "",
        "AccessedTime": "",
        "DefiningProjectFullPath": "/workspace/team-c/c3-admin-symbol-errors-validation/framework/CUI/vendor/Avalonia/src/Avalonia.Build.Tasks/Avalonia.Build.Tasks.csproj",
        "DefiningProjectDirectory": "/workspace/team-c/c3-admin-symbol-errors-validation/framework/CUI/vendor/Avalonia/src/Avalonia.Build.Tasks/",
        "DefiningProjectName": "Avalonia.Build.Tasks",
        "DefiningProjectExtension": ".csproj"
      },
      {
        "Identity": "../../external/XamlX/src/XamlX/TypeSystem/TypeSystem.cs",
        "LinkBase": "XamlIl/",
        "Link": "XamlIl/TypeSystem/TypeSystem.cs",
        "FullPath": "/workspace/team-c/c3-admin-symbol-errors-validation/framework/CUI/vendor/Avalonia/external/XamlX/src/XamlX/TypeSystem/TypeSystem.cs",
        "RootDir": "/",
        "Filename": "TypeSystem",
        "Extension": ".cs",
        "RelativeDir": "../../external/XamlX/src/XamlX/TypeSystem/",
        "Directory": "workspace/team-c/c3-admin-symbol-errors-validation/framework/CUI/vendor/Avalonia/external/XamlX/src/XamlX/TypeSystem/",
        "RecursiveDir": "TypeSystem/",
        "ModifiedTime": "",
        "CreatedTime": "",
        "AccessedTime": "",
        "DefiningProjectFullPath": "/workspace/team-c/c3-admin-symbol-errors-validation/framework/CUI/vendor/Avalonia/src/Avalonia.Build.Tasks/Avalonia.Build.Tasks.csproj",
        "DefiningProjectDirectory": "/workspace/team-c/c3-admin-symbol-errors-validation/framework/CUI/vendor/Avalonia/src/Avalonia.Build.Tasks/",
        "DefiningProjectName": "Avalonia.Build.Tasks",
        "DefiningProjectExtension": ".csproj"
      },
      {
        "Identity": "../../external/XamlX/src/XamlX/TypeSystem/TypeSystemHelpers.cs",
        "LinkBase": "XamlIl/",
        "Link": "XamlIl/TypeSystem/TypeSystemHelpers.cs",
        "FullPath": "/workspace/team-c/c3-admin-symbol-errors-validation/framework/CUI/vendor/Avalonia/external/XamlX/src/XamlX/TypeSystem/TypeSystemHelpers.cs",
        "RootDir": "/",
        "Filename": "TypeSystemHelpers",
        "Extension": ".cs",
        "RelativeDir": "../../external/XamlX/src/XamlX/TypeSystem/",
        "Directory": "workspace/team-c/c3-admin-symbol-errors-validation/framework/CUI/vendor/Avalonia/external/XamlX/src/XamlX/TypeSystem/",
        "RecursiveDir": "TypeSystem/",
        "ModifiedTime": "",
        "CreatedTime": "",
        "AccessedTime": "",
        "DefiningProjectFullPath": "/workspace/team-c/c3-admin-symbol-errors-validation/framework/CUI/vendor/Avalonia/src/Avalonia.Build.Tasks/Avalonia.Build.Tasks.csproj",
        "DefiningProjectDirectory": "/workspace/team-c/c3-admin-symbol-errors-validation/framework/CUI/vendor/Avalonia/src/Avalonia.Build.Tasks/",
        "DefiningProjectName": "Avalonia.Build.Tasks",
        "DefiningProjectExtension": ".csproj"
      },
      {
        "Identity": "../../external/XamlX/src/XamlX/TypeSystem/XamlLocalsPool.cs",
        "LinkBase": "XamlIl/",
        "Link": "XamlIl/TypeSystem/XamlLocalsPool.cs",
        "FullPath": "/workspace/team-c/c3-admin-symbol-errors-validation/framework/CUI/vendor/Avalonia/external/XamlX/src/XamlX/TypeSystem/XamlLocalsPool.cs",
        "RootDir": "/",
        "Filename": "XamlLocalsPool",
        "Extension": ".cs",
        "RelativeDir": "../../external/XamlX/src/XamlX/TypeSystem/",
        "Directory": "workspace/team-c/c3-admin-symbol-errors-validation/framework/CUI/vendor/Avalonia/external/XamlX/src/XamlX/TypeSystem/",
        "RecursiveDir": "TypeSystem/",
        "ModifiedTime": "",
        "CreatedTime": "",
        "AccessedTime": "",
        "DefiningProjectFullPath": "/workspace/team-c/c3-admin-symbol-errors-validation/framework/CUI/vendor/Avalonia/src/Avalonia.Build.Tasks/Avalonia.Build.Tasks.csproj",
        "DefiningProjectDirectory": "/workspace/team-c/c3-admin-symbol-errors-validation/framework/CUI/vendor/Avalonia/src/Avalonia.Build.Tasks/",
        "DefiningProjectName": "Avalonia.Build.Tasks",
        "DefiningProjectExtension": ".csproj"
      },
      {
        "Identity": "../../external/XamlX/src/XamlX/XamlNamespaces.cs",
        "LinkBase": "XamlIl/",
        "Link": "XamlIl/XamlNamespaces.cs",
        "FullPath": "/workspace/team-c/c3-admin-symbol-errors-validation/framework/CUI/vendor/Avalonia/external/XamlX/src/XamlX/XamlNamespaces.cs",
        "RootDir": "/",
        "Filename": "XamlNamespaces",
        "Extension": ".cs",
        "RelativeDir": "../../external/XamlX/src/XamlX/",
        "Directory": "workspace/team-c/c3-admin-symbol-errors-validation/framework/CUI/vendor/Avalonia/external/XamlX/src/XamlX/",
        "RecursiveDir": "",
        "ModifiedTime": "",
        "CreatedTime": "",
        "AccessedTime": "",
        "DefiningProjectFullPath": "/workspace/team-c/c3-admin-symbol-errors-validation/framework/CUI/vendor/Avalonia/src/Avalonia.Build.Tasks/Avalonia.Build.Tasks.csproj",
        "DefiningProjectDirectory": "/workspace/team-c/c3-admin-symbol-errors-validation/framework/CUI/vendor/Avalonia/src/Avalonia.Build.Tasks/",
        "DefiningProjectName": "Avalonia.Build.Tasks",
        "DefiningProjectExtension": ".csproj"
      },
      {
        "Identity": "../../external/XamlX/src/XamlX.IL.Cecil/CecilAssembly.cs",
        "LinkBase": "XamlIl.Cecil/",
        "Link": "XamlIl.Cecil/CecilAssembly.cs",
        "FullPath": "/workspace/team-c/c3-admin-symbol-errors-validation/framework/CUI/vendor/Avalonia/external/XamlX/src/XamlX.IL.Cecil/CecilAssembly.cs",
        "RootDir": "/",
        "Filename": "CecilAssembly",
        "Extension": ".cs",
        "RelativeDir": "../../external/XamlX/src/XamlX.IL.Cecil/",
        "Directory": "workspace/team-c/c3-admin-symbol-errors-validation/framework/CUI/vendor/Avalonia/external/XamlX/src/XamlX.IL.Cecil/",
        "RecursiveDir": "",
        "ModifiedTime": "",
        "CreatedTime": "",
        "AccessedTime": "",
        "DefiningProjectFullPath": "/workspace/team-c/c3-admin-symbol-errors-validation/framework/CUI/vendor/Avalonia/src/Avalonia.Build.Tasks/Avalonia.Build.Tasks.csproj",
        "DefiningProjectDirectory": "/workspace/team-c/c3-admin-symbol-errors-validation/framework/CUI/vendor/Avalonia/src/Avalonia.Build.Tasks/",
        "DefiningProjectName": "Avalonia.Build.Tasks",
        "DefiningProjectExtension": ".csproj"
      },
      {
        "Identity": "../../external/XamlX/src/XamlX.IL.Cecil/CecilCustomAttribute.cs",
        "LinkBase": "XamlIl.Cecil/",
        "Link": "XamlIl.Cecil/CecilCustomAttribute.cs",
        "FullPath": "/workspace/team-c/c3-admin-symbol-errors-validation/framework/CUI/vendor/Avalonia/external/XamlX/src/XamlX.IL.Cecil/CecilCustomAttribute.cs",
        "RootDir": "/",
        "Filename": "CecilCustomAttribute",
        "Extension": ".cs",
        "RelativeDir": "../../external/XamlX/src/XamlX.IL.Cecil/",
        "Directory": "workspace/team-c/c3-admin-symbol-errors-validation/framework/CUI/vendor/Avalonia/external/XamlX/src/XamlX.IL.Cecil/",
        "RecursiveDir": "",
        "ModifiedTime": "",
        "CreatedTime": "",
        "AccessedTime": "",
        "DefiningProjectFullPath": "/workspace/team-c/c3-admin-symbol-errors-validation/framework/CUI/vendor/Avalonia/src/Avalonia.Build.Tasks/Avalonia.Build.Tasks.csproj",
        "DefiningProjectDirectory": "/workspace/team-c/c3-admin-symbol-errors-validation/framework/CUI/vendor/Avalonia/src/Avalonia.Build.Tasks/",
        "DefiningProjectName": "Avalonia.Build.Tasks",
        "DefiningProjectExtension": ".csproj"
      },
      {
        "Identity": "../../external/XamlX/src/XamlX.IL.Cecil/CecilEmitter.cs",
        "LinkBase": "XamlIl.Cecil/",
        "Link": "XamlIl.Cecil/CecilEmitter.cs",
        "FullPath": "/workspace/team-c/c3-admin-symbol-errors-validation/framework/CUI/vendor/Avalonia/external/XamlX/src/XamlX.IL.Cecil/CecilEmitter.cs",
        "RootDir": "/",
        "Filename": "CecilEmitter",
        "Extension": ".cs",
        "RelativeDir": "../../external/XamlX/src/XamlX.IL.Cecil/",
        "Directory": "workspace/team-c/c3-admin-symbol-errors-validation/framework/CUI/vendor/Avalonia/external/XamlX/src/XamlX.IL.Cecil/",
        "RecursiveDir": "",
        "ModifiedTime": "",
        "CreatedTime": "",
        "AccessedTime": "",
        "DefiningProjectFullPath": "/workspace/team-c/c3-admin-symbol-errors-validation/framework/CUI/vendor/Avalonia/src/Avalonia.Build.Tasks/Avalonia.Build.Tasks.csproj",
        "DefiningProjectDirectory": "/workspace/team-c/c3-admin-symbol-errors-validation/framework/CUI/vendor/Avalonia/src/Avalonia.Build.Tasks/",
        "DefiningProjectName": "Avalonia.Build.Tasks",
        "DefiningProjectExtension": ".csproj"
      },
      {
        "Identity": "../../external/XamlX/src/XamlX.IL.Cecil/CecilEvent.cs",
        "LinkBase": "XamlIl.Cecil/",
        "Link": "XamlIl.Cecil/CecilEvent.cs",
        "FullPath": "/workspace/team-c/c3-admin-symbol-errors-validation/framework/CUI/vendor/Avalonia/external/XamlX/src/XamlX.IL.Cecil/CecilEvent.cs",
        "RootDir": "/",
        "Filename": "CecilEvent",
        "Extension": ".cs",
        "RelativeDir": "../../external/XamlX/src/XamlX.IL.Cecil/",
        "Directory": "workspace/team-c/c3-admin-symbol-errors-validation/framework/CUI/vendor/Avalonia/external/XamlX/src/XamlX.IL.Cecil/",
        "RecursiveDir": "",
        "ModifiedTime": "",
        "CreatedTime": "",
        "AccessedTime": "",
        "DefiningProjectFullPath": "/workspace/team-c/c3-admin-symbol-errors-validation/framework/CUI/vendor/Avalonia/src/Avalonia.Build.Tasks/Avalonia.Build.Tasks.csproj",
        "DefiningProjectDirectory": "/workspace/team-c/c3-admin-symbol-errors-validation/framework/CUI/vendor/Avalonia/src/Avalonia.Build.Tasks/",
        "DefiningProjectName": "Avalonia.Build.Tasks",
        "DefiningProjectExtension": ".csproj"
      },
      {
        "Identity": "../../external/XamlX/src/XamlX.IL.Cecil/CecilField.cs",
        "LinkBase": "XamlIl.Cecil/",
        "Link": "XamlIl.Cecil/CecilField.cs",
        "FullPath": "/workspace/team-c/c3-admin-symbol-errors-validation/framework/CUI/vendor/Avalonia/external/XamlX/src/XamlX.IL.Cecil/CecilField.cs",
        "RootDir": "/",
        "Filename": "CecilField",
        "Extension": ".cs",
        "RelativeDir": "../../external/XamlX/src/XamlX.IL.Cecil/",
        "Directory": "workspace/team-c/c3-admin-symbol-errors-validation/framework/CUI/vendor/Avalonia/external/XamlX/src/XamlX.IL.Cecil/",
        "RecursiveDir": "",
        "ModifiedTime": "",
        "CreatedTime": "",
        "AccessedTime": "",
        "DefiningProjectFullPath": "/workspace/team-c/c3-admin-symbol-errors-validation/framework/CUI/vendor/Avalonia/src/Avalonia.Build.Tasks/Avalonia.Build.Tasks.csproj",
        "DefiningProjectDirectory": "/workspace/team-c/c3-admin-symbol-errors-validation/framework/CUI/vendor/Avalonia/src/Avalonia.Build.Tasks/",
        "DefiningProjectName": "Avalonia.Build.Tasks",
        "DefiningProjectExtension": ".csproj"
      },
      {
        "Identity": "../../external/XamlX/src/XamlX.IL.Cecil/CecilFunctionPointer.cs",
        "LinkBase": "XamlIl.Cecil/",
        "Link": "XamlIl.Cecil/CecilFunctionPointer.cs",
        "FullPath": "/workspace/team-c/c3-admin-symbol-errors-validation/framework/CUI/vendor/Avalonia/external/XamlX/src/XamlX.IL.Cecil/CecilFunctionPointer.cs",
        "RootDir": "/",
        "Filename": "CecilFunctionPointer",
        "Extension": ".cs",
        "RelativeDir": "../../external/XamlX/src/XamlX.IL.Cecil/",
        "Directory": "workspace/team-c/c3-admin-symbol-errors-validation/framework/CUI/vendor/Avalonia/external/XamlX/src/XamlX.IL.Cecil/",
        "RecursiveDir": "",
        "ModifiedTime": "",
        "CreatedTime": "",
        "AccessedTime": "",
        "DefiningProjectFullPath": "/workspace/team-c/c3-admin-symbol-errors-validation/framework/CUI/vendor/Avalonia/src/Avalonia.Build.Tasks/Avalonia.Build.Tasks.csproj",
        "DefiningProjectDirectory": "/workspace/team-c/c3-admin-symbol-errors-validation/framework/CUI/vendor/Avalonia/src/Avalonia.Build.Tasks/",
        "DefiningProjectName": "Avalonia.Build.Tasks",
        "DefiningProjectExtension": ".csproj"
      },
      {
        "Identity": "../../external/XamlX/src/XamlX.IL.Cecil/CecilMetadataImporterProvider.cs",
        "LinkBase": "XamlIl.Cecil/",
        "Link": "XamlIl.Cecil/CecilMetadataImporterProvider.cs",
        "FullPath": "/workspace/team-c/c3-admin-symbol-errors-validation/framework/CUI/vendor/Avalonia/external/XamlX/src/XamlX.IL.Cecil/CecilMetadataImporterProvider.cs",
        "RootDir": "/",
        "Filename": "CecilMetadataImporterProvider",
        "Extension": ".cs",
        "RelativeDir": "../../external/XamlX/src/XamlX.IL.Cecil/",
        "Directory": "workspace/team-c/c3-admin-symbol-errors-validation/framework/CUI/vendor/Avalonia/external/XamlX/src/XamlX.IL.Cecil/",
        "RecursiveDir": "",
        "ModifiedTime": "",
        "CreatedTime": "",
        "AccessedTime": "",
        "DefiningProjectFullPath": "/workspace/team-c/c3-admin-symbol-errors-validation/framework/CUI/vendor/Avalonia/src/Avalonia.Build.Tasks/Avalonia.Build.Tasks.csproj",
        "DefiningProjectDirectory": "/workspace/team-c/c3-admin-symbol-errors-validation/framework/CUI/vendor/Avalonia/src/Avalonia.Build.Tasks/",
        "DefiningProjectName": "Avalonia.Build.Tasks",
        "DefiningProjectExtension": ".csproj"
      },
      {
        "Identity": "../../external/XamlX/src/XamlX.IL.Cecil/CecilMethod.cs",
        "LinkBase": "XamlIl.Cecil/",
        "Link": "XamlIl.Cecil/CecilMethod.cs",
        "FullPath": "/workspace/team-c/c3-admin-symbol-errors-validation/framework/CUI/vendor/Avalonia/external/XamlX/src/XamlX.IL.Cecil/CecilMethod.cs",
        "RootDir": "/",
        "Filename": "CecilMethod",
        "Extension": ".cs",
        "RelativeDir": "../../external/XamlX/src/XamlX.IL.Cecil/",
        "Directory": "workspace/team-c/c3-admin-symbol-errors-validation/framework/CUI/vendor/Avalonia/external/XamlX/src/XamlX.IL.Cecil/",
        "RecursiveDir": "",
        "ModifiedTime": "",
        "CreatedTime": "",
        "AccessedTime": "",
        "DefiningProjectFullPath": "/workspace/team-c/c3-admin-symbol-errors-validation/framework/CUI/vendor/Avalonia/src/Avalonia.Build.Tasks/Avalonia.Build.Tasks.csproj",
        "DefiningProjectDirectory": "/workspace/team-c/c3-admin-symbol-errors-validation/framework/CUI/vendor/Avalonia/src/Avalonia.Build.Tasks/",
        "DefiningProjectName": "Avalonia.Build.Tasks",
        "DefiningProjectExtension": ".csproj"
      },
      {
        "Identity": "../../external/XamlX/src/XamlX.IL.Cecil/CecilProperty.cs",
        "LinkBase": "XamlIl.Cecil/",
        "Link": "XamlIl.Cecil/CecilProperty.cs",
        "FullPath": "/workspace/team-c/c3-admin-symbol-errors-validation/framework/CUI/vendor/Avalonia/external/XamlX/src/XamlX.IL.Cecil/CecilProperty.cs",
        "RootDir": "/",
        "Filename": "CecilProperty",
        "Extension": ".cs",
        "RelativeDir": "../../external/XamlX/src/XamlX.IL.Cecil/",
        "Directory": "workspace/team-c/c3-admin-symbol-errors-validation/framework/CUI/vendor/Avalonia/external/XamlX/src/XamlX.IL.Cecil/",
        "RecursiveDir": "",
        "ModifiedTime": "",
        "CreatedTime": "",
        "AccessedTime": "",
        "DefiningProjectFullPath": "/workspace/team-c/c3-admin-symbol-errors-validation/framework/CUI/vendor/Avalonia/src/Avalonia.Build.Tasks/Avalonia.Build.Tasks.csproj",
        "DefiningProjectDirectory": "/workspace/team-c/c3-admin-symbol-errors-validation/framework/CUI/vendor/Avalonia/src/Avalonia.Build.Tasks/",
        "DefiningProjectName": "Avalonia.Build.Tasks",
        "DefiningProjectExtension": ".csproj"
      },
      {
        "Identity": "../../external/XamlX/src/XamlX.IL.Cecil/CecilReflectionImporterProvider.cs",
        "LinkBase": "XamlIl.Cecil/",
        "Link": "XamlIl.Cecil/CecilReflectionImporterProvider.cs",
        "FullPath": "/workspace/team-c/c3-admin-symbol-errors-validation/framework/CUI/vendor/Avalonia/external/XamlX/src/XamlX.IL.Cecil/CecilReflectionImporterProvider.cs",
        "RootDir": "/",
        "Filename": "CecilReflectionImporterProvider",
        "Extension": ".cs",
        "RelativeDir": "../../external/XamlX/src/XamlX.IL.Cecil/",
        "Directory": "workspace/team-c/c3-admin-symbol-errors-validation/framework/CUI/vendor/Avalonia/external/XamlX/src/XamlX.IL.Cecil/",
        "RecursiveDir": "",
        "ModifiedTime": "",
        "CreatedTime": "",
        "AccessedTime": "",
        "DefiningProjectFullPath": "/workspace/team-c/c3-admin-symbol-errors-validation/framework/CUI/vendor/Avalonia/src/Avalonia.Build.Tasks/Avalonia.Build.Tasks.csproj",
        "DefiningProjectDirectory": "/workspace/team-c/c3-admin-symbol-errors-validation/framework/CUI/vendor/Avalonia/src/Avalonia.Build.Tasks/",
        "DefiningProjectName": "Avalonia.Build.Tasks",
        "DefiningProjectExtension": ".csproj"
      },
      {
        "Identity": "../../external/XamlX/src/XamlX.IL.Cecil/CecilType.cs",
        "LinkBase": "XamlIl.Cecil/",
        "Link": "XamlIl.Cecil/CecilType.cs",
        "FullPath": "/workspace/team-c/c3-admin-symbol-errors-validation/framework/CUI/vendor/Avalonia/external/XamlX/src/XamlX.IL.Cecil/CecilType.cs",
        "RootDir": "/",
        "Filename": "CecilType",
        "Extension": ".cs",
        "RelativeDir": "../../external/XamlX/src/XamlX.IL.Cecil/",
        "Directory": "workspace/team-c/c3-admin-symbol-errors-validation/framework/CUI/vendor/Avalonia/external/XamlX/src/XamlX.IL.Cecil/",
        "RecursiveDir": "",
        "ModifiedTime": "",
        "CreatedTime": "",
        "AccessedTime": "",
        "DefiningProjectFullPath": "/workspace/team-c/c3-admin-symbol-errors-validation/framework/CUI/vendor/Avalonia/src/Avalonia.Build.Tasks/Avalonia.Build.Tasks.csproj",
        "DefiningProjectDirectory": "/workspace/team-c/c3-admin-symbol-errors-validation/framework/CUI/vendor/Avalonia/src/Avalonia.Build.Tasks/",
        "DefiningProjectName": "Avalonia.Build.Tasks",
        "DefiningProjectExtension": ".csproj"
      },
      {
        "Identity": "../../external/XamlX/src/XamlX.IL.Cecil/CecilTypeBuilder.cs",
        "LinkBase": "XamlIl.Cecil/",
        "Link": "XamlIl.Cecil/CecilTypeBuilder.cs",
        "FullPath": "/workspace/team-c/c3-admin-symbol-errors-validation/framework/CUI/vendor/Avalonia/external/XamlX/src/XamlX.IL.Cecil/CecilTypeBuilder.cs",
        "RootDir": "/",
        "Filename": "CecilTypeBuilder",
        "Extension": ".cs",
        "RelativeDir": "../../external/XamlX/src/XamlX.IL.Cecil/",
        "Directory": "workspace/team-c/c3-admin-symbol-errors-validation/framework/CUI/vendor/Avalonia/external/XamlX/src/XamlX.IL.Cecil/",
        "RecursiveDir": "",
        "ModifiedTime": "",
        "CreatedTime": "",
        "AccessedTime": "",
        "DefiningProjectFullPath": "/workspace/team-c/c3-admin-symbol-errors-validation/framework/CUI/vendor/Avalonia/src/Avalonia.Build.Tasks/Avalonia.Build.Tasks.csproj",
        "DefiningProjectDirectory": "/workspace/team-c/c3-admin-symbol-errors-validation/framework/CUI/vendor/Avalonia/src/Avalonia.Build.Tasks/",
        "DefiningProjectName": "Avalonia.Build.Tasks",
        "DefiningProjectExtension": ".csproj"
      },
      {
        "Identity": "../../external/XamlX/src/XamlX.IL.Cecil/CecilTypeCache.cs",
        "LinkBase": "XamlIl.Cecil/",
        "Link": "XamlIl.Cecil/CecilTypeCache.cs",
        "FullPath": "/workspace/team-c/c3-admin-symbol-errors-validation/framework/CUI/vendor/Avalonia/external/XamlX/src/XamlX.IL.Cecil/CecilTypeCache.cs",
        "RootDir": "/",
        "Filename": "CecilTypeCache",
        "Extension": ".cs",
        "RelativeDir": "../../external/XamlX/src/XamlX.IL.Cecil/",
        "Directory": "workspace/team-c/c3-admin-symbol-errors-validation/framework/CUI/vendor/Avalonia/external/XamlX/src/XamlX.IL.Cecil/",
        "RecursiveDir": "",
        "ModifiedTime": "",
        "CreatedTime": "",
        "AccessedTime": "",
        "DefiningProjectFullPath": "/workspace/team-c/c3-admin-symbol-errors-validation/framework/CUI/vendor/Avalonia/src/Avalonia.Build.Tasks/Avalonia.Build.Tasks.csproj",
        "DefiningProjectDirectory": "/workspace/team-c/c3-admin-symbol-errors-validation/framework/CUI/vendor/Avalonia/src/Avalonia.Build.Tasks/",
        "DefiningProjectName": "Avalonia.Build.Tasks",
        "DefiningProjectExtension": ".csproj"
      },
      {
        "Identity": "../../external/XamlX/src/XamlX.IL.Cecil/CecilTypeSystem.cs",
        "LinkBase": "XamlIl.Cecil/",
        "Link": "XamlIl.Cecil/CecilTypeSystem.cs",
        "FullPath": "/workspace/team-c/c3-admin-symbol-errors-validation/framework/CUI/vendor/Avalonia/external/XamlX/src/XamlX.IL.Cecil/CecilTypeSystem.cs",
        "RootDir": "/",
        "Filename": "CecilTypeSystem",
        "Extension": ".cs",
        "RelativeDir": "../../external/XamlX/src/XamlX.IL.Cecil/",
        "Directory": "workspace/team-c/c3-admin-symbol-errors-validation/framework/CUI/vendor/Avalonia/external/XamlX/src/XamlX.IL.Cecil/",
        "RecursiveDir": "",
        "ModifiedTime": "",
        "CreatedTime": "",
        "AccessedTime": "",
        "DefiningProjectFullPath": "/workspace/team-c/c3-admin-symbol-errors-validation/framework/CUI/vendor/Avalonia/src/Avalonia.Build.Tasks/Avalonia.Build.Tasks.csproj",
        "DefiningProjectDirectory": "/workspace/team-c/c3-admin-symbol-errors-validation/framework/CUI/vendor/Avalonia/src/Avalonia.Build.Tasks/",
        "DefiningProjectName": "Avalonia.Build.Tasks",
        "DefiningProjectExtension": ".csproj"
      },
      {
        "Identity": "../../external/XamlX/src/XamlX.IL.Cecil/Comparers/CecilTypeComparisonMode.cs",
        "LinkBase": "XamlIl.Cecil/",
        "Link": "XamlIl.Cecil/Comparers/CecilTypeComparisonMode.cs",
        "FullPath": "/workspace/team-c/c3-admin-symbol-errors-validation/framework/CUI/vendor/Avalonia/external/XamlX/src/XamlX.IL.Cecil/Comparers/CecilTypeComparisonMode.cs",
        "RootDir": "/",
        "Filename": "CecilTypeComparisonMode",
        "Extension": ".cs",
        "RelativeDir": "../../external/XamlX/src/XamlX.IL.Cecil/Comparers/",
        "Directory": "workspace/team-c/c3-admin-symbol-errors-validation/framework/CUI/vendor/Avalonia/external/XamlX/src/XamlX.IL.Cecil/Comparers/",
        "RecursiveDir": "Comparers/",
        "ModifiedTime": "",
        "CreatedTime": "",
        "AccessedTime": "",
        "DefiningProjectFullPath": "/workspace/team-c/c3-admin-symbol-errors-validation/framework/CUI/vendor/Avalonia/src/Avalonia.Build.Tasks/Avalonia.Build.Tasks.csproj",
        "DefiningProjectDirectory": "/workspace/team-c/c3-admin-symbol-errors-validation/framework/CUI/vendor/Avalonia/src/Avalonia.Build.Tasks/",
        "DefiningProjectName": "Avalonia.Build.Tasks",
        "DefiningProjectExtension": ".csproj"
      },
      {
        "Identity": "../../external/XamlX/src/XamlX.IL.Cecil/Comparers/MethodReferenceEqualityComparer.cs",
        "LinkBase": "XamlIl.Cecil/",
        "Link": "XamlIl.Cecil/Comparers/MethodReferenceEqualityComparer.cs",
        "FullPath": "/workspace/team-c/c3-admin-symbol-errors-validation/framework/CUI/vendor/Avalonia/external/XamlX/src/XamlX.IL.Cecil/Comparers/MethodReferenceEqualityComparer.cs",
        "RootDir": "/",
        "Filename": "MethodReferenceEqualityComparer",
        "Extension": ".cs",
        "RelativeDir": "../../external/XamlX/src/XamlX.IL.Cecil/Comparers/",
        "Directory": "workspace/team-c/c3-admin-symbol-errors-validation/framework/CUI/vendor/Avalonia/external/XamlX/src/XamlX.IL.Cecil/Comparers/",
        "RecursiveDir": "Comparers/",
        "ModifiedTime": "",
        "CreatedTime": "",
        "AccessedTime": "",
        "DefiningProjectFullPath": "/workspace/team-c/c3-admin-symbol-errors-validation/framework/CUI/vendor/Avalonia/src/Avalonia.Build.Tasks/Avalonia.Build.Tasks.csproj",
        "DefiningProjectDirectory": "/workspace/team-c/c3-admin-symbol-errors-validation/framework/CUI/vendor/Avalonia/src/Avalonia.Build.Tasks/",
        "DefiningProjectName": "Avalonia.Build.Tasks",
        "DefiningProjectExtension": ".csproj"
      },
      {
        "Identity": "../../external/XamlX/src/XamlX.IL.Cecil/Comparers/TypeReferenceEqualityComparer.cs",
        "LinkBase": "XamlIl.Cecil/",
        "Link": "XamlIl.Cecil/Comparers/TypeReferenceEqualityComparer.cs",
        "FullPath": "/workspace/team-c/c3-admin-symbol-errors-validation/framework/CUI/vendor/Avalonia/external/XamlX/src/XamlX.IL.Cecil/Comparers/TypeReferenceEqualityComparer.cs",
        "RootDir": "/",
        "Filename": "TypeReferenceEqualityComparer",
        "Extension": ".cs",
        "RelativeDir": "../../external/XamlX/src/XamlX.IL.Cecil/Comparers/",
        "Directory": "workspace/team-c/c3-admin-symbol-errors-validation/framework/CUI/vendor/Avalonia/external/XamlX/src/XamlX.IL.Cecil/Comparers/",
        "RecursiveDir": "Comparers/",
        "ModifiedTime": "",
        "CreatedTime": "",
        "AccessedTime": "",
        "DefiningProjectFullPath": "/workspace/team-c/c3-admin-symbol-errors-validation/framework/CUI/vendor/Avalonia/src/Avalonia.Build.Tasks/Avalonia.Build.Tasks.csproj",
        "DefiningProjectDirectory": "/workspace/team-c/c3-admin-symbol-errors-validation/framework/CUI/vendor/Avalonia/src/Avalonia.Build.Tasks/",
        "DefiningProjectName": "Avalonia.Build.Tasks",
        "DefiningProjectExtension": ".csproj"
      },
      {
        "Identity": "../../external/XamlX/src/XamlX.IL.Cecil/CustomMetadataResolver.cs",
        "LinkBase": "XamlIl.Cecil/",
        "Link": "XamlIl.Cecil/CustomMetadataResolver.cs",
        "FullPath": "/workspace/team-c/c3-admin-symbol-errors-validation/framework/CUI/vendor/Avalonia/external/XamlX/src/XamlX.IL.Cecil/CustomMetadataResolver.cs",
        "RootDir": "/",
        "Filename": "CustomMetadataResolver",
        "Extension": ".cs",
        "RelativeDir": "../../external/XamlX/src/XamlX.IL.Cecil/",
        "Directory": "workspace/team-c/c3-admin-symbol-errors-validation/framework/CUI/vendor/Avalonia/external/XamlX/src/XamlX.IL.Cecil/",
        "RecursiveDir": "",
        "ModifiedTime": "",
        "CreatedTime": "",
        "AccessedTime": "",
        "DefiningProjectFullPath": "/workspace/team-c/c3-admin-symbol-errors-validation/framework/CUI/vendor/Avalonia/src/Avalonia.Build.Tasks/Avalonia.Build.Tasks.csproj",
        "DefiningProjectDirectory": "/workspace/team-c/c3-admin-symbol-errors-validation/framework/CUI/vendor/Avalonia/src/Avalonia.Build.Tasks/",
        "DefiningProjectName": "Avalonia.Build.Tasks",
        "DefiningProjectExtension": ".csproj"
      },
      {
        "Identity": "../../external/XamlX/src/XamlX.IL.Cecil/Resolvers/CecilTypeResolveContext.cs",
        "LinkBase": "XamlIl.Cecil/",
        "Link": "XamlIl.Cecil/Resolvers/CecilTypeResolveContext.cs",
        "FullPath": "/workspace/team-c/c3-admin-symbol-errors-validation/framework/CUI/vendor/Avalonia/external/XamlX/src/XamlX.IL.Cecil/Resolvers/CecilTypeResolveContext.cs",
        "RootDir": "/",
        "Filename": "CecilTypeResolveContext",
        "Extension": ".cs",
        "RelativeDir": "../../external/XamlX/src/XamlX.IL.Cecil/Resolvers/",
        "Directory": "workspace/team-c/c3-admin-symbol-errors-validation/framework/CUI/vendor/Avalonia/external/XamlX/src/XamlX.IL.Cecil/Resolvers/",
        "RecursiveDir": "Resolvers/",
        "ModifiedTime": "",
        "CreatedTime": "",
        "AccessedTime": "",
        "DefiningProjectFullPath": "/workspace/team-c/c3-admin-symbol-errors-validation/framework/CUI/vendor/Avalonia/src/Avalonia.Build.Tasks/Avalonia.Build.Tasks.csproj",
        "DefiningProjectDirectory": "/workspace/team-c/c3-admin-symbol-errors-validation/framework/CUI/vendor/Avalonia/src/Avalonia.Build.Tasks/",
        "DefiningProjectName": "Avalonia.Build.Tasks",
        "DefiningProjectExtension": ".csproj"
      },
      {
        "Identity": "../../external/XamlX/src/XamlX.IL.Cecil/Resolvers/GenericParameterResolver.cs",
        "LinkBase": "XamlIl.Cecil/",
        "Link": "XamlIl.Cecil/Resolvers/GenericParameterResolver.cs",
        "FullPath": "/workspace/team-c/c3-admin-symbol-errors-validation/framework/CUI/vendor/Avalonia/external/XamlX/src/XamlX.IL.Cecil/Resolvers/GenericParameterResolver.cs",
        "RootDir": "/",
        "Filename": "GenericParameterResolver",
        "Extension": ".cs",
        "RelativeDir": "../../external/XamlX/src/XamlX.IL.Cecil/Resolvers/",
        "Directory": "workspace/team-c/c3-admin-symbol-errors-validation/framework/CUI/vendor/Avalonia/external/XamlX/src/XamlX.IL.Cecil/Resolvers/",
        "RecursiveDir": "Resolvers/",
        "ModifiedTime": "",
        "CreatedTime": "",
        "AccessedTime": "",
        "DefiningProjectFullPath": "/workspace/team-c/c3-admin-symbol-errors-validation/framework/CUI/vendor/Avalonia/src/Avalonia.Build.Tasks/Avalonia.Build.Tasks.csproj",
        "DefiningProjectDirectory": "/workspace/team-c/c3-admin-symbol-errors-validation/framework/CUI/vendor/Avalonia/src/Avalonia.Build.Tasks/",
        "DefiningProjectName": "Avalonia.Build.Tasks",
        "DefiningProjectExtension": ".csproj"
      },
      {
        "Identity": "../../external/XamlX/src/XamlX.IL.Cecil/Resolvers/GenericTypeResolver.cs",
        "LinkBase": "XamlIl.Cecil/",
        "Link": "XamlIl.Cecil/Resolvers/GenericTypeResolver.cs",
        "FullPath": "/workspace/team-c/c3-admin-symbol-errors-validation/framework/CUI/vendor/Avalonia/external/XamlX/src/XamlX.IL.Cecil/Resolvers/GenericTypeResolver.cs",
        "RootDir": "/",
        "Filename": "GenericTypeResolver",
        "Extension": ".cs",
        "RelativeDir": "../../external/XamlX/src/XamlX.IL.Cecil/Resolvers/",
        "Directory": "workspace/team-c/c3-admin-symbol-errors-validation/framework/CUI/vendor/Avalonia/external/XamlX/src/XamlX.IL.Cecil/Resolvers/",
        "RecursiveDir": "Resolvers/",
        "ModifiedTime": "",
        "CreatedTime": "",
        "AccessedTime": "",
        "DefiningProjectFullPath": "/workspace/team-c/c3-admin-symbol-errors-validation/framework/CUI/vendor/Avalonia/src/Avalonia.Build.Tasks/Avalonia.Build.Tasks.csproj",
        "DefiningProjectDirectory": "/workspace/team-c/c3-admin-symbol-errors-validation/framework/CUI/vendor/Avalonia/src/Avalonia.Build.Tasks/",
        "DefiningProjectName": "Avalonia.Build.Tasks",
        "DefiningProjectExtension": ".csproj"
      },
      {
        "Identity": "../../external/XamlX/src/XamlX.IL.Cecil/UnresolvedCecilType.cs",
        "LinkBase": "XamlIl.Cecil/",
        "Link": "XamlIl.Cecil/UnresolvedCecilType.cs",
        "FullPath": "/workspace/team-c/c3-admin-symbol-errors-validation/framework/CUI/vendor/Avalonia/external/XamlX/src/XamlX.IL.Cecil/UnresolvedCecilType.cs",
        "RootDir": "/",
        "Filename": "UnresolvedCecilType",
        "Extension": ".cs",
        "RelativeDir": "../../external/XamlX/src/XamlX.IL.Cecil/",
        "Directory": "workspace/team-c/c3-admin-symbol-errors-validation/framework/CUI/vendor/Avalonia/external/XamlX/src/XamlX.IL.Cecil/",
        "RecursiveDir": "",
        "ModifiedTime": "",
        "CreatedTime": "",
        "AccessedTime": "",
        "DefiningProjectFullPath": "/workspace/team-c/c3-admin-symbol-errors-validation/framework/CUI/vendor/Avalonia/src/Avalonia.Build.Tasks/Avalonia.Build.Tasks.csproj",
        "DefiningProjectDirectory": "/workspace/team-c/c3-admin-symbol-errors-validation/framework/CUI/vendor/Avalonia/src/Avalonia.Build.Tasks/",
        "DefiningProjectName": "Avalonia.Build.Tasks",
        "DefiningProjectExtension": ".csproj"
      },
      {
        "Identity": "../Markup/Avalonia.Markup/Markup/Parsers/SelectorGrammar.cs",
        "Link": "Markup/SelectorGrammar.cs",
        "FullPath": "/workspace/team-c/c3-admin-symbol-errors-validation/framework/CUI/vendor/Avalonia/src/Markup/Avalonia.Markup/Markup/Parsers/SelectorGrammar.cs",
        "RootDir": "/",
        "Filename": "SelectorGrammar",
        "Extension": ".cs",
        "RelativeDir": "../Markup/Avalonia.Markup/Markup/Parsers/",
        "Directory": "workspace/team-c/c3-admin-symbol-errors-validation/framework/CUI/vendor/Avalonia/src/Markup/Avalonia.Markup/Markup/Parsers/",
        "RecursiveDir": "",
        "ModifiedTime": "",
        "CreatedTime": "",
        "AccessedTime": "",
        "DefiningProjectFullPath": "/workspace/team-c/c3-admin-symbol-errors-validation/framework/CUI/vendor/Avalonia/src/Avalonia.Build.Tasks/Avalonia.Build.Tasks.csproj",
        "DefiningProjectDirectory": "/workspace/team-c/c3-admin-symbol-errors-validation/framework/CUI/vendor/Avalonia/src/Avalonia.Build.Tasks/",
        "DefiningProjectName": "Avalonia.Build.Tasks",
        "DefiningProjectExtension": ".csproj"
      },
      {
        "Identity": "../Markup/Avalonia.Markup/Markup/Parsers/ContainerQueryGrammar.cs",
        "Link": "Markup/ContainerQueryGrammar.cs",
        "FullPath": "/workspace/team-c/c3-admin-symbol-errors-validation/framework/CUI/vendor/Avalonia/src/Markup/Avalonia.Markup/Markup/Parsers/ContainerQueryGrammar.cs",
        "RootDir": "/",
        "Filename": "ContainerQueryGrammar",
        "Extension": ".cs",
        "RelativeDir": "../Markup/Avalonia.Markup/Markup/Parsers/",
        "Directory": "workspace/team-c/c3-admin-symbol-errors-validation/framework/CUI/vendor/Avalonia/src/Markup/Avalonia.Markup/Markup/Parsers/",
        "RecursiveDir": "",
        "ModifiedTime": "",
        "CreatedTime": "",
        "AccessedTime": "",
        "DefiningProjectFullPath": "/workspace/team-c/c3-admin-symbol-errors-validation/framework/CUI/vendor/Avalonia/src/Avalonia.Build.Tasks/Avalonia.Build.Tasks.csproj",
        "DefiningProjectDirectory": "/workspace/team-c/c3-admin-symbol-errors-validation/framework/CUI/vendor/Avalonia/src/Avalonia.Build.Tasks/",
        "DefiningProjectName": "Avalonia.Build.Tasks",
        "DefiningProjectExtension": ".csproj"
      },
      {
        "Identity": "../Markup/Avalonia.Markup/Markup/Parsers/PropertyPathGrammar.cs",
        "Link": "Markup/PropertyPathGrammar.cs",
        "FullPath": "/workspace/team-c/c3-admin-symbol-errors-validation/framework/CUI/vendor/Avalonia/src/Markup/Avalonia.Markup/Markup/Parsers/PropertyPathGrammar.cs",
        "RootDir": "/",
        "Filename": "PropertyPathGrammar",
        "Extension": ".cs",
        "RelativeDir": "../Markup/Avalonia.Markup/Markup/Parsers/",
        "Directory": "workspace/team-c/c3-admin-symbol-errors-validation/framework/CUI/vendor/Avalonia/src/Markup/Avalonia.Markup/Markup/Parsers/",
        "RecursiveDir": "",
        "ModifiedTime": "",
        "CreatedTime": "",
        "AccessedTime": "",
        "DefiningProjectFullPath": "/workspace/team-c/c3-admin-symbol-errors-validation/framework/CUI/vendor/Avalonia/src/Avalonia.Build.Tasks/Avalonia.Build.Tasks.csproj",
        "DefiningProjectDirectory": "/workspace/team-c/c3-admin-symbol-errors-validation/framework/CUI/vendor/Avalonia/src/Avalonia.Build.Tasks/",
        "DefiningProjectName": "Avalonia.Build.Tasks",
        "DefiningProjectExtension": ".csproj"
      },
      {
        "Identity": "../Markup/Avalonia.Markup.Xaml/Parsers/PropertyParser.cs",
        "Link": "Markup/PropertyParser.cs",
        "FullPath": "/workspace/team-c/c3-admin-symbol-errors-validation/framework/CUI/vendor/Avalonia/src/Markup/Avalonia.Markup.Xaml/Parsers/PropertyParser.cs",
        "RootDir": "/",
        "Filename": "PropertyParser",
        "Extension": ".cs",
        "RelativeDir": "../Markup/Avalonia.Markup.Xaml/Parsers/",
        "Directory": "workspace/team-c/c3-admin-symbol-errors-validation/framework/CUI/vendor/Avalonia/src/Markup/Avalonia.Markup.Xaml/Parsers/",
        "RecursiveDir": "",
        "ModifiedTime": "",
        "CreatedTime": "",
        "AccessedTime": "",
        "DefiningProjectFullPath": "/workspace/team-c/c3-admin-symbol-errors-validation/framework/CUI/vendor/Avalonia/src/Avalonia.Build.Tasks/Avalonia.Build.Tasks.csproj",
        "DefiningProjectDirectory": "/workspace/team-c/c3-admin-symbol-errors-validation/framework/CUI/vendor/Avalonia/src/Avalonia.Build.Tasks/",
        "DefiningProjectName": "Avalonia.Build.Tasks",
        "DefiningProjectExtension": ".csproj"
      },
      {
        "Identity": "../Avalonia.Base/Data/Core/ExpressionParseException.cs",
        "Link": "Markup/ExpressionParseException.cs",
        "FullPath": "/workspace/team-c/c3-admin-symbol-errors-validation/framework/CUI/vendor/Avalonia/src/Avalonia.Base/Data/Core/ExpressionParseException.cs",
        "RootDir": "/",
        "Filename": "ExpressionParseException",
        "Extension": ".cs",
        "RelativeDir": "../Avalonia.Base/Data/Core/",
        "Directory": "workspace/team-c/c3-admin-symbol-errors-validation/framework/CUI/vendor/Avalonia/src/Avalonia.Base/Data/Core/",
        "RecursiveDir": "",
        "ModifiedTime": "",
        "CreatedTime": "",
        "AccessedTime": "",
        "DefiningProjectFullPath": "/workspace/team-c/c3-admin-symbol-errors-validation/framework/CUI/vendor/Avalonia/src/Avalonia.Build.Tasks/Avalonia.Build.Tasks.csproj",
        "DefiningProjectDirectory": "/workspace/team-c/c3-admin-symbol-errors-validation/framework/CUI/vendor/Avalonia/src/Avalonia.Build.Tasks/",
        "DefiningProjectName": "Avalonia.Build.Tasks",
        "DefiningProjectExtension": ".csproj"
      },
      {
        "Identity": "../Avalonia.Base/Utilities/CharacterReader.cs",
        "Link": "Markup/CharacterReader.cs",
        "FullPath": "/workspace/team-c/c3-admin-symbol-errors-validation/framework/CUI/vendor/Avalonia/src/Avalonia.Base/Utilities/CharacterReader.cs",
        "RootDir": "/",
        "Filename": "CharacterReader",
        "Extension": ".cs",
        "RelativeDir": "../Avalonia.Base/Utilities/",
        "Directory": "workspace/team-c/c3-admin-symbol-errors-validation/framework/CUI/vendor/Avalonia/src/Avalonia.Base/Utilities/",
        "RecursiveDir": "",
        "ModifiedTime": "",
        "CreatedTime": "",
        "AccessedTime": "",
        "DefiningProjectFullPath": "/workspace/team-c/c3-admin-symbol-errors-validation/framework/CUI/vendor/Avalonia/src/Avalonia.Build.Tasks/Avalonia.Build.Tasks.csproj",
        "DefiningProjectDirectory": "/workspace/team-c/c3-admin-symbol-errors-validation/framework/CUI/vendor/Avalonia/src/Avalonia.Build.Tasks/",
        "DefiningProjectName": "Avalonia.Build.Tasks",
        "DefiningProjectExtension": ".csproj"
      },
      {
        "Identity": "../Avalonia.Base/Utilities/IdentifierParser.cs",
        "Link": "Markup/IdentifierParser.cs",
        "FullPath": "/workspace/team-c/c3-admin-symbol-errors-validation/framework/CUI/vendor/Avalonia/src/Avalonia.Base/Utilities/IdentifierParser.cs",
        "RootDir": "/",
        "Filename": "IdentifierParser",
        "Extension": ".cs",
        "RelativeDir": "../Avalonia.Base/Utilities/",
        "Directory": "workspace/team-c/c3-admin-symbol-errors-validation/framework/CUI/vendor/Avalonia/src/Avalonia.Base/Utilities/",
        "RecursiveDir": "",
        "ModifiedTime": "",
        "CreatedTime": "",
        "AccessedTime": "",
        "DefiningProjectFullPath": "/workspace/team-c/c3-admin-symbol-errors-validation/framework/CUI/vendor/Avalonia/src/Avalonia.Build.Tasks/Avalonia.Build.Tasks.csproj",
        "DefiningProjectDirectory": "/workspace/team-c/c3-admin-symbol-errors-validation/framework/CUI/vendor/Avalonia/src/Avalonia.Build.Tasks/",
        "DefiningProjectName": "Avalonia.Build.Tasks",
        "DefiningProjectExtension": ".csproj"
      },
      {
        "Identity": "../Avalonia.Base/Utilities/MathUtilities.cs",
        "Link": "Markup/MathUtilities.cs",
        "FullPath": "/workspace/team-c/c3-admin-symbol-errors-validation/framework/CUI/vendor/Avalonia/src/Avalonia.Base/Utilities/MathUtilities.cs",
        "RootDir": "/",
        "Filename": "MathUtilities",
        "Extension": ".cs",
        "RelativeDir": "../Avalonia.Base/Utilities/",
        "Directory": "workspace/team-c/c3-admin-symbol-errors-validation/framework/CUI/vendor/Avalonia/src/Avalonia.Base/Utilities/",
        "RecursiveDir": "",
        "ModifiedTime": "",
        "CreatedTime": "",
        "AccessedTime": "",
        "DefiningProjectFullPath": "/workspace/team-c/c3-admin-symbol-errors-validation/framework/CUI/vendor/Avalonia/src/Avalonia.Build.Tasks/Avalonia.Build.Tasks.csproj",
        "DefiningProjectDirectory": "/workspace/team-c/c3-admin-symbol-errors-validation/framework/CUI/vendor/Avalonia/src/Avalonia.Build.Tasks/",
        "DefiningProjectName": "Avalonia.Build.Tasks",
        "DefiningProjectExtension": ".csproj"
      },
      {
        "Identity": "../Avalonia.Base/Platform/AssetLoader.cs",
        "Link": "Markup\\AssetLoader.cs",
        "FullPath": "/workspace/team-c/c3-admin-symbol-errors-validation/framework/CUI/vendor/Avalonia/src/Avalonia.Base/Platform/AssetLoader.cs",
        "RootDir": "/",
        "Filename": "AssetLoader",
        "Extension": ".cs",
        "RelativeDir": "../Avalonia.Base/Platform/",
        "Directory": "workspace/team-c/c3-admin-symbol-errors-validation/framework/CUI/vendor/Avalonia/src/Avalonia.Base/Platform/",
        "RecursiveDir": "",
        "ModifiedTime": "",
        "CreatedTime": "",
        "AccessedTime": "",
        "DefiningProjectFullPath": "/workspace/team-c/c3-admin-symbol-errors-validation/framework/CUI/vendor/Avalonia/src/Avalonia.Build.Tasks/Avalonia.Build.Tasks.csproj",
        "DefiningProjectDirectory": "/workspace/team-c/c3-admin-symbol-errors-validation/framework/CUI/vendor/Avalonia/src/Avalonia.Build.Tasks/",
        "DefiningProjectName": "Avalonia.Build.Tasks",
        "DefiningProjectExtension": ".csproj"
      },
      {
        "Identity": "../Avalonia.Base/Utilities/StringBuilderCache.cs",
        "Link": "Utilities\\StringBuilderCache.cs",
        "FullPath": "/workspace/team-c/c3-admin-symbol-errors-validation/framework/CUI/vendor/Avalonia/src/Avalonia.Base/Utilities/StringBuilderCache.cs",
        "RootDir": "/",
        "Filename": "StringBuilderCache",
        "Extension": ".cs",
        "RelativeDir": "../Avalonia.Base/Utilities/",
        "Directory": "workspace/team-c/c3-admin-symbol-errors-validation/framework/CUI/vendor/Avalonia/src/Avalonia.Base/Utilities/",
        "RecursiveDir": "",
        "ModifiedTime": "",
        "CreatedTime": "",
        "AccessedTime": "",
        "DefiningProjectFullPath": "/workspace/team-c/c3-admin-symbol-errors-validation/framework/CUI/vendor/Avalonia/src/Avalonia.Build.Tasks/Avalonia.Build.Tasks.csproj",
        "DefiningProjectDirectory": "/workspace/team-c/c3-admin-symbol-errors-validation/framework/CUI/vendor/Avalonia/src/Avalonia.Build.Tasks/",
        "DefiningProjectName": "Avalonia.Build.Tasks",
        "DefiningProjectExtension": ".csproj"
      },
      {
        "Identity": "../Avalonia.Base/Data/Core/Parsers/ArgumentListParser.cs",
        "Link": "Markup/ArgumentListParser.cs",
        "FullPath": "/workspace/team-c/c3-admin-symbol-errors-validation/framework/CUI/vendor/Avalonia/src/Avalonia.Base/Data/Core/Parsers/ArgumentListParser.cs",
        "RootDir": "/",
        "Filename": "ArgumentListParser",
        "Extension": ".cs",
        "RelativeDir": "../Avalonia.Base/Data/Core/Parsers/",
        "Directory": "workspace/team-c/c3-admin-symbol-errors-validation/framework/CUI/vendor/Avalonia/src/Avalonia.Base/Data/Core/Parsers/",
        "RecursiveDir": "",
        "ModifiedTime": "",
        "CreatedTime": "",
        "AccessedTime": "",
        "DefiningProjectFullPath": "/workspace/team-c/c3-admin-symbol-errors-validation/framework/CUI/vendor/Avalonia/src/Avalonia.Build.Tasks/Avalonia.Build.Tasks.csproj",
        "DefiningProjectDirectory": "/workspace/team-c/c3-admin-symbol-errors-validation/framework/CUI/vendor/Avalonia/src/Avalonia.Build.Tasks/",
        "DefiningProjectName": "Avalonia.Build.Tasks",
        "DefiningProjectExtension": ".csproj"
      },
      {
        "Identity": "../Avalonia.Base/Utilities/KeywordParser.cs",
        "Link": "Markup/KeywordParser.cs",
        "FullPath": "/workspace/team-c/c3-admin-symbol-errors-validation/framework/CUI/vendor/Avalonia/src/Avalonia.Base/Utilities/KeywordParser.cs",
        "RootDir": "/",
        "Filename": "KeywordParser",
        "Extension": ".cs",
        "RelativeDir": "../Avalonia.Base/Utilities/",
        "Directory": "workspace/team-c/c3-admin-symbol-errors-validation/framework/CUI/vendor/Avalonia/src/Avalonia.Base/Utilities/",
        "RecursiveDir": "",
        "ModifiedTime": "",
        "CreatedTime": "",
        "AccessedTime": "",
        "DefiningProjectFullPath": "/workspace/team-c/c3-admin-symbol-errors-validation/framework/CUI/vendor/Avalonia/src/Avalonia.Build.Tasks/Avalonia.Build.Tasks.csproj",
        "DefiningProjectDirectory": "/workspace/team-c/c3-admin-symbol-errors-validation/framework/CUI/vendor/Avalonia/src/Avalonia.Build.Tasks/",
        "DefiningProjectName": "Avalonia.Build.Tasks",
        "DefiningProjectExtension": ".csproj"
      },
      {
        "Identity": "../Avalonia.Base/Data/Core/Parsers/BindingExpressionGrammar.cs",
        "Link": "Markup/BindingExpressionGrammar.cs",
        "FullPath": "/workspace/team-c/c3-admin-symbol-errors-validation/framework/CUI/vendor/Avalonia/src/Avalonia.Base/Data/Core/Parsers/BindingExpressionGrammar.cs",
        "RootDir": "/",
        "Filename": "BindingExpressionGrammar",
        "Extension": ".cs",
        "RelativeDir": "../Avalonia.Base/Data/Core/Parsers/",
        "Directory": "workspace/team-c/c3-admin-symbol-errors-validation/framework/CUI/vendor/Avalonia/src/Avalonia.Base/Data/Core/Parsers/",
        "RecursiveDir": "",
        "ModifiedTime": "",
        "CreatedTime": "",
        "AccessedTime": "",
        "DefiningProjectFullPath": "/workspace/team-c/c3-admin-symbol-errors-validation/framework/CUI/vendor/Avalonia/src/Avalonia.Build.Tasks/Avalonia.Build.Tasks.csproj",
        "DefiningProjectDirectory": "/workspace/team-c/c3-admin-symbol-errors-validation/framework/CUI/vendor/Avalonia/src/Avalonia.Build.Tasks/",
        "DefiningProjectName": "Avalonia.Build.Tasks",
        "DefiningProjectExtension": ".csproj"
      },
      {
        "Identity": "../Avalonia.Base/Utilities/StyleClassParser.cs",
        "Link": "Markup/StyleClassParser.cs",
        "FullPath": "/workspace/team-c/c3-admin-symbol-errors-validation/framework/CUI/vendor/Avalonia/src/Avalonia.Base/Utilities/StyleClassParser.cs",
        "RootDir": "/",
        "Filename": "StyleClassParser",
        "Extension": ".cs",
        "RelativeDir": "../Avalonia.Base/Utilities/",
        "Directory": "workspace/team-c/c3-admin-symbol-errors-validation/framework/CUI/vendor/Avalonia/src/Avalonia.Base/Utilities/",
        "RecursiveDir": "",
        "ModifiedTime": "",
        "CreatedTime": "",
        "AccessedTime": "",
        "DefiningProjectFullPath": "/workspace/team-c/c3-admin-symbol-errors-validation/framework/CUI/vendor/Avalonia/src/Avalonia.Build.Tasks/Avalonia.Build.Tasks.csproj",
        "DefiningProjectDirectory": "/workspace/team-c/c3-admin-symbol-errors-validation/framework/CUI/vendor/Avalonia/src/Avalonia.Build.Tasks/",
        "DefiningProjectName": "Avalonia.Build.Tasks",
        "DefiningProjectExtension": ".csproj"
      },
      {
        "Identity": "../Avalonia.Base/Thickness.cs",
        "Link": "Markup/Thickness.cs",
        "FullPath": "/workspace/team-c/c3-admin-symbol-errors-validation/framework/CUI/vendor/Avalonia/src/Avalonia.Base/Thickness.cs",
        "RootDir": "/",
        "Filename": "Thickness",
        "Extension": ".cs",
        "RelativeDir": "../Avalonia.Base/",
        "Directory": "workspace/team-c/c3-admin-symbol-errors-validation/framework/CUI/vendor/Avalonia/src/Avalonia.Base/",
        "RecursiveDir": "",
        "ModifiedTime": "",
        "CreatedTime": "",
        "AccessedTime": "",
        "DefiningProjectFullPath": "/workspace/team-c/c3-admin-symbol-errors-validation/framework/CUI/vendor/Avalonia/src/Avalonia.Build.Tasks/Avalonia.Build.Tasks.csproj",
        "DefiningProjectDirectory": "/workspace/team-c/c3-admin-symbol-errors-validation/framework/CUI/vendor/Avalonia/src/Avalonia.Build.Tasks/",
        "DefiningProjectName": "Avalonia.Build.Tasks",
        "DefiningProjectExtension": ".csproj"
      },
      {
        "Identity": "../Avalonia.Base/Styling/StyleQueryComparisonOperator.cs",
        "Link": "Markup/StyleQueryComparisonOperator.cs",
        "FullPath": "/workspace/team-c/c3-admin-symbol-errors-validation/framework/CUI/vendor/Avalonia/src/Avalonia.Base/Styling/StyleQueryComparisonOperator.cs",
        "RootDir": "/",
        "Filename": "StyleQueryComparisonOperator",
        "Extension": ".cs",
        "RelativeDir": "../Avalonia.Base/Styling/",
        "Directory": "workspace/team-c/c3-admin-symbol-errors-validation/framework/CUI/vendor/Avalonia/src/Avalonia.Base/Styling/",
        "RecursiveDir": "",
        "ModifiedTime": "",
        "CreatedTime": "",
        "AccessedTime": "",
        "DefiningProjectFullPath": "/workspace/team-c/c3-admin-symbol-errors-validation/framework/CUI/vendor/Avalonia/src/Avalonia.Build.Tasks/Avalonia.Build.Tasks.csproj",
        "DefiningProjectDirectory": "/workspace/team-c/c3-admin-symbol-errors-validation/framework/CUI/vendor/Avalonia/src/Avalonia.Build.Tasks/",
        "DefiningProjectName": "Avalonia.Build.Tasks",
        "DefiningProjectExtension": ".csproj"
      },
      {
        "Identity": "../Avalonia.Base/Size.cs",
        "Link": "Markup/Size.cs",
        "FullPath": "/workspace/team-c/c3-admin-symbol-errors-validation/framework/CUI/vendor/Avalonia/src/Avalonia.Base/Size.cs",
        "RootDir": "/",
        "Filename": "Size",
        "Extension": ".cs",
        "RelativeDir": "../Avalonia.Base/",
        "Directory": "workspace/team-c/c3-admin-symbol-errors-validation/framework/CUI/vendor/Avalonia/src/Avalonia.Base/",
        "RecursiveDir": "",
        "ModifiedTime": "",
        "CreatedTime": "",
        "AccessedTime": "",
        "DefiningProjectFullPath": "/workspace/team-c/c3-admin-symbol-errors-validation/framework/CUI/vendor/Avalonia/src/Avalonia.Build.Tasks/Avalonia.Build.Tasks.csproj",
        "DefiningProjectDirectory": "/workspace/team-c/c3-admin-symbol-errors-validation/framework/CUI/vendor/Avalonia/src/Avalonia.Build.Tasks/",
        "DefiningProjectName": "Avalonia.Build.Tasks",
        "DefiningProjectExtension": ".csproj"
      },
      {
        "Identity": "../Avalonia.Base/Vector.cs",
        "Link": "Markup/Vector.cs",
        "FullPath": "/workspace/team-c/c3-admin-symbol-errors-validation/framework/CUI/vendor/Avalonia/src/Avalonia.Base/Vector.cs",
        "RootDir": "/",
        "Filename": "Vector",
        "Extension": ".cs",
        "RelativeDir": "../Avalonia.Base/",
        "Directory": "workspace/team-c/c3-admin-symbol-errors-validation/framework/CUI/vendor/Avalonia/src/Avalonia.Base/",
        "RecursiveDir": "",
        "ModifiedTime": "",
        "CreatedTime": "",
        "AccessedTime": "",
        "DefiningProjectFullPath": "/workspace/team-c/c3-admin-symbol-errors-validation/framework/CUI/vendor/Avalonia/src/Avalonia.Build.Tasks/Avalonia.Build.Tasks.csproj",
        "DefiningProjectDirectory": "/workspace/team-c/c3-admin-symbol-errors-validation/framework/CUI/vendor/Avalonia/src/Avalonia.Build.Tasks/",
        "DefiningProjectName": "Avalonia.Build.Tasks",
        "DefiningProjectExtension": ".csproj"
      },
      {
        "Identity": "../Avalonia.Base/Point.cs",
        "Link": "Markup/Point.cs",
        "FullPath": "/workspace/team-c/c3-admin-symbol-errors-validation/framework/CUI/vendor/Avalonia/src/Avalonia.Base/Point.cs",
        "RootDir": "/",
        "Filename": "Point",
        "Extension": ".cs",
        "RelativeDir": "../Avalonia.Base/",
        "Directory": "workspace/team-c/c3-admin-symbol-errors-validation/framework/CUI/vendor/Avalonia/src/Avalonia.Base/",
        "RecursiveDir": "",
        "ModifiedTime": "",
        "CreatedTime": "",
        "AccessedTime": "",
        "DefiningProjectFullPath": "/workspace/team-c/c3-admin-symbol-errors-validation/framework/CUI/vendor/Avalonia/src/Avalonia.Build.Tasks/Avalonia.Build.Tasks.csproj",
        "DefiningProjectDirectory": "/workspace/team-c/c3-admin-symbol-errors-validation/framework/CUI/vendor/Avalonia/src/Avalonia.Build.Tasks/",
        "DefiningProjectName": "Avalonia.Build.Tasks",
        "DefiningProjectExtension": ".csproj"
      },
      {
        "Identity": "../Avalonia.Base/Matrix.cs",
        "Link": "Markup/Matrix.cs",
        "FullPath": "/workspace/team-c/c3-admin-symbol-errors-validation/framework/CUI/vendor/Avalonia/src/Avalonia.Base/Matrix.cs",
        "RootDir": "/",
        "Filename": "Matrix",
        "Extension": ".cs",
        "RelativeDir": "../Avalonia.Base/",
        "Directory": "workspace/team-c/c3-admin-symbol-errors-validation/framework/CUI/vendor/Avalonia/src/Avalonia.Base/",
        "RecursiveDir": "",
        "ModifiedTime": "",
        "CreatedTime": "",
        "AccessedTime": "",
        "DefiningProjectFullPath": "/workspace/team-c/c3-admin-symbol-errors-validation/framework/CUI/vendor/Avalonia/src/Avalonia.Build.Tasks/Avalonia.Build.Tasks.csproj",
        "DefiningProjectDirectory": "/workspace/team-c/c3-admin-symbol-errors-validation/framework/CUI/vendor/Avalonia/src/Avalonia.Build.Tasks/",
        "DefiningProjectName": "Avalonia.Build.Tasks",
        "DefiningProjectExtension": ".csproj"
      },
      {
        "Identity": "../Avalonia.Base/CornerRadius.cs",
        "Link": "Markup/CornerRadius.cs",
        "FullPath": "/workspace/team-c/c3-admin-symbol-errors-validation/framework/CUI/vendor/Avalonia/src/Avalonia.Base/CornerRadius.cs",
        "RootDir": "/",
        "Filename": "CornerRadius",
        "Extension": ".cs",
        "RelativeDir": "../Avalonia.Base/",
        "Directory": "workspace/team-c/c3-admin-symbol-errors-validation/framework/CUI/vendor/Avalonia/src/Avalonia.Base/",
        "RecursiveDir": "",
        "ModifiedTime": "",
        "CreatedTime": "",
        "AccessedTime": "",
        "DefiningProjectFullPath": "/workspace/team-c/c3-admin-symbol-errors-validation/framework/CUI/vendor/Avalonia/src/Avalonia.Build.Tasks/Avalonia.Build.Tasks.csproj",
        "DefiningProjectDirectory": "/workspace/team-c/c3-admin-symbol-errors-validation/framework/CUI/vendor/Avalonia/src/Avalonia.Build.Tasks/",
        "DefiningProjectName": "Avalonia.Build.Tasks",
        "DefiningProjectExtension": ".csproj"
      },
      {
        "Identity": "../Avalonia.Base/Media/Color.cs",
        "Link": "Markup/Color.cs",
        "FullPath": "/workspace/team-c/c3-admin-symbol-errors-validation/framework/CUI/vendor/Avalonia/src/Avalonia.Base/Media/Color.cs",
        "RootDir": "/",
        "Filename": "Color",
        "Extension": ".cs",
        "RelativeDir": "../Avalonia.Base/Media/",
        "Directory": "workspace/team-c/c3-admin-symbol-errors-validation/framework/CUI/vendor/Avalonia/src/Avalonia.Base/Media/",
        "RecursiveDir": "",
        "ModifiedTime": "",
        "CreatedTime": "",
        "AccessedTime": "",
        "DefiningProjectFullPath": "/workspace/team-c/c3-admin-symbol-errors-validation/framework/CUI/vendor/Avalonia/src/Avalonia.Build.Tasks/Avalonia.Build.Tasks.csproj",
        "DefiningProjectDirectory": "/workspace/team-c/c3-admin-symbol-errors-validation/framework/CUI/vendor/Avalonia/src/Avalonia.Build.Tasks/",
        "DefiningProjectName": "Avalonia.Build.Tasks",
        "DefiningProjectExtension": ".csproj"
      },
      {
        "Identity": "../Avalonia.Base/Media/HslColor.cs",
        "Link": "Markup/HslColor.cs",
        "FullPath": "/workspace/team-c/c3-admin-symbol-errors-validation/framework/CUI/vendor/Avalonia/src/Avalonia.Base/Media/HslColor.cs",
        "RootDir": "/",
        "Filename": "HslColor",
        "Extension": ".cs",
        "RelativeDir": "../Avalonia.Base/Media/",
        "Directory": "workspace/team-c/c3-admin-symbol-errors-validation/framework/CUI/vendor/Avalonia/src/Avalonia.Base/Media/",
        "RecursiveDir": "",
        "ModifiedTime": "",
        "CreatedTime": "",
        "AccessedTime": "",
        "DefiningProjectFullPath": "/workspace/team-c/c3-admin-symbol-errors-validation/framework/CUI/vendor/Avalonia/src/Avalonia.Build.Tasks/Avalonia.Build.Tasks.csproj",
        "DefiningProjectDirectory": "/workspace/team-c/c3-admin-symbol-errors-validation/framework/CUI/vendor/Avalonia/src/Avalonia.Build.Tasks/",
        "DefiningProjectName": "Avalonia.Build.Tasks",
        "DefiningProjectExtension": ".csproj"
      },
      {
        "Identity": "../Avalonia.Base/Media/HsvColor.cs",
        "Link": "Markup/HsvColor.cs",
        "FullPath": "/workspace/team-c/c3-admin-symbol-errors-validation/framework/CUI/vendor/Avalonia/src/Avalonia.Base/Media/HsvColor.cs",
        "RootDir": "/",
        "Filename": "HsvColor",
        "Extension": ".cs",
        "RelativeDir": "../Avalonia.Base/Media/",
        "Directory": "workspace/team-c/c3-admin-symbol-errors-validation/framework/CUI/vendor/Avalonia/src/Avalonia.Base/Media/",
        "RecursiveDir": "",
        "ModifiedTime": "",
        "CreatedTime": "",
        "AccessedTime": "",
        "DefiningProjectFullPath": "/workspace/team-c/c3-admin-symbol-errors-validation/framework/CUI/vendor/Avalonia/src/Avalonia.Build.Tasks/Avalonia.Build.Tasks.csproj",
        "DefiningProjectDirectory": "/workspace/team-c/c3-admin-symbol-errors-validation/framework/CUI/vendor/Avalonia/src/Avalonia.Build.Tasks/",
        "DefiningProjectName": "Avalonia.Build.Tasks",
        "DefiningProjectExtension": ".csproj"
      },
      {
        "Identity": "../Avalonia.Base/Media/KnownColors.cs",
        "Link": "Markup/KnownColors.cs",
        "FullPath": "/workspace/team-c/c3-admin-symbol-errors-validation/framework/CUI/vendor/Avalonia/src/Avalonia.Base/Media/KnownColors.cs",
        "RootDir": "/",
        "Filename": "KnownColors",
        "Extension": ".cs",
        "RelativeDir": "../Avalonia.Base/Media/",
        "Directory": "workspace/team-c/c3-admin-symbol-errors-validation/framework/CUI/vendor/Avalonia/src/Avalonia.Base/Media/",
        "RecursiveDir": "",
        "ModifiedTime": "",
        "CreatedTime": "",
        "AccessedTime": "",
        "DefiningProjectFullPath": "/workspace/team-c/c3-admin-symbol-errors-validation/framework/CUI/vendor/Avalonia/src/Avalonia.Build.Tasks/Avalonia.Build.Tasks.csproj",
        "DefiningProjectDirectory": "/workspace/team-c/c3-admin-symbol-errors-validation/framework/CUI/vendor/Avalonia/src/Avalonia.Build.Tasks/",
        "DefiningProjectName": "Avalonia.Build.Tasks",
        "DefiningProjectExtension": ".csproj"
      },
      {
        "Identity": "../Avalonia.Controls/GridLength.cs",
        "Link": "Markup/GridLength.cs",
        "FullPath": "/workspace/team-c/c3-admin-symbol-errors-validation/framework/CUI/vendor/Avalonia/src/Avalonia.Controls/GridLength.cs",
        "RootDir": "/",
        "Filename": "GridLength",
        "Extension": ".cs",
        "RelativeDir": "../Avalonia.Controls/",
        "Directory": "workspace/team-c/c3-admin-symbol-errors-validation/framework/CUI/vendor/Avalonia/src/Avalonia.Controls/",
        "RecursiveDir": "",
        "ModifiedTime": "",
        "CreatedTime": "",
        "AccessedTime": "",
        "DefiningProjectFullPath": "/workspace/team-c/c3-admin-symbol-errors-validation/framework/CUI/vendor/Avalonia/src/Avalonia.Build.Tasks/Avalonia.Build.Tasks.csproj",
        "DefiningProjectDirectory": "/workspace/team-c/c3-admin-symbol-errors-validation/framework/CUI/vendor/Avalonia/src/Avalonia.Build.Tasks/",
        "DefiningProjectName": "Avalonia.Build.Tasks",
        "DefiningProjectExtension": ".csproj"
      },
      {
        "Identity": "../Avalonia.Base/Data/BindingPriority.cs",
        "Link": "Markup/BindingPriority.cs",
        "FullPath": "/workspace/team-c/c3-admin-symbol-errors-validation/framework/CUI/vendor/Avalonia/src/Avalonia.Base/Data/BindingPriority.cs",
        "RootDir": "/",
        "Filename": "BindingPriority",
        "Extension": ".cs",
        "RelativeDir": "../Avalonia.Base/Data/",
        "Directory": "workspace/team-c/c3-admin-symbol-errors-validation/framework/CUI/vendor/Avalonia/src/Avalonia.Base/Data/",
        "RecursiveDir": "",
        "ModifiedTime": "",
        "CreatedTime": "",
        "AccessedTime": "",
        "DefiningProjectFullPath": "/workspace/team-c/c3-admin-symbol-errors-validation/framework/CUI/vendor/Avalonia/src/Avalonia.Build.Tasks/Avalonia.Build.Tasks.csproj",
        "DefiningProjectDirectory": "/workspace/team-c/c3-admin-symbol-errors-validation/framework/CUI/vendor/Avalonia/src/Avalonia.Build.Tasks/",
        "DefiningProjectName": "Avalonia.Build.Tasks",
        "DefiningProjectExtension": ".csproj"
      },
      {
        "Identity": "../Avalonia.Base/RelativePoint.cs",
        "Link": "Markup/RelativePoint.cs",
        "FullPath": "/workspace/team-c/c3-admin-symbol-errors-validation/framework/CUI/vendor/Avalonia/src/Avalonia.Base/RelativePoint.cs",
        "RootDir": "/",
        "Filename": "RelativePoint",
        "Extension": ".cs",
        "RelativeDir": "../Avalonia.Base/",
        "Directory": "workspace/team-c/c3-admin-symbol-errors-validation/framework/CUI/vendor/Avalonia/src/Avalonia.Base/",
        "RecursiveDir": "",
        "ModifiedTime": "",
        "CreatedTime": "",
        "AccessedTime": "",
        "DefiningProjectFullPath": "/workspace/team-c/c3-admin-symbol-errors-validation/framework/CUI/vendor/Avalonia/src/Avalonia.Build.Tasks/Avalonia.Build.Tasks.csproj",
        "DefiningProjectDirectory": "/workspace/team-c/c3-admin-symbol-errors-validation/framework/CUI/vendor/Avalonia/src/Avalonia.Build.Tasks/",
        "DefiningProjectName": "Avalonia.Build.Tasks",
        "DefiningProjectExtension": ".csproj"
      },
      {
        "Identity": "../Avalonia.Base/Compatibility/NullableAttributes.cs",
        "Link": "Compatibility/NullableAttributes.cs",
        "FullPath": "/workspace/team-c/c3-admin-symbol-errors-validation/framework/CUI/vendor/Avalonia/src/Avalonia.Base/Compatibility/NullableAttributes.cs",
        "RootDir": "/",
        "Filename": "NullableAttributes",
        "Extension": ".cs",
        "RelativeDir": "../Avalonia.Base/Compatibility/",
        "Directory": "workspace/team-c/c3-admin-symbol-errors-validation/framework/CUI/vendor/Avalonia/src/Avalonia.Base/Compatibility/",
        "RecursiveDir": "",
        "ModifiedTime": "",
        "CreatedTime": "",
        "AccessedTime": "",
        "DefiningProjectFullPath": "/workspace/team-c/c3-admin-symbol-errors-validation/framework/CUI/vendor/Avalonia/src/Avalonia.Build.Tasks/Avalonia.Build.Tasks.csproj",
        "DefiningProjectDirectory": "/workspace/team-c/c3-admin-symbol-errors-validation/framework/CUI/vendor/Avalonia/src/Avalonia.Build.Tasks/",
        "DefiningProjectName": "Avalonia.Build.Tasks",
        "DefiningProjectExtension": ".csproj"
      },
      {
        "Identity": "../Avalonia.Base/Compatibility/TrimmingAttributes.cs",
        "Link": "Compatibility/TrimmingAttributes.cs",
        "FullPath": "/workspace/team-c/c3-admin-symbol-errors-validation/framework/CUI/vendor/Avalonia/src/Avalonia.Base/Compatibility/TrimmingAttributes.cs",
        "RootDir": "/",
        "Filename": "TrimmingAttributes",
        "Extension": ".cs",
        "RelativeDir": "../Avalonia.Base/Compatibility/",
        "Directory": "workspace/team-c/c3-admin-symbol-errors-validation/framework/CUI/vendor/Avalonia/src/Avalonia.Base/Compatibility/",
        "RecursiveDir": "",
        "ModifiedTime": "",
        "CreatedTime": "",
        "AccessedTime": "",
        "DefiningProjectFullPath": "/workspace/team-c/c3-admin-symbol-errors-validation/framework/CUI/vendor/Avalonia/src/Avalonia.Build.Tasks/Avalonia.Build.Tasks.csproj",
        "DefiningProjectDirectory": "/workspace/team-c/c3-admin-symbol-errors-validation/framework/CUI/vendor/Avalonia/src/Avalonia.Build.Tasks/",
        "DefiningProjectName": "Avalonia.Build.Tasks",
        "DefiningProjectExtension": ".csproj"
      },
      {
        "Identity": "../Avalonia.Base/Utilities/SpanHelpers.cs",
        "Link": "Utilities/SpanHelpers.cs",
        "FullPath": "/workspace/team-c/c3-admin-symbol-errors-validation/framework/CUI/vendor/Avalonia/src/Avalonia.Base/Utilities/SpanHelpers.cs",
        "RootDir": "/",
        "Filename": "SpanHelpers",
        "Extension": ".cs",
        "RelativeDir": "../Avalonia.Base/Utilities/",
        "Directory": "workspace/team-c/c3-admin-symbol-errors-validation/framework/CUI/vendor/Avalonia/src/Avalonia.Base/Utilities/",
        "RecursiveDir": "",
        "ModifiedTime": "",
        "CreatedTime": "",
        "AccessedTime": "",
        "DefiningProjectFullPath": "/workspace/team-c/c3-admin-symbol-errors-validation/framework/CUI/vendor/Avalonia/src/Avalonia.Build.Tasks/Avalonia.Build.Tasks.csproj",
        "DefiningProjectDirectory": "/workspace/team-c/c3-admin-symbol-errors-validation/framework/CUI/vendor/Avalonia/src/Avalonia.Build.Tasks/",
        "DefiningProjectName": "Avalonia.Build.Tasks",
        "DefiningProjectExtension": ".csproj"
      },
      {
        "Identity": "../Avalonia.Base/Diagnostics/TrimmingMessages.cs",
        "Link": "Diagnostics/TrimmingMessages.cs",
        "FullPath": "/workspace/team-c/c3-admin-symbol-errors-validation/framework/CUI/vendor/Avalonia/src/Avalonia.Base/Diagnostics/TrimmingMessages.cs",
        "RootDir": "/",
        "Filename": "TrimmingMessages",
        "Extension": ".cs",
        "RelativeDir": "../Avalonia.Base/Diagnostics/",
        "Directory": "workspace/team-c/c3-admin-symbol-errors-validation/framework/CUI/vendor/Avalonia/src/Avalonia.Base/Diagnostics/",
        "RecursiveDir": "",
        "ModifiedTime": "",
        "CreatedTime": "",
        "AccessedTime": "",
        "DefiningProjectFullPath": "/workspace/team-c/c3-admin-symbol-errors-validation/framework/CUI/vendor/Avalonia/src/Avalonia.Build.Tasks/Avalonia.Build.Tasks.csproj",
        "DefiningProjectDirectory": "/workspace/team-c/c3-admin-symbol-errors-validation/framework/CUI/vendor/Avalonia/src/Avalonia.Build.Tasks/",
        "DefiningProjectName": "Avalonia.Build.Tasks",
        "DefiningProjectExtension": ".csproj"
      },
      {
        "Identity": "../Shared/StringCompatibilityExtensions.cs",
        "Link": "Compatibility/StringCompatibilityExtensions.cs",
        "FullPath": "/workspace/team-c/c3-admin-symbol-errors-validation/framework/CUI/vendor/Avalonia/src/Shared/StringCompatibilityExtensions.cs",
        "RootDir": "/",
        "Filename": "StringCompatibilityExtensions",
        "Extension": ".cs",
        "RelativeDir": "../Shared/",
        "Directory": "workspace/team-c/c3-admin-symbol-errors-validation/framework/CUI/vendor/Avalonia/src/Shared/",
        "RecursiveDir": "",
        "ModifiedTime": "",
        "CreatedTime": "",
        "AccessedTime": "",
        "DefiningProjectFullPath": "/workspace/team-c/c3-admin-symbol-errors-validation/framework/CUI/vendor/Avalonia/src/Avalonia.Build.Tasks/Avalonia.Build.Tasks.csproj",
        "DefiningProjectDirectory": "/workspace/team-c/c3-admin-symbol-errors-validation/framework/CUI/vendor/Avalonia/src/Avalonia.Build.Tasks/",
        "DefiningProjectName": "Avalonia.Build.Tasks",
        "DefiningProjectExtension": ".csproj"
      },
      {
        "Identity": "../Shared/IsExternalInit.cs",
        "Link": "Compatibility/IsExternalInit.cs",
        "FullPath": "/workspace/team-c/c3-admin-symbol-errors-validation/framework/CUI/vendor/Avalonia/src/Shared/IsExternalInit.cs",
        "RootDir": "/",
        "Filename": "IsExternalInit",
        "Extension": ".cs",
        "RelativeDir": "../Shared/",
        "Directory": "workspace/team-c/c3-admin-symbol-errors-validation/framework/CUI/vendor/Avalonia/src/Shared/",
        "RecursiveDir": "",
        "ModifiedTime": "",
        "CreatedTime": "",
        "AccessedTime": "",
        "DefiningProjectFullPath": "/workspace/team-c/c3-admin-symbol-errors-validation/framework/CUI/vendor/Avalonia/src/Avalonia.Build.Tasks/Avalonia.Build.Tasks.csproj",
        "DefiningProjectDirectory": "/workspace/team-c/c3-admin-symbol-errors-validation/framework/CUI/vendor/Avalonia/src/Avalonia.Build.Tasks/",
        "DefiningProjectName": "Avalonia.Build.Tasks",
        "DefiningProjectExtension": ".csproj"
      },
      {
        "Identity": "/workspace/team-c/c3-admin-symbol-errors-validation/framework/CUI/vendor/Avalonia/build//../src/Shared/SourceGeneratorAttributes.cs",
        "Link": "SourceGeneratorAttributes.cs",
        "FullPath": "/workspace/team-c/c3-admin-symbol-errors-validation/framework/CUI/vendor/Avalonia/src/Shared/SourceGeneratorAttributes.cs",
        "RootDir": "/",
        "Filename": "SourceGeneratorAttributes",
        "Extension": ".cs",
        "RelativeDir": "/workspace/team-c/c3-admin-symbol-errors-validation/framework/CUI/vendor/Avalonia/build/../src/Shared/",
        "Directory": "workspace/team-c/c3-admin-symbol-errors-validation/framework/CUI/vendor/Avalonia/src/Shared/",
        "RecursiveDir": "",
        "ModifiedTime": "2026-10-03 22:43:31.0923106",
        "CreatedTime": "2026-10-03 22:43:31.0923106",
        "AccessedTime": "2026-10-03 22:44:17.5731001",
        "DefiningProjectFullPath": "/workspace/team-c/c3-admin-symbol-errors-validation/framework/CUI/vendor/Avalonia/build/SourceGenerators.props",
        "DefiningProjectDirectory": "/workspace/team-c/c3-admin-symbol-errors-validation/framework/CUI/vendor/Avalonia/build/",
        "DefiningProjectName": "SourceGenerators",
        "DefiningProjectExtension": ".props"
      },
      {
        "Identity": "/workspace/team-c/c3-admin-symbol-errors-validation/artifacts/root14-host-build-tasks/obj/Avalonia.Build.Tasks/debug/.NETStandard,Version=v2.0.AssemblyAttributes.cs",
        "FullPath": "/workspace/team-c/c3-admin-symbol-errors-validation/artifacts/root14-host-build-tasks/obj/Avalonia.Build.Tasks/debug/.NETStandard,Version=v2.0.AssemblyAttributes.cs",
        "RootDir": "/",
        "Filename": ".NETStandard,Version=v2.0.AssemblyAttributes",
        "Extension": ".cs",
        "RelativeDir": "/workspace/team-c/c3-admin-symbol-errors-validation/artifacts/root14-host-build-tasks/obj/Avalonia.Build.Tasks/debug/",
        "Directory": "workspace/team-c/c3-admin-symbol-errors-validation/artifacts/root14-host-build-tasks/obj/Avalonia.Build.Tasks/debug/",
        "RecursiveDir": "",
        "ModifiedTime": "2026-10-03 22:47:37.5890105",
        "CreatedTime": "2026-10-03 22:47:37.5890105",
        "AccessedTime": "2026-10-03 22:47:37.8146949",
        "DefiningProjectFullPath": "/workspace/.tools/dotnet/sdk/10.0.401/Microsoft.Common.CurrentVersion.targets",
        "DefiningProjectDirectory": "/workspace/.tools/dotnet/sdk/10.0.401/",
        "DefiningProjectName": "Microsoft.Common.CurrentVersion",
        "DefiningProjectExtension": ".targets"
      },
      {
        "Identity": "/workspace/team-c/c3-admin-symbol-errors-validation/artifacts/root14-host-build-tasks/obj/Avalonia.Build.Tasks/debug/Avalonia.Build.Tasks.AssemblyInfo.cs",
        "FullPath": "/workspace/team-c/c3-admin-symbol-errors-validation/artifacts/root14-host-build-tasks/obj/Avalonia.Build.Tasks/debug/Avalonia.Build.Tasks.AssemblyInfo.cs",
        "RootDir": "/",
        "Filename": "Avalonia.Build.Tasks.AssemblyInfo",
        "Extension": ".cs",
        "RelativeDir": "/workspace/team-c/c3-admin-symbol-errors-validation/artifacts/root14-host-build-tasks/obj/Avalonia.Build.Tasks/debug/",
        "Directory": "workspace/team-c/c3-admin-symbol-errors-validation/artifacts/root14-host-build-tasks/obj/Avalonia.Build.Tasks/debug/",
        "RecursiveDir": "",
        "ModifiedTime": "2026-10-03 22:47:37.5982966",
        "CreatedTime": "2026-10-03 22:47:37.5982966",
        "AccessedTime": "2026-10-03 22:47:37.8266952",
        "DefiningProjectFullPath": "/workspace/.tools/dotnet/sdk/10.0.401/Sdks/Microsoft.NET.Sdk/targets/Microsoft.NET.GenerateAssemblyInfo.targets",
        "DefiningProjectDirectory": "/workspace/.tools/dotnet/sdk/10.0.401/Sdks/Microsoft.NET.Sdk/targets/",
        "DefiningProjectName": "Microsoft.NET.GenerateAssemblyInfo",
        "DefiningProjectExtension": ".targets"
      }
    ]
  }
}
