{
  "Properties": {
    "MSBuildProjectFullPath": "/workspace/team-c/c3-admin-symbol-errors-validation/9to1 Workspace/shared/src/Haven.Core/Haven.Core.csproj",
    "MSBuildProjectName": "Haven.Core",
    "AssemblyName": "Haven.Core",
    "TargetPath": "/workspace/team-c/c3-admin-symbol-errors-validation/artifacts/root14-managed-build/bin/Haven.Core/release_linux-x64/Haven.Core.dll",
    "OutputPath": "/workspace/team-c/c3-admin-symbol-errors-validation/artifacts/root14-managed-build/bin/Haven.Core/release_linux-x64/",
    "Configuration": "Release",
    "TargetFramework": "net10.0",
    "ProjectAssetsFile": "/workspace/team-c/c3-admin-symbol-errors-validation/artifacts/root14-managed-build/obj/Haven.Core/project.assets.json",
    "MSBuildProjectExtensionsPath": "/workspace/team-c/c3-admin-symbol-errors-validation/artifacts/root14-managed-build/obj/Haven.Core/",
    "AvaloniaBuildTasksLocation": "/workspace/team-c/c3-admin-symbol-errors-validation/artifacts/root14-host-build-tasks/bin/Avalonia.Build.Tasks/release/Avalonia.Build.Tasks.dll",
    "EmitCompilerGeneratedFiles": "true",
    "IntermediateOutputPath": "/workspace/team-c/c3-admin-symbol-errors-validation/artifacts/root14-managed-build/obj/Haven.Core/release_linux-x64/",
    "CompilerGeneratedFilesOutputPath": "/workspace/team-c/c3-admin-symbol-errors-validation/artifacts/root14-managed-build/obj/Haven.Core/release_linux-x64//generated",
    "ArtifactsPath": "/workspace/team-c/c3-admin-symbol-errors-validation/artifacts/root14-managed-build",
    "ArtifactsProjectName": "Haven.Core",
    "BaseIntermediateOutputPath": "/workspace/team-c/c3-admin-symbol-errors-validation/artifacts/root14-managed-build/obj/Haven.Core/"
  },
  "Items": {
    "Compile": [
      {
        "Identity": "Boards/BoardsLiveComponent.cs",
        "FullPath": "/workspace/team-c/c3-admin-symbol-errors-validation/9to1 Workspace/shared/src/Haven.Core/Boards/BoardsLiveComponent.cs",
        "RootDir": "/",
        "Filename": "BoardsLiveComponent",
        "Extension": ".cs",
        "RelativeDir": "Boards/",
        "Directory": "workspace/team-c/c3-admin-symbol-errors-validation/9to1 Workspace/shared/src/Haven.Core/Boards/",
        "RecursiveDir": "Boards/",
        "ModifiedTime": "",
        "CreatedTime": "",
        "AccessedTime": "",
        "DefiningProjectFullPath": "/workspace/.tools/dotnet/sdk/10.0.401/Sdks/Microsoft.NET.Sdk/targets/Microsoft.NET.Sdk.DefaultItems.props",
        "DefiningProjectDirectory": "/workspace/.tools/dotnet/sdk/10.0.401/Sdks/Microsoft.NET.Sdk/targets/",
        "DefiningProjectName": "Microsoft.NET.Sdk.DefaultItems",
        "DefiningProjectExtension": ".props"
      },
      {
        "Identity": "Data/DataDrawingObject.cs",
        "FullPath": "/workspace/team-c/c3-admin-symbol-errors-validation/9to1 Workspace/shared/src/Haven.Core/Data/DataDrawingObject.cs",
        "RootDir": "/",
        "Filename": "DataDrawingObject",
        "Extension": ".cs",
        "RelativeDir": "Data/",
        "Directory": "workspace/team-c/c3-admin-symbol-errors-validation/9to1 Workspace/shared/src/Haven.Core/Data/",
        "RecursiveDir": "Data/",
        "ModifiedTime": "",
        "CreatedTime": "",
        "AccessedTime": "",
        "DefiningProjectFullPath": "/workspace/.tools/dotnet/sdk/10.0.401/Sdks/Microsoft.NET.Sdk/targets/Microsoft.NET.Sdk.DefaultItems.props",
        "DefiningProjectDirectory": "/workspace/.tools/dotnet/sdk/10.0.401/Sdks/Microsoft.NET.Sdk/targets/",
        "DefiningProjectName": "Microsoft.NET.Sdk.DefaultItems",
        "DefiningProjectExtension": ".props"
      },
      {
        "Identity": "Data/DataJunctionTableDesign.cs",
        "FullPath": "/workspace/team-c/c3-admin-symbol-errors-validation/9to1 Workspace/shared/src/Haven.Core/Data/DataJunctionTableDesign.cs",
        "RootDir": "/",
        "Filename": "DataJunctionTableDesign",
        "Extension": ".cs",
        "RelativeDir": "Data/",
        "Directory": "workspace/team-c/c3-admin-symbol-errors-validation/9to1 Workspace/shared/src/Haven.Core/Data/",
        "RecursiveDir": "Data/",
        "ModifiedTime": "",
        "CreatedTime": "",
        "AccessedTime": "",
        "DefiningProjectFullPath": "/workspace/.tools/dotnet/sdk/10.0.401/Sdks/Microsoft.NET.Sdk/targets/Microsoft.NET.Sdk.DefaultItems.props",
        "DefiningProjectDirectory": "/workspace/.tools/dotnet/sdk/10.0.401/Sdks/Microsoft.NET.Sdk/targets/",
        "DefiningProjectName": "Microsoft.NET.Sdk.DefaultItems",
        "DefiningProjectExtension": ".props"
      },
      {
        "Identity": "Data/DataNamedRange.cs",
        "FullPath": "/workspace/team-c/c3-admin-symbol-errors-validation/9to1 Workspace/shared/src/Haven.Core/Data/DataNamedRange.cs",
        "RootDir": "/",
        "Filename": "DataNamedRange",
        "Extension": ".cs",
        "RelativeDir": "Data/",
        "Directory": "workspace/team-c/c3-admin-symbol-errors-validation/9to1 Workspace/shared/src/Haven.Core/Data/",
        "RecursiveDir": "Data/",
        "ModifiedTime": "",
        "CreatedTime": "",
        "AccessedTime": "",
        "DefiningProjectFullPath": "/workspace/.tools/dotnet/sdk/10.0.401/Sdks/Microsoft.NET.Sdk/targets/Microsoft.NET.Sdk.DefaultItems.props",
        "DefiningProjectDirectory": "/workspace/.tools/dotnet/sdk/10.0.401/Sdks/Microsoft.NET.Sdk/targets/",
        "DefiningProjectName": "Microsoft.NET.Sdk.DefaultItems",
        "DefiningProjectExtension": ".props"
      },
      {
        "Identity": "Data/DataRecordCreation.cs",
        "FullPath": "/workspace/team-c/c3-admin-symbol-errors-validation/9to1 Workspace/shared/src/Haven.Core/Data/DataRecordCreation.cs",
        "RootDir": "/",
        "Filename": "DataRecordCreation",
        "Extension": ".cs",
        "RelativeDir": "Data/",
        "Directory": "workspace/team-c/c3-admin-symbol-errors-validation/9to1 Workspace/shared/src/Haven.Core/Data/",
        "RecursiveDir": "Data/",
        "ModifiedTime": "",
        "CreatedTime": "",
        "AccessedTime": "",
        "DefiningProjectFullPath": "/workspace/.tools/dotnet/sdk/10.0.401/Sdks/Microsoft.NET.Sdk/targets/Microsoft.NET.Sdk.DefaultItems.props",
        "DefiningProjectDirectory": "/workspace/.tools/dotnet/sdk/10.0.401/Sdks/Microsoft.NET.Sdk/targets/",
        "DefiningProjectName": "Microsoft.NET.Sdk.DefaultItems",
        "DefiningProjectExtension": ".props"
      },
      {
        "Identity": "Data/DataRecordCreationValues.cs",
        "FullPath": "/workspace/team-c/c3-admin-symbol-errors-validation/9to1 Workspace/shared/src/Haven.Core/Data/DataRecordCreationValues.cs",
        "RootDir": "/",
        "Filename": "DataRecordCreationValues",
        "Extension": ".cs",
        "RelativeDir": "Data/",
        "Directory": "workspace/team-c/c3-admin-symbol-errors-validation/9to1 Workspace/shared/src/Haven.Core/Data/",
        "RecursiveDir": "Data/",
        "ModifiedTime": "",
        "CreatedTime": "",
        "AccessedTime": "",
        "DefiningProjectFullPath": "/workspace/.tools/dotnet/sdk/10.0.401/Sdks/Microsoft.NET.Sdk/targets/Microsoft.NET.Sdk.DefaultItems.props",
        "DefiningProjectDirectory": "/workspace/.tools/dotnet/sdk/10.0.401/Sdks/Microsoft.NET.Sdk/targets/",
        "DefiningProjectName": "Microsoft.NET.Sdk.DefaultItems",
        "DefiningProjectExtension": ".props"
      },
      {
        "Identity": "Data/DataRecordEdits.cs",
        "FullPath": "/workspace/team-c/c3-admin-symbol-errors-validation/9to1 Workspace/shared/src/Haven.Core/Data/DataRecordEdits.cs",
        "RootDir": "/",
        "Filename": "DataRecordEdits",
        "Extension": ".cs",
        "RelativeDir": "Data/",
        "Directory": "workspace/team-c/c3-admin-symbol-errors-validation/9to1 Workspace/shared/src/Haven.Core/Data/",
        "RecursiveDir": "Data/",
        "ModifiedTime": "",
        "CreatedTime": "",
        "AccessedTime": "",
        "DefiningProjectFullPath": "/workspace/.tools/dotnet/sdk/10.0.401/Sdks/Microsoft.NET.Sdk/targets/Microsoft.NET.Sdk.DefaultItems.props",
        "DefiningProjectDirectory": "/workspace/.tools/dotnet/sdk/10.0.401/Sdks/Microsoft.NET.Sdk/targets/",
        "DefiningProjectName": "Microsoft.NET.Sdk.DefaultItems",
        "DefiningProjectExtension": ".props"
      },
      {
        "Identity": "Data/DataRecordMutationReceipts.cs",
        "FullPath": "/workspace/team-c/c3-admin-symbol-errors-validation/9to1 Workspace/shared/src/Haven.Core/Data/DataRecordMutationReceipts.cs",
        "RootDir": "/",
        "Filename": "DataRecordMutationReceipts",
        "Extension": ".cs",
        "RelativeDir": "Data/",
        "Directory": "workspace/team-c/c3-admin-symbol-errors-validation/9to1 Workspace/shared/src/Haven.Core/Data/",
        "RecursiveDir": "Data/",
        "ModifiedTime": "",
        "CreatedTime": "",
        "AccessedTime": "",
        "DefiningProjectFullPath": "/workspace/.tools/dotnet/sdk/10.0.401/Sdks/Microsoft.NET.Sdk/targets/Microsoft.NET.Sdk.DefaultItems.props",
        "DefiningProjectDirectory": "/workspace/.tools/dotnet/sdk/10.0.401/Sdks/Microsoft.NET.Sdk/targets/",
        "DefiningProjectName": "Microsoft.NET.Sdk.DefaultItems",
        "DefiningProjectExtension": ".props"
      },
      {
        "Identity": "Data/DataRelationalSchema.cs",
        "FullPath": "/workspace/team-c/c3-admin-symbol-errors-validation/9to1 Workspace/shared/src/Haven.Core/Data/DataRelationalSchema.cs",
        "RootDir": "/",
        "Filename": "DataRelationalSchema",
        "Extension": ".cs",
        "RelativeDir": "Data/",
        "Directory": "workspace/team-c/c3-admin-symbol-errors-validation/9to1 Workspace/shared/src/Haven.Core/Data/",
        "RecursiveDir": "Data/",
        "ModifiedTime": "",
        "CreatedTime": "",
        "AccessedTime": "",
        "DefiningProjectFullPath": "/workspace/.tools/dotnet/sdk/10.0.401/Sdks/Microsoft.NET.Sdk/targets/Microsoft.NET.Sdk.DefaultItems.props",
        "DefiningProjectDirectory": "/workspace/.tools/dotnet/sdk/10.0.401/Sdks/Microsoft.NET.Sdk/targets/",
        "DefiningProjectName": "Microsoft.NET.Sdk.DefaultItems",
        "DefiningProjectExtension": ".props"
      },
      {
        "Identity": "Data/DataSpreadsheetOperations.cs",
        "FullPath": "/workspace/team-c/c3-admin-symbol-errors-validation/9to1 Workspace/shared/src/Haven.Core/Data/DataSpreadsheetOperations.cs",
        "RootDir": "/",
        "Filename": "DataSpreadsheetOperations",
        "Extension": ".cs",
        "RelativeDir": "Data/",
        "Directory": "workspace/team-c/c3-admin-symbol-errors-validation/9to1 Workspace/shared/src/Haven.Core/Data/",
        "RecursiveDir": "Data/",
        "ModifiedTime": "",
        "CreatedTime": "",
        "AccessedTime": "",
        "DefiningProjectFullPath": "/workspace/.tools/dotnet/sdk/10.0.401/Sdks/Microsoft.NET.Sdk/targets/Microsoft.NET.Sdk.DefaultItems.props",
        "DefiningProjectDirectory": "/workspace/.tools/dotnet/sdk/10.0.401/Sdks/Microsoft.NET.Sdk/targets/",
        "DefiningProjectName": "Microsoft.NET.Sdk.DefaultItems",
        "DefiningProjectExtension": ".props"
      },
      {
        "Identity": "Data/DataTableDesign.cs",
        "FullPath": "/workspace/team-c/c3-admin-symbol-errors-validation/9to1 Workspace/shared/src/Haven.Core/Data/DataTableDesign.cs",
        "RootDir": "/",
        "Filename": "DataTableDesign",
        "Extension": ".cs",
        "RelativeDir": "Data/",
        "Directory": "workspace/team-c/c3-admin-symbol-errors-validation/9to1 Workspace/shared/src/Haven.Core/Data/",
        "RecursiveDir": "Data/",
        "ModifiedTime": "",
        "CreatedTime": "",
        "AccessedTime": "",
        "DefiningProjectFullPath": "/workspace/.tools/dotnet/sdk/10.0.401/Sdks/Microsoft.NET.Sdk/targets/Microsoft.NET.Sdk.DefaultItems.props",
        "DefiningProjectDirectory": "/workspace/.tools/dotnet/sdk/10.0.401/Sdks/Microsoft.NET.Sdk/targets/",
        "DefiningProjectName": "Microsoft.NET.Sdk.DefaultItems",
        "DefiningProjectExtension": ".props"
      },
      {
        "Identity": "Data/DataTableIdentity.cs",
        "FullPath": "/workspace/team-c/c3-admin-symbol-errors-validation/9to1 Workspace/shared/src/Haven.Core/Data/DataTableIdentity.cs",
        "RootDir": "/",
        "Filename": "DataTableIdentity",
        "Extension": ".cs",
        "RelativeDir": "Data/",
        "Directory": "workspace/team-c/c3-admin-symbol-errors-validation/9to1 Workspace/shared/src/Haven.Core/Data/",
        "RecursiveDir": "Data/",
        "ModifiedTime": "",
        "CreatedTime": "",
        "AccessedTime": "",
        "DefiningProjectFullPath": "/workspace/.tools/dotnet/sdk/10.0.401/Sdks/Microsoft.NET.Sdk/targets/Microsoft.NET.Sdk.DefaultItems.props",
        "DefiningProjectDirectory": "/workspace/.tools/dotnet/sdk/10.0.401/Sdks/Microsoft.NET.Sdk/targets/",
        "DefiningProjectName": "Microsoft.NET.Sdk.DefaultItems",
        "DefiningProjectExtension": ".props"
      },
      {
        "Identity": "Data/DataWorkbook.cs",
        "FullPath": "/workspace/team-c/c3-admin-symbol-errors-validation/9to1 Workspace/shared/src/Haven.Core/Data/DataWorkbook.cs",
        "RootDir": "/",
        "Filename": "DataWorkbook",
        "Extension": ".cs",
        "RelativeDir": "Data/",
        "Directory": "workspace/team-c/c3-admin-symbol-errors-validation/9to1 Workspace/shared/src/Haven.Core/Data/",
        "RecursiveDir": "Data/",
        "ModifiedTime": "",
        "CreatedTime": "",
        "AccessedTime": "",
        "DefiningProjectFullPath": "/workspace/.tools/dotnet/sdk/10.0.401/Sdks/Microsoft.NET.Sdk/targets/Microsoft.NET.Sdk.DefaultItems.props",
        "DefiningProjectDirectory": "/workspace/.tools/dotnet/sdk/10.0.401/Sdks/Microsoft.NET.Sdk/targets/",
        "DefiningProjectName": "Microsoft.NET.Sdk.DefaultItems",
        "DefiningProjectExtension": ".props"
      },
      {
        "Identity": "Documents/DocumentVectorShape.cs",
        "FullPath": "/workspace/team-c/c3-admin-symbol-errors-validation/9to1 Workspace/shared/src/Haven.Core/Documents/DocumentVectorShape.cs",
        "RootDir": "/",
        "Filename": "DocumentVectorShape",
        "Extension": ".cs",
        "RelativeDir": "Documents/",
        "Directory": "workspace/team-c/c3-admin-symbol-errors-validation/9to1 Workspace/shared/src/Haven.Core/Documents/",
        "RecursiveDir": "Documents/",
        "ModifiedTime": "",
        "CreatedTime": "",
        "AccessedTime": "",
        "DefiningProjectFullPath": "/workspace/.tools/dotnet/sdk/10.0.401/Sdks/Microsoft.NET.Sdk/targets/Microsoft.NET.Sdk.DefaultItems.props",
        "DefiningProjectDirectory": "/workspace/.tools/dotnet/sdk/10.0.401/Sdks/Microsoft.NET.Sdk/targets/",
        "DefiningProjectName": "Microsoft.NET.Sdk.DefaultItems",
        "DefiningProjectExtension": ".props"
      },
      {
        "Identity": "DomainLogic/BuiltinCatalogs.cs",
        "FullPath": "/workspace/team-c/c3-admin-symbol-errors-validation/9to1 Workspace/shared/src/Haven.Core/DomainLogic/BuiltinCatalogs.cs",
        "RootDir": "/",
        "Filename": "BuiltinCatalogs",
        "Extension": ".cs",
        "RelativeDir": "DomainLogic/",
        "Directory": "workspace/team-c/c3-admin-symbol-errors-validation/9to1 Workspace/shared/src/Haven.Core/DomainLogic/",
        "RecursiveDir": "DomainLogic/",
        "ModifiedTime": "",
        "CreatedTime": "",
        "AccessedTime": "",
        "DefiningProjectFullPath": "/workspace/.tools/dotnet/sdk/10.0.401/Sdks/Microsoft.NET.Sdk/targets/Microsoft.NET.Sdk.DefaultItems.props",
        "DefiningProjectDirectory": "/workspace/.tools/dotnet/sdk/10.0.401/Sdks/Microsoft.NET.Sdk/targets/",
        "DefiningProjectName": "Microsoft.NET.Sdk.DefaultItems",
        "DefiningProjectExtension": ".props"
      },
      {
        "Identity": "DomainLogic/CapabilityRegistryCatalog.cs",
        "FullPath": "/workspace/team-c/c3-admin-symbol-errors-validation/9to1 Workspace/shared/src/Haven.Core/DomainLogic/CapabilityRegistryCatalog.cs",
        "RootDir": "/",
        "Filename": "CapabilityRegistryCatalog",
        "Extension": ".cs",
        "RelativeDir": "DomainLogic/",
        "Directory": "workspace/team-c/c3-admin-symbol-errors-validation/9to1 Workspace/shared/src/Haven.Core/DomainLogic/",
        "RecursiveDir": "DomainLogic/",
        "ModifiedTime": "",
        "CreatedTime": "",
        "AccessedTime": "",
        "DefiningProjectFullPath": "/workspace/.tools/dotnet/sdk/10.0.401/Sdks/Microsoft.NET.Sdk/targets/Microsoft.NET.Sdk.DefaultItems.props",
        "DefiningProjectDirectory": "/workspace/.tools/dotnet/sdk/10.0.401/Sdks/Microsoft.NET.Sdk/targets/",
        "DefiningProjectName": "Microsoft.NET.Sdk.DefaultItems",
        "DefiningProjectExtension": ".props"
      },
      {
        "Identity": "DomainLogic/CapabilitySelector.cs",
        "FullPath": "/workspace/team-c/c3-admin-symbol-errors-validation/9to1 Workspace/shared/src/Haven.Core/DomainLogic/CapabilitySelector.cs",
        "RootDir": "/",
        "Filename": "CapabilitySelector",
        "Extension": ".cs",
        "RelativeDir": "DomainLogic/",
        "Directory": "workspace/team-c/c3-admin-symbol-errors-validation/9to1 Workspace/shared/src/Haven.Core/DomainLogic/",
        "RecursiveDir": "DomainLogic/",
        "ModifiedTime": "",
        "CreatedTime": "",
        "AccessedTime": "",
        "DefiningProjectFullPath": "/workspace/.tools/dotnet/sdk/10.0.401/Sdks/Microsoft.NET.Sdk/targets/Microsoft.NET.Sdk.DefaultItems.props",
        "DefiningProjectDirectory": "/workspace/.tools/dotnet/sdk/10.0.401/Sdks/Microsoft.NET.Sdk/targets/",
        "DefiningProjectName": "Microsoft.NET.Sdk.DefaultItems",
        "DefiningProjectExtension": ".props"
      },
      {
        "Identity": "DomainLogic/ChatExecutionTracker.cs",
        "FullPath": "/workspace/team-c/c3-admin-symbol-errors-validation/9to1 Workspace/shared/src/Haven.Core/DomainLogic/ChatExecutionTracker.cs",
        "RootDir": "/",
        "Filename": "ChatExecutionTracker",
        "Extension": ".cs",
        "RelativeDir": "DomainLogic/",
        "Directory": "workspace/team-c/c3-admin-symbol-errors-validation/9to1 Workspace/shared/src/Haven.Core/DomainLogic/",
        "RecursiveDir": "DomainLogic/",
        "ModifiedTime": "",
        "CreatedTime": "",
        "AccessedTime": "",
        "DefiningProjectFullPath": "/workspace/.tools/dotnet/sdk/10.0.401/Sdks/Microsoft.NET.Sdk/targets/Microsoft.NET.Sdk.DefaultItems.props",
        "DefiningProjectDirectory": "/workspace/.tools/dotnet/sdk/10.0.401/Sdks/Microsoft.NET.Sdk/targets/",
        "DefiningProjectName": "Microsoft.NET.Sdk.DefaultItems",
        "DefiningProjectExtension": ".props"
      },
      {
        "Identity": "DomainLogic/ConversationRouter.cs",
        "FullPath": "/workspace/team-c/c3-admin-symbol-errors-validation/9to1 Workspace/shared/src/Haven.Core/DomainLogic/ConversationRouter.cs",
        "RootDir": "/",
        "Filename": "ConversationRouter",
        "Extension": ".cs",
        "RelativeDir": "DomainLogic/",
        "Directory": "workspace/team-c/c3-admin-symbol-errors-validation/9to1 Workspace/shared/src/Haven.Core/DomainLogic/",
        "RecursiveDir": "DomainLogic/",
        "ModifiedTime": "",
        "CreatedTime": "",
        "AccessedTime": "",
        "DefiningProjectFullPath": "/workspace/.tools/dotnet/sdk/10.0.401/Sdks/Microsoft.NET.Sdk/targets/Microsoft.NET.Sdk.DefaultItems.props",
        "DefiningProjectDirectory": "/workspace/.tools/dotnet/sdk/10.0.401/Sdks/Microsoft.NET.Sdk/targets/",
        "DefiningProjectName": "Microsoft.NET.Sdk.DefaultItems",
        "DefiningProjectExtension": ".props"
      },
      {
        "Identity": "DomainLogic/GuidUtility.cs",
        "FullPath": "/workspace/team-c/c3-admin-symbol-errors-validation/9to1 Workspace/shared/src/Haven.Core/DomainLogic/GuidUtility.cs",
        "RootDir": "/",
        "Filename": "GuidUtility",
        "Extension": ".cs",
        "RelativeDir": "DomainLogic/",
        "Directory": "workspace/team-c/c3-admin-symbol-errors-validation/9to1 Workspace/shared/src/Haven.Core/DomainLogic/",
        "RecursiveDir": "DomainLogic/",
        "ModifiedTime": "",
        "CreatedTime": "",
        "AccessedTime": "",
        "DefiningProjectFullPath": "/workspace/.tools/dotnet/sdk/10.0.401/Sdks/Microsoft.NET.Sdk/targets/Microsoft.NET.Sdk.DefaultItems.props",
        "DefiningProjectDirectory": "/workspace/.tools/dotnet/sdk/10.0.401/Sdks/Microsoft.NET.Sdk/targets/",
        "DefiningProjectName": "Microsoft.NET.Sdk.DefaultItems",
        "DefiningProjectExtension": ".props"
      },
      {
        "Identity": "DomainLogic/HavenSurface.cs",
        "FullPath": "/workspace/team-c/c3-admin-symbol-errors-validation/9to1 Workspace/shared/src/Haven.Core/DomainLogic/HavenSurface.cs",
        "RootDir": "/",
        "Filename": "HavenSurface",
        "Extension": ".cs",
        "RelativeDir": "DomainLogic/",
        "Directory": "workspace/team-c/c3-admin-symbol-errors-validation/9to1 Workspace/shared/src/Haven.Core/DomainLogic/",
        "RecursiveDir": "DomainLogic/",
        "ModifiedTime": "",
        "CreatedTime": "",
        "AccessedTime": "",
        "DefiningProjectFullPath": "/workspace/.tools/dotnet/sdk/10.0.401/Sdks/Microsoft.NET.Sdk/targets/Microsoft.NET.Sdk.DefaultItems.props",
        "DefiningProjectDirectory": "/workspace/.tools/dotnet/sdk/10.0.401/Sdks/Microsoft.NET.Sdk/targets/",
        "DefiningProjectName": "Microsoft.NET.Sdk.DefaultItems",
        "DefiningProjectExtension": ".props"
      },
      {
        "Identity": "DomainLogic/InferenceProfile.cs",
        "FullPath": "/workspace/team-c/c3-admin-symbol-errors-validation/9to1 Workspace/shared/src/Haven.Core/DomainLogic/InferenceProfile.cs",
        "RootDir": "/",
        "Filename": "InferenceProfile",
        "Extension": ".cs",
        "RelativeDir": "DomainLogic/",
        "Directory": "workspace/team-c/c3-admin-symbol-errors-validation/9to1 Workspace/shared/src/Haven.Core/DomainLogic/",
        "RecursiveDir": "DomainLogic/",
        "ModifiedTime": "",
        "CreatedTime": "",
        "AccessedTime": "",
        "DefiningProjectFullPath": "/workspace/.tools/dotnet/sdk/10.0.401/Sdks/Microsoft.NET.Sdk/targets/Microsoft.NET.Sdk.DefaultItems.props",
        "DefiningProjectDirectory": "/workspace/.tools/dotnet/sdk/10.0.401/Sdks/Microsoft.NET.Sdk/targets/",
        "DefiningProjectName": "Microsoft.NET.Sdk.DefaultItems",
        "DefiningProjectExtension": ".props"
      },
      {
        "Identity": "DomainLogic/PlannerAvailability.cs",
        "FullPath": "/workspace/team-c/c3-admin-symbol-errors-validation/9to1 Workspace/shared/src/Haven.Core/DomainLogic/PlannerAvailability.cs",
        "RootDir": "/",
        "Filename": "PlannerAvailability",
        "Extension": ".cs",
        "RelativeDir": "DomainLogic/",
        "Directory": "workspace/team-c/c3-admin-symbol-errors-validation/9to1 Workspace/shared/src/Haven.Core/DomainLogic/",
        "RecursiveDir": "DomainLogic/",
        "ModifiedTime": "",
        "CreatedTime": "",
        "AccessedTime": "",
        "DefiningProjectFullPath": "/workspace/.tools/dotnet/sdk/10.0.401/Sdks/Microsoft.NET.Sdk/targets/Microsoft.NET.Sdk.DefaultItems.props",
        "DefiningProjectDirectory": "/workspace/.tools/dotnet/sdk/10.0.401/Sdks/Microsoft.NET.Sdk/targets/",
        "DefiningProjectName": "Microsoft.NET.Sdk.DefaultItems",
        "DefiningProjectExtension": ".props"
      },
      {
        "Identity": "DomainLogic/PlannerCountdown.cs",
        "FullPath": "/workspace/team-c/c3-admin-symbol-errors-validation/9to1 Workspace/shared/src/Haven.Core/DomainLogic/PlannerCountdown.cs",
        "RootDir": "/",
        "Filename": "PlannerCountdown",
        "Extension": ".cs",
        "RelativeDir": "DomainLogic/",
        "Directory": "workspace/team-c/c3-admin-symbol-errors-validation/9to1 Workspace/shared/src/Haven.Core/DomainLogic/",
        "RecursiveDir": "DomainLogic/",
        "ModifiedTime": "",
        "CreatedTime": "",
        "AccessedTime": "",
        "DefiningProjectFullPath": "/workspace/.tools/dotnet/sdk/10.0.401/Sdks/Microsoft.NET.Sdk/targets/Microsoft.NET.Sdk.DefaultItems.props",
        "DefiningProjectDirectory": "/workspace/.tools/dotnet/sdk/10.0.401/Sdks/Microsoft.NET.Sdk/targets/",
        "DefiningProjectName": "Microsoft.NET.Sdk.DefaultItems",
        "DefiningProjectExtension": ".props"
      },
      {
        "Identity": "DomainLogic/PlannerDayTimeline.cs",
        "FullPath": "/workspace/team-c/c3-admin-symbol-errors-validation/9to1 Workspace/shared/src/Haven.Core/DomainLogic/PlannerDayTimeline.cs",
        "RootDir": "/",
        "Filename": "PlannerDayTimeline",
        "Extension": ".cs",
        "RelativeDir": "DomainLogic/",
        "Directory": "workspace/team-c/c3-admin-symbol-errors-validation/9to1 Workspace/shared/src/Haven.Core/DomainLogic/",
        "RecursiveDir": "DomainLogic/",
        "ModifiedTime": "",
        "CreatedTime": "",
        "AccessedTime": "",
        "DefiningProjectFullPath": "/workspace/.tools/dotnet/sdk/10.0.401/Sdks/Microsoft.NET.Sdk/targets/Microsoft.NET.Sdk.DefaultItems.props",
        "DefiningProjectDirectory": "/workspace/.tools/dotnet/sdk/10.0.401/Sdks/Microsoft.NET.Sdk/targets/",
        "DefiningProjectName": "Microsoft.NET.Sdk.DefaultItems",
        "DefiningProjectExtension": ".props"
      },
      {
        "Identity": "DomainLogic/PlannerRecurrence.cs",
        "FullPath": "/workspace/team-c/c3-admin-symbol-errors-validation/9to1 Workspace/shared/src/Haven.Core/DomainLogic/PlannerRecurrence.cs",
        "RootDir": "/",
        "Filename": "PlannerRecurrence",
        "Extension": ".cs",
        "RelativeDir": "DomainLogic/",
        "Directory": "workspace/team-c/c3-admin-symbol-errors-validation/9to1 Workspace/shared/src/Haven.Core/DomainLogic/",
        "RecursiveDir": "DomainLogic/",
        "ModifiedTime": "",
        "CreatedTime": "",
        "AccessedTime": "",
        "DefiningProjectFullPath": "/workspace/.tools/dotnet/sdk/10.0.401/Sdks/Microsoft.NET.Sdk/targets/Microsoft.NET.Sdk.DefaultItems.props",
        "DefiningProjectDirectory": "/workspace/.tools/dotnet/sdk/10.0.401/Sdks/Microsoft.NET.Sdk/targets/",
        "DefiningProjectName": "Microsoft.NET.Sdk.DefaultItems",
        "DefiningProjectExtension": ".props"
      },
      {
        "Identity": "DomainLogic/PlannerStudyAssignment.cs",
        "FullPath": "/workspace/team-c/c3-admin-symbol-errors-validation/9to1 Workspace/shared/src/Haven.Core/DomainLogic/PlannerStudyAssignment.cs",
        "RootDir": "/",
        "Filename": "PlannerStudyAssignment",
        "Extension": ".cs",
        "RelativeDir": "DomainLogic/",
        "Directory": "workspace/team-c/c3-admin-symbol-errors-validation/9to1 Workspace/shared/src/Haven.Core/DomainLogic/",
        "RecursiveDir": "DomainLogic/",
        "ModifiedTime": "",
        "CreatedTime": "",
        "AccessedTime": "",
        "DefiningProjectFullPath": "/workspace/.tools/dotnet/sdk/10.0.401/Sdks/Microsoft.NET.Sdk/targets/Microsoft.NET.Sdk.DefaultItems.props",
        "DefiningProjectDirectory": "/workspace/.tools/dotnet/sdk/10.0.401/Sdks/Microsoft.NET.Sdk/targets/",
        "DefiningProjectName": "Microsoft.NET.Sdk.DefaultItems",
        "DefiningProjectExtension": ".props"
      },
      {
        "Identity": "DomainLogic/ProblemResolver.cs",
        "FullPath": "/workspace/team-c/c3-admin-symbol-errors-validation/9to1 Workspace/shared/src/Haven.Core/DomainLogic/ProblemResolver.cs",
        "RootDir": "/",
        "Filename": "ProblemResolver",
        "Extension": ".cs",
        "RelativeDir": "DomainLogic/",
        "Directory": "workspace/team-c/c3-admin-symbol-errors-validation/9to1 Workspace/shared/src/Haven.Core/DomainLogic/",
        "RecursiveDir": "DomainLogic/",
        "ModifiedTime": "",
        "CreatedTime": "",
        "AccessedTime": "",
        "DefiningProjectFullPath": "/workspace/.tools/dotnet/sdk/10.0.401/Sdks/Microsoft.NET.Sdk/targets/Microsoft.NET.Sdk.DefaultItems.props",
        "DefiningProjectDirectory": "/workspace/.tools/dotnet/sdk/10.0.401/Sdks/Microsoft.NET.Sdk/targets/",
        "DefiningProjectName": "Microsoft.NET.Sdk.DefaultItems",
        "DefiningProjectExtension": ".props"
      },
      {
        "Identity": "DomainLogic/ReasoningScale.cs",
        "FullPath": "/workspace/team-c/c3-admin-symbol-errors-validation/9to1 Workspace/shared/src/Haven.Core/DomainLogic/ReasoningScale.cs",
        "RootDir": "/",
        "Filename": "ReasoningScale",
        "Extension": ".cs",
        "RelativeDir": "DomainLogic/",
        "Directory": "workspace/team-c/c3-admin-symbol-errors-validation/9to1 Workspace/shared/src/Haven.Core/DomainLogic/",
        "RecursiveDir": "DomainLogic/",
        "ModifiedTime": "",
        "CreatedTime": "",
        "AccessedTime": "",
        "DefiningProjectFullPath": "/workspace/.tools/dotnet/sdk/10.0.401/Sdks/Microsoft.NET.Sdk/targets/Microsoft.NET.Sdk.DefaultItems.props",
        "DefiningProjectDirectory": "/workspace/.tools/dotnet/sdk/10.0.401/Sdks/Microsoft.NET.Sdk/targets/",
        "DefiningProjectName": "Microsoft.NET.Sdk.DefaultItems",
        "DefiningProjectExtension": ".props"
      },
      {
        "Identity": "Entities/ActivityEntities.cs",
        "FullPath": "/workspace/team-c/c3-admin-symbol-errors-validation/9to1 Workspace/shared/src/Haven.Core/Entities/ActivityEntities.cs",
        "RootDir": "/",
        "Filename": "ActivityEntities",
        "Extension": ".cs",
        "RelativeDir": "Entities/",
        "Directory": "workspace/team-c/c3-admin-symbol-errors-validation/9to1 Workspace/shared/src/Haven.Core/Entities/",
        "RecursiveDir": "Entities/",
        "ModifiedTime": "",
        "CreatedTime": "",
        "AccessedTime": "",
        "DefiningProjectFullPath": "/workspace/.tools/dotnet/sdk/10.0.401/Sdks/Microsoft.NET.Sdk/targets/Microsoft.NET.Sdk.DefaultItems.props",
        "DefiningProjectDirectory": "/workspace/.tools/dotnet/sdk/10.0.401/Sdks/Microsoft.NET.Sdk/targets/",
        "DefiningProjectName": "Microsoft.NET.Sdk.DefaultItems",
        "DefiningProjectExtension": ".props"
      },
      {
        "Identity": "Entities/AgentRunEntities.cs",
        "FullPath": "/workspace/team-c/c3-admin-symbol-errors-validation/9to1 Workspace/shared/src/Haven.Core/Entities/AgentRunEntities.cs",
        "RootDir": "/",
        "Filename": "AgentRunEntities",
        "Extension": ".cs",
        "RelativeDir": "Entities/",
        "Directory": "workspace/team-c/c3-admin-symbol-errors-validation/9to1 Workspace/shared/src/Haven.Core/Entities/",
        "RecursiveDir": "Entities/",
        "ModifiedTime": "",
        "CreatedTime": "",
        "AccessedTime": "",
        "DefiningProjectFullPath": "/workspace/.tools/dotnet/sdk/10.0.401/Sdks/Microsoft.NET.Sdk/targets/Microsoft.NET.Sdk.DefaultItems.props",
        "DefiningProjectDirectory": "/workspace/.tools/dotnet/sdk/10.0.401/Sdks/Microsoft.NET.Sdk/targets/",
        "DefiningProjectName": "Microsoft.NET.Sdk.DefaultItems",
        "DefiningProjectExtension": ".props"
      },
      {
        "Identity": "Entities/AutomationEntities.cs",
        "FullPath": "/workspace/team-c/c3-admin-symbol-errors-validation/9to1 Workspace/shared/src/Haven.Core/Entities/AutomationEntities.cs",
        "RootDir": "/",
        "Filename": "AutomationEntities",
        "Extension": ".cs",
        "RelativeDir": "Entities/",
        "Directory": "workspace/team-c/c3-admin-symbol-errors-validation/9to1 Workspace/shared/src/Haven.Core/Entities/",
        "RecursiveDir": "Entities/",
        "ModifiedTime": "",
        "CreatedTime": "",
        "AccessedTime": "",
        "DefiningProjectFullPath": "/workspace/.tools/dotnet/sdk/10.0.401/Sdks/Microsoft.NET.Sdk/targets/Microsoft.NET.Sdk.DefaultItems.props",
        "DefiningProjectDirectory": "/workspace/.tools/dotnet/sdk/10.0.401/Sdks/Microsoft.NET.Sdk/targets/",
        "DefiningProjectName": "Microsoft.NET.Sdk.DefaultItems",
        "DefiningProjectExtension": ".props"
      },
      {
        "Identity": "Entities/CapabilityEntities.cs",
        "FullPath": "/workspace/team-c/c3-admin-symbol-errors-validation/9to1 Workspace/shared/src/Haven.Core/Entities/CapabilityEntities.cs",
        "RootDir": "/",
        "Filename": "CapabilityEntities",
        "Extension": ".cs",
        "RelativeDir": "Entities/",
        "Directory": "workspace/team-c/c3-admin-symbol-errors-validation/9to1 Workspace/shared/src/Haven.Core/Entities/",
        "RecursiveDir": "Entities/",
        "ModifiedTime": "",
        "CreatedTime": "",
        "AccessedTime": "",
        "DefiningProjectFullPath": "/workspace/.tools/dotnet/sdk/10.0.401/Sdks/Microsoft.NET.Sdk/targets/Microsoft.NET.Sdk.DefaultItems.props",
        "DefiningProjectDirectory": "/workspace/.tools/dotnet/sdk/10.0.401/Sdks/Microsoft.NET.Sdk/targets/",
        "DefiningProjectName": "Microsoft.NET.Sdk.DefaultItems",
        "DefiningProjectExtension": ".props"
      },
      {
        "Identity": "Entities/CatalogEntities.cs",
        "FullPath": "/workspace/team-c/c3-admin-symbol-errors-validation/9to1 Workspace/shared/src/Haven.Core/Entities/CatalogEntities.cs",
        "RootDir": "/",
        "Filename": "CatalogEntities",
        "Extension": ".cs",
        "RelativeDir": "Entities/",
        "Directory": "workspace/team-c/c3-admin-symbol-errors-validation/9to1 Workspace/shared/src/Haven.Core/Entities/",
        "RecursiveDir": "Entities/",
        "ModifiedTime": "",
        "CreatedTime": "",
        "AccessedTime": "",
        "DefiningProjectFullPath": "/workspace/.tools/dotnet/sdk/10.0.401/Sdks/Microsoft.NET.Sdk/targets/Microsoft.NET.Sdk.DefaultItems.props",
        "DefiningProjectDirectory": "/workspace/.tools/dotnet/sdk/10.0.401/Sdks/Microsoft.NET.Sdk/targets/",
        "DefiningProjectName": "Microsoft.NET.Sdk.DefaultItems",
        "DefiningProjectExtension": ".props"
      },
      {
        "Identity": "Entities/ContainerEntities.cs",
        "FullPath": "/workspace/team-c/c3-admin-symbol-errors-validation/9to1 Workspace/shared/src/Haven.Core/Entities/ContainerEntities.cs",
        "RootDir": "/",
        "Filename": "ContainerEntities",
        "Extension": ".cs",
        "RelativeDir": "Entities/",
        "Directory": "workspace/team-c/c3-admin-symbol-errors-validation/9to1 Workspace/shared/src/Haven.Core/Entities/",
        "RecursiveDir": "Entities/",
        "ModifiedTime": "",
        "CreatedTime": "",
        "AccessedTime": "",
        "DefiningProjectFullPath": "/workspace/.tools/dotnet/sdk/10.0.401/Sdks/Microsoft.NET.Sdk/targets/Microsoft.NET.Sdk.DefaultItems.props",
        "DefiningProjectDirectory": "/workspace/.tools/dotnet/sdk/10.0.401/Sdks/Microsoft.NET.Sdk/targets/",
        "DefiningProjectName": "Microsoft.NET.Sdk.DefaultItems",
        "DefiningProjectExtension": ".props"
      },
      {
        "Identity": "Entities/ConversationEntities.cs",
        "FullPath": "/workspace/team-c/c3-admin-symbol-errors-validation/9to1 Workspace/shared/src/Haven.Core/Entities/ConversationEntities.cs",
        "RootDir": "/",
        "Filename": "ConversationEntities",
        "Extension": ".cs",
        "RelativeDir": "Entities/",
        "Directory": "workspace/team-c/c3-admin-symbol-errors-validation/9to1 Workspace/shared/src/Haven.Core/Entities/",
        "RecursiveDir": "Entities/",
        "ModifiedTime": "",
        "CreatedTime": "",
        "AccessedTime": "",
        "DefiningProjectFullPath": "/workspace/.tools/dotnet/sdk/10.0.401/Sdks/Microsoft.NET.Sdk/targets/Microsoft.NET.Sdk.DefaultItems.props",
        "DefiningProjectDirectory": "/workspace/.tools/dotnet/sdk/10.0.401/Sdks/Microsoft.NET.Sdk/targets/",
        "DefiningProjectName": "Microsoft.NET.Sdk.DefaultItems",
        "DefiningProjectExtension": ".props"
      },
      {
        "Identity": "Entities/ExternalConnectionEntities.cs",
        "FullPath": "/workspace/team-c/c3-admin-symbol-errors-validation/9to1 Workspace/shared/src/Haven.Core/Entities/ExternalConnectionEntities.cs",
        "RootDir": "/",
        "Filename": "ExternalConnectionEntities",
        "Extension": ".cs",
        "RelativeDir": "Entities/",
        "Directory": "workspace/team-c/c3-admin-symbol-errors-validation/9to1 Workspace/shared/src/Haven.Core/Entities/",
        "RecursiveDir": "Entities/",
        "ModifiedTime": "",
        "CreatedTime": "",
        "AccessedTime": "",
        "DefiningProjectFullPath": "/workspace/.tools/dotnet/sdk/10.0.401/Sdks/Microsoft.NET.Sdk/targets/Microsoft.NET.Sdk.DefaultItems.props",
        "DefiningProjectDirectory": "/workspace/.tools/dotnet/sdk/10.0.401/Sdks/Microsoft.NET.Sdk/targets/",
        "DefiningProjectName": "Microsoft.NET.Sdk.DefaultItems",
        "DefiningProjectExtension": ".props"
      },
      {
        "Identity": "Entities/ModeEntities.cs",
        "FullPath": "/workspace/team-c/c3-admin-symbol-errors-validation/9to1 Workspace/shared/src/Haven.Core/Entities/ModeEntities.cs",
        "RootDir": "/",
        "Filename": "ModeEntities",
        "Extension": ".cs",
        "RelativeDir": "Entities/",
        "Directory": "workspace/team-c/c3-admin-symbol-errors-validation/9to1 Workspace/shared/src/Haven.Core/Entities/",
        "RecursiveDir": "Entities/",
        "ModifiedTime": "",
        "CreatedTime": "",
        "AccessedTime": "",
        "DefiningProjectFullPath": "/workspace/.tools/dotnet/sdk/10.0.401/Sdks/Microsoft.NET.Sdk/targets/Microsoft.NET.Sdk.DefaultItems.props",
        "DefiningProjectDirectory": "/workspace/.tools/dotnet/sdk/10.0.401/Sdks/Microsoft.NET.Sdk/targets/",
        "DefiningProjectName": "Microsoft.NET.Sdk.DefaultItems",
        "DefiningProjectExtension": ".props"
      },
      {
        "Identity": "Entities/ModelEntities.cs",
        "FullPath": "/workspace/team-c/c3-admin-symbol-errors-validation/9to1 Workspace/shared/src/Haven.Core/Entities/ModelEntities.cs",
        "RootDir": "/",
        "Filename": "ModelEntities",
        "Extension": ".cs",
        "RelativeDir": "Entities/",
        "Directory": "workspace/team-c/c3-admin-symbol-errors-validation/9to1 Workspace/shared/src/Haven.Core/Entities/",
        "RecursiveDir": "Entities/",
        "ModifiedTime": "",
        "CreatedTime": "",
        "AccessedTime": "",
        "DefiningProjectFullPath": "/workspace/.tools/dotnet/sdk/10.0.401/Sdks/Microsoft.NET.Sdk/targets/Microsoft.NET.Sdk.DefaultItems.props",
        "DefiningProjectDirectory": "/workspace/.tools/dotnet/sdk/10.0.401/Sdks/Microsoft.NET.Sdk/targets/",
        "DefiningProjectName": "Microsoft.NET.Sdk.DefaultItems",
        "DefiningProjectExtension": ".props"
      },
      {
        "Identity": "Entities/PlannerEntities.cs",
        "FullPath": "/workspace/team-c/c3-admin-symbol-errors-validation/9to1 Workspace/shared/src/Haven.Core/Entities/PlannerEntities.cs",
        "RootDir": "/",
        "Filename": "PlannerEntities",
        "Extension": ".cs",
        "RelativeDir": "Entities/",
        "Directory": "workspace/team-c/c3-admin-symbol-errors-validation/9to1 Workspace/shared/src/Haven.Core/Entities/",
        "RecursiveDir": "Entities/",
        "ModifiedTime": "",
        "CreatedTime": "",
        "AccessedTime": "",
        "DefiningProjectFullPath": "/workspace/.tools/dotnet/sdk/10.0.401/Sdks/Microsoft.NET.Sdk/targets/Microsoft.NET.Sdk.DefaultItems.props",
        "DefiningProjectDirectory": "/workspace/.tools/dotnet/sdk/10.0.401/Sdks/Microsoft.NET.Sdk/targets/",
        "DefiningProjectName": "Microsoft.NET.Sdk.DefaultItems",
        "DefiningProjectExtension": ".props"
      },
      {
        "Identity": "Entities/ProjectSourceControlEntities.cs",
        "FullPath": "/workspace/team-c/c3-admin-symbol-errors-validation/9to1 Workspace/shared/src/Haven.Core/Entities/ProjectSourceControlEntities.cs",
        "RootDir": "/",
        "Filename": "ProjectSourceControlEntities",
        "Extension": ".cs",
        "RelativeDir": "Entities/",
        "Directory": "workspace/team-c/c3-admin-symbol-errors-validation/9to1 Workspace/shared/src/Haven.Core/Entities/",
        "RecursiveDir": "Entities/",
        "ModifiedTime": "",
        "CreatedTime": "",
        "AccessedTime": "",
        "DefiningProjectFullPath": "/workspace/.tools/dotnet/sdk/10.0.401/Sdks/Microsoft.NET.Sdk/targets/Microsoft.NET.Sdk.DefaultItems.props",
        "DefiningProjectDirectory": "/workspace/.tools/dotnet/sdk/10.0.401/Sdks/Microsoft.NET.Sdk/targets/",
        "DefiningProjectName": "Microsoft.NET.Sdk.DefaultItems",
        "DefiningProjectExtension": ".props"
      },
      {
        "Identity": "Entities/ToolInvocationEvidence.cs",
        "FullPath": "/workspace/team-c/c3-admin-symbol-errors-validation/9to1 Workspace/shared/src/Haven.Core/Entities/ToolInvocationEvidence.cs",
        "RootDir": "/",
        "Filename": "ToolInvocationEvidence",
        "Extension": ".cs",
        "RelativeDir": "Entities/",
        "Directory": "workspace/team-c/c3-admin-symbol-errors-validation/9to1 Workspace/shared/src/Haven.Core/Entities/",
        "RecursiveDir": "Entities/",
        "ModifiedTime": "",
        "CreatedTime": "",
        "AccessedTime": "",
        "DefiningProjectFullPath": "/workspace/.tools/dotnet/sdk/10.0.401/Sdks/Microsoft.NET.Sdk/targets/Microsoft.NET.Sdk.DefaultItems.props",
        "DefiningProjectDirectory": "/workspace/.tools/dotnet/sdk/10.0.401/Sdks/Microsoft.NET.Sdk/targets/",
        "DefiningProjectName": "Microsoft.NET.Sdk.DefaultItems",
        "DefiningProjectExtension": ".props"
      },
      {
        "Identity": "Entities/TrainingEntities.cs",
        "FullPath": "/workspace/team-c/c3-admin-symbol-errors-validation/9to1 Workspace/shared/src/Haven.Core/Entities/TrainingEntities.cs",
        "RootDir": "/",
        "Filename": "TrainingEntities",
        "Extension": ".cs",
        "RelativeDir": "Entities/",
        "Directory": "workspace/team-c/c3-admin-symbol-errors-validation/9to1 Workspace/shared/src/Haven.Core/Entities/",
        "RecursiveDir": "Entities/",
        "ModifiedTime": "",
        "CreatedTime": "",
        "AccessedTime": "",
        "DefiningProjectFullPath": "/workspace/.tools/dotnet/sdk/10.0.401/Sdks/Microsoft.NET.Sdk/targets/Microsoft.NET.Sdk.DefaultItems.props",
        "DefiningProjectDirectory": "/workspace/.tools/dotnet/sdk/10.0.401/Sdks/Microsoft.NET.Sdk/targets/",
        "DefiningProjectName": "Microsoft.NET.Sdk.DefaultItems",
        "DefiningProjectExtension": ".props"
      },
      {
        "Identity": "Entities/WorkspaceEntities.cs",
        "FullPath": "/workspace/team-c/c3-admin-symbol-errors-validation/9to1 Workspace/shared/src/Haven.Core/Entities/WorkspaceEntities.cs",
        "RootDir": "/",
        "Filename": "WorkspaceEntities",
        "Extension": ".cs",
        "RelativeDir": "Entities/",
        "Directory": "workspace/team-c/c3-admin-symbol-errors-validation/9to1 Workspace/shared/src/Haven.Core/Entities/",
        "RecursiveDir": "Entities/",
        "ModifiedTime": "",
        "CreatedTime": "",
        "AccessedTime": "",
        "DefiningProjectFullPath": "/workspace/.tools/dotnet/sdk/10.0.401/Sdks/Microsoft.NET.Sdk/targets/Microsoft.NET.Sdk.DefaultItems.props",
        "DefiningProjectDirectory": "/workspace/.tools/dotnet/sdk/10.0.401/Sdks/Microsoft.NET.Sdk/targets/",
        "DefiningProjectName": "Microsoft.NET.Sdk.DefaultItems",
        "DefiningProjectExtension": ".props"
      },
      {
        "Identity": "Enums/AutomationEnums.cs",
        "FullPath": "/workspace/team-c/c3-admin-symbol-errors-validation/9to1 Workspace/shared/src/Haven.Core/Enums/AutomationEnums.cs",
        "RootDir": "/",
        "Filename": "AutomationEnums",
        "Extension": ".cs",
        "RelativeDir": "Enums/",
        "Directory": "workspace/team-c/c3-admin-symbol-errors-validation/9to1 Workspace/shared/src/Haven.Core/Enums/",
        "RecursiveDir": "Enums/",
        "ModifiedTime": "",
        "CreatedTime": "",
        "AccessedTime": "",
        "DefiningProjectFullPath": "/workspace/.tools/dotnet/sdk/10.0.401/Sdks/Microsoft.NET.Sdk/targets/Microsoft.NET.Sdk.DefaultItems.props",
        "DefiningProjectDirectory": "/workspace/.tools/dotnet/sdk/10.0.401/Sdks/Microsoft.NET.Sdk/targets/",
        "DefiningProjectName": "Microsoft.NET.Sdk.DefaultItems",
        "DefiningProjectExtension": ".props"
      },
      {
        "Identity": "Enums/BrowserEnums.cs",
        "FullPath": "/workspace/team-c/c3-admin-symbol-errors-validation/9to1 Workspace/shared/src/Haven.Core/Enums/BrowserEnums.cs",
        "RootDir": "/",
        "Filename": "BrowserEnums",
        "Extension": ".cs",
        "RelativeDir": "Enums/",
        "Directory": "workspace/team-c/c3-admin-symbol-errors-validation/9to1 Workspace/shared/src/Haven.Core/Enums/",
        "RecursiveDir": "Enums/",
        "ModifiedTime": "",
        "CreatedTime": "",
        "AccessedTime": "",
        "DefiningProjectFullPath": "/workspace/.tools/dotnet/sdk/10.0.401/Sdks/Microsoft.NET.Sdk/targets/Microsoft.NET.Sdk.DefaultItems.props",
        "DefiningProjectDirectory": "/workspace/.tools/dotnet/sdk/10.0.401/Sdks/Microsoft.NET.Sdk/targets/",
        "DefiningProjectName": "Microsoft.NET.Sdk.DefaultItems",
        "DefiningProjectExtension": ".props"
      },
      {
        "Identity": "Enums/CalendarEnums.cs",
        "FullPath": "/workspace/team-c/c3-admin-symbol-errors-validation/9to1 Workspace/shared/src/Haven.Core/Enums/CalendarEnums.cs",
        "RootDir": "/",
        "Filename": "CalendarEnums",
        "Extension": ".cs",
        "RelativeDir": "Enums/",
        "Directory": "workspace/team-c/c3-admin-symbol-errors-validation/9to1 Workspace/shared/src/Haven.Core/Enums/",
        "RecursiveDir": "Enums/",
        "ModifiedTime": "",
        "CreatedTime": "",
        "AccessedTime": "",
        "DefiningProjectFullPath": "/workspace/.tools/dotnet/sdk/10.0.401/Sdks/Microsoft.NET.Sdk/targets/Microsoft.NET.Sdk.DefaultItems.props",
        "DefiningProjectDirectory": "/workspace/.tools/dotnet/sdk/10.0.401/Sdks/Microsoft.NET.Sdk/targets/",
        "DefiningProjectName": "Microsoft.NET.Sdk.DefaultItems",
        "DefiningProjectExtension": ".props"
      },
      {
        "Identity": "Enums/ConversationEnums.cs",
        "FullPath": "/workspace/team-c/c3-admin-symbol-errors-validation/9to1 Workspace/shared/src/Haven.Core/Enums/ConversationEnums.cs",
        "RootDir": "/",
        "Filename": "ConversationEnums",
        "Extension": ".cs",
        "RelativeDir": "Enums/",
        "Directory": "workspace/team-c/c3-admin-symbol-errors-validation/9to1 Workspace/shared/src/Haven.Core/Enums/",
        "RecursiveDir": "Enums/",
        "ModifiedTime": "",
        "CreatedTime": "",
        "AccessedTime": "",
        "DefiningProjectFullPath": "/workspace/.tools/dotnet/sdk/10.0.401/Sdks/Microsoft.NET.Sdk/targets/Microsoft.NET.Sdk.DefaultItems.props",
        "DefiningProjectDirectory": "/workspace/.tools/dotnet/sdk/10.0.401/Sdks/Microsoft.NET.Sdk/targets/",
        "DefiningProjectName": "Microsoft.NET.Sdk.DefaultItems",
        "DefiningProjectExtension": ".props"
      },
      {
        "Identity": "Enums/ModeEnums.cs",
        "FullPath": "/workspace/team-c/c3-admin-symbol-errors-validation/9to1 Workspace/shared/src/Haven.Core/Enums/ModeEnums.cs",
        "RootDir": "/",
        "Filename": "ModeEnums",
        "Extension": ".cs",
        "RelativeDir": "Enums/",
        "Directory": "workspace/team-c/c3-admin-symbol-errors-validation/9to1 Workspace/shared/src/Haven.Core/Enums/",
        "RecursiveDir": "Enums/",
        "ModifiedTime": "",
        "CreatedTime": "",
        "AccessedTime": "",
        "DefiningProjectFullPath": "/workspace/.tools/dotnet/sdk/10.0.401/Sdks/Microsoft.NET.Sdk/targets/Microsoft.NET.Sdk.DefaultItems.props",
        "DefiningProjectDirectory": "/workspace/.tools/dotnet/sdk/10.0.401/Sdks/Microsoft.NET.Sdk/targets/",
        "DefiningProjectName": "Microsoft.NET.Sdk.DefaultItems",
        "DefiningProjectExtension": ".props"
      },
      {
        "Identity": "Enums/PlannerEnums.cs",
        "FullPath": "/workspace/team-c/c3-admin-symbol-errors-validation/9to1 Workspace/shared/src/Haven.Core/Enums/PlannerEnums.cs",
        "RootDir": "/",
        "Filename": "PlannerEnums",
        "Extension": ".cs",
        "RelativeDir": "Enums/",
        "Directory": "workspace/team-c/c3-admin-symbol-errors-validation/9to1 Workspace/shared/src/Haven.Core/Enums/",
        "RecursiveDir": "Enums/",
        "ModifiedTime": "",
        "CreatedTime": "",
        "AccessedTime": "",
        "DefiningProjectFullPath": "/workspace/.tools/dotnet/sdk/10.0.401/Sdks/Microsoft.NET.Sdk/targets/Microsoft.NET.Sdk.DefaultItems.props",
        "DefiningProjectDirectory": "/workspace/.tools/dotnet/sdk/10.0.401/Sdks/Microsoft.NET.Sdk/targets/",
        "DefiningProjectName": "Microsoft.NET.Sdk.DefaultItems",
        "DefiningProjectExtension": ".props"
      },
      {
        "Identity": "Enums/SurfaceEnums.cs",
        "FullPath": "/workspace/team-c/c3-admin-symbol-errors-validation/9to1 Workspace/shared/src/Haven.Core/Enums/SurfaceEnums.cs",
        "RootDir": "/",
        "Filename": "SurfaceEnums",
        "Extension": ".cs",
        "RelativeDir": "Enums/",
        "Directory": "workspace/team-c/c3-admin-symbol-errors-validation/9to1 Workspace/shared/src/Haven.Core/Enums/",
        "RecursiveDir": "Enums/",
        "ModifiedTime": "",
        "CreatedTime": "",
        "AccessedTime": "",
        "DefiningProjectFullPath": "/workspace/.tools/dotnet/sdk/10.0.401/Sdks/Microsoft.NET.Sdk/targets/Microsoft.NET.Sdk.DefaultItems.props",
        "DefiningProjectDirectory": "/workspace/.tools/dotnet/sdk/10.0.401/Sdks/Microsoft.NET.Sdk/targets/",
        "DefiningProjectName": "Microsoft.NET.Sdk.DefaultItems",
        "DefiningProjectExtension": ".props"
      },
      {
        "Identity": "Enums/ToolEnums.cs",
        "FullPath": "/workspace/team-c/c3-admin-symbol-errors-validation/9to1 Workspace/shared/src/Haven.Core/Enums/ToolEnums.cs",
        "RootDir": "/",
        "Filename": "ToolEnums",
        "Extension": ".cs",
        "RelativeDir": "Enums/",
        "Directory": "workspace/team-c/c3-admin-symbol-errors-validation/9to1 Workspace/shared/src/Haven.Core/Enums/",
        "RecursiveDir": "Enums/",
        "ModifiedTime": "",
        "CreatedTime": "",
        "AccessedTime": "",
        "DefiningProjectFullPath": "/workspace/.tools/dotnet/sdk/10.0.401/Sdks/Microsoft.NET.Sdk/targets/Microsoft.NET.Sdk.DefaultItems.props",
        "DefiningProjectDirectory": "/workspace/.tools/dotnet/sdk/10.0.401/Sdks/Microsoft.NET.Sdk/targets/",
        "DefiningProjectName": "Microsoft.NET.Sdk.DefaultItems",
        "DefiningProjectExtension": ".props"
      },
      {
        "Identity": "Enums/WorkspaceEnums.cs",
        "FullPath": "/workspace/team-c/c3-admin-symbol-errors-validation/9to1 Workspace/shared/src/Haven.Core/Enums/WorkspaceEnums.cs",
        "RootDir": "/",
        "Filename": "WorkspaceEnums",
        "Extension": ".cs",
        "RelativeDir": "Enums/",
        "Directory": "workspace/team-c/c3-admin-symbol-errors-validation/9to1 Workspace/shared/src/Haven.Core/Enums/",
        "RecursiveDir": "Enums/",
        "ModifiedTime": "",
        "CreatedTime": "",
        "AccessedTime": "",
        "DefiningProjectFullPath": "/workspace/.tools/dotnet/sdk/10.0.401/Sdks/Microsoft.NET.Sdk/targets/Microsoft.NET.Sdk.DefaultItems.props",
        "DefiningProjectDirectory": "/workspace/.tools/dotnet/sdk/10.0.401/Sdks/Microsoft.NET.Sdk/targets/",
        "DefiningProjectName": "Microsoft.NET.Sdk.DefaultItems",
        "DefiningProjectExtension": ".props"
      },
      {
        "Identity": "Execution/ExecutionModels.cs",
        "FullPath": "/workspace/team-c/c3-admin-symbol-errors-validation/9to1 Workspace/shared/src/Haven.Core/Execution/ExecutionModels.cs",
        "RootDir": "/",
        "Filename": "ExecutionModels",
        "Extension": ".cs",
        "RelativeDir": "Execution/",
        "Directory": "workspace/team-c/c3-admin-symbol-errors-validation/9to1 Workspace/shared/src/Haven.Core/Execution/",
        "RecursiveDir": "Execution/",
        "ModifiedTime": "",
        "CreatedTime": "",
        "AccessedTime": "",
        "DefiningProjectFullPath": "/workspace/.tools/dotnet/sdk/10.0.401/Sdks/Microsoft.NET.Sdk/targets/Microsoft.NET.Sdk.DefaultItems.props",
        "DefiningProjectDirectory": "/workspace/.tools/dotnet/sdk/10.0.401/Sdks/Microsoft.NET.Sdk/targets/",
        "DefiningProjectName": "Microsoft.NET.Sdk.DefaultItems",
        "DefiningProjectExtension": ".props"
      },
      {
        "Identity": "Execution/RecoveryModels.cs",
        "FullPath": "/workspace/team-c/c3-admin-symbol-errors-validation/9to1 Workspace/shared/src/Haven.Core/Execution/RecoveryModels.cs",
        "RootDir": "/",
        "Filename": "RecoveryModels",
        "Extension": ".cs",
        "RelativeDir": "Execution/",
        "Directory": "workspace/team-c/c3-admin-symbol-errors-validation/9to1 Workspace/shared/src/Haven.Core/Execution/",
        "RecursiveDir": "Execution/",
        "ModifiedTime": "",
        "CreatedTime": "",
        "AccessedTime": "",
        "DefiningProjectFullPath": "/workspace/.tools/dotnet/sdk/10.0.401/Sdks/Microsoft.NET.Sdk/targets/Microsoft.NET.Sdk.DefaultItems.props",
        "DefiningProjectDirectory": "/workspace/.tools/dotnet/sdk/10.0.401/Sdks/Microsoft.NET.Sdk/targets/",
        "DefiningProjectName": "Microsoft.NET.Sdk.DefaultItems",
        "DefiningProjectExtension": ".props"
      },
      {
        "Identity": "Execution/TaskCoordinationModels.cs",
        "FullPath": "/workspace/team-c/c3-admin-symbol-errors-validation/9to1 Workspace/shared/src/Haven.Core/Execution/TaskCoordinationModels.cs",
        "RootDir": "/",
        "Filename": "TaskCoordinationModels",
        "Extension": ".cs",
        "RelativeDir": "Execution/",
        "Directory": "workspace/team-c/c3-admin-symbol-errors-validation/9to1 Workspace/shared/src/Haven.Core/Execution/",
        "RecursiveDir": "Execution/",
        "ModifiedTime": "",
        "CreatedTime": "",
        "AccessedTime": "",
        "DefiningProjectFullPath": "/workspace/.tools/dotnet/sdk/10.0.401/Sdks/Microsoft.NET.Sdk/targets/Microsoft.NET.Sdk.DefaultItems.props",
        "DefiningProjectDirectory": "/workspace/.tools/dotnet/sdk/10.0.401/Sdks/Microsoft.NET.Sdk/targets/",
        "DefiningProjectName": "Microsoft.NET.Sdk.DefaultItems",
        "DefiningProjectExtension": ".props"
      },
      {
        "Identity": "Extensions/ExtensionModels.cs",
        "FullPath": "/workspace/team-c/c3-admin-symbol-errors-validation/9to1 Workspace/shared/src/Haven.Core/Extensions/ExtensionModels.cs",
        "RootDir": "/",
        "Filename": "ExtensionModels",
        "Extension": ".cs",
        "RelativeDir": "Extensions/",
        "Directory": "workspace/team-c/c3-admin-symbol-errors-validation/9to1 Workspace/shared/src/Haven.Core/Extensions/",
        "RecursiveDir": "Extensions/",
        "ModifiedTime": "",
        "CreatedTime": "",
        "AccessedTime": "",
        "DefiningProjectFullPath": "/workspace/.tools/dotnet/sdk/10.0.401/Sdks/Microsoft.NET.Sdk/targets/Microsoft.NET.Sdk.DefaultItems.props",
        "DefiningProjectDirectory": "/workspace/.tools/dotnet/sdk/10.0.401/Sdks/Microsoft.NET.Sdk/targets/",
        "DefiningProjectName": "Microsoft.NET.Sdk.DefaultItems",
        "DefiningProjectExtension": ".props"
      },
      {
        "Identity": "Extensions/ExtensionSidebarContribution.cs",
        "FullPath": "/workspace/team-c/c3-admin-symbol-errors-validation/9to1 Workspace/shared/src/Haven.Core/Extensions/ExtensionSidebarContribution.cs",
        "RootDir": "/",
        "Filename": "ExtensionSidebarContribution",
        "Extension": ".cs",
        "RelativeDir": "Extensions/",
        "Directory": "workspace/team-c/c3-admin-symbol-errors-validation/9to1 Workspace/shared/src/Haven.Core/Extensions/",
        "RecursiveDir": "Extensions/",
        "ModifiedTime": "",
        "CreatedTime": "",
        "AccessedTime": "",
        "DefiningProjectFullPath": "/workspace/.tools/dotnet/sdk/10.0.401/Sdks/Microsoft.NET.Sdk/targets/Microsoft.NET.Sdk.DefaultItems.props",
        "DefiningProjectDirectory": "/workspace/.tools/dotnet/sdk/10.0.401/Sdks/Microsoft.NET.Sdk/targets/",
        "DefiningProjectName": "Microsoft.NET.Sdk.DefaultItems",
        "DefiningProjectExtension": ".props"
      },
      {
        "Identity": "Forms/FormMarking.cs",
        "FullPath": "/workspace/team-c/c3-admin-symbol-errors-validation/9to1 Workspace/shared/src/Haven.Core/Forms/FormMarking.cs",
        "RootDir": "/",
        "Filename": "FormMarking",
        "Extension": ".cs",
        "RelativeDir": "Forms/",
        "Directory": "workspace/team-c/c3-admin-symbol-errors-validation/9to1 Workspace/shared/src/Haven.Core/Forms/",
        "RecursiveDir": "Forms/",
        "ModifiedTime": "",
        "CreatedTime": "",
        "AccessedTime": "",
        "DefiningProjectFullPath": "/workspace/.tools/dotnet/sdk/10.0.401/Sdks/Microsoft.NET.Sdk/targets/Microsoft.NET.Sdk.DefaultItems.props",
        "DefiningProjectDirectory": "/workspace/.tools/dotnet/sdk/10.0.401/Sdks/Microsoft.NET.Sdk/targets/",
        "DefiningProjectName": "Microsoft.NET.Sdk.DefaultItems",
        "DefiningProjectExtension": ".props"
      },
      {
        "Identity": "Forms/FormProject.cs",
        "FullPath": "/workspace/team-c/c3-admin-symbol-errors-validation/9to1 Workspace/shared/src/Haven.Core/Forms/FormProject.cs",
        "RootDir": "/",
        "Filename": "FormProject",
        "Extension": ".cs",
        "RelativeDir": "Forms/",
        "Directory": "workspace/team-c/c3-admin-symbol-errors-validation/9to1 Workspace/shared/src/Haven.Core/Forms/",
        "RecursiveDir": "Forms/",
        "ModifiedTime": "",
        "CreatedTime": "",
        "AccessedTime": "",
        "DefiningProjectFullPath": "/workspace/.tools/dotnet/sdk/10.0.401/Sdks/Microsoft.NET.Sdk/targets/Microsoft.NET.Sdk.DefaultItems.props",
        "DefiningProjectDirectory": "/workspace/.tools/dotnet/sdk/10.0.401/Sdks/Microsoft.NET.Sdk/targets/",
        "DefiningProjectName": "Microsoft.NET.Sdk.DefaultItems",
        "DefiningProjectExtension": ".props"
      },
      {
        "Identity": "Forms/FormProjectEditor.cs",
        "FullPath": "/workspace/team-c/c3-admin-symbol-errors-validation/9to1 Workspace/shared/src/Haven.Core/Forms/FormProjectEditor.cs",
        "RootDir": "/",
        "Filename": "FormProjectEditor",
        "Extension": ".cs",
        "RelativeDir": "Forms/",
        "Directory": "workspace/team-c/c3-admin-symbol-errors-validation/9to1 Workspace/shared/src/Haven.Core/Forms/",
        "RecursiveDir": "Forms/",
        "ModifiedTime": "",
        "CreatedTime": "",
        "AccessedTime": "",
        "DefiningProjectFullPath": "/workspace/.tools/dotnet/sdk/10.0.401/Sdks/Microsoft.NET.Sdk/targets/Microsoft.NET.Sdk.DefaultItems.props",
        "DefiningProjectDirectory": "/workspace/.tools/dotnet/sdk/10.0.401/Sdks/Microsoft.NET.Sdk/targets/",
        "DefiningProjectName": "Microsoft.NET.Sdk.DefaultItems",
        "DefiningProjectExtension": ".props"
      },
      {
        "Identity": "Forms/FormPublication.cs",
        "FullPath": "/workspace/team-c/c3-admin-symbol-errors-validation/9to1 Workspace/shared/src/Haven.Core/Forms/FormPublication.cs",
        "RootDir": "/",
        "Filename": "FormPublication",
        "Extension": ".cs",
        "RelativeDir": "Forms/",
        "Directory": "workspace/team-c/c3-admin-symbol-errors-validation/9to1 Workspace/shared/src/Haven.Core/Forms/",
        "RecursiveDir": "Forms/",
        "ModifiedTime": "",
        "CreatedTime": "",
        "AccessedTime": "",
        "DefiningProjectFullPath": "/workspace/.tools/dotnet/sdk/10.0.401/Sdks/Microsoft.NET.Sdk/targets/Microsoft.NET.Sdk.DefaultItems.props",
        "DefiningProjectDirectory": "/workspace/.tools/dotnet/sdk/10.0.401/Sdks/Microsoft.NET.Sdk/targets/",
        "DefiningProjectName": "Microsoft.NET.Sdk.DefaultItems",
        "DefiningProjectExtension": ".props"
      },
      {
        "Identity": "Forms/FormResponseRuntime.cs",
        "FullPath": "/workspace/team-c/c3-admin-symbol-errors-validation/9to1 Workspace/shared/src/Haven.Core/Forms/FormResponseRuntime.cs",
        "RootDir": "/",
        "Filename": "FormResponseRuntime",
        "Extension": ".cs",
        "RelativeDir": "Forms/",
        "Directory": "workspace/team-c/c3-admin-symbol-errors-validation/9to1 Workspace/shared/src/Haven.Core/Forms/",
        "RecursiveDir": "Forms/",
        "ModifiedTime": "",
        "CreatedTime": "",
        "AccessedTime": "",
        "DefiningProjectFullPath": "/workspace/.tools/dotnet/sdk/10.0.401/Sdks/Microsoft.NET.Sdk/targets/Microsoft.NET.Sdk.DefaultItems.props",
        "DefiningProjectDirectory": "/workspace/.tools/dotnet/sdk/10.0.401/Sdks/Microsoft.NET.Sdk/targets/",
        "DefiningProjectName": "Microsoft.NET.Sdk.DefaultItems",
        "DefiningProjectExtension": ".props"
      },
      {
        "Identity": "Forms/FormTableInput.cs",
        "FullPath": "/workspace/team-c/c3-admin-symbol-errors-validation/9to1 Workspace/shared/src/Haven.Core/Forms/FormTableInput.cs",
        "RootDir": "/",
        "Filename": "FormTableInput",
        "Extension": ".cs",
        "RelativeDir": "Forms/",
        "Directory": "workspace/team-c/c3-admin-symbol-errors-validation/9to1 Workspace/shared/src/Haven.Core/Forms/",
        "RecursiveDir": "Forms/",
        "ModifiedTime": "",
        "CreatedTime": "",
        "AccessedTime": "",
        "DefiningProjectFullPath": "/workspace/.tools/dotnet/sdk/10.0.401/Sdks/Microsoft.NET.Sdk/targets/Microsoft.NET.Sdk.DefaultItems.props",
        "DefiningProjectDirectory": "/workspace/.tools/dotnet/sdk/10.0.401/Sdks/Microsoft.NET.Sdk/targets/",
        "DefiningProjectName": "Microsoft.NET.Sdk.DefaultItems",
        "DefiningProjectExtension": ".props"
      },
      {
        "Identity": "Games/GamesManagedRuntime.cs",
        "FullPath": "/workspace/team-c/c3-admin-symbol-errors-validation/9to1 Workspace/shared/src/Haven.Core/Games/GamesManagedRuntime.cs",
        "RootDir": "/",
        "Filename": "GamesManagedRuntime",
        "Extension": ".cs",
        "RelativeDir": "Games/",
        "Directory": "workspace/team-c/c3-admin-symbol-errors-validation/9to1 Workspace/shared/src/Haven.Core/Games/",
        "RecursiveDir": "Games/",
        "ModifiedTime": "",
        "CreatedTime": "",
        "AccessedTime": "",
        "DefiningProjectFullPath": "/workspace/.tools/dotnet/sdk/10.0.401/Sdks/Microsoft.NET.Sdk/targets/Microsoft.NET.Sdk.DefaultItems.props",
        "DefiningProjectDirectory": "/workspace/.tools/dotnet/sdk/10.0.401/Sdks/Microsoft.NET.Sdk/targets/",
        "DefiningProjectName": "Microsoft.NET.Sdk.DefaultItems",
        "DefiningProjectExtension": ".props"
      },
      {
        "Identity": "Games/GamesProjectDocument.cs",
        "FullPath": "/workspace/team-c/c3-admin-symbol-errors-validation/9to1 Workspace/shared/src/Haven.Core/Games/GamesProjectDocument.cs",
        "RootDir": "/",
        "Filename": "GamesProjectDocument",
        "Extension": ".cs",
        "RelativeDir": "Games/",
        "Directory": "workspace/team-c/c3-admin-symbol-errors-validation/9to1 Workspace/shared/src/Haven.Core/Games/",
        "RecursiveDir": "Games/",
        "ModifiedTime": "",
        "CreatedTime": "",
        "AccessedTime": "",
        "DefiningProjectFullPath": "/workspace/.tools/dotnet/sdk/10.0.401/Sdks/Microsoft.NET.Sdk/targets/Microsoft.NET.Sdk.DefaultItems.props",
        "DefiningProjectDirectory": "/workspace/.tools/dotnet/sdk/10.0.401/Sdks/Microsoft.NET.Sdk/targets/",
        "DefiningProjectName": "Microsoft.NET.Sdk.DefaultItems",
        "DefiningProjectExtension": ".props"
      },
      {
        "Identity": "Games/GamesScene.cs",
        "FullPath": "/workspace/team-c/c3-admin-symbol-errors-validation/9to1 Workspace/shared/src/Haven.Core/Games/GamesScene.cs",
        "RootDir": "/",
        "Filename": "GamesScene",
        "Extension": ".cs",
        "RelativeDir": "Games/",
        "Directory": "workspace/team-c/c3-admin-symbol-errors-validation/9to1 Workspace/shared/src/Haven.Core/Games/",
        "RecursiveDir": "Games/",
        "ModifiedTime": "",
        "CreatedTime": "",
        "AccessedTime": "",
        "DefiningProjectFullPath": "/workspace/.tools/dotnet/sdk/10.0.401/Sdks/Microsoft.NET.Sdk/targets/Microsoft.NET.Sdk.DefaultItems.props",
        "DefiningProjectDirectory": "/workspace/.tools/dotnet/sdk/10.0.401/Sdks/Microsoft.NET.Sdk/targets/",
        "DefiningProjectName": "Microsoft.NET.Sdk.DefaultItems",
        "DefiningProjectExtension": ".props"
      },
      {
        "Identity": "GenerativeUi/DeterministicCalculator.cs",
        "FullPath": "/workspace/team-c/c3-admin-symbol-errors-validation/9to1 Workspace/shared/src/Haven.Core/GenerativeUi/DeterministicCalculator.cs",
        "RootDir": "/",
        "Filename": "DeterministicCalculator",
        "Extension": ".cs",
        "RelativeDir": "GenerativeUi/",
        "Directory": "workspace/team-c/c3-admin-symbol-errors-validation/9to1 Workspace/shared/src/Haven.Core/GenerativeUi/",
        "RecursiveDir": "GenerativeUi/",
        "ModifiedTime": "",
        "CreatedTime": "",
        "AccessedTime": "",
        "DefiningProjectFullPath": "/workspace/.tools/dotnet/sdk/10.0.401/Sdks/Microsoft.NET.Sdk/targets/Microsoft.NET.Sdk.DefaultItems.props",
        "DefiningProjectDirectory": "/workspace/.tools/dotnet/sdk/10.0.401/Sdks/Microsoft.NET.Sdk/targets/",
        "DefiningProjectName": "Microsoft.NET.Sdk.DefaultItems",
        "DefiningProjectExtension": ".props"
      },
      {
        "Identity": "GenerativeUi/GenerativeUiAppContracts.cs",
        "FullPath": "/workspace/team-c/c3-admin-symbol-errors-validation/9to1 Workspace/shared/src/Haven.Core/GenerativeUi/GenerativeUiAppContracts.cs",
        "RootDir": "/",
        "Filename": "GenerativeUiAppContracts",
        "Extension": ".cs",
        "RelativeDir": "GenerativeUi/",
        "Directory": "workspace/team-c/c3-admin-symbol-errors-validation/9to1 Workspace/shared/src/Haven.Core/GenerativeUi/",
        "RecursiveDir": "GenerativeUi/",
        "ModifiedTime": "",
        "CreatedTime": "",
        "AccessedTime": "",
        "DefiningProjectFullPath": "/workspace/.tools/dotnet/sdk/10.0.401/Sdks/Microsoft.NET.Sdk/targets/Microsoft.NET.Sdk.DefaultItems.props",
        "DefiningProjectDirectory": "/workspace/.tools/dotnet/sdk/10.0.401/Sdks/Microsoft.NET.Sdk/targets/",
        "DefiningProjectName": "Microsoft.NET.Sdk.DefaultItems",
        "DefiningProjectExtension": ".props"
      },
      {
        "Identity": "GenerativeUi/GenerativeUiContracts.cs",
        "FullPath": "/workspace/team-c/c3-admin-symbol-errors-validation/9to1 Workspace/shared/src/Haven.Core/GenerativeUi/GenerativeUiContracts.cs",
        "RootDir": "/",
        "Filename": "GenerativeUiContracts",
        "Extension": ".cs",
        "RelativeDir": "GenerativeUi/",
        "Directory": "workspace/team-c/c3-admin-symbol-errors-validation/9to1 Workspace/shared/src/Haven.Core/GenerativeUi/",
        "RecursiveDir": "GenerativeUi/",
        "ModifiedTime": "",
        "CreatedTime": "",
        "AccessedTime": "",
        "DefiningProjectFullPath": "/workspace/.tools/dotnet/sdk/10.0.401/Sdks/Microsoft.NET.Sdk/targets/Microsoft.NET.Sdk.DefaultItems.props",
        "DefiningProjectDirectory": "/workspace/.tools/dotnet/sdk/10.0.401/Sdks/Microsoft.NET.Sdk/targets/",
        "DefiningProjectName": "Microsoft.NET.Sdk.DefaultItems",
        "DefiningProjectExtension": ".props"
      },
      {
        "Identity": "GenerativeUi/GenerativeUiContractValidator.cs",
        "FullPath": "/workspace/team-c/c3-admin-symbol-errors-validation/9to1 Workspace/shared/src/Haven.Core/GenerativeUi/GenerativeUiContractValidator.cs",
        "RootDir": "/",
        "Filename": "GenerativeUiContractValidator",
        "Extension": ".cs",
        "RelativeDir": "GenerativeUi/",
        "Directory": "workspace/team-c/c3-admin-symbol-errors-validation/9to1 Workspace/shared/src/Haven.Core/GenerativeUi/",
        "RecursiveDir": "GenerativeUi/",
        "ModifiedTime": "",
        "CreatedTime": "",
        "AccessedTime": "",
        "DefiningProjectFullPath": "/workspace/.tools/dotnet/sdk/10.0.401/Sdks/Microsoft.NET.Sdk/targets/Microsoft.NET.Sdk.DefaultItems.props",
        "DefiningProjectDirectory": "/workspace/.tools/dotnet/sdk/10.0.401/Sdks/Microsoft.NET.Sdk/targets/",
        "DefiningProjectName": "Microsoft.NET.Sdk.DefaultItems",
        "DefiningProjectExtension": ".props"
      },
      {
        "Identity": "GenerativeUi/GenUiRenderingLayerSelector.cs",
        "FullPath": "/workspace/team-c/c3-admin-symbol-errors-validation/9to1 Workspace/shared/src/Haven.Core/GenerativeUi/GenUiRenderingLayerSelector.cs",
        "RootDir": "/",
        "Filename": "GenUiRenderingLayerSelector",
        "Extension": ".cs",
        "RelativeDir": "GenerativeUi/",
        "Directory": "workspace/team-c/c3-admin-symbol-errors-validation/9to1 Workspace/shared/src/Haven.Core/GenerativeUi/",
        "RecursiveDir": "GenerativeUi/",
        "ModifiedTime": "",
        "CreatedTime": "",
        "AccessedTime": "",
        "DefiningProjectFullPath": "/workspace/.tools/dotnet/sdk/10.0.401/Sdks/Microsoft.NET.Sdk/targets/Microsoft.NET.Sdk.DefaultItems.props",
        "DefiningProjectDirectory": "/workspace/.tools/dotnet/sdk/10.0.401/Sdks/Microsoft.NET.Sdk/targets/",
        "DefiningProjectName": "Microsoft.NET.Sdk.DefaultItems",
        "DefiningProjectExtension": ".props"
      },
      {
        "Identity": "GenerativeUi/GenUiSemanticValidator.cs",
        "FullPath": "/workspace/team-c/c3-admin-symbol-errors-validation/9to1 Workspace/shared/src/Haven.Core/GenerativeUi/GenUiSemanticValidator.cs",
        "RootDir": "/",
        "Filename": "GenUiSemanticValidator",
        "Extension": ".cs",
        "RelativeDir": "GenerativeUi/",
        "Directory": "workspace/team-c/c3-admin-symbol-errors-validation/9to1 Workspace/shared/src/Haven.Core/GenerativeUi/",
        "RecursiveDir": "GenerativeUi/",
        "ModifiedTime": "",
        "CreatedTime": "",
        "AccessedTime": "",
        "DefiningProjectFullPath": "/workspace/.tools/dotnet/sdk/10.0.401/Sdks/Microsoft.NET.Sdk/targets/Microsoft.NET.Sdk.DefaultItems.props",
        "DefiningProjectDirectory": "/workspace/.tools/dotnet/sdk/10.0.401/Sdks/Microsoft.NET.Sdk/targets/",
        "DefiningProjectName": "Microsoft.NET.Sdk.DefaultItems",
        "DefiningProjectExtension": ".props"
      },
      {
        "Identity": "GenerativeUi/TemplateRegistryCatalog.cs",
        "FullPath": "/workspace/team-c/c3-admin-symbol-errors-validation/9to1 Workspace/shared/src/Haven.Core/GenerativeUi/TemplateRegistryCatalog.cs",
        "RootDir": "/",
        "Filename": "TemplateRegistryCatalog",
        "Extension": ".cs",
        "RelativeDir": "GenerativeUi/",
        "Directory": "workspace/team-c/c3-admin-symbol-errors-validation/9to1 Workspace/shared/src/Haven.Core/GenerativeUi/",
        "RecursiveDir": "GenerativeUi/",
        "ModifiedTime": "",
        "CreatedTime": "",
        "AccessedTime": "",
        "DefiningProjectFullPath": "/workspace/.tools/dotnet/sdk/10.0.401/Sdks/Microsoft.NET.Sdk/targets/Microsoft.NET.Sdk.DefaultItems.props",
        "DefiningProjectDirectory": "/workspace/.tools/dotnet/sdk/10.0.401/Sdks/Microsoft.NET.Sdk/targets/",
        "DefiningProjectName": "Microsoft.NET.Sdk.DefaultItems",
        "DefiningProjectExtension": ".props"
      },
      {
        "Identity": "Maps/MapJourney.cs",
        "FullPath": "/workspace/team-c/c3-admin-symbol-errors-validation/9to1 Workspace/shared/src/Haven.Core/Maps/MapJourney.cs",
        "RootDir": "/",
        "Filename": "MapJourney",
        "Extension": ".cs",
        "RelativeDir": "Maps/",
        "Directory": "workspace/team-c/c3-admin-symbol-errors-validation/9to1 Workspace/shared/src/Haven.Core/Maps/",
        "RecursiveDir": "Maps/",
        "ModifiedTime": "",
        "CreatedTime": "",
        "AccessedTime": "",
        "DefiningProjectFullPath": "/workspace/.tools/dotnet/sdk/10.0.401/Sdks/Microsoft.NET.Sdk/targets/Microsoft.NET.Sdk.DefaultItems.props",
        "DefiningProjectDirectory": "/workspace/.tools/dotnet/sdk/10.0.401/Sdks/Microsoft.NET.Sdk/targets/",
        "DefiningProjectName": "Microsoft.NET.Sdk.DefaultItems",
        "DefiningProjectExtension": ".props"
      },
      {
        "Identity": "Maps/MapsModels.cs",
        "FullPath": "/workspace/team-c/c3-admin-symbol-errors-validation/9to1 Workspace/shared/src/Haven.Core/Maps/MapsModels.cs",
        "RootDir": "/",
        "Filename": "MapsModels",
        "Extension": ".cs",
        "RelativeDir": "Maps/",
        "Directory": "workspace/team-c/c3-admin-symbol-errors-validation/9to1 Workspace/shared/src/Haven.Core/Maps/",
        "RecursiveDir": "Maps/",
        "ModifiedTime": "",
        "CreatedTime": "",
        "AccessedTime": "",
        "DefiningProjectFullPath": "/workspace/.tools/dotnet/sdk/10.0.401/Sdks/Microsoft.NET.Sdk/targets/Microsoft.NET.Sdk.DefaultItems.props",
        "DefiningProjectDirectory": "/workspace/.tools/dotnet/sdk/10.0.401/Sdks/Microsoft.NET.Sdk/targets/",
        "DefiningProjectName": "Microsoft.NET.Sdk.DefaultItems",
        "DefiningProjectExtension": ".props"
      },
      {
        "Identity": "Mathematics/GraphDefinition.cs",
        "FullPath": "/workspace/team-c/c3-admin-symbol-errors-validation/9to1 Workspace/shared/src/Haven.Core/Mathematics/GraphDefinition.cs",
        "RootDir": "/",
        "Filename": "GraphDefinition",
        "Extension": ".cs",
        "RelativeDir": "Mathematics/",
        "Directory": "workspace/team-c/c3-admin-symbol-errors-validation/9to1 Workspace/shared/src/Haven.Core/Mathematics/",
        "RecursiveDir": "Mathematics/",
        "ModifiedTime": "",
        "CreatedTime": "",
        "AccessedTime": "",
        "DefiningProjectFullPath": "/workspace/.tools/dotnet/sdk/10.0.401/Sdks/Microsoft.NET.Sdk/targets/Microsoft.NET.Sdk.DefaultItems.props",
        "DefiningProjectDirectory": "/workspace/.tools/dotnet/sdk/10.0.401/Sdks/Microsoft.NET.Sdk/targets/",
        "DefiningProjectName": "Microsoft.NET.Sdk.DefaultItems",
        "DefiningProjectExtension": ".props"
      },
      {
        "Identity": "Mathematics/GraphMarking.cs",
        "FullPath": "/workspace/team-c/c3-admin-symbol-errors-validation/9to1 Workspace/shared/src/Haven.Core/Mathematics/GraphMarking.cs",
        "RootDir": "/",
        "Filename": "GraphMarking",
        "Extension": ".cs",
        "RelativeDir": "Mathematics/",
        "Directory": "workspace/team-c/c3-admin-symbol-errors-validation/9to1 Workspace/shared/src/Haven.Core/Mathematics/",
        "RecursiveDir": "Mathematics/",
        "ModifiedTime": "",
        "CreatedTime": "",
        "AccessedTime": "",
        "DefiningProjectFullPath": "/workspace/.tools/dotnet/sdk/10.0.401/Sdks/Microsoft.NET.Sdk/targets/Microsoft.NET.Sdk.DefaultItems.props",
        "DefiningProjectDirectory": "/workspace/.tools/dotnet/sdk/10.0.401/Sdks/Microsoft.NET.Sdk/targets/",
        "DefiningProjectName": "Microsoft.NET.Sdk.DefaultItems",
        "DefiningProjectExtension": ".props"
      },
      {
        "Identity": "Mathematics/GraphResponse.cs",
        "FullPath": "/workspace/team-c/c3-admin-symbol-errors-validation/9to1 Workspace/shared/src/Haven.Core/Mathematics/GraphResponse.cs",
        "RootDir": "/",
        "Filename": "GraphResponse",
        "Extension": ".cs",
        "RelativeDir": "Mathematics/",
        "Directory": "workspace/team-c/c3-admin-symbol-errors-validation/9to1 Workspace/shared/src/Haven.Core/Mathematics/",
        "RecursiveDir": "Mathematics/",
        "ModifiedTime": "",
        "CreatedTime": "",
        "AccessedTime": "",
        "DefiningProjectFullPath": "/workspace/.tools/dotnet/sdk/10.0.401/Sdks/Microsoft.NET.Sdk/targets/Microsoft.NET.Sdk.DefaultItems.props",
        "DefiningProjectDirectory": "/workspace/.tools/dotnet/sdk/10.0.401/Sdks/Microsoft.NET.Sdk/targets/",
        "DefiningProjectName": "Microsoft.NET.Sdk.DefaultItems",
        "DefiningProjectExtension": ".props"
      },
      {
        "Identity": "Mathematics/MathAnswer.cs",
        "FullPath": "/workspace/team-c/c3-admin-symbol-errors-validation/9to1 Workspace/shared/src/Haven.Core/Mathematics/MathAnswer.cs",
        "RootDir": "/",
        "Filename": "MathAnswer",
        "Extension": ".cs",
        "RelativeDir": "Mathematics/",
        "Directory": "workspace/team-c/c3-admin-symbol-errors-validation/9to1 Workspace/shared/src/Haven.Core/Mathematics/",
        "RecursiveDir": "Mathematics/",
        "ModifiedTime": "",
        "CreatedTime": "",
        "AccessedTime": "",
        "DefiningProjectFullPath": "/workspace/.tools/dotnet/sdk/10.0.401/Sdks/Microsoft.NET.Sdk/targets/Microsoft.NET.Sdk.DefaultItems.props",
        "DefiningProjectDirectory": "/workspace/.tools/dotnet/sdk/10.0.401/Sdks/Microsoft.NET.Sdk/targets/",
        "DefiningProjectName": "Microsoft.NET.Sdk.DefaultItems",
        "DefiningProjectExtension": ".props"
      },
      {
        "Identity": "Mathematics/MathExpression.cs",
        "FullPath": "/workspace/team-c/c3-admin-symbol-errors-validation/9to1 Workspace/shared/src/Haven.Core/Mathematics/MathExpression.cs",
        "RootDir": "/",
        "Filename": "MathExpression",
        "Extension": ".cs",
        "RelativeDir": "Mathematics/",
        "Directory": "workspace/team-c/c3-admin-symbol-errors-validation/9to1 Workspace/shared/src/Haven.Core/Mathematics/",
        "RecursiveDir": "Mathematics/",
        "ModifiedTime": "",
        "CreatedTime": "",
        "AccessedTime": "",
        "DefiningProjectFullPath": "/workspace/.tools/dotnet/sdk/10.0.401/Sdks/Microsoft.NET.Sdk/targets/Microsoft.NET.Sdk.DefaultItems.props",
        "DefiningProjectDirectory": "/workspace/.tools/dotnet/sdk/10.0.401/Sdks/Microsoft.NET.Sdk/targets/",
        "DefiningProjectName": "Microsoft.NET.Sdk.DefaultItems",
        "DefiningProjectExtension": ".props"
      },
      {
        "Identity": "Mathematics/MathMarking.cs",
        "FullPath": "/workspace/team-c/c3-admin-symbol-errors-validation/9to1 Workspace/shared/src/Haven.Core/Mathematics/MathMarking.cs",
        "RootDir": "/",
        "Filename": "MathMarking",
        "Extension": ".cs",
        "RelativeDir": "Mathematics/",
        "Directory": "workspace/team-c/c3-admin-symbol-errors-validation/9to1 Workspace/shared/src/Haven.Core/Mathematics/",
        "RecursiveDir": "Mathematics/",
        "ModifiedTime": "",
        "CreatedTime": "",
        "AccessedTime": "",
        "DefiningProjectFullPath": "/workspace/.tools/dotnet/sdk/10.0.401/Sdks/Microsoft.NET.Sdk/targets/Microsoft.NET.Sdk.DefaultItems.props",
        "DefiningProjectDirectory": "/workspace/.tools/dotnet/sdk/10.0.401/Sdks/Microsoft.NET.Sdk/targets/",
        "DefiningProjectName": "Microsoft.NET.Sdk.DefaultItems",
        "DefiningProjectExtension": ".props"
      },
      {
        "Identity": "Mathematics/MathObjectCodec.cs",
        "FullPath": "/workspace/team-c/c3-admin-symbol-errors-validation/9to1 Workspace/shared/src/Haven.Core/Mathematics/MathObjectCodec.cs",
        "RootDir": "/",
        "Filename": "MathObjectCodec",
        "Extension": ".cs",
        "RelativeDir": "Mathematics/",
        "Directory": "workspace/team-c/c3-admin-symbol-errors-validation/9to1 Workspace/shared/src/Haven.Core/Mathematics/",
        "RecursiveDir": "Mathematics/",
        "ModifiedTime": "",
        "CreatedTime": "",
        "AccessedTime": "",
        "DefiningProjectFullPath": "/workspace/.tools/dotnet/sdk/10.0.401/Sdks/Microsoft.NET.Sdk/targets/Microsoft.NET.Sdk.DefaultItems.props",
        "DefiningProjectDirectory": "/workspace/.tools/dotnet/sdk/10.0.401/Sdks/Microsoft.NET.Sdk/targets/",
        "DefiningProjectName": "Microsoft.NET.Sdk.DefaultItems",
        "DefiningProjectExtension": ".props"
      },
      {
        "Identity": "Media/MediaAssetReference.cs",
        "FullPath": "/workspace/team-c/c3-admin-symbol-errors-validation/9to1 Workspace/shared/src/Haven.Core/Media/MediaAssetReference.cs",
        "RootDir": "/",
        "Filename": "MediaAssetReference",
        "Extension": ".cs",
        "RelativeDir": "Media/",
        "Directory": "workspace/team-c/c3-admin-symbol-errors-validation/9to1 Workspace/shared/src/Haven.Core/Media/",
        "RecursiveDir": "Media/",
        "ModifiedTime": "",
        "CreatedTime": "",
        "AccessedTime": "",
        "DefiningProjectFullPath": "/workspace/.tools/dotnet/sdk/10.0.401/Sdks/Microsoft.NET.Sdk/targets/Microsoft.NET.Sdk.DefaultItems.props",
        "DefiningProjectDirectory": "/workspace/.tools/dotnet/sdk/10.0.401/Sdks/Microsoft.NET.Sdk/targets/",
        "DefiningProjectName": "Microsoft.NET.Sdk.DefaultItems",
        "DefiningProjectExtension": ".props"
      },
      {
        "Identity": "Media/MediaAudioDecodeContracts.cs",
        "FullPath": "/workspace/team-c/c3-admin-symbol-errors-validation/9to1 Workspace/shared/src/Haven.Core/Media/MediaAudioDecodeContracts.cs",
        "RootDir": "/",
        "Filename": "MediaAudioDecodeContracts",
        "Extension": ".cs",
        "RelativeDir": "Media/",
        "Directory": "workspace/team-c/c3-admin-symbol-errors-validation/9to1 Workspace/shared/src/Haven.Core/Media/",
        "RecursiveDir": "Media/",
        "ModifiedTime": "",
        "CreatedTime": "",
        "AccessedTime": "",
        "DefiningProjectFullPath": "/workspace/.tools/dotnet/sdk/10.0.401/Sdks/Microsoft.NET.Sdk/targets/Microsoft.NET.Sdk.DefaultItems.props",
        "DefiningProjectDirectory": "/workspace/.tools/dotnet/sdk/10.0.401/Sdks/Microsoft.NET.Sdk/targets/",
        "DefiningProjectName": "Microsoft.NET.Sdk.DefaultItems",
        "DefiningProjectExtension": ".props"
      },
      {
        "Identity": "Media/MediaContracts.cs",
        "FullPath": "/workspace/team-c/c3-admin-symbol-errors-validation/9to1 Workspace/shared/src/Haven.Core/Media/MediaContracts.cs",
        "RootDir": "/",
        "Filename": "MediaContracts",
        "Extension": ".cs",
        "RelativeDir": "Media/",
        "Directory": "workspace/team-c/c3-admin-symbol-errors-validation/9to1 Workspace/shared/src/Haven.Core/Media/",
        "RecursiveDir": "Media/",
        "ModifiedTime": "",
        "CreatedTime": "",
        "AccessedTime": "",
        "DefiningProjectFullPath": "/workspace/.tools/dotnet/sdk/10.0.401/Sdks/Microsoft.NET.Sdk/targets/Microsoft.NET.Sdk.DefaultItems.props",
        "DefiningProjectDirectory": "/workspace/.tools/dotnet/sdk/10.0.401/Sdks/Microsoft.NET.Sdk/targets/",
        "DefiningProjectName": "Microsoft.NET.Sdk.DefaultItems",
        "DefiningProjectExtension": ".props"
      },
      {
        "Identity": "Media/MediaRenderContracts.cs",
        "FullPath": "/workspace/team-c/c3-admin-symbol-errors-validation/9to1 Workspace/shared/src/Haven.Core/Media/MediaRenderContracts.cs",
        "RootDir": "/",
        "Filename": "MediaRenderContracts",
        "Extension": ".cs",
        "RelativeDir": "Media/",
        "Directory": "workspace/team-c/c3-admin-symbol-errors-validation/9to1 Workspace/shared/src/Haven.Core/Media/",
        "RecursiveDir": "Media/",
        "ModifiedTime": "",
        "CreatedTime": "",
        "AccessedTime": "",
        "DefiningProjectFullPath": "/workspace/.tools/dotnet/sdk/10.0.401/Sdks/Microsoft.NET.Sdk/targets/Microsoft.NET.Sdk.DefaultItems.props",
        "DefiningProjectDirectory": "/workspace/.tools/dotnet/sdk/10.0.401/Sdks/Microsoft.NET.Sdk/targets/",
        "DefiningProjectName": "Microsoft.NET.Sdk.DefaultItems",
        "DefiningProjectExtension": ".props"
      },
      {
        "Identity": "Media/MediaRenderLimits.cs",
        "FullPath": "/workspace/team-c/c3-admin-symbol-errors-validation/9to1 Workspace/shared/src/Haven.Core/Media/MediaRenderLimits.cs",
        "RootDir": "/",
        "Filename": "MediaRenderLimits",
        "Extension": ".cs",
        "RelativeDir": "Media/",
        "Directory": "workspace/team-c/c3-admin-symbol-errors-validation/9to1 Workspace/shared/src/Haven.Core/Media/",
        "RecursiveDir": "Media/",
        "ModifiedTime": "",
        "CreatedTime": "",
        "AccessedTime": "",
        "DefiningProjectFullPath": "/workspace/.tools/dotnet/sdk/10.0.401/Sdks/Microsoft.NET.Sdk/targets/Microsoft.NET.Sdk.DefaultItems.props",
        "DefiningProjectDirectory": "/workspace/.tools/dotnet/sdk/10.0.401/Sdks/Microsoft.NET.Sdk/targets/",
        "DefiningProjectName": "Microsoft.NET.Sdk.DefaultItems",
        "DefiningProjectExtension": ".props"
      },
      {
        "Identity": "Media/PreparedMediaAssetLease.cs",
        "FullPath": "/workspace/team-c/c3-admin-symbol-errors-validation/9to1 Workspace/shared/src/Haven.Core/Media/PreparedMediaAssetLease.cs",
        "RootDir": "/",
        "Filename": "PreparedMediaAssetLease",
        "Extension": ".cs",
        "RelativeDir": "Media/",
        "Directory": "workspace/team-c/c3-admin-symbol-errors-validation/9to1 Workspace/shared/src/Haven.Core/Media/",
        "RecursiveDir": "Media/",
        "ModifiedTime": "",
        "CreatedTime": "",
        "AccessedTime": "",
        "DefiningProjectFullPath": "/workspace/.tools/dotnet/sdk/10.0.401/Sdks/Microsoft.NET.Sdk/targets/Microsoft.NET.Sdk.DefaultItems.props",
        "DefiningProjectDirectory": "/workspace/.tools/dotnet/sdk/10.0.401/Sdks/Microsoft.NET.Sdk/targets/",
        "DefiningProjectName": "Microsoft.NET.Sdk.DefaultItems",
        "DefiningProjectExtension": ".props"
      },
      {
        "Identity": "Mesh/MeshModels.cs",
        "FullPath": "/workspace/team-c/c3-admin-symbol-errors-validation/9to1 Workspace/shared/src/Haven.Core/Mesh/MeshModels.cs",
        "RootDir": "/",
        "Filename": "MeshModels",
        "Extension": ".cs",
        "RelativeDir": "Mesh/",
        "Directory": "workspace/team-c/c3-admin-symbol-errors-validation/9to1 Workspace/shared/src/Haven.Core/Mesh/",
        "RecursiveDir": "Mesh/",
        "ModifiedTime": "",
        "CreatedTime": "",
        "AccessedTime": "",
        "DefiningProjectFullPath": "/workspace/.tools/dotnet/sdk/10.0.401/Sdks/Microsoft.NET.Sdk/targets/Microsoft.NET.Sdk.DefaultItems.props",
        "DefiningProjectDirectory": "/workspace/.tools/dotnet/sdk/10.0.401/Sdks/Microsoft.NET.Sdk/targets/",
        "DefiningProjectName": "Microsoft.NET.Sdk.DefaultItems",
        "DefiningProjectExtension": ".props"
      },
      {
        "Identity": "Mesh/MeshSyncEngine.cs",
        "FullPath": "/workspace/team-c/c3-admin-symbol-errors-validation/9to1 Workspace/shared/src/Haven.Core/Mesh/MeshSyncEngine.cs",
        "RootDir": "/",
        "Filename": "MeshSyncEngine",
        "Extension": ".cs",
        "RelativeDir": "Mesh/",
        "Directory": "workspace/team-c/c3-admin-symbol-errors-validation/9to1 Workspace/shared/src/Haven.Core/Mesh/",
        "RecursiveDir": "Mesh/",
        "ModifiedTime": "",
        "CreatedTime": "",
        "AccessedTime": "",
        "DefiningProjectFullPath": "/workspace/.tools/dotnet/sdk/10.0.401/Sdks/Microsoft.NET.Sdk/targets/Microsoft.NET.Sdk.DefaultItems.props",
        "DefiningProjectDirectory": "/workspace/.tools/dotnet/sdk/10.0.401/Sdks/Microsoft.NET.Sdk/targets/",
        "DefiningProjectName": "Microsoft.NET.Sdk.DefaultItems",
        "DefiningProjectExtension": ".props"
      },
      {
        "Identity": "Mesh/MeshWorkModels.cs",
        "FullPath": "/workspace/team-c/c3-admin-symbol-errors-validation/9to1 Workspace/shared/src/Haven.Core/Mesh/MeshWorkModels.cs",
        "RootDir": "/",
        "Filename": "MeshWorkModels",
        "Extension": ".cs",
        "RelativeDir": "Mesh/",
        "Directory": "workspace/team-c/c3-admin-symbol-errors-validation/9to1 Workspace/shared/src/Haven.Core/Mesh/",
        "RecursiveDir": "Mesh/",
        "ModifiedTime": "",
        "CreatedTime": "",
        "AccessedTime": "",
        "DefiningProjectFullPath": "/workspace/.tools/dotnet/sdk/10.0.401/Sdks/Microsoft.NET.Sdk/targets/Microsoft.NET.Sdk.DefaultItems.props",
        "DefiningProjectDirectory": "/workspace/.tools/dotnet/sdk/10.0.401/Sdks/Microsoft.NET.Sdk/targets/",
        "DefiningProjectName": "Microsoft.NET.Sdk.DefaultItems",
        "DefiningProjectExtension": ".props"
      },
      {
        "Identity": "Models/ActionConcepts.cs",
        "FullPath": "/workspace/team-c/c3-admin-symbol-errors-validation/9to1 Workspace/shared/src/Haven.Core/Models/ActionConcepts.cs",
        "RootDir": "/",
        "Filename": "ActionConcepts",
        "Extension": ".cs",
        "RelativeDir": "Models/",
        "Directory": "workspace/team-c/c3-admin-symbol-errors-validation/9to1 Workspace/shared/src/Haven.Core/Models/",
        "RecursiveDir": "Models/",
        "ModifiedTime": "",
        "CreatedTime": "",
        "AccessedTime": "",
        "DefiningProjectFullPath": "/workspace/.tools/dotnet/sdk/10.0.401/Sdks/Microsoft.NET.Sdk/targets/Microsoft.NET.Sdk.DefaultItems.props",
        "DefiningProjectDirectory": "/workspace/.tools/dotnet/sdk/10.0.401/Sdks/Microsoft.NET.Sdk/targets/",
        "DefiningProjectName": "Microsoft.NET.Sdk.DefaultItems",
        "DefiningProjectExtension": ".props"
      },
      {
        "Identity": "Models/BrowserModels.cs",
        "FullPath": "/workspace/team-c/c3-admin-symbol-errors-validation/9to1 Workspace/shared/src/Haven.Core/Models/BrowserModels.cs",
        "RootDir": "/",
        "Filename": "BrowserModels",
        "Extension": ".cs",
        "RelativeDir": "Models/",
        "Directory": "workspace/team-c/c3-admin-symbol-errors-validation/9to1 Workspace/shared/src/Haven.Core/Models/",
        "RecursiveDir": "Models/",
        "ModifiedTime": "",
        "CreatedTime": "",
        "AccessedTime": "",
        "DefiningProjectFullPath": "/workspace/.tools/dotnet/sdk/10.0.401/Sdks/Microsoft.NET.Sdk/targets/Microsoft.NET.Sdk.DefaultItems.props",
        "DefiningProjectDirectory": "/workspace/.tools/dotnet/sdk/10.0.401/Sdks/Microsoft.NET.Sdk/targets/",
        "DefiningProjectName": "Microsoft.NET.Sdk.DefaultItems",
        "DefiningProjectExtension": ".props"
      },
      {
        "Identity": "Models/CallModels.cs",
        "FullPath": "/workspace/team-c/c3-admin-symbol-errors-validation/9to1 Workspace/shared/src/Haven.Core/Models/CallModels.cs",
        "RootDir": "/",
        "Filename": "CallModels",
        "Extension": ".cs",
        "RelativeDir": "Models/",
        "Directory": "workspace/team-c/c3-admin-symbol-errors-validation/9to1 Workspace/shared/src/Haven.Core/Models/",
        "RecursiveDir": "Models/",
        "ModifiedTime": "",
        "CreatedTime": "",
        "AccessedTime": "",
        "DefiningProjectFullPath": "/workspace/.tools/dotnet/sdk/10.0.401/Sdks/Microsoft.NET.Sdk/targets/Microsoft.NET.Sdk.DefaultItems.props",
        "DefiningProjectDirectory": "/workspace/.tools/dotnet/sdk/10.0.401/Sdks/Microsoft.NET.Sdk/targets/",
        "DefiningProjectName": "Microsoft.NET.Sdk.DefaultItems",
        "DefiningProjectExtension": ".props"
      },
      {
        "Identity": "Models/CodeIntelligenceModels.cs",
        "FullPath": "/workspace/team-c/c3-admin-symbol-errors-validation/9to1 Workspace/shared/src/Haven.Core/Models/CodeIntelligenceModels.cs",
        "RootDir": "/",
        "Filename": "CodeIntelligenceModels",
        "Extension": ".cs",
        "RelativeDir": "Models/",
        "Directory": "workspace/team-c/c3-admin-symbol-errors-validation/9to1 Workspace/shared/src/Haven.Core/Models/",
        "RecursiveDir": "Models/",
        "ModifiedTime": "",
        "CreatedTime": "",
        "AccessedTime": "",
        "DefiningProjectFullPath": "/workspace/.tools/dotnet/sdk/10.0.401/Sdks/Microsoft.NET.Sdk/targets/Microsoft.NET.Sdk.DefaultItems.props",
        "DefiningProjectDirectory": "/workspace/.tools/dotnet/sdk/10.0.401/Sdks/Microsoft.NET.Sdk/targets/",
        "DefiningProjectName": "Microsoft.NET.Sdk.DefaultItems",
        "DefiningProjectExtension": ".props"
      },
      {
        "Identity": "Models/ConversationBranchModels.cs",
        "FullPath": "/workspace/team-c/c3-admin-symbol-errors-validation/9to1 Workspace/shared/src/Haven.Core/Models/ConversationBranchModels.cs",
        "RootDir": "/",
        "Filename": "ConversationBranchModels",
        "Extension": ".cs",
        "RelativeDir": "Models/",
        "Directory": "workspace/team-c/c3-admin-symbol-errors-validation/9to1 Workspace/shared/src/Haven.Core/Models/",
        "RecursiveDir": "Models/",
        "ModifiedTime": "",
        "CreatedTime": "",
        "AccessedTime": "",
        "DefiningProjectFullPath": "/workspace/.tools/dotnet/sdk/10.0.401/Sdks/Microsoft.NET.Sdk/targets/Microsoft.NET.Sdk.DefaultItems.props",
        "DefiningProjectDirectory": "/workspace/.tools/dotnet/sdk/10.0.401/Sdks/Microsoft.NET.Sdk/targets/",
        "DefiningProjectName": "Microsoft.NET.Sdk.DefaultItems",
        "DefiningProjectExtension": ".props"
      },
      {
        "Identity": "Models/DashboardModels.cs",
        "FullPath": "/workspace/team-c/c3-admin-symbol-errors-validation/9to1 Workspace/shared/src/Haven.Core/Models/DashboardModels.cs",
        "RootDir": "/",
        "Filename": "DashboardModels",
        "Extension": ".cs",
        "RelativeDir": "Models/",
        "Directory": "workspace/team-c/c3-admin-symbol-errors-validation/9to1 Workspace/shared/src/Haven.Core/Models/",
        "RecursiveDir": "Models/",
        "ModifiedTime": "",
        "CreatedTime": "",
        "AccessedTime": "",
        "DefiningProjectFullPath": "/workspace/.tools/dotnet/sdk/10.0.401/Sdks/Microsoft.NET.Sdk/targets/Microsoft.NET.Sdk.DefaultItems.props",
        "DefiningProjectDirectory": "/workspace/.tools/dotnet/sdk/10.0.401/Sdks/Microsoft.NET.Sdk/targets/",
        "DefiningProjectName": "Microsoft.NET.Sdk.DefaultItems",
        "DefiningProjectExtension": ".props"
      },
      {
        "Identity": "Models/DeliveryModels.cs",
        "FullPath": "/workspace/team-c/c3-admin-symbol-errors-validation/9to1 Workspace/shared/src/Haven.Core/Models/DeliveryModels.cs",
        "RootDir": "/",
        "Filename": "DeliveryModels",
        "Extension": ".cs",
        "RelativeDir": "Models/",
        "Directory": "workspace/team-c/c3-admin-symbol-errors-validation/9to1 Workspace/shared/src/Haven.Core/Models/",
        "RecursiveDir": "Models/",
        "ModifiedTime": "",
        "CreatedTime": "",
        "AccessedTime": "",
        "DefiningProjectFullPath": "/workspace/.tools/dotnet/sdk/10.0.401/Sdks/Microsoft.NET.Sdk/targets/Microsoft.NET.Sdk.DefaultItems.props",
        "DefiningProjectDirectory": "/workspace/.tools/dotnet/sdk/10.0.401/Sdks/Microsoft.NET.Sdk/targets/",
        "DefiningProjectName": "Microsoft.NET.Sdk.DefaultItems",
        "DefiningProjectExtension": ".props"
      },
      {
        "Identity": "Models/FloatingActivityModels.cs",
        "FullPath": "/workspace/team-c/c3-admin-symbol-errors-validation/9to1 Workspace/shared/src/Haven.Core/Models/FloatingActivityModels.cs",
        "RootDir": "/",
        "Filename": "FloatingActivityModels",
        "Extension": ".cs",
        "RelativeDir": "Models/",
        "Directory": "workspace/team-c/c3-admin-symbol-errors-validation/9to1 Workspace/shared/src/Haven.Core/Models/",
        "RecursiveDir": "Models/",
        "ModifiedTime": "",
        "CreatedTime": "",
        "AccessedTime": "",
        "DefiningProjectFullPath": "/workspace/.tools/dotnet/sdk/10.0.401/Sdks/Microsoft.NET.Sdk/targets/Microsoft.NET.Sdk.DefaultItems.props",
        "DefiningProjectDirectory": "/workspace/.tools/dotnet/sdk/10.0.401/Sdks/Microsoft.NET.Sdk/targets/",
        "DefiningProjectName": "Microsoft.NET.Sdk.DefaultItems",
        "DefiningProjectExtension": ".props"
      },
      {
        "Identity": "Models/GenerativeUiModels.cs",
        "FullPath": "/workspace/team-c/c3-admin-symbol-errors-validation/9to1 Workspace/shared/src/Haven.Core/Models/GenerativeUiModels.cs",
        "RootDir": "/",
        "Filename": "GenerativeUiModels",
        "Extension": ".cs",
        "RelativeDir": "Models/",
        "Directory": "workspace/team-c/c3-admin-symbol-errors-validation/9to1 Workspace/shared/src/Haven.Core/Models/",
        "RecursiveDir": "Models/",
        "ModifiedTime": "",
        "CreatedTime": "",
        "AccessedTime": "",
        "DefiningProjectFullPath": "/workspace/.tools/dotnet/sdk/10.0.401/Sdks/Microsoft.NET.Sdk/targets/Microsoft.NET.Sdk.DefaultItems.props",
        "DefiningProjectDirectory": "/workspace/.tools/dotnet/sdk/10.0.401/Sdks/Microsoft.NET.Sdk/targets/",
        "DefiningProjectName": "Microsoft.NET.Sdk.DefaultItems",
        "DefiningProjectExtension": ".props"
      },
      {
        "Identity": "Models/HavenPersonalisationModels.cs",
        "FullPath": "/workspace/team-c/c3-admin-symbol-errors-validation/9to1 Workspace/shared/src/Haven.Core/Models/HavenPersonalisationModels.cs",
        "RootDir": "/",
        "Filename": "HavenPersonalisationModels",
        "Extension": ".cs",
        "RelativeDir": "Models/",
        "Directory": "workspace/team-c/c3-admin-symbol-errors-validation/9to1 Workspace/shared/src/Haven.Core/Models/",
        "RecursiveDir": "Models/",
        "ModifiedTime": "",
        "CreatedTime": "",
        "AccessedTime": "",
        "DefiningProjectFullPath": "/workspace/.tools/dotnet/sdk/10.0.401/Sdks/Microsoft.NET.Sdk/targets/Microsoft.NET.Sdk.DefaultItems.props",
        "DefiningProjectDirectory": "/workspace/.tools/dotnet/sdk/10.0.401/Sdks/Microsoft.NET.Sdk/targets/",
        "DefiningProjectName": "Microsoft.NET.Sdk.DefaultItems",
        "DefiningProjectExtension": ".props"
      },
      {
        "Identity": "Models/ImagineModels.cs",
        "FullPath": "/workspace/team-c/c3-admin-symbol-errors-validation/9to1 Workspace/shared/src/Haven.Core/Models/ImagineModels.cs",
        "RootDir": "/",
        "Filename": "ImagineModels",
        "Extension": ".cs",
        "RelativeDir": "Models/",
        "Directory": "workspace/team-c/c3-admin-symbol-errors-validation/9to1 Workspace/shared/src/Haven.Core/Models/",
        "RecursiveDir": "Models/",
        "ModifiedTime": "",
        "CreatedTime": "",
        "AccessedTime": "",
        "DefiningProjectFullPath": "/workspace/.tools/dotnet/sdk/10.0.401/Sdks/Microsoft.NET.Sdk/targets/Microsoft.NET.Sdk.DefaultItems.props",
        "DefiningProjectDirectory": "/workspace/.tools/dotnet/sdk/10.0.401/Sdks/Microsoft.NET.Sdk/targets/",
        "DefiningProjectName": "Microsoft.NET.Sdk.DefaultItems",
        "DefiningProjectExtension": ".props"
      },
      {
        "Identity": "Models/KnowledgeModels.cs",
        "FullPath": "/workspace/team-c/c3-admin-symbol-errors-validation/9to1 Workspace/shared/src/Haven.Core/Models/KnowledgeModels.cs",
        "RootDir": "/",
        "Filename": "KnowledgeModels",
        "Extension": ".cs",
        "RelativeDir": "Models/",
        "Directory": "workspace/team-c/c3-admin-symbol-errors-validation/9to1 Workspace/shared/src/Haven.Core/Models/",
        "RecursiveDir": "Models/",
        "ModifiedTime": "",
        "CreatedTime": "",
        "AccessedTime": "",
        "DefiningProjectFullPath": "/workspace/.tools/dotnet/sdk/10.0.401/Sdks/Microsoft.NET.Sdk/targets/Microsoft.NET.Sdk.DefaultItems.props",
        "DefiningProjectDirectory": "/workspace/.tools/dotnet/sdk/10.0.401/Sdks/Microsoft.NET.Sdk/targets/",
        "DefiningProjectName": "Microsoft.NET.Sdk.DefaultItems",
        "DefiningProjectExtension": ".props"
      },
      {
        "Identity": "Models/ModelGovernanceModels.cs",
        "FullPath": "/workspace/team-c/c3-admin-symbol-errors-validation/9to1 Workspace/shared/src/Haven.Core/Models/ModelGovernanceModels.cs",
        "RootDir": "/",
        "Filename": "ModelGovernanceModels",
        "Extension": ".cs",
        "RelativeDir": "Models/",
        "Directory": "workspace/team-c/c3-admin-symbol-errors-validation/9to1 Workspace/shared/src/Haven.Core/Models/",
        "RecursiveDir": "Models/",
        "ModifiedTime": "",
        "CreatedTime": "",
        "AccessedTime": "",
        "DefiningProjectFullPath": "/workspace/.tools/dotnet/sdk/10.0.401/Sdks/Microsoft.NET.Sdk/targets/Microsoft.NET.Sdk.DefaultItems.props",
        "DefiningProjectDirectory": "/workspace/.tools/dotnet/sdk/10.0.401/Sdks/Microsoft.NET.Sdk/targets/",
        "DefiningProjectName": "Microsoft.NET.Sdk.DefaultItems",
        "DefiningProjectExtension": ".props"
      },
      {
        "Identity": "Models/ProviderModels.cs",
        "FullPath": "/workspace/team-c/c3-admin-symbol-errors-validation/9to1 Workspace/shared/src/Haven.Core/Models/ProviderModels.cs",
        "RootDir": "/",
        "Filename": "ProviderModels",
        "Extension": ".cs",
        "RelativeDir": "Models/",
        "Directory": "workspace/team-c/c3-admin-symbol-errors-validation/9to1 Workspace/shared/src/Haven.Core/Models/",
        "RecursiveDir": "Models/",
        "ModifiedTime": "",
        "CreatedTime": "",
        "AccessedTime": "",
        "DefiningProjectFullPath": "/workspace/.tools/dotnet/sdk/10.0.401/Sdks/Microsoft.NET.Sdk/targets/Microsoft.NET.Sdk.DefaultItems.props",
        "DefiningProjectDirectory": "/workspace/.tools/dotnet/sdk/10.0.401/Sdks/Microsoft.NET.Sdk/targets/",
        "DefiningProjectName": "Microsoft.NET.Sdk.DefaultItems",
        "DefiningProjectExtension": ".props"
      },
      {
        "Identity": "Models/RetrievalModels.cs",
        "FullPath": "/workspace/team-c/c3-admin-symbol-errors-validation/9to1 Workspace/shared/src/Haven.Core/Models/RetrievalModels.cs",
        "RootDir": "/",
        "Filename": "RetrievalModels",
        "Extension": ".cs",
        "RelativeDir": "Models/",
        "Directory": "workspace/team-c/c3-admin-symbol-errors-validation/9to1 Workspace/shared/src/Haven.Core/Models/",
        "RecursiveDir": "Models/",
        "ModifiedTime": "",
        "CreatedTime": "",
        "AccessedTime": "",
        "DefiningProjectFullPath": "/workspace/.tools/dotnet/sdk/10.0.401/Sdks/Microsoft.NET.Sdk/targets/Microsoft.NET.Sdk.DefaultItems.props",
        "DefiningProjectDirectory": "/workspace/.tools/dotnet/sdk/10.0.401/Sdks/Microsoft.NET.Sdk/targets/",
        "DefiningProjectName": "Microsoft.NET.Sdk.DefaultItems",
        "DefiningProjectExtension": ".props"
      },
      {
        "Identity": "Models/UsageModels.cs",
        "FullPath": "/workspace/team-c/c3-admin-symbol-errors-validation/9to1 Workspace/shared/src/Haven.Core/Models/UsageModels.cs",
        "RootDir": "/",
        "Filename": "UsageModels",
        "Extension": ".cs",
        "RelativeDir": "Models/",
        "Directory": "workspace/team-c/c3-admin-symbol-errors-validation/9to1 Workspace/shared/src/Haven.Core/Models/",
        "RecursiveDir": "Models/",
        "ModifiedTime": "",
        "CreatedTime": "",
        "AccessedTime": "",
        "DefiningProjectFullPath": "/workspace/.tools/dotnet/sdk/10.0.401/Sdks/Microsoft.NET.Sdk/targets/Microsoft.NET.Sdk.DefaultItems.props",
        "DefiningProjectDirectory": "/workspace/.tools/dotnet/sdk/10.0.401/Sdks/Microsoft.NET.Sdk/targets/",
        "DefiningProjectName": "Microsoft.NET.Sdk.DefaultItems",
        "DefiningProjectExtension": ".props"
      },
      {
        "Identity": "Models/VoiceProfileModels.cs",
        "FullPath": "/workspace/team-c/c3-admin-symbol-errors-validation/9to1 Workspace/shared/src/Haven.Core/Models/VoiceProfileModels.cs",
        "RootDir": "/",
        "Filename": "VoiceProfileModels",
        "Extension": ".cs",
        "RelativeDir": "Models/",
        "Directory": "workspace/team-c/c3-admin-symbol-errors-validation/9to1 Workspace/shared/src/Haven.Core/Models/",
        "RecursiveDir": "Models/",
        "ModifiedTime": "",
        "CreatedTime": "",
        "AccessedTime": "",
        "DefiningProjectFullPath": "/workspace/.tools/dotnet/sdk/10.0.401/Sdks/Microsoft.NET.Sdk/targets/Microsoft.NET.Sdk.DefaultItems.props",
        "DefiningProjectDirectory": "/workspace/.tools/dotnet/sdk/10.0.401/Sdks/Microsoft.NET.Sdk/targets/",
        "DefiningProjectName": "Microsoft.NET.Sdk.DefaultItems",
        "DefiningProjectExtension": ".props"
      },
      {
        "Identity": "Notes/NotesBlock.cs",
        "FullPath": "/workspace/team-c/c3-admin-symbol-errors-validation/9to1 Workspace/shared/src/Haven.Core/Notes/NotesBlock.cs",
        "RootDir": "/",
        "Filename": "NotesBlock",
        "Extension": ".cs",
        "RelativeDir": "Notes/",
        "Directory": "workspace/team-c/c3-admin-symbol-errors-validation/9to1 Workspace/shared/src/Haven.Core/Notes/",
        "RecursiveDir": "Notes/",
        "ModifiedTime": "",
        "CreatedTime": "",
        "AccessedTime": "",
        "DefiningProjectFullPath": "/workspace/.tools/dotnet/sdk/10.0.401/Sdks/Microsoft.NET.Sdk/targets/Microsoft.NET.Sdk.DefaultItems.props",
        "DefiningProjectDirectory": "/workspace/.tools/dotnet/sdk/10.0.401/Sdks/Microsoft.NET.Sdk/targets/",
        "DefiningProjectName": "Microsoft.NET.Sdk.DefaultItems",
        "DefiningProjectExtension": ".props"
      },
      {
        "Identity": "Notes/NotesCollaboration.cs",
        "FullPath": "/workspace/team-c/c3-admin-symbol-errors-validation/9to1 Workspace/shared/src/Haven.Core/Notes/NotesCollaboration.cs",
        "RootDir": "/",
        "Filename": "NotesCollaboration",
        "Extension": ".cs",
        "RelativeDir": "Notes/",
        "Directory": "workspace/team-c/c3-admin-symbol-errors-validation/9to1 Workspace/shared/src/Haven.Core/Notes/",
        "RecursiveDir": "Notes/",
        "ModifiedTime": "",
        "CreatedTime": "",
        "AccessedTime": "",
        "DefiningProjectFullPath": "/workspace/.tools/dotnet/sdk/10.0.401/Sdks/Microsoft.NET.Sdk/targets/Microsoft.NET.Sdk.DefaultItems.props",
        "DefiningProjectDirectory": "/workspace/.tools/dotnet/sdk/10.0.401/Sdks/Microsoft.NET.Sdk/targets/",
        "DefiningProjectName": "Microsoft.NET.Sdk.DefaultItems",
        "DefiningProjectExtension": ".props"
      },
      {
        "Identity": "Notes/NotesDocument.cs",
        "FullPath": "/workspace/team-c/c3-admin-symbol-errors-validation/9to1 Workspace/shared/src/Haven.Core/Notes/NotesDocument.cs",
        "RootDir": "/",
        "Filename": "NotesDocument",
        "Extension": ".cs",
        "RelativeDir": "Notes/",
        "Directory": "workspace/team-c/c3-admin-symbol-errors-validation/9to1 Workspace/shared/src/Haven.Core/Notes/",
        "RecursiveDir": "Notes/",
        "ModifiedTime": "",
        "CreatedTime": "",
        "AccessedTime": "",
        "DefiningProjectFullPath": "/workspace/.tools/dotnet/sdk/10.0.401/Sdks/Microsoft.NET.Sdk/targets/Microsoft.NET.Sdk.DefaultItems.props",
        "DefiningProjectDirectory": "/workspace/.tools/dotnet/sdk/10.0.401/Sdks/Microsoft.NET.Sdk/targets/",
        "DefiningProjectName": "Microsoft.NET.Sdk.DefaultItems",
        "DefiningProjectExtension": ".props"
      },
      {
        "Identity": "Notes/NotesEnums.cs",
        "FullPath": "/workspace/team-c/c3-admin-symbol-errors-validation/9to1 Workspace/shared/src/Haven.Core/Notes/NotesEnums.cs",
        "RootDir": "/",
        "Filename": "NotesEnums",
        "Extension": ".cs",
        "RelativeDir": "Notes/",
        "Directory": "workspace/team-c/c3-admin-symbol-errors-validation/9to1 Workspace/shared/src/Haven.Core/Notes/",
        "RecursiveDir": "Notes/",
        "ModifiedTime": "",
        "CreatedTime": "",
        "AccessedTime": "",
        "DefiningProjectFullPath": "/workspace/.tools/dotnet/sdk/10.0.401/Sdks/Microsoft.NET.Sdk/targets/Microsoft.NET.Sdk.DefaultItems.props",
        "DefiningProjectDirectory": "/workspace/.tools/dotnet/sdk/10.0.401/Sdks/Microsoft.NET.Sdk/targets/",
        "DefiningProjectName": "Microsoft.NET.Sdk.DefaultItems",
        "DefiningProjectExtension": ".props"
      },
      {
        "Identity": "Notes/NotesInkAndStudy.cs",
        "FullPath": "/workspace/team-c/c3-admin-symbol-errors-validation/9to1 Workspace/shared/src/Haven.Core/Notes/NotesInkAndStudy.cs",
        "RootDir": "/",
        "Filename": "NotesInkAndStudy",
        "Extension": ".cs",
        "RelativeDir": "Notes/",
        "Directory": "workspace/team-c/c3-admin-symbol-errors-validation/9to1 Workspace/shared/src/Haven.Core/Notes/",
        "RecursiveDir": "Notes/",
        "ModifiedTime": "",
        "CreatedTime": "",
        "AccessedTime": "",
        "DefiningProjectFullPath": "/workspace/.tools/dotnet/sdk/10.0.401/Sdks/Microsoft.NET.Sdk/targets/Microsoft.NET.Sdk.DefaultItems.props",
        "DefiningProjectDirectory": "/workspace/.tools/dotnet/sdk/10.0.401/Sdks/Microsoft.NET.Sdk/targets/",
        "DefiningProjectName": "Microsoft.NET.Sdk.DefaultItems",
        "DefiningProjectExtension": ".props"
      },
      {
        "Identity": "Notes/NotesMetadata.cs",
        "FullPath": "/workspace/team-c/c3-admin-symbol-errors-validation/9to1 Workspace/shared/src/Haven.Core/Notes/NotesMetadata.cs",
        "RootDir": "/",
        "Filename": "NotesMetadata",
        "Extension": ".cs",
        "RelativeDir": "Notes/",
        "Directory": "workspace/team-c/c3-admin-symbol-errors-validation/9to1 Workspace/shared/src/Haven.Core/Notes/",
        "RecursiveDir": "Notes/",
        "ModifiedTime": "",
        "CreatedTime": "",
        "AccessedTime": "",
        "DefiningProjectFullPath": "/workspace/.tools/dotnet/sdk/10.0.401/Sdks/Microsoft.NET.Sdk/targets/Microsoft.NET.Sdk.DefaultItems.props",
        "DefiningProjectDirectory": "/workspace/.tools/dotnet/sdk/10.0.401/Sdks/Microsoft.NET.Sdk/targets/",
        "DefiningProjectName": "Microsoft.NET.Sdk.DefaultItems",
        "DefiningProjectExtension": ".props"
      },
      {
        "Identity": "Notifications/NotificationModels.cs",
        "FullPath": "/workspace/team-c/c3-admin-symbol-errors-validation/9to1 Workspace/shared/src/Haven.Core/Notifications/NotificationModels.cs",
        "RootDir": "/",
        "Filename": "NotificationModels",
        "Extension": ".cs",
        "RelativeDir": "Notifications/",
        "Directory": "workspace/team-c/c3-admin-symbol-errors-validation/9to1 Workspace/shared/src/Haven.Core/Notifications/",
        "RecursiveDir": "Notifications/",
        "ModifiedTime": "",
        "CreatedTime": "",
        "AccessedTime": "",
        "DefiningProjectFullPath": "/workspace/.tools/dotnet/sdk/10.0.401/Sdks/Microsoft.NET.Sdk/targets/Microsoft.NET.Sdk.DefaultItems.props",
        "DefiningProjectDirectory": "/workspace/.tools/dotnet/sdk/10.0.401/Sdks/Microsoft.NET.Sdk/targets/",
        "DefiningProjectName": "Microsoft.NET.Sdk.DefaultItems",
        "DefiningProjectExtension": ".props"
      },
      {
        "Identity": "Planner/PlannerStructuredEntities.cs",
        "FullPath": "/workspace/team-c/c3-admin-symbol-errors-validation/9to1 Workspace/shared/src/Haven.Core/Planner/PlannerStructuredEntities.cs",
        "RootDir": "/",
        "Filename": "PlannerStructuredEntities",
        "Extension": ".cs",
        "RelativeDir": "Planner/",
        "Directory": "workspace/team-c/c3-admin-symbol-errors-validation/9to1 Workspace/shared/src/Haven.Core/Planner/",
        "RecursiveDir": "Planner/",
        "ModifiedTime": "",
        "CreatedTime": "",
        "AccessedTime": "",
        "DefiningProjectFullPath": "/workspace/.tools/dotnet/sdk/10.0.401/Sdks/Microsoft.NET.Sdk/targets/Microsoft.NET.Sdk.DefaultItems.props",
        "DefiningProjectDirectory": "/workspace/.tools/dotnet/sdk/10.0.401/Sdks/Microsoft.NET.Sdk/targets/",
        "DefiningProjectName": "Microsoft.NET.Sdk.DefaultItems",
        "DefiningProjectExtension": ".props"
      },
      {
        "Identity": "Present/PresentDesignModel.cs",
        "FullPath": "/workspace/team-c/c3-admin-symbol-errors-validation/9to1 Workspace/shared/src/Haven.Core/Present/PresentDesignModel.cs",
        "RootDir": "/",
        "Filename": "PresentDesignModel",
        "Extension": ".cs",
        "RelativeDir": "Present/",
        "Directory": "workspace/team-c/c3-admin-symbol-errors-validation/9to1 Workspace/shared/src/Haven.Core/Present/",
        "RecursiveDir": "Present/",
        "ModifiedTime": "",
        "CreatedTime": "",
        "AccessedTime": "",
        "DefiningProjectFullPath": "/workspace/.tools/dotnet/sdk/10.0.401/Sdks/Microsoft.NET.Sdk/targets/Microsoft.NET.Sdk.DefaultItems.props",
        "DefiningProjectDirectory": "/workspace/.tools/dotnet/sdk/10.0.401/Sdks/Microsoft.NET.Sdk/targets/",
        "DefiningProjectName": "Microsoft.NET.Sdk.DefaultItems",
        "DefiningProjectExtension": ".props"
      },
      {
        "Identity": "Present/PresentDocument.cs",
        "FullPath": "/workspace/team-c/c3-admin-symbol-errors-validation/9to1 Workspace/shared/src/Haven.Core/Present/PresentDocument.cs",
        "RootDir": "/",
        "Filename": "PresentDocument",
        "Extension": ".cs",
        "RelativeDir": "Present/",
        "Directory": "workspace/team-c/c3-admin-symbol-errors-validation/9to1 Workspace/shared/src/Haven.Core/Present/",
        "RecursiveDir": "Present/",
        "ModifiedTime": "",
        "CreatedTime": "",
        "AccessedTime": "",
        "DefiningProjectFullPath": "/workspace/.tools/dotnet/sdk/10.0.401/Sdks/Microsoft.NET.Sdk/targets/Microsoft.NET.Sdk.DefaultItems.props",
        "DefiningProjectDirectory": "/workspace/.tools/dotnet/sdk/10.0.401/Sdks/Microsoft.NET.Sdk/targets/",
        "DefiningProjectName": "Microsoft.NET.Sdk.DefaultItems",
        "DefiningProjectExtension": ".props"
      },
      {
        "Identity": "Present/PresentStructuredObjects.cs",
        "FullPath": "/workspace/team-c/c3-admin-symbol-errors-validation/9to1 Workspace/shared/src/Haven.Core/Present/PresentStructuredObjects.cs",
        "RootDir": "/",
        "Filename": "PresentStructuredObjects",
        "Extension": ".cs",
        "RelativeDir": "Present/",
        "Directory": "workspace/team-c/c3-admin-symbol-errors-validation/9to1 Workspace/shared/src/Haven.Core/Present/",
        "RecursiveDir": "Present/",
        "ModifiedTime": "",
        "CreatedTime": "",
        "AccessedTime": "",
        "DefiningProjectFullPath": "/workspace/.tools/dotnet/sdk/10.0.401/Sdks/Microsoft.NET.Sdk/targets/Microsoft.NET.Sdk.DefaultItems.props",
        "DefiningProjectDirectory": "/workspace/.tools/dotnet/sdk/10.0.401/Sdks/Microsoft.NET.Sdk/targets/",
        "DefiningProjectName": "Microsoft.NET.Sdk.DefaultItems",
        "DefiningProjectExtension": ".props"
      },
      {
        "Identity": "Safety/SafetyModels.cs",
        "FullPath": "/workspace/team-c/c3-admin-symbol-errors-validation/9to1 Workspace/shared/src/Haven.Core/Safety/SafetyModels.cs",
        "RootDir": "/",
        "Filename": "SafetyModels",
        "Extension": ".cs",
        "RelativeDir": "Safety/",
        "Directory": "workspace/team-c/c3-admin-symbol-errors-validation/9to1 Workspace/shared/src/Haven.Core/Safety/",
        "RecursiveDir": "Safety/",
        "ModifiedTime": "",
        "CreatedTime": "",
        "AccessedTime": "",
        "DefiningProjectFullPath": "/workspace/.tools/dotnet/sdk/10.0.401/Sdks/Microsoft.NET.Sdk/targets/Microsoft.NET.Sdk.DefaultItems.props",
        "DefiningProjectDirectory": "/workspace/.tools/dotnet/sdk/10.0.401/Sdks/Microsoft.NET.Sdk/targets/",
        "DefiningProjectName": "Microsoft.NET.Sdk.DefaultItems",
        "DefiningProjectExtension": ".props"
      },
      {
        "Identity": "Shelf/ShelfModels.cs",
        "FullPath": "/workspace/team-c/c3-admin-symbol-errors-validation/9to1 Workspace/shared/src/Haven.Core/Shelf/ShelfModels.cs",
        "RootDir": "/",
        "Filename": "ShelfModels",
        "Extension": ".cs",
        "RelativeDir": "Shelf/",
        "Directory": "workspace/team-c/c3-admin-symbol-errors-validation/9to1 Workspace/shared/src/Haven.Core/Shelf/",
        "RecursiveDir": "Shelf/",
        "ModifiedTime": "",
        "CreatedTime": "",
        "AccessedTime": "",
        "DefiningProjectFullPath": "/workspace/.tools/dotnet/sdk/10.0.401/Sdks/Microsoft.NET.Sdk/targets/Microsoft.NET.Sdk.DefaultItems.props",
        "DefiningProjectDirectory": "/workspace/.tools/dotnet/sdk/10.0.401/Sdks/Microsoft.NET.Sdk/targets/",
        "DefiningProjectName": "Microsoft.NET.Sdk.DefaultItems",
        "DefiningProjectExtension": ".props"
      },
      {
        "Identity": "Tasks/ExternalAgentTaskModels.cs",
        "FullPath": "/workspace/team-c/c3-admin-symbol-errors-validation/9to1 Workspace/shared/src/Haven.Core/Tasks/ExternalAgentTaskModels.cs",
        "RootDir": "/",
        "Filename": "ExternalAgentTaskModels",
        "Extension": ".cs",
        "RelativeDir": "Tasks/",
        "Directory": "workspace/team-c/c3-admin-symbol-errors-validation/9to1 Workspace/shared/src/Haven.Core/Tasks/",
        "RecursiveDir": "Tasks/",
        "ModifiedTime": "",
        "CreatedTime": "",
        "AccessedTime": "",
        "DefiningProjectFullPath": "/workspace/.tools/dotnet/sdk/10.0.401/Sdks/Microsoft.NET.Sdk/targets/Microsoft.NET.Sdk.DefaultItems.props",
        "DefiningProjectDirectory": "/workspace/.tools/dotnet/sdk/10.0.401/Sdks/Microsoft.NET.Sdk/targets/",
        "DefiningProjectName": "Microsoft.NET.Sdk.DefaultItems",
        "DefiningProjectExtension": ".props"
      },
      {
        "Identity": "Updates/UpdateModels.cs",
        "FullPath": "/workspace/team-c/c3-admin-symbol-errors-validation/9to1 Workspace/shared/src/Haven.Core/Updates/UpdateModels.cs",
        "RootDir": "/",
        "Filename": "UpdateModels",
        "Extension": ".cs",
        "RelativeDir": "Updates/",
        "Directory": "workspace/team-c/c3-admin-symbol-errors-validation/9to1 Workspace/shared/src/Haven.Core/Updates/",
        "RecursiveDir": "Updates/",
        "ModifiedTime": "",
        "CreatedTime": "",
        "AccessedTime": "",
        "DefiningProjectFullPath": "/workspace/.tools/dotnet/sdk/10.0.401/Sdks/Microsoft.NET.Sdk/targets/Microsoft.NET.Sdk.DefaultItems.props",
        "DefiningProjectDirectory": "/workspace/.tools/dotnet/sdk/10.0.401/Sdks/Microsoft.NET.Sdk/targets/",
        "DefiningProjectName": "Microsoft.NET.Sdk.DefaultItems",
        "DefiningProjectExtension": ".props"
      },
      {
        "Identity": "Workspace/WorkspaceSessionModels.cs",
        "FullPath": "/workspace/team-c/c3-admin-symbol-errors-validation/9to1 Workspace/shared/src/Haven.Core/Workspace/WorkspaceSessionModels.cs",
        "RootDir": "/",
        "Filename": "WorkspaceSessionModels",
        "Extension": ".cs",
        "RelativeDir": "Workspace/",
        "Directory": "workspace/team-c/c3-admin-symbol-errors-validation/9to1 Workspace/shared/src/Haven.Core/Workspace/",
        "RecursiveDir": "Workspace/",
        "ModifiedTime": "",
        "CreatedTime": "",
        "AccessedTime": "",
        "DefiningProjectFullPath": "/workspace/.tools/dotnet/sdk/10.0.401/Sdks/Microsoft.NET.Sdk/targets/Microsoft.NET.Sdk.DefaultItems.props",
        "DefiningProjectDirectory": "/workspace/.tools/dotnet/sdk/10.0.401/Sdks/Microsoft.NET.Sdk/targets/",
        "DefiningProjectName": "Microsoft.NET.Sdk.DefaultItems",
        "DefiningProjectExtension": ".props"
      },
      {
        "Identity": "/workspace/team-c/c3-admin-symbol-errors-validation/artifacts/root14-managed-build/obj/Haven.Core/release_linux-x64/Haven.Core.GlobalUsings.g.cs",
        "FullPath": "/workspace/team-c/c3-admin-symbol-errors-validation/artifacts/root14-managed-build/obj/Haven.Core/release_linux-x64/Haven.Core.GlobalUsings.g.cs",
        "RootDir": "/",
        "Filename": "Haven.Core.GlobalUsings.g",
        "Extension": ".cs",
        "RelativeDir": "/workspace/team-c/c3-admin-symbol-errors-validation/artifacts/root14-managed-build/obj/Haven.Core/release_linux-x64/",
        "Directory": "workspace/team-c/c3-admin-symbol-errors-validation/artifacts/root14-managed-build/obj/Haven.Core/release_linux-x64/",
        "RecursiveDir": "",
        "ModifiedTime": "2026-10-03 22:53:30.6670465",
        "CreatedTime": "2026-10-03 22:53:30.6670465",
        "AccessedTime": "2026-10-03 22:53:30.8845605",
        "DefiningProjectFullPath": "/workspace/.tools/dotnet/sdk/10.0.401/Sdks/Microsoft.NET.Sdk/targets/Microsoft.NET.GenerateGlobalUsings.targets",
        "DefiningProjectDirectory": "/workspace/.tools/dotnet/sdk/10.0.401/Sdks/Microsoft.NET.Sdk/targets/",
        "DefiningProjectName": "Microsoft.NET.GenerateGlobalUsings",
        "DefiningProjectExtension": ".targets"
      },
      {
        "Identity": "/workspace/team-c/c3-admin-symbol-errors-validation/artifacts/root14-managed-build/obj/Haven.Core/release_linux-x64/.NETCoreApp,Version=v10.0.AssemblyAttributes.cs",
        "FullPath": "/workspace/team-c/c3-admin-symbol-errors-validation/artifacts/root14-managed-build/obj/Haven.Core/release_linux-x64/.NETCoreApp,Version=v10.0.AssemblyAttributes.cs",
        "RootDir": "/",
        "Filename": ".NETCoreApp,Version=v10.0.AssemblyAttributes",
        "Extension": ".cs",
        "RelativeDir": "/workspace/team-c/c3-admin-symbol-errors-validation/artifacts/root14-managed-build/obj/Haven.Core/release_linux-x64/",
        "Directory": "workspace/team-c/c3-admin-symbol-errors-validation/artifacts/root14-managed-build/obj/Haven.Core/release_linux-x64/",
        "RecursiveDir": "",
        "ModifiedTime": "2026-10-03 22:53:30.6885551",
        "CreatedTime": "2026-10-03 22:53:30.6885551",
        "AccessedTime": "2026-10-03 22:53:30.8845605",
        "DefiningProjectFullPath": "/workspace/.tools/dotnet/sdk/10.0.401/Microsoft.Common.CurrentVersion.targets",
        "DefiningProjectDirectory": "/workspace/.tools/dotnet/sdk/10.0.401/",
        "DefiningProjectName": "Microsoft.Common.CurrentVersion",
        "DefiningProjectExtension": ".targets"
      },
      {
        "Identity": "/workspace/team-c/c3-admin-symbol-errors-validation/artifacts/root14-managed-build/obj/Haven.Core/release_linux-x64/Haven.Core.AssemblyInfo.cs",
        "FullPath": "/workspace/team-c/c3-admin-symbol-errors-validation/artifacts/root14-managed-build/obj/Haven.Core/release_linux-x64/Haven.Core.AssemblyInfo.cs",
        "RootDir": "/",
        "Filename": "Haven.Core.AssemblyInfo",
        "Extension": ".cs",
        "RelativeDir": "/workspace/team-c/c3-admin-symbol-errors-validation/artifacts/root14-managed-build/obj/Haven.Core/release_linux-x64/",
        "Directory": "workspace/team-c/c3-admin-symbol-errors-validation/artifacts/root14-managed-build/obj/Haven.Core/release_linux-x64/",
        "RecursiveDir": "",
        "ModifiedTime": "2026-10-03 22:53:30.6953453",
        "CreatedTime": "2026-10-03 22:53:30.6953453",
        "AccessedTime": "2026-10-03 22:53:30.8765603",
        "DefiningProjectFullPath": "/workspace/.tools/dotnet/sdk/10.0.401/Sdks/Microsoft.NET.Sdk/targets/Microsoft.NET.GenerateAssemblyInfo.targets",
        "DefiningProjectDirectory": "/workspace/.tools/dotnet/sdk/10.0.401/Sdks/Microsoft.NET.Sdk/targets/",
        "DefiningProjectName": "Microsoft.NET.GenerateAssemblyInfo",
        "DefiningProjectExtension": ".targets"
      }
    ]
  }
}
